date,crisis_lending,reserve,reserve_ratio,bank_rate,max_abs_z,z_flag,isolation_score,isolation_flag,dominant_z_series,anomaly_flag
1855-01-06,9.131,7.985684,0.4877431215634539,5.0,,False,0.0064592287551426385,False,,False
1855-01-13,6.1049999999999995,6.422019,0.48884996065309916,5.0,,False,0.37664252099838946,False,,False
1855-01-20,6.093999999999999,6.116874999999999,0.46696001444345914,5.0,,False,0.049929627690657154,False,,False
1855-01-27,6.226999999999999,6.571705,0.48336245014273516,5.0,,False,0.059390107897274946,False,,False
1855-02-03,6.520999999999999,6.973429,0.48682718851591356,5.0,,False,0.05110780249200568,False,,False
1855-02-10,6.526,7.229785,0.49822154427774157,5.0,,False,0.014286340519913456,False,,False
1855-02-17,6.554,7.734631,0.5131286598649164,5.0,,False,0.037536350194241626,False,,False
1855-02-24,6.53,7.982756,0.5215906786943069,5.0,,False,0.006882139592696059,False,,False
1855-03-03,6.684,8.091579,0.5173564141370968,5.0,,False,0.013490773187028912,False,,False
1855-03-10,6.593000000000001,8.65369,0.5416226981462495,5.0,,False,0.03898087618253466,False,,False
1855-03-17,6.132000000000001,9.217233,0.5677836944800956,5.0,,False,0.05699020124292306,False,,False
1855-03-24,5.885000000000001,9.863876000000001,0.5911465816836827,5.0,,False,0.045950481916827636,False,,False
1855-03-31,5.65,9.717217,0.5955102824501578,5.0,,False,0.010391424396865252,False,,False
1855-04-07,5.4159999999999995,9.266458,0.5323785158599705,4.5,,False,0.27239081874605536,False,,False
1855-04-14,5.126,8.638822,0.5095316647513369,4.5,,False,0.07998962127052764,False,,False
1855-04-21,4.906999999999999,8.772635000000001,0.5021476247223063,4.5,,False,0.018280041046923382,False,,False
1855-04-28,4.836,9.139728999999999,0.5180813190718814,4.5,,False,0.013784809228708944,False,,False
1855-05-05,4.6,9.450789,0.5564773531742263,4.0,,False,0.15898211329881615,False,,False
1855-05-12,4.501,10.125866,0.6778089599015739,4.0,,False,0.25045465031586894,False,,False
1855-05-19,4.407,11.025775999999999,0.7072772844362543,4.0,,False,0.06014476842115469,False,,False
1855-05-26,4.242,11.447466,0.6683294726086856,4.0,,False,0.06869848950371912,False,,False
1855-06-02,4.223,12.048897,0.6515014779893462,4.0,,False,0.042026065877303356,False,,False
1855-06-09,4.086,12.312888,0.6614074457332627,4.0,,False,0.005138587076997815,False,,False
1855-06-16,4.084,12.524521,0.662867088927828,3.5,,False,0.11876270519163033,False,,False
1855-06-23,5.010000000000001,12.626901,0.6405967078032718,3.5,,False,0.12730867396316703,False,,False
1855-06-30,6.167,11.85303,0.6053101081680757,3.5,,False,0.17118854652034754,False,,False
1855-07-07,5.91,11.101316,0.5710776464986468,3.5,,False,0.0833719232485988,False,,False
1855-07-14,4.277,10.350026,0.5795231091118329,3.5,,False,0.21427744036315463,False,,False
1855-07-21,4.191,9.871287,0.5881986972888946,3.5,,False,0.03815952557861115,False,,False
1855-07-28,4.35,9.420547000000001,0.584947807305785,3.5,,False,0.05310090625025764,False,,False
1855-08-04,5.112,9.522444,0.5598293052919863,3.5,,False,0.09435702872509914,False,,False
1855-08-11,5.769000000000001,9.781865,0.5473494591953796,3.5,,False,0.06554341644058133,False,,False
1855-08-18,6.566,9.839838,0.5273749346465042,3.5,,False,0.07124056344338311,False,,False
1855-08-25,6.613,9.503772000000001,0.509677071285819,3.5,,False,0.03466138174152124,False,,False
1855-09-01,6.874999999999999,8.834488,0.4810244066926542,3.5,,False,0.09299242518664129,False,,False
1855-09-08,8.487,8.075271,0.43505041836169017,4.0,,False,0.3448116618143952,False,,False
1855-09-15,9.896,7.984985,0.42058792561168273,4.5,,False,0.23467460937485532,False,,False
1855-09-22,11.404,7.8601719999999995,0.39987100626761196,4.5,,False,0.08500564509444321,False,,False
1855-09-29,13.447999999999999,6.766243,0.34553091272241415,5.0,,False,0.4133821106365322,True,,True
1855-10-06,13.128000000000002,5.987726,0.3336864843043425,5.5,,False,0.27948941754541085,False,,False
1855-10-13,11.698,5.104056,0.3137911157758474,5.5,,False,0.23106338329382076,False,,False
1855-10-20,10.676,4.858462,0.3116576125845872,7.0,,False,0.3645492148177134,False,,False
1855-10-27,10.332,4.867464999999999,0.3238895101298129,7.0,,False,0.015447910919171776,False,,False
1855-11-03,10.050999999999998,5.2027790000000005,0.3453741005818835,7.0,,False,0.05107502034532652,False,,False
1855-11-10,9.612,5.471348,0.37040077441400887,7.0,,False,0.05107183619426303,False,,False
1855-11-17,9.432,5.840994,0.3894807158504211,7.0,,False,0.042249868094895664,False,,False
1855-11-24,10.913,6.089037,0.3729122110950783,7.0,,False,0.10162346671738579,False,,False
1855-12-01,11.184999999999999,6.1520220000000005,0.36895063605674744,7.0,,False,0.0136669032202159,False,,False
1855-12-08,10.450999999999999,6.399238,0.3965959094565364,7.0,,False,0.047848980116092975,False,,False
1855-12-15,10.976,7.199978000000001,0.42982628636953407,7.0,,False,0.17808645099319054,False,,False
1855-12-22,12.296,7.076855,0.40240933094737297,7.0,,False,0.08316954831045213,False,,False
1855-12-29,13.419,6.5945279999999995,0.36220845762082915,7.0,1.3216805068482251,False,0.13686874904244015,False,d_reserve_ratio_pct,False
1856-01-05,13.71,6.111103999999999,0.33721319639396047,7.0,0.997130983711532,False,0.10234000356117896,False,d_reserve_pct,False
1856-01-12,9.459,5.504651,0.31265559577958046,7.0,2.813103994882976,False,0.32972674511136496,False,d_crisis_lending_pct,False
1856-01-19,8.904,5.529642,0.3183355533830322,7.0,0.524256496453684,False,0.012809107264782947,False,d_crisis_lending_pct,False
1856-01-26,9.049999999999999,5.522498,0.3422522006406145,7.0,1.1306801834313527,False,0.061692066738278956,False,d_reserve_ratio_pct,False
1856-02-02,11.505,6.0602409999999995,0.34452494599672534,7.0,2.9612287745139465,False,0.24495511479373744,False,d_crisis_lending_pct,False
1856-02-09,11.148000000000001,6.285344,0.3756350110440212,7.0,1.3383390597851952,False,0.054190002002757275,False,d_reserve_ratio_pct,False
1856-02-16,10.899,6.283224,0.36681902472936456,7.0,0.19681203251596255,False,0.017286724209909874,False,d_reserve_ratio_pct,False
1856-02-23,12.997,6.508872,0.34431343983508184,7.0,2.313974994123422,False,0.12951211183635622,False,d_crisis_lending_pct,False
1856-03-01,12.578,6.139425,0.3410543075971352,7.0,0.7428126539073124,False,0.05151017438592516,False,d_reserve_pct,False
1856-03-08,11.898,6.40541,0.3626811661902004,7.0,1.0552694287782698,False,0.04050312062343036,False,d_reserve_ratio_pct,False
1856-03-15,12.888000000000002,6.535335,0.35994149584458246,7.0,1.1924882819668798,False,0.04551316807730555,False,d_crisis_lending_pct,False
1856-03-22,11.727,6.462631,0.3641758426787742,7.0,0.7820508829151686,False,0.02680051314373256,False,d_crisis_lending_pct,False
1856-03-29,14.582999999999998,5.9071430000000005,0.31595805770355245,7.0,2.748059804859209,False,0.23249798704546384,False,d_crisis_lending_pct,False
1856-04-05,14.796,5.087300000000001,0.29035827653217033,7.0,1.7795144374161427,False,0.2206277629206845,False,d_reserve_pct,False
1856-04-12,10.068,4.5635769999999996,0.28960681596084537,7.0,3.275547532742213,False,0.29989274480754213,False,d_crisis_lending_pct,False
1856-04-19,9.042,4.336127,0.2916734380995073,7.0,0.926957240441133,False,0.062216852610778674,False,d_crisis_lending_pct,False
1856-04-26,9.487,4.27391,0.28407767594309924,7.0,0.5461400718187771,False,0.032887159352545804,False,d_crisis_lending_pct,False
1856-05-03,9.232000000000001,4.056315,0.2763554759134641,7.0,0.5915745005164255,False,0.04037817710322615,False,d_reserve_pct,False
1856-05-10,8.779,4.310752,0.3158638115605332,7.0,2.394949257188157,False,0.13065142107420552,False,d_reserve_ratio_pct,False
1856-05-17,11.357000000000001,4.739925,0.3089297156178761,7.0,3.2129095347487544,False,0.25866512761666355,False,d_crisis_lending_pct,False
1856-05-24,9.286999999999999,5.7018889999999995,0.3799313071890372,6.0,3.6384771116814485,True,0.6408702456891278,True,d_reserve_ratio_pct,True
1856-05-31,6.989,6.305296,0.4369031017971084,5.0,2.514898650683553,False,0.5030252010518308,True,d_crisis_lending_pct,True
1856-06-07,7.719,6.584058,0.4692293987017911,5.0,1.2602224242607345,False,0.119111698067446,False,d_reserve_ratio_pct,False
1856-06-14,7.82,7.300042,0.5093807507796446,5.0,1.414864518093599,False,0.11823477650671435,False,d_reserve_ratio_pct,False
1856-06-21,8.142000000000001,7.570405,0.5137778063119215,5.0,0.5181535900579275,False,0.023834068493267083,False,d_reserve_pct,False
1856-06-28,8.795,8.033503,0.5178022786901254,4.5,0.7397579921446966,False,0.19334083907246738,False,d_reserve_pct,False
1856-07-05,9.697000000000001,7.139297,0.4669860363312973,4.5,1.3186610078156598,False,0.19419078395353673,False,d_reserve_pct,False
1856-07-12,6.65,6.014444,0.3944851712335416,4.5,3.246097991461332,False,0.4497577576289368,True,d_crisis_lending_pct,True
1856-07-19,5.62,5.943125,0.3924061272436106,4.5,1.4968854057522814,False,0.08306831332473853,False,d_crisis_lending_pct,False
1856-07-26,5.6370000000000005,6.415974,0.44422403937546945,4.5,1.9359769686901995,False,0.1360113044739178,False,d_reserve_ratio_pct,False
1856-08-02,7.130000000000001,6.43143,0.45104896061240374,4.5,2.2051683954047645,False,0.18522211612845965,False,d_crisis_lending_pct,False
1856-08-09,7.881,6.857355,0.47492186391883273,4.5,0.8036999287097688,False,0.11130555301740275,False,d_crisis_lending_pct,False
1856-08-16,9.339,6.851454,0.4499062784722849,4.5,1.5036304109768912,False,0.09964806484652779,False,d_crisis_lending_pct,False
1856-08-23,8.187000000000001,6.971611,0.472854359581312,4.5,1.0890644865133172,False,0.057201997369642384,False,d_crisis_lending_pct,False
1856-08-30,9.104,6.737512,0.43964499064658985,4.5,0.76571338999615,False,0.08792145204725413,False,d_lending_to_reserve_pct,False
1856-09-06,9.893,6.673662,0.42476355657250514,4.5,0.5780329650840136,False,0.05261296734833215,False,d_crisis_lending_pct,False
1856-09-13,11.03,6.86462,0.413958850031623,4.5,0.8023925697292764,False,0.059214328873559464,False,d_crisis_lending_pct,False
1856-09-20,12.946,6.818417,0.3815844760020541,4.5,1.2689658052700565,False,0.11215896009897476,False,d_crisis_lending_pct,False
1856-09-27,14.999,6.020142,0.32777547408718316,4.5,2.007333566283306,False,0.257659197553247,False,d_lending_to_reserve_pct,False
1856-10-04,16.947,4.333102,0.239622284978348,5.0,3.7706741577860114,True,0.6713613286317507,True,d_reserve_pct,True
1856-10-11,15.689000000000002,4.072287,0.22813404933544115,5.0,0.8322500434609047,False,0.09131301211722977,False,d_reserve_pct,False
1856-10-18,11.916,3.080037,0.21209732120169592,5.0,3.282273678587393,False,0.3935148852896894,False,d_reserve_pct,False
1856-10-25,10.649000000000001,3.639741,0.25549129523439024,5.0,2.3397956247775142,False,0.40477094253833096,False,d_reserve_ratio_pct,False
1856-11-01,10.918,3.5349220000000003,0.24168043739996709,7.0,0.5218941733222662,False,0.4049258520024549,True,d_reserve_ratio_pct,True
1856-11-08,10.507000000000001,3.7657819999999997,0.26362489675960626,7.0,1.1379388635032937,False,0.07170712693559599,False,d_reserve_ratio_pct,False
1856-11-15,11.046,4.229747,0.28126771951316093,7.0,1.4638243233559693,False,0.16752315704330967,False,d_reserve_pct,False
1856-11-22,10.237,4.829666,0.32539906588513384,7.0,1.774093826365592,False,0.252540461128604,False,d_reserve_ratio_pct,False
1856-11-29,9.594999999999999,5.4016470000000005,0.3652030680685107,7.0,1.3507750358587356,False,0.17745355966924917,False,d_reserve_ratio_pct,False
1856-12-06,10.162,5.766057999999999,0.38014868503237953,6.5,0.7078402743779791,False,0.1954291358884224,False,d_reserve_pct,False
1856-12-13,9.71,6.464715999999999,0.4213340066283671,6.5,1.2801089644579007,False,0.15976644763936979,False,d_reserve_pct,False
1856-12-20,11.14,6.475783,0.39522529145790414,6.0,0.9672922098854511,False,0.2314459120483529,False,d_crisis_lending_pct,False
1856-12-27,14.357,6.0492360000000005,0.3430440870160412,6.0,2.006076872957975,False,0.24084419172727575,False,d_crisis_lending_pct,False
1857-01-03,15.638,5.432106,0.30709423012747045,6.0,1.1090475191901081,False,0.17473757142059748,False,d_reserve_pct,False
1857-01-10,9.789,5.227994000000001,0.3643187938051518,6.0,2.8594364614316916,False,0.38973650235916973,False,d_crisis_lending_pct,False
1857-01-17,9.331000000000001,5.122374,0.3539251069833611,6.0,0.45724977111825144,False,0.030271519872102696,False,d_crisis_lending_pct,False
1857-01-24,8.219,5.501317,0.38994512729936354,6.0,1.1270728892652715,False,0.11861421980977843,False,d_reserve_ratio_pct,False
1857-01-31,10.091000000000001,5.441741,0.3412595396677597,6.0,1.5622764109715028,False,0.18641743131906985,False,d_crisis_lending_pct,False
1857-02-07,10.413,5.581041,0.34555259248912507,6.0,0.27031601221740187,False,0.01353679538114901,False,d_reserve_pct,False
1857-02-14,10.966,5.938245,0.3521742959547589,6.0,0.6721534837957555,False,0.05383312954909488,False,d_reserve_pct,False
1857-02-21,10.429,6.2645349999999995,0.3740065999601906,6.0,0.6367665199328371,False,0.047033071323150155,False,d_reserve_ratio_pct,False
1857-02-28,12.537,6.221985,0.338155034293851,6.0,1.2674061504105352,False,0.14511056842986672,False,d_crisis_lending_pct,False
1857-03-07,13.115,5.958331,0.32931973937763803,6.0,0.4644613590116422,False,0.05088149142409288,False,d_reserve_pct,False
1857-03-14,12.937,6.2553,0.3386122004433956,6.0,0.5362464380113547,False,0.018737553590077644,False,d_reserve_pct,False
1857-03-21,13.651,6.212857,0.3303018197693991,6.0,0.2889284295106715,False,0.030394895386325494,False,d_lending_to_reserve_pct,False
1857-03-28,16.041999999999998,5.405689,0.2812751206375978,6.0,1.7441675162631705,False,0.28804998445161384,False,d_lending_to_reserve_pct,False
1857-04-04,17.198,4.281015,0.2321774847201881,6.5,2.2623843903561047,False,0.5261244653992505,True,d_reserve_pct,True
1857-04-11,12.107,3.787567,0.24283311963328263,6.5,2.4933975902675005,False,0.2797395657709432,False,d_crisis_lending_pct,False
1857-04-18,11.199000000000002,4.346004,0.28011963275872975,6.5,1.5491442334850254,False,0.25859729639107415,False,d_reserve_pct,False
1857-04-25,10.271,4.24158,0.28732827945868816,6.5,0.8667207425330811,False,0.03495973197776593,False,d_crisis_lending_pct,False
1857-05-02,11.238,4.257597,0.2768015845627616,6.5,0.4438513356416544,False,0.052885017590995266,False,d_reserve_ratio_pct,False
1857-05-09,11.729,4.941537,0.3241412763914225,6.5,1.6788080287870848,False,0.31099848259283186,False,d_reserve_pct,False
1857-05-16,11.552,5.083684,0.33354967732114876,6.5,0.42227644944830883,False,0.00899850169645453,False,d_crisis_lending_pct,False
1857-05-23,10.438,5.248347,0.35839117312495206,6.5,1.0193972950472936,False,0.061570483202051426,False,d_crisis_lending_pct,False
1857-05-30,11.358,5.429926999999999,0.3505447525779265,6.5,0.3701109236218231,False,0.056005831904145265,False,d_reserve_pct,False
1857-06-06,12.467,5.9796689999999995,0.35522951443437406,6.5,1.0683746046835474,False,0.13287863833840105,False,d_reserve_pct,False
1857-06-13,12.006,6.61207,0.38791517396391606,6.5,1.1175266895072349,False,0.1141723015844378,False,d_reserve_pct,False
1857-06-20,12.302,6.844037,0.4002783100626522,6.0,0.34821110762996993,False,0.14138797643974138,False,d_reserve_pct,False
1857-06-27,13.550999999999998,6.711172,0.3850889529240103,6.0,0.6730462635221933,False,0.05954623101920251,False,d_lending_to_reserve_pct,False
1857-07-04,14.549,6.523321,0.372289647295888,6.0,0.5900760486214458,False,0.05455653074213331,False,d_lending_to_reserve_pct,False
1857-07-11,8.941999999999998,6.104945,0.4352401395832336,6.0,3.382396090236275,False,0.3970496194497711,False,d_crisis_lending_pct,False
1857-07-18,8.47,6.337652,0.443780410045365,5.5,0.7678612809285269,False,0.12908416295093714,False,d_crisis_lending_pct,False
1857-07-25,8.318,6.570583,0.4559782360149068,5.5,0.4939982833986243,False,0.009891557485540351,False,d_crisis_lending_pct,False
1857-08-01,10.425,5.871172,0.3709267875402323,5.5,2.3200818470688165,False,0.33890344205141054,False,d_lending_to_reserve_pct,False
1857-08-08,10.858,6.211314,0.374986371132858,5.5,0.7277525434051632,False,0.04607360508531147,False,d_reserve_pct,False
1857-08-15,10.009,6.341881,0.3910469773264957,5.5,0.9683044846740955,False,0.024592582137619917,False,d_crisis_lending_pct,False
1857-08-22,8.978,6.496526,0.41740706088136953,5.5,1.1774144797424433,False,0.055564755741570916,False,d_crisis_lending_pct,False
1857-08-29,9.747000000000002,6.651412,0.4122437039268258,5.5,0.44258092298344553,False,0.050813875503362665,False,d_lending_to_reserve_pct,False
1857-09-05,10.213999999999999,6.719473,0.40853987038664097,5.5,0.2977845753427595,False,0.021017416895819204,False,d_lending_to_reserve_pct,False
1857-09-12,10.757,6.820636,0.40505800192592467,5.5,0.2993154634800119,False,0.021393017104095583,False,d_lending_to_reserve_pct,False
1857-09-19,11.222,6.762345000000001,0.39667144990565606,5.5,0.45436886860247455,False,0.02550565585078346,False,d_reserve_ratio_pct,False
1857-09-26,12.574,6.608968000000001,0.37432525266793704,5.5,1.0185549989886367,False,0.08120713751105972,False,d_lending_to_reserve_pct,False
1857-10-03,14.428,5.190417,0.2844765714546914,5.5,3.4135041588456603,False,0.5397833366202888,True,d_reserve_ratio_pct,True
1857-10-10,15.412999999999997,4.5948329999999995,0.2528878558727895,6.0,1.9424525423347592,False,0.33784229086010004,False,d_reserve_pct,False
1857-10-17,10.941000000000003,3.8162330000000004,0.23903068951633819,7.0,3.5847911922310813,True,0.5255681501678847,True,d_crisis_lending_pct,True
1857-10-24,10.647000000000002,4.078529,0.25292064369691014,8.0,0.7465769765970788,False,0.2917230706860973,False,d_crisis_lending_pct,False
1857-10-31,12.803,2.834583,0.17023605394952596,8.0,4.452249724383625,True,0.6614643918978375,True,d_lending_to_reserve_pct,True
1857-11-04,13.457,2.706,0.16123458261335874,8.0,0.7816403259315671,False,0.07085785571114815,False,d_reserve_pct,False
1857-11-11,18.671,1.4621529999999998,0.0801179594326642,9.0,9.46123103708791,True,0.8586033043282748,True,d_lending_to_reserve_pct,True
1857-11-18,24.261000000000003,1.552686,0.07985816625646001,10.0,2.4643633397565394,False,0.45949510181663034,True,d_crisis_lending_pct,True
1857-11-25,24.994000000000003,2.398367,0.11563681594390572,10.0,7.24494071032025,True,0.7350531304838464,True,d_reserve_pct,True
1857-12-02,24.218,2.729037,0.13306888627825805,10.0,1.8785813127487299,False,0.22997641583593137,False,d_reserve_ratio_pct,False
1857-12-09,22.65,4.401719,0.20872320483502466,10.0,8.164799816922075,True,0.754584262969762,True,d_reserve_pct,True
1857-12-16,21.389000000000003,6.282295,0.2852764399608025,10.0,5.399458631965243,True,0.6869853056729677,True,d_reserve_pct,True
1857-12-23,19.857,7.9711609999999995,0.35300887375792295,10.0,3.266187725429994,False,0.5380187949651363,True,d_reserve_pct,True
1857-12-30,18.926000000000002,6.614391,0.2937564152715172,8.0,2.4516498711131542,False,0.6077376087928789,True,d_reserve_pct,True
1858-01-06,17.478,7.619187999999999,0.34575249524221996,8.0,1.952666233124838,False,0.2980593365434252,False,d_reserve_ratio_pct,False
1858-01-13,15.026,8.160377,0.3690519633267937,5.0,1.513037539732072,False,0.46521583612467865,True,d_crisis_lending_pct,True
1858-01-20,13.259,8.88879,0.41927392436646116,5.0,1.4548121439252215,False,0.169646789217606,False,d_reserve_ratio_pct,False
1858-01-27,11.782,10.209014,0.47651228029133635,5.0,1.5135478023698756,False,0.25638381612015715,False,d_reserve_pct,False
1858-02-03,10.559999999999999,10.193631,0.4928802242710376,4.0,1.0691208512846428,False,0.27832985592300463,False,d_crisis_lending_pct,False
1858-02-10,8.89,11.446332,0.5594646343658121,3.5,1.3193370268375686,False,0.3746274344653032,False,d_crisis_lending_pct,False
1858-02-17,7.938,12.102266,0.594992068421699,3.0,0.8373834982636685,False,0.1977918615785827,False,d_crisis_lending_pct,False
1858-02-24,7.4399999999999995,12.644736,0.6138378394437567,3.0,0.39015239798803847,False,0.033718904702718426,False,d_crisis_lending_pct,False
1858-03-03,7.121,12.048893,0.6048887331708134,3.0,0.8782614642347115,False,0.04089627164767711,False,d_reserve_pct,False
1858-03-10,6.394999999999999,12.690737,0.6384212281997975,3.0,0.6411375347692916,False,0.06473174393981143,False,d_crisis_lending_pct,False
1858-03-17,5.757,13.206275,0.6490470716919143,3.0,0.5707120733070786,False,0.051979079417722805,False,d_crisis_lending_pct,False
1858-03-24,5.59,13.90179,0.6536465749826746,3.0,0.2645527707799697,False,0.024417610994262245,False,d_reserve_ratio_pct,False
1858-03-31,5.6370000000000005,13.153167,0.6378277433070034,3.0,1.0701446540043216,False,0.04663553779593396,False,d_reserve_pct,False
1858-04-07,5.782,12.641058,0.6100164521758416,3.0,0.8873877181474826,False,0.050360434959587946,False,d_reserve_pct,False
1858-04-14,5.501999999999999,12.301314000000001,0.6179864274534305,3.0,0.7039276779660328,False,0.025166689175770123,False,d_reserve_pct,False
1858-04-21,5.289000000000001,12.541353,0.6487262852498662,3.0,0.44440499138091033,False,0.022691645017698846,False,d_reserve_ratio_pct,False
1858-04-28,5.226,12.736144999999999,0.6535432509239865,3.0,0.18434452486007674,False,0.0008505055483117459,False,d_reserve_pct,False
1858-05-05,5.096,12.181809000000001,0.6365302506574413,3.0,0.8588598790186943,False,0.03504831657254191,False,d_reserve_pct,False
1858-05-12,5.017,11.893442,0.6610036511410963,3.0,0.5854590256872347,False,0.031122269627339348,False,d_reserve_pct,False
1858-05-19,4.284,12.11905,0.6477912994915669,3.0,1.0861976783984713,False,0.09715422439190576,False,d_crisis_lending_pct,False
1858-05-26,4.198,12.396032,0.6552145370143722,3.0,0.07229847290164818,False,0.004155010094987226,False,d_crisis_lending_pct,False
1858-06-02,4.337,12.550018999999999,0.6476006612431353,3.0,0.5611990406359115,False,0.016496954000066108,False,d_crisis_lending_pct,False
1858-06-09,4.191999999999999,12.705329,0.6548158461228278,3.0,0.09405080488430516,False,0.004353169398589374,False,d_reserve_pct,False
1858-06-16,4.175,12.937045,0.6561330219489097,3.0,0.23004412929112483,False,0.00475969545270515,False,d_crisis_lending_pct,False
1858-06-23,4.24,13.058941,0.6569204993322613,3.0,0.4190556159557625,False,0.006094282666941917,False,d_crisis_lending_pct,False
1858-06-30,6.827,11.988692,0.582057364685907,3.0,5.865454350378757,True,0.40620055300752816,True,d_crisis_lending_pct,True
1858-07-07,7.470000000000001,11.345887,0.5630552478031023,3.0,1.1811248482510197,False,0.08271315052565785,False,d_lending_to_reserve_pct,False
1858-07-14,4.8759999999999994,10.590306,0.5837555608827606,3.0,2.954251311173138,False,0.29401581795050374,False,d_crisis_lending_pct,False
1858-07-21,4.667000000000001,11.082307,0.5983724741168689,3.0,0.36232485106565937,False,0.024007124374916287,False,d_reserve_pct,False
1858-07-28,4.803,11.328551,0.6060024166166682,3.0,0.5497741557704363,False,0.01240458902269375,False,d_crisis_lending_pct,False
1858-08-04,4.736000000000001,10.997956,0.5969968841284556,3.0,0.6310399370691362,False,0.020481703103957957,False,d_reserve_pct,False
1858-08-11,4.632,11.122825,0.5989107546475004,3.0,0.06674133195572159,False,0.002371639670894674,False,d_reserve_ratio_pct,False
1858-08-18,4.556,11.494565000000001,0.6114102350382866,3.0,0.24831826105845523,False,0.007670842528849412,False,d_reserve_pct,False
1858-08-25,4.388999999999999,11.766850999999999,0.6192056480774044,3.0,0.14595692118185258,False,0.005976329115452313,False,d_lending_to_reserve_pct,False
1858-09-01,4.389,11.969376,0.6200900052909853,3.0,0.29545831861484956,False,0.006751315637567829,False,d_crisis_lending_pct,False
1858-09-08,4.3389999999999995,12.500905,0.6312702373742594,3.0,0.36550705062781014,False,0.015676724601464437,False,d_reserve_pct,False
1858-09-15,4.285,12.969925,0.6407104329256523,3.0,0.2591083501227994,False,0.006755335643967621,False,d_reserve_pct,False
1858-09-22,4.217,13.59311,0.6538238041597826,3.0,0.39460828403806975,False,0.016982285994732612,False,d_reserve_pct,False
1858-09-29,4.244,13.267714,0.6493993905068371,3.0,0.6743868665895201,False,0.017220614381281852,False,d_lending_to_reserve_pct,False
1858-10-06,4.186,13.178514999999999,0.6473896547855149,3.0,0.37895537156752795,False,0.00668115921174357,False,d_reserve_ratio_pct,False
1858-10-13,3.8420000000000005,12.770871000000001,0.6409064760411926,3.0,0.7441619033983506,False,0.04320666098010143,False,d_crisis_lending_pct,False
1858-10-20,3.66,12.255395,0.6336843760961791,3.0,0.8554713435925565,False,0.039368751494504715,False,d_reserve_pct,False
1858-10-27,3.6190000000000007,12.382615999999999,0.6362374106970223,3.0,0.2667074012358383,False,0.0015656755194897816,False,d_lending_to_reserve_pct,False
1858-11-03,3.6180000000000003,11.72504,0.6228054813281959,3.0,1.083882073810517,False,0.04373306538873623,False,d_reserve_pct,False
1858-11-10,3.675,11.988792,0.632178113117288,3.0,0.7099126447592856,False,0.009210332200036328,False,d_crisis_lending_pct,False
1858-11-17,3.7190000000000003,12.380861000000001,0.6387309412304705,3.0,0.6786676399309921,False,0.012259501612973097,False,d_crisis_lending_pct,False
1858-11-24,3.651,12.89688,0.6293414324933903,3.0,0.7723494704670871,False,0.030639771527183755,False,d_reserve_ratio_pct,False
1858-12-01,3.854,12.942174,0.6241111707308815,3.0,1.3780779622619177,False,0.0253923246864116,False,d_crisis_lending_pct,False
1858-12-08,3.9290000000000003,13.357261000000001,0.6292437793611131,3.0,0.7059208972770785,False,0.014222228691917978,False,d_crisis_lending_pct,False
1858-12-15,4.643,13.753114,0.6213877421044922,2.5,3.503764256445367,True,0.24368983849559028,False,d_crisis_lending_pct,True
1858-12-22,5.407,13.918007000000001,0.610175965839282,2.5,3.1722251168456417,False,0.08192522253712924,False,d_crisis_lending_pct,False
1858-12-29,6.000000000000001,13.331750000000001,0.5870522778271279,2.5,2.4721707433020788,False,0.07899806419970715,False,d_lending_to_reserve_pct,False
1859-01-05,8.479000000000001,12.738399,0.5487752566891467,2.5,7.479138942550298,True,0.27125232601082844,False,d_crisis_lending_pct,True
1859-01-12,5.212000000000001,12.587185,0.5924900739248419,2.5,6.446114082881168,True,0.2975187527237179,False,d_crisis_lending_pct,True
1859-01-19,5.119,12.670084,0.5973919746130368,2.5,0.1631663991519797,False,0.0022163263214904053,False,d_reserve_pct,False
1859-01-26,5.212999999999999,12.942069,0.6003550899119962,2.5,0.6828776774436087,False,0.008599997420417472,False,d_crisis_lending_pct,False
1859-02-02,5.389000000000001,12.769332,0.5909432401025713,2.5,0.9817269054926772,False,0.0249174117909536,False,d_crisis_lending_pct,False
1859-02-09,5.061,13.31752,0.6104957061828281,2.5,1.1227659869576003,False,0.02666456018126341,False,d_lending_to_reserve_pct,False
1859-02-16,5.039999999999999,13.732809,0.6197352850084117,2.5,0.6653316662345771,False,0.007246232717565908,False,d_reserve_pct,False
1859-02-23,4.859000000000001,14.089063,0.6279400378554024,2.5,0.6473441975152914,False,0.006905989776367424,False,d_lending_to_reserve_pct,False
1859-03-02,4.987,13.750377,0.6174359213382159,2.5,1.2905680250867668,False,0.02804996613034288,False,d_reserve_pct,False
1859-03-09,4.716,13.990012,0.6307096645285672,2.5,0.9649692986363924,False,0.010071346395010783,False,d_crisis_lending_pct,False
1859-03-16,5.210000000000001,14.066477,0.6252945332547527,2.5,2.6640477427713107,False,0.05184625195618866,False,d_crisis_lending_pct,False
1859-03-23,5.686,14.00735,0.6197916150444671,2.5,2.1186581082013864,False,0.047955348809620955,False,d_crisis_lending_pct,False
1859-03-30,6.4399999999999995,13.117249999999999,0.5647439204002221,2.5,3.753416247841046,True,0.13130693175076835,False,d_reserve_ratio_pct,True
1859-04-06,7.307,11.933318,0.5206419453628043,2.5,3.9442430165293505,True,0.15635124592151245,False,d_lending_to_reserve_pct,True
1859-04-13,5.939,11.205454,0.5333702512455273,2.5,3.3139637041670618,False,0.1324261598180764,False,d_crisis_lending_pct,False
1859-04-20,5.664,10.523985,0.5209582278920264,2.5,2.564942744221984,False,0.05978583625949042,False,d_reserve_pct,False
1859-04-27,6.440000000000001,10.176717,0.49440128535277605,2.5,2.520439175798597,False,0.0862615829232742,False,d_crisis_lending_pct,False
1859-05-04,8.242,9.424795,0.43975383701150506,3.5,5.273689373587064,True,0.44368688917650584,True,d_lending_to_reserve_pct,True
1859-05-11,8.773,9.694623,0.44057832846580247,4.5,1.0870159402210373,False,0.264980146704275,False,d_crisis_lending_pct,False
1859-05-18,8.595,10.281673,0.4554803421553818,4.5,1.6208395123038482,False,0.029958513471913466,False,d_reserve_pct,False
1859-05-25,8.32,10.660794,0.46959973436554175,4.5,1.0117684697854763,False,0.010963191733047557,False,d_reserve_ratio_pct,False
1859-06-01,8.22,11.147241,0.4817717701935671,4.5,0.9089033134330603,False,0.017003180539808333,False,d_reserve_pct,False
1859-06-08,8.042,11.298542,0.4878017632121427,3.5,0.3645135348835064,False,0.23371692708944528,False,d_reserve_ratio_pct,False
1859-06-15,7.654,11.901826,0.5091724248512631,3.0,1.3994075521978475,False,0.1447374649210905,False,d_reserve_ratio_pct,False
1859-06-22,7.297000000000001,12.134789,0.5202787027337766,3.0,0.6757427288852534,False,0.008312202010217387,False,d_lending_to_reserve_pct,False
1859-06-29,7.69,11.527893,0.5053367926956238,3.0,1.6621639765406095,False,0.06446447618219352,False,d_lending_to_reserve_pct,False
1859-07-06,8.485,11.088655,0.4817276021735023,3.0,2.1685369036063946,False,0.07585612655330747,False,d_lending_to_reserve_pct,False
1859-07-13,7.146000000000001,10.704260999999999,0.5040479896231932,3.0,2.5523069403891694,False,0.09372251057703798,False,d_crisis_lending_pct,False
1859-07-20,6.701,10.109687000000001,0.5076273751081253,2.5,1.729129029101399,False,0.19342301864158223,False,d_reserve_pct,False
1859-07-27,6.982999999999999,10.096585000000001,0.5066981300479625,2.5,0.9070076065659707,False,0.022969733830314195,False,d_crisis_lending_pct,False
1859-08-03,7.409000000000001,9.493516,0.4825347714422644,2.5,1.7995668084144993,False,0.0860703318301996,False,d_lending_to_reserve_pct,False
1859-08-10,8.276,9.747833,0.47347061949844477,2.5,1.944098456444074,False,0.05842362011258613,False,d_crisis_lending_pct,False
1859-08-17,8.002,9.808027,0.4791462992596506,2.5,0.5037443338071579,False,0.005406525273380151,False,d_crisis_lending_pct,False
1859-08-24,8.001999999999999,9.67832,0.4759113612680164,2.5,0.4958560274231028,False,0.011304423642385868,False,d_reserve_pct,False
1859-08-31,8.615,9.476849000000001,0.4609964833439079,2.5,1.2199745440567378,False,0.05021021350684852,False,d_crisis_lending_pct,False
1859-09-07,8.497,9.793982,0.4695756469586291,2.5,0.7543978270322974,False,0.00669942444138212,False,d_reserve_pct,False
1859-09-14,8.463000000000001,10.535461999999999,0.48812434203399785,2.5,1.8486103413810202,False,0.04440005293420791,False,d_reserve_pct,False
1859-09-21,8.894,10.587394000000002,0.4809723393275088,2.5,0.7173205929583059,False,0.028002376271411174,False,d_crisis_lending_pct,False
1859-09-28,9.113,10.809959,0.48335015600956754,2.5,0.4137451506642105,False,0.011330298184092693,False,d_reserve_pct,False
1859-10-05,10.038,9.98589,0.4580783086751519,2.5,2.1290903942813104,False,0.1128886735213156,False,d_reserve_pct,False
1859-10-12,10.392999999999997,9.604274,0.41436154075278764,2.5,2.818816453239599,False,0.11386132265090726,False,d_reserve_ratio_pct,False
1859-10-19,7.844000000000001,8.916778,0.4571276911903298,2.5,3.7395964371086503,True,0.22310373135320133,False,d_crisis_lending_pct,True
1859-10-26,7.6179999999999986,9.160081,0.4694589180184888,2.5,0.7936072426287851,False,0.008766640565312466,False,d_reserve_ratio_pct,False
1859-11-02,8.373000000000001,8.991931000000001,0.4477126423578545,2.5,1.364548223536406,False,0.06499717679161034,False,d_reserve_ratio_pct,False
1859-11-09,8.211,9.500693,0.46552718823468303,2.5,1.3434593150702288,False,0.025326951979429756,False,d_reserve_pct,False
1859-11-16,8.422,9.867650000000001,0.4683785112961877,2.5,0.8695970977253445,False,0.01898504801362009,False,d_reserve_pct,False
1859-11-23,8.83,10.295708999999999,0.4739189236028559,2.5,0.9368203592419393,False,0.03267617672270728,False,d_reserve_pct,False
1859-11-30,9.252999999999998,10.248882,0.4649348065344937,2.5,0.6510524812493087,False,0.026842618993581573,False,d_reserve_ratio_pct,False
1859-12-07,9.257,10.26141,0.46531570733505234,2.5,0.3525187887397783,False,0.005809685957651869,False,d_crisis_lending_pct,False
1859-12-14,9.403,10.726761999999999,0.4751453850009924,2.5,0.9583291410313122,False,0.02338032539879514,False,d_reserve_pct,False
1859-12-21,9.565999999999999,10.83113,0.47327995106018067,2.5,0.22384911364162682,False,0.0077833639100746655,False,d_reserve_ratio_pct,False
1859-12-28,10.001000000000001,10.456579,0.4570954278125593,2.5,1.147596764532512,False,0.045420226482774016,False,d_reserve_ratio_pct,False
1860-01-04,12.043999999999999,9.110729000000001,0.403685419433474,2.5,3.767297213440703,True,0.26923062205097753,False,d_lending_to_reserve_pct,True
1860-01-11,9.932,8.867809000000001,0.4201081806602625,2.5,3.150238366596451,False,0.09826562831611915,False,d_crisis_lending_pct,False
1860-01-18,9.626999999999999,8.306358,0.4149649100992241,2.5,1.3346086486025572,False,0.06116115901296913,False,d_reserve_pct,False
1860-01-25,9.402999999999999,8.407216,0.4287323347514403,3.0,0.9265306295928404,False,0.1643624997263744,False,d_reserve_ratio_pct,False
1860-02-01,10.842,7.511162000000001,0.37945826693209483,4.0,3.203243305661417,False,0.41175665655507626,True,d_reserve_ratio_pct,True
1860-02-08,11.068,8.097617,0.39297559539128174,4.0,1.4799899643019094,False,0.058779609996375236,False,d_reserve_pct,False
1860-02-15,11.228,8.589142,0.4066826287788094,4.0,1.1057874401458538,False,0.03791703958148403,False,d_reserve_pct,False
1860-02-22,10.970999999999998,9.062434,0.4221156979461994,4.0,0.9808006240453216,False,0.024530264406815022,False,d_reserve_pct,False
1860-02-29,10.709,9.000710999999999,0.42056793212569776,4.0,0.64825439430858,False,0.007586185699927414,False,d_crisis_lending_pct,False
1860-03-07,10.504999999999999,9.025838,0.4261898304162777,4.0,0.5817985808055048,False,0.0037212386234826396,False,d_crisis_lending_pct,False
1860-03-14,12.184,9.268875,0.41560402755282466,4.0,2.3413166892821202,False,0.08411810082211711,False,d_crisis_lending_pct,False
1860-03-21,13.539000000000001,9.508643999999999,0.40817578942303057,4.0,1.5468437979846588,False,0.056013909934127075,False,d_crisis_lending_pct,False
1860-03-28,15.153,8.766346,0.36617521648847906,4.0,2.518796483788965,False,0.15817539733144412,False,d_reserve_ratio_pct,False
1860-04-04,16.278000000000002,7.513007,0.31750314206530256,4.5,3.2441924192050373,False,0.39557374266272416,False,d_reserve_ratio_pct,False
1860-04-11,13.802999999999997,5.644847,0.27604713457753033,4.5,4.458645848614143,True,0.427928334311418,True,d_reserve_pct,True
1860-04-18,12.678999999999998,7.283021,0.34110903252052854,5.0,5.167348440172586,True,0.6411882799187347,True,d_reserve_ratio_pct,True
1860-04-25,11.862,7.5268749999999995,0.3609343785754771,5.0,1.2215541545460737,False,0.03546226261032347,False,d_crisis_lending_pct,False
1860-05-02,11.725,7.131231,0.3512068570929889,5.0,1.0825599978742477,False,0.04233724198903695,False,d_reserve_pct,False
1860-05-09,10.555,7.967391,0.40051798856837906,5.0,2.925490082629802,False,0.2032167995760734,False,d_reserve_ratio_pct,False
1860-05-16,10.076,8.397285,0.4238692849057532,4.5,1.1446049906065332,False,0.1530264135745722,False,d_reserve_ratio_pct,False
1860-05-23,9.709,9.095905,0.44948279042581774,4.5,1.3018219516988974,False,0.06974645851664645,False,d_reserve_pct,False
1860-05-30,9.636000000000001,8.919616999999999,0.4450787421514702,4.0,0.38968086673696384,False,0.13441704561142848,False,d_reserve_pct,False
1860-06-06,9.422,9.170472,0.4600556312576511,4.0,0.6468482947373567,False,0.011421966957876,False,d_reserve_ratio_pct,False
1860-06-13,10.507,9.702134,0.46554583727780646,4.0,1.5885462324874424,False,0.08672290818422805,False,d_crisis_lending_pct,False
1860-06-20,9.792,10.146576,0.4877413277607267,4.0,1.088072044038699,False,0.03862156350553357,False,d_crisis_lending_pct,False
1860-06-27,11.936,10.06725,0.4643348537266224,4.0,3.048427559514881,False,0.11589858206835894,False,d_crisis_lending_pct,False
1860-07-04,13.890999999999998,9.010265,0.41035031546175915,4.0,2.72167196696187,False,0.21209745355772272,False,d_lending_to_reserve_pct,False
1860-07-11,9.796999999999999,8.803965,0.45127744985195284,4.0,4.35504306307826,True,0.21040846687900425,False,d_crisis_lending_pct,True
1860-07-18,9.574,8.306678,0.44300347627482295,4.0,1.0733761660667949,False,0.04592841869708896,False,d_reserve_pct,False
1860-07-25,9.546000000000001,8.271659,0.44024800098570227,4.0,0.14365472722066117,False,0.00676052501572494,False,d_reserve_pct,False
1860-08-01,9.881,8.16407,0.4307620111474808,4.0,0.5708833008424371,False,0.025889295134924387,False,d_crisis_lending_pct,False
1860-08-08,9.644000000000002,8.319154000000001,0.44188527427984237,4.0,0.494366231786489,False,0.00694760899641947,False,d_reserve_ratio_pct,False
1860-08-15,9.454,8.449854,0.4506912576599503,4.0,0.3856802817740585,False,0.00296661899992406,False,d_lending_to_reserve_pct,False
1860-08-22,10.103000000000002,8.795259999999999,0.45231196579460375,4.0,1.1440608920071729,False,0.046820422269734575,False,d_crisis_lending_pct,False
1860-08-29,10.329999999999998,9.247568000000001,0.4596850821196071,4.0,0.7202164634455697,False,0.02842980237857537,False,d_reserve_pct,False
1860-09-05,10.018,9.214957,0.4624046458460665,4.0,0.48672699001804043,False,0.0045950679169146835,False,d_crisis_lending_pct,False
1860-09-12,9.73,9.904117,0.48774099840643936,4.0,1.1998930084356967,False,0.053920899560730956,False,d_reserve_pct,False
1860-09-19,9.379,9.997258,0.4962551252395088,4.0,0.5330272120728228,False,0.005223633261888169,False,d_crisis_lending_pct,False
1860-09-26,9.293000000000001,9.907461,0.493746082595934,4.0,0.2682356779093634,False,0.008460159059717448,False,d_reserve_pct,False
1860-10-03,10.152000000000001,8.391153,0.44542400077627947,4.0,3.26855225834707,False,0.27057528521379215,False,d_lending_to_reserve_pct,False
1860-10-10,10.183000000000002,8.547308000000001,0.44063478610753903,4.0,0.3701351409684588,False,0.01252295448625341,False,d_reserve_ratio_pct,False
1860-10-17,9.199000000000002,7.2756110000000005,0.4134109946611673,4.0,2.9999750421548166,False,0.23008979281431977,False,d_reserve_pct,False
1860-10-24,9.983,7.463210999999999,0.4100813419473439,4.0,1.5626524253770755,False,0.05128183854757956,False,d_crisis_lending_pct,False
1860-10-31,10.122,7.099443,0.39676672343670305,4.0,1.0371533739009886,False,0.04711839051288566,False,d_reserve_pct,False
1860-11-07,10.369,7.166015,0.39629727719565017,4.0,0.4789350233336918,False,0.010638425484913578,False,d_crisis_lending_pct,False
1860-11-14,10.685,7.130541,0.38736489840673094,5.0,0.5923396130454025,False,0.23399498305503993,False,d_crisis_lending_pct,False
1860-11-21,10.709999999999999,7.434616,0.3967536775255423,6.0,0.7034684333456948,False,0.26050286907987436,False,d_reserve_pct,False
1860-11-28,10.578999999999999,8.435160999999999,0.4242641358238981,6.0,2.275466905239065,False,0.15649774432736274,False,d_reserve_pct,False
1860-12-05,10.404999999999998,7.933577,0.4155917445689546,5.0,1.188565077676779,False,0.2989897322387624,False,d_reserve_pct,False
1860-12-12,10.392,8.000164999999999,0.41812716343678796,5.0,0.18814360048571668,False,0.0034196229161719167,False,d_reserve_ratio_pct,False
1860-12-19,10.213000000000001,8.108175,0.4235214715998366,5.0,0.3155455158036267,False,0.0018994028230668212,False,d_lending_to_reserve_pct,False
1860-12-26,11.504999999999999,7.6286190000000005,0.39457725806677696,5.0,2.5078652481750194,False,0.10837006530130482,False,d_lending_to_reserve_pct,False
1861-01-02,13.614,6.616244,0.32273731244268405,6.0,4.579851810795995,True,0.5172930667381546,True,d_lending_to_reserve_pct,True
1861-01-09,11.115,6.196586,0.3224898986834226,7.0,3.055766771662737,False,0.3603739326777209,False,d_crisis_lending_pct,False
1861-01-16,10.629,5.852143,0.3406315090998252,7.0,1.2102046059871638,False,0.08814866053341183,False,d_reserve_ratio_pct,False
1861-01-23,9.368,5.96145,0.3707662234517278,7.0,2.0218867188687892,False,0.0804142634696019,False,d_crisis_lending_pct,False
1861-01-30,9.244,6.107156,0.3777197197065946,7.0,0.3311562514770407,False,0.005512328220425644,False,d_reserve_ratio_pct,False
1861-02-06,8.982000000000001,6.428601,0.3989547592969396,7.0,1.2174533758629362,False,0.03348184692466725,False,d_reserve_ratio_pct,False
1861-02-13,10.306000000000001,6.356172,0.3769649343730468,7.0,2.990304478255819,False,0.08170108001198585,False,d_crisis_lending_pct,False
1861-02-20,9.881,6.850176,0.4004806579827542,8.0,1.4422900611319134,False,0.3075140592169676,False,d_reserve_ratio_pct,False
1861-02-27,9.955,7.165610999999999,0.3996291601459422,8.0,0.675387952476318,False,0.027220685913051424,False,d_reserve_pct,False
1861-03-06,9.856000000000002,7.241813,0.407868482954211,8.0,0.4542762903408169,False,0.0048989202047247295,False,d_reserve_ratio_pct,False
1861-03-13,9.598999999999998,7.768812,0.4238173088798994,8.0,1.0972729670372292,False,0.042685157705205805,False,d_reserve_pct,False
1861-03-20,9.342000000000002,8.32523,0.4231084955399244,8.0,1.0080337928582221,False,0.0525213199963815,False,d_reserve_pct,False
1861-03-27,10.003,7.921381,0.4057923625364445,7.0,1.844559712232595,False,0.3150730637897004,False,d_crisis_lending_pct,False
1861-04-03,10.447999999999999,7.651160000000001,0.3931908841440086,7.0,1.2641908028529818,False,0.0437871767599542,False,d_crisis_lending_pct,False
1861-04-10,8.753,7.4390920000000005,0.4109015318886909,6.0,3.30289400230454,False,0.34342035440354474,False,d_crisis_lending_pct,False
1861-04-17,8.204,7.3119879999999995,0.41602490509416273,5.0,1.1043813328515488,False,0.2603962701250749,False,d_crisis_lending_pct,False
1861-04-24,7.613999999999999,7.552964,0.4350364210103606,5.0,1.3075239346936633,False,0.02938188982526777,False,d_crisis_lending_pct,False
1861-05-01,7.621,7.006343,0.4180561709671757,5.0,1.4826022407188388,False,0.072547079514348,False,d_reserve_pct,False
1861-05-08,9.146,7.173934,0.3951599674483018,5.0,4.665940303754433,True,0.1168758410909105,False,d_crisis_lending_pct,True
1861-05-15,9.902000000000001,6.814656,0.3720455282237667,5.0,2.037353949409632,False,0.08156116256097033,False,d_crisis_lending_pct,False
1861-05-22,9.830000000000002,6.655541,0.36755710423226795,6.0,0.4960944676575011,False,0.22118450418707336,False,d_reserve_pct,False
1861-05-29,9.787,7.273598,0.3927982715488815,6.0,1.5798079523585846,False,0.08459459366224158,False,d_reserve_ratio_pct,False
1861-06-05,10.443999999999999,6.550122,0.3652436592651278,6.0,1.957078439476855,False,0.13633902454352367,False,d_lending_to_reserve_pct,False
1861-06-12,10.407,7.1428139999999996,0.3856865577687978,6.0,1.5966569388772316,False,0.07432987371284239,False,d_reserve_pct,False
1861-06-19,10.082,7.685923,0.4058340898136841,6.0,1.3346356309866958,False,0.05383406884359007,False,d_reserve_pct,False
1861-06-26,11.014999999999999,7.91514,0.4023899557922845,6.0,2.30923085548789,False,0.05778029327993064,False,d_crisis_lending_pct,False
1861-07-03,13.205000000000002,6.483692,0.3344811679291815,6.0,4.804269226027752,True,0.41786210571022364,True,d_crisis_lending_pct,True
1861-07-10,9.703,6.166804,0.35915714722434106,6.0,6.089300081149043,True,0.19538366069684454,False,d_crisis_lending_pct,True
1861-07-17,9.531,5.780283000000001,0.3553999674007203,6.0,1.2340644293875267,False,0.05714552455503489,False,d_reserve_pct,False
1861-07-24,9.285,6.227325,0.3866057864173795,6.0,1.6884108868090204,False,0.07165426463455117,False,d_reserve_ratio_pct,False
1861-07-31,8.971,6.548768,0.4119602415660907,6.0,1.1641075554971687,False,0.038540576088645695,False,d_reserve_ratio_pct,False
1861-08-07,8.142,6.6635,0.42543633640672013,5.0,1.9955933413028015,False,0.2675937218404301,False,d_crisis_lending_pct,False
1861-08-14,7.8100000000000005,7.194138,0.44907912455096066,5.0,1.0747641425473933,False,0.06483935175151889,False,d_reserve_pct,False
1861-08-21,7.57,7.470196,0.4515283713460481,4.5,0.47309543648511293,False,0.1250685491865436,False,d_crisis_lending_pct,False
1861-08-28,7.177,8.000242,0.4750991442535528,4.5,0.9198377922638767,False,0.05871415756847188,False,d_crisis_lending_pct,False
1861-09-04,7.198,7.4691909999999995,0.45319191486010374,4.0,0.8879298970200884,False,0.215731735356175,False,d_reserve_pct,False
1861-09-11,6.834999999999999,8.446572,0.4903474107770087,4.0,1.404390294524116,False,0.16060844954451445,False,d_reserve_pct,False
1861-09-18,6.867000000000001,8.813612,0.503497502224821,4.0,0.389653952759971,False,0.021802390226557763,False,d_reserve_ratio_pct,False
1861-09-25,7.164999999999999,8.918661,0.5019442001882911,3.5,1.17462530785802,False,0.13479195331792282,False,d_crisis_lending_pct,False
1861-10-02,7.622,7.686671,0.4514703515710806,3.5,2.267025032166025,False,0.24704303468283767,False,d_lending_to_reserve_pct,False
1861-10-09,7.382,7.859634,0.4644419177995254,3.5,0.460771424226885,False,0.007943845400414054,False,d_crisis_lending_pct,False
1861-10-16,6.3870000000000005,7.4230220000000005,0.4128507148920256,3.5,2.7940214500385645,False,0.19655897764329444,False,d_crisis_lending_pct,False
1861-10-23,6.194000000000001,7.942111000000001,0.4324928502448817,3.5,0.6650248026023503,False,0.0419947336105768,False,d_reserve_pct,False
1861-10-30,6.137,7.966412,0.43982205519001005,3.5,0.21642185330218072,False,0.0032052586147094412,False,d_lending_to_reserve_pct,False
1861-11-06,5.968,8.087458999999999,0.45547419398258515,3.5,0.32898578280486496,False,0.009368943659477137,False,d_reserve_ratio_pct,False
1861-11-13,5.837,8.283045,0.4883993260444321,3.0,0.8094452978938449,False,0.15496778876350562,False,d_reserve_ratio_pct,False
1861-11-20,6.128,8.880437,0.5110990517622324,3.0,1.6687816880760835,False,0.06937527475951558,False,d_crisis_lending_pct,False
1861-11-27,6.1259999999999994,9.590398,0.5243450865409591,3.0,0.746055662288111,False,0.04877139001882488,False,d_reserve_pct,False
1861-12-04,6.072000000000001,9.779298,0.5291963657509398,3.0,0.160540426107937,False,0.0018489876697981786,False,d_crisis_lending_pct,False
1861-12-11,6.250000000000001,10.216101,0.5371921429379702,3.0,1.0061607285253114,False,0.03064475135004976,False,d_crisis_lending_pct,False
1861-12-18,6.497,10.819637,0.542946447425364,3.0,1.0675541741644279,False,0.04534095367481885,False,d_crisis_lending_pct,False
1861-12-25,6.979000000000001,10.839238,0.5313408480864723,3.0,1.7916705823677852,False,0.04055569187430109,False,d_crisis_lending_pct,False
1862-01-01,10.151,10.445899,0.46671200092753545,3.0,9.735423442294476,True,0.29019433452506865,False,d_crisis_lending_pct,True
1862-01-08,9.049,10.342402,0.454621827979932,3.0,2.02542551765414,False,0.05905030972726738,False,d_crisis_lending_pct,False
1862-01-15,7.025,10.243526,0.4863093823741722,2.5,4.063784897382876,True,0.2773550293478422,False,d_crisis_lending_pct,True
1862-01-22,6.929,10.049769000000001,0.48238688211600006,2.5,0.6362221868976929,False,0.013343783118165817,False,d_reserve_pct,False
1862-01-29,6.890000000000001,10.459184,0.5100909071445561,2.5,0.6887445058192678,False,0.03413349969055781,False,d_reserve_ratio_pct,False
1862-02-05,7.266,9.872247999999999,0.4943945816676564,2.5,1.4057354463228695,False,0.0677995736721722,False,d_lending_to_reserve_pct,False
1862-02-12,8.043000000000001,10.168308999999999,0.4981700108317329,2.5,2.2216844661737616,False,0.058765508558431136,False,d_crisis_lending_pct,False
1862-02-19,7.616999999999999,10.414895,0.5084656354075702,2.5,0.7551418128927044,False,0.011829429731293525,False,d_crisis_lending_pct,False
1862-02-26,7.838,10.351424999999999,0.5000062552556827,2.5,0.6787776018513109,False,0.017975703471395026,False,d_lending_to_reserve_pct,False
1862-03-05,7.975,9.792947999999999,0.47787275859016587,2.5,1.1417335600069605,False,0.061170484285754244,False,d_reserve_pct,False
1862-03-12,7.845000000000001,10.663426,0.5008271560621312,2.5,1.1058597195592472,False,0.06131969677188861,False,d_reserve_pct,False
1862-03-19,7.712999999999999,11.328436,0.5305407457688335,2.5,0.7575602581487826,False,0.04477232982417285,False,d_reserve_ratio_pct,False
1862-03-26,7.926,11.265967999999999,0.5223577494931849,2.5,0.6687609331430913,False,0.016730038356692987,False,d_lending_to_reserve_pct,False
1862-04-02,9.148,10.673817999999999,0.4834375651071153,2.5,2.83444338839988,False,0.1201229764989075,False,d_crisis_lending_pct,False
1862-04-09,9.463000000000001,10.3836,0.47280960033527786,2.5,0.8793317621125554,False,0.03388681384973734,False,d_lending_to_reserve_pct,False
1862-04-16,8.001000000000001,9.972459,0.47634450790317184,2.5,2.5868061325712266,False,0.09192810102648774,False,d_crisis_lending_pct,False
1862-04-23,7.632,10.797844,0.5033908276931425,2.5,0.8521631853827384,False,0.07563555772679952,False,d_reserve_pct,False
1862-04-30,7.7440000000000015,10.479756,0.49376024234769245,2.5,0.707621720021981,False,0.026509442525149546,False,d_lending_to_reserve_pct,False
1862-05-07,7.571999999999999,10.867165,0.5085092468478006,2.5,0.29514564613827,False,0.010069644085416855,False,d_reserve_ratio_pct,False
1862-05-14,8.587,10.681392,0.5025830011408747,2.5,2.6014152523196037,False,0.07413152043412906,False,d_crisis_lending_pct,False
1862-05-21,9.126999999999999,10.114885000000001,0.47925392085335944,2.5,1.469431145486548,False,0.0746422816573223,False,d_lending_to_reserve_pct,False
1862-05-28,9.551,10.225585,0.4729054550743553,3.0,0.9221349326820193,False,0.17707775280466137,False,d_crisis_lending_pct,False
1862-06-04,9.618000000000002,9.286183,0.44847474022808204,3.0,1.6302401872472563,False,0.10625921314293277,False,d_reserve_pct,False
1862-06-11,10.812999999999999,8.992835,0.40909663273584623,3.0,2.2585191305204444,False,0.11328986071529186,False,d_crisis_lending_pct,False
1862-06-18,10.509,9.439833,0.421266526301509,3.0,0.5713203110892273,False,0.020222213752327963,False,d_reserve_pct,False
1862-06-25,10.608,9.975333000000001,0.43316699552244037,3.0,0.6699551304652006,False,0.030068772907068466,False,d_reserve_pct,False
1862-07-02,13.1,9.264916,0.39384593253572675,3.0,4.230871314732594,True,0.1923750996514859,False,d_crisis_lending_pct,True
1862-07-09,10.543000000000003,9.889876999999998,0.4370317372064106,3.0,3.2843699831158264,False,0.167599303371663,False,d_crisis_lending_pct,False
1862-07-16,10.051,9.9635,0.447054136019143,2.5,0.6776237595627058,False,0.1263282631991404,False,d_crisis_lending_pct,False
1862-07-23,9.671,10.507562,0.4671244985804301,2.5,0.6581300206012314,False,0.03191412609536734,False,d_reserve_ratio_pct,False
1862-07-30,9.426999999999998,10.906308,0.47836975349872013,2.0,0.3721609217616552,False,0.12134881345315861,False,d_reserve_pct,False
1862-08-06,9.155999999999999,10.020418000000001,0.4684557970786502,2.0,1.5370767342753093,False,0.08088744548324081,False,d_reserve_pct,False
1862-08-13,8.921999999999999,10.361651,0.48343477936305024,2.0,0.48531580753507503,False,0.010696401324831161,False,d_reserve_ratio_pct,False
1862-08-20,9.296000000000001,10.256934,0.472272386106087,2.0,0.812569498923481,False,0.026950530912443878,False,d_lending_to_reserve_pct,False
1862-08-27,9.041,11.072873,0.49490160136673605,2.0,1.1741287408618264,False,0.05064565334555558,False,d_reserve_pct,False
1862-09-03,9.374000000000002,10.965924999999999,0.4842450591740381,2.0,0.7532863201788779,False,0.025646398814352808,False,d_lending_to_reserve_pct,False
1862-09-10,8.866000000000001,11.225978000000001,0.49720931534506296,2.0,0.873276195649772,False,0.011994856942240268,False,d_crisis_lending_pct,False
1862-09-17,9.2,11.222598000000001,0.49204259313235993,2.0,0.6899351566295271,False,0.020011463478151904,False,d_crisis_lending_pct,False
1862-09-24,9.405999999999999,11.314977,0.48996719226706786,2.0,0.43256708079737816,False,0.009630658131303104,False,d_crisis_lending_pct,False
1862-10-01,10.907000000000002,10.066077,0.45584634771644506,2.0,3.7053295181620975,True,0.20132182507916124,False,d_lending_to_reserve_pct,True
1862-10-08,11.088,9.828331,0.44952321180012667,2.0,0.6616169009751515,False,0.02280181384926283,False,d_lending_to_reserve_pct,False
1862-10-15,9.691,9.2203,0.4197443312117511,2.0,2.2053375323436666,False,0.14090685131368388,False,d_crisis_lending_pct,False
1862-10-22,8.877,9.099369,0.43039506526826177,2.0,1.4824006658557851,False,0.027320174985840946,False,d_crisis_lending_pct,False
1862-10-29,10.706,9.152074,0.405906620943406,2.0,3.3166661734935983,False,0.11348199617604951,False,d_crisis_lending_pct,False
1862-11-05,10.463000000000001,8.976265,0.42239271254794014,3.0,0.8452407939858269,False,0.23854372697810738,False,d_reserve_ratio_pct,False
1862-11-12,10.194,9.585278,0.4424070974348333,3.0,1.220954146922219,False,0.03937318643523388,False,d_reserve_pct,False
1862-11-19,9.689,9.502241,0.4448946913404816,3.0,0.8866432506735936,False,0.010608418000429215,False,d_crisis_lending_pct,False
1862-11-26,9.998999999999999,9.785858000000001,0.44955979390512846,3.0,0.6454448822325528,False,0.017903294832042473,False,d_reserve_pct,False
1862-12-03,10.072,9.905529,0.4534394509615287,3.0,0.29827068840354315,False,0.0036578220176911183,False,d_reserve_pct,False
1862-12-10,10.011,10.127183,0.45886630399046524,3.0,0.4982355357085543,False,0.0032327147529956266,False,d_reserve_pct,False
1862-12-17,10.197000000000001,10.495878000000001,0.46563212558301187,3.0,0.7746930779738881,False,0.01773288971725912,False,d_reserve_pct,False
1862-12-24,11.849,10.0219,0.436474968246151,3.0,2.6403850449605875,False,0.11095889968507729,False,d_crisis_lending_pct,False
1862-12-31,13.659,9.735171,0.40890384989128215,3.0,2.4826117269330816,False,0.09462257898287248,False,d_crisis_lending_pct,False
1863-01-07,13.450999999999999,9.057145,0.3907964992926338,3.0,1.198608989155968,False,0.07347981202771596,False,d_reserve_pct,False
1863-01-14,11.703999999999999,8.465364000000001,0.4020879746808989,3.0,2.3863040630898835,False,0.09902759641972621,False,d_crisis_lending_pct,False
1863-01-21,10.479,8.333839,0.41754744207669875,4.0,1.9067127050508859,False,0.27854737212683045,False,d_crisis_lending_pct,False
1863-01-28,10.173,8.160653,0.41149691911293607,5.0,0.6199657166611776,False,0.22678356612661366,False,d_crisis_lending_pct,False
1863-02-04,10.028,8.271591,0.4197947157148372,5.0,0.3822506205642758,False,0.0019796495742526164,False,d_reserve_pct,False
1863-02-11,9.828000000000001,8.889601,0.43260158904761287,5.0,1.5116928320424055,False,0.04613945816700346,False,d_reserve_pct,False
1863-02-18,9.401000000000002,9.928502,0.46871134642848256,5.0,2.224282404184138,False,0.13423345701610084,False,d_reserve_pct,False
1863-02-25,9.102,10.147041,0.4770854844683137,4.0,0.45183207342326703,False,0.23528312287311695,False,d_reserve_pct,False
1863-03-04,10.782,9.464331999999999,0.4421740163760298,4.0,3.733419171490638,True,0.14955465851802865,False,d_crisis_lending_pct,True
1863-03-11,11.034,9.749973,0.4440585350017471,4.0,0.6280044839905271,False,0.01514424800577787,False,d_crisis_lending_pct,False
1863-03-18,11.658,9.738582000000001,0.4357972875231462,4.0,0.9978661620983996,False,0.02879470174041769,False,d_crisis_lending_pct,False
1863-03-25,12.326,10.081244,0.4362899451948095,4.0,0.9688551539372818,False,0.028599193559548767,False,d_crisis_lending_pct,False
1863-04-01,13.738000000000001,9.42434,0.40484071334106075,4.0,2.0354086123622146,False,0.1111663045322914,False,d_lending_to_reserve_pct,False
1863-04-08,11.270999999999999,8.912745000000001,0.4137007709035223,4.0,2.888810736737349,False,0.12208876408505219,False,d_crisis_lending_pct,False
1863-04-15,9.120000000000001,9.172457,0.44135129528852096,4.0,3.080958030503252,False,0.11609767556348201,False,d_crisis_lending_pct,False
1863-04-22,8.094,9.236846,0.4386735377661138,4.0,1.7420151434248443,False,0.05569013229781706,False,d_crisis_lending_pct,False
1863-04-29,7.725999999999999,9.130027,0.43925465297036537,3.5,0.5229707201676148,False,0.12804138917622607,False,d_crisis_lending_pct,False
1863-05-06,8.254,9.017774999999999,0.4428330412958743,3.0,1.31606087224325,False,0.17606262191895009,False,d_crisis_lending_pct,False
1863-05-13,10.145,8.665531,0.42347949998565676,3.0,4.011377697335359,True,0.14824949820547648,False,d_crisis_lending_pct,True
1863-05-20,11.638,8.496341,0.3934596533878128,3.5,2.637652043360598,False,0.2474681565160627,False,d_crisis_lending_pct,False
1863-05-27,11.549,8.776279,0.40175112327434703,4.0,0.7373139789780182,False,0.16812808358234183,False,d_reserve_pct,False
1863-06-03,13.314,8.607187999999999,0.37957531622757734,4.0,2.74590167366376,False,0.08825384121300889,False,d_crisis_lending_pct,False
1863-06-10,14.581999999999999,8.691671,0.36882104301294233,4.0,1.7803616711643524,False,0.04914848947225034,False,d_crisis_lending_pct,False
1863-06-17,13.665000000000001,9.366105999999998,0.39375488115366936,4.0,1.9538418573106033,False,0.07090358249187068,False,d_reserve_pct,False
1863-06-24,13.659,9.689128,0.4022212749037955,4.0,0.8285974822218696,False,0.011281724147404462,False,d_reserve_pct,False
1863-07-01,20.881,8.590121,0.3225596062229771,4.0,8.510376031003279,True,0.47908774701137974,True,d_crisis_lending_pct,True
1863-07-08,17.55,8.094089,0.33461095104200356,4.0,2.34286017148793,False,0.11269374984209533,False,d_crisis_lending_pct,False
1863-07-15,12.501000000000001,7.860861000000001,0.3685290158090071,4.0,3.8842439536171343,True,0.21238085500605308,False,d_crisis_lending_pct,True
1863-07-22,10.802999999999999,7.667567,0.3821826343011936,4.0,1.633141299947589,False,0.07024210234739649,False,d_crisis_lending_pct,False
1863-07-29,10.514,8.1953,0.4083123471625,4.0,2.0357389481133987,False,0.0537442606725042,False,d_reserve_pct,False
1863-08-05,10.222,7.818355,0.40367127986537465,4.0,0.9615066552838926,False,0.035451118196765545,False,d_reserve_pct,False
1863-08-12,9.225999999999999,8.429704000000001,0.4360217058502564,4.0,2.1322953484272924,False,0.09304017424097492,False,d_reserve_pct,False
1863-08-19,9.067,8.409822,0.43956859688929384,4.0,0.07694399453459498,False,0.002880511789081382,False,d_reserve_pct,False
1863-08-26,8.884,8.966724,0.4593521772052566,4.0,1.7509287437750338,False,0.03720025503312061,False,d_reserve_pct,False
1863-09-02,9.725,8.953604,0.4459034086874033,4.0,1.3545389526340155,False,0.05145147263433667,False,d_crisis_lending_pct,False
1863-09-09,9.395,9.069188,0.45558044588189234,4.0,0.3617522833592412,False,0.006043317784625454,False,d_reserve_pct,False
1863-09-16,10.915999999999999,9.338021,0.4477282302466733,4.0,2.1106407048443003,False,0.08427168980158,False,d_crisis_lending_pct,False
1863-09-23,11.713999999999999,9.328813,0.4410562945015881,4.0,0.8757318287006708,False,0.04250312013962297,False,d_crisis_lending_pct,False
1863-09-30,16.711,8.409984999999999,0.36584325541742607,4.0,5.051356460327266,True,0.3713100384574185,False,d_lending_to_reserve_pct,True
1863-10-07,16.788999999999998,7.737661999999999,0.34537430626969234,4.0,1.6630457365090094,False,0.0958241825662444,False,d_reserve_pct,False
1863-10-14,13.833,7.084061,0.33783704129025555,4.0,1.759518950678847,False,0.15335362160039567,False,d_reserve_pct,False
1863-10-21,11.080999999999998,7.217904,0.36622195324321555,4.0,1.8363501747686692,False,0.12692023912693812,False,d_crisis_lending_pct,False
1863-10-28,10.867,7.215524,0.3704582942258243,4.0,0.07133188532764691,False,0.0037000420039520737,False,d_reserve_ratio_pct,False
1863-11-04,11.408000000000001,6.408458,0.3385704272577053,5.0,2.311864720486507,False,0.3649869888599765,False,d_reserve_pct,False
1863-11-11,11.770999999999999,6.6859399999999996,0.3466256062503078,6.0,0.9331298027082762,False,0.26848764160377775,False,d_reserve_pct,False
1863-11-18,12.147000000000002,6.972132,0.351147291110098,6.0,0.8990457297445478,False,0.02578349273075489,False,d_reserve_pct,False
1863-11-25,11.689000000000002,7.513122,0.3786293818785468,6.0,1.5893806655151246,False,0.07160354092103016,False,d_reserve_pct,False
1863-12-02,13.945000000000002,6.6758500000000005,0.3311525682832742,7.0,2.9704550560635212,False,0.4380809442909636,True,d_reserve_ratio_pct,True
1863-12-09,14.687000000000001,7.465577,0.3454505298473028,8.0,2.2177674597984547,False,0.36553195211929307,False,d_reserve_pct,False
1863-12-16,14.041999999999998,8.524969,0.38110970250267273,8.0,2.6554822704356313,False,0.1842402803344971,False,d_reserve_pct,False
1863-12-23,13.901,9.210252,0.4008259486835839,8.0,1.5104279664994975,False,0.05705655649122162,False,d_reserve_pct,False
1863-12-30,15.625,8.886575,0.37239657224556155,7.0,1.6281117570995836,False,0.35296168393113336,False,d_reserve_ratio_pct,False
1864-01-06,15.991,8.128494,0.3525760124254671,7.0,1.5617233470821976,False,0.1027208137183836,False,d_reserve_pct,False
1864-01-13,12.22,7.595102,0.3673409769861913,7.0,2.3447411636930413,False,0.17307516522504354,False,d_crisis_lending_pct,False
1864-01-20,11.451,6.796913999999999,0.3473315457737106,8.0,1.8668579424551137,False,0.34167631047924124,False,d_reserve_pct,False
1864-01-27,10.938,7.3851450000000005,0.3740474323350844,8.0,1.4309148341100855,False,0.08545923730490375,False,d_reserve_pct,False
1864-02-03,11.264,7.3975930000000005,0.36763984103249364,8.0,0.4729268376270048,False,0.017998718997799125,False,d_reserve_ratio_pct,False
1864-02-10,10.867999999999999,7.960351,0.39531148476220884,8.0,1.2590983462135215,False,0.06641235309056713,False,d_reserve_pct,False
1864-02-17,11.196,8.085655,0.39662890290344643,7.0,0.3816086763738907,False,0.24780097492699535,False,d_crisis_lending_pct,False
1864-02-24,10.657,8.794497,0.4273265263620883,7.0,1.449338808720851,False,0.08701787966021046,False,d_reserve_pct,False
1864-03-02,12.407,8.440822,0.39378852564398337,6.0,1.8761163289343163,False,0.38546118462824813,False,d_crisis_lending_pct,False
1864-03-09,12.547,8.507249,0.39943250973702693,6.0,0.1709051026174488,False,0.005828269437033383,False,d_crisis_lending_pct,False
1864-03-16,12.939,8.747163,0.40353186912783157,6.0,0.47671325127095426,False,0.016066385433660034,False,d_reserve_pct,False
1864-03-23,13.445,9.242261,0.4140523944719249,6.0,0.9041149419850351,False,0.04474522457409303,False,d_reserve_pct,False
1864-03-30,16.083,8.403993999999999,0.3663556100139131,6.0,2.3268360702617428,False,0.20316027457282224,False,d_crisis_lending_pct,False
1864-04-06,17.709,7.263543,0.3135272965258308,6.0,2.609743982515225,False,0.2864751970629794,False,d_reserve_ratio_pct,False
1864-04-13,12.71,6.47418,0.33173786919223147,6.0,3.3046314182049783,False,0.2573863113001978,False,d_crisis_lending_pct,False
1864-04-20,12.382,6.251627,0.321067187882452,7.0,0.670391388876506,False,0.24187654905416167,False,d_reserve_ratio_pct,False
1864-04-27,11.433000000000002,6.261540999999999,0.3323888240583488,7.0,0.9151382067454854,False,0.024808597469584796,False,d_crisis_lending_pct,False
1864-05-04,12.862000000000002,5.619994,0.29179562757803923,8.0,1.982587539811655,False,0.4042657901374874,False,d_reserve_ratio_pct,False
1864-05-11,13.122000000000002,6.396401,0.31664326313395597,9.0,1.6427083648746452,False,0.3956865806141628,False,d_reserve_pct,False
1864-05-18,12.584999999999997,7.097911,0.3457493895361907,9.0,1.198985516129868,False,0.12097189976839348,False,d_reserve_pct,False
1864-05-25,12.163,7.947138,0.38110204049336677,8.0,1.1681748704161317,False,0.37559474006080196,False,d_reserve_pct,False
1864-06-01,11.922,7.815326000000001,0.37608950123661633,7.0,0.3989716460523517,False,0.25106342666257375,False,d_reserve_ratio_pct,False
1864-06-08,11.282000000000002,8.421009,0.4065230637507232,7.0,0.7754835782590592,False,0.07793406468276307,False,d_reserve_ratio_pct,False
1864-06-15,11.753000000000002,8.826355,0.4143308876933372,7.0,0.8695772606560348,False,0.0357044185145458,False,d_crisis_lending_pct,False
1864-06-22,13.645,8.796330999999999,0.3937611616860096,6.0,2.699822082519617,False,0.34067609392421627,False,d_crisis_lending_pct,False
1864-06-29,15.766000000000002,8.154924,0.3543496268040116,6.0,2.614187659116757,False,0.16102303503807672,False,d_crisis_lending_pct,False
1864-07-06,17.503000000000004,7.200035000000001,0.31358291740971667,6.0,1.819396632120036,False,0.2168188734265161,False,d_lending_to_reserve_pct,False
1864-07-13,12.546999999999999,6.778727,0.3429393264347762,6.0,4.336354067205257,True,0.23319013775048272,False,d_crisis_lending_pct,True
1864-07-20,10.92,6.126005999999999,0.3427871658059225,6.0,1.9633650739181838,False,0.12591068936650027,False,d_crisis_lending_pct,False
1864-07-27,11.671000000000003,6.01114,0.32178401338667406,7.0,0.8643879567575731,False,0.27338627437399865,False,d_crisis_lending_pct,False
1864-08-03,12.303999999999998,5.5984929999999995,0.2997801377539245,7.0,0.9379974687713759,False,0.09789910591415414,False,d_lending_to_reserve_pct,False
1864-08-10,12.676,5.909285,0.304869661994322,8.0,0.5423276641843877,False,0.2707611006751639,False,d_reserve_pct,False
1864-08-17,12.124,6.348264,0.3324351812392865,8.0,0.929348470166995,False,0.08301617368498333,False,d_crisis_lending_pct,False
1864-08-24,11.733000000000002,6.971101,0.36684433090847357,8.0,0.9880378825031132,False,0.11085533067610434,False,d_reserve_ratio_pct,False
1864-08-31,11.732999999999999,6.891933,0.364855372243183,8.0,0.22391648390676444,False,0.00995342848931398,False,d_crisis_lending_pct,False
1864-09-07,12.265,6.810582,0.3598445097334113,8.0,0.42361787177629745,False,0.02728447893120733,False,d_lending_to_reserve_pct,False
1864-09-14,12.667000000000002,7.139396,0.3675237214420462,9.0,0.44846749285880916,False,0.2707551965166842,False,d_reserve_pct,False
1864-09-21,12.317999999999998,7.483262,0.3896255456284846,9.0,0.6756718158248156,False,0.033806891433943484,False,d_crisis_lending_pct,False
1864-09-28,13.704999999999998,7.531098,0.3828166316437976,9.0,1.5112507975927427,False,0.05342554322897267,False,d_crisis_lending_pct,False
1864-10-05,15.113,6.294595,0.3382492885157596,9.0,2.282164065653673,False,0.3085025342638738,False,d_lending_to_reserve_pct,False
1864-10-12,16.662,6.438973,0.31829546158398897,9.0,1.1711788961837537,False,0.0818626381340757,False,d_crisis_lending_pct,False
1864-10-19,12.117999999999999,6.4195530000000005,0.369533566086614,9.0,4.6200305741833425,True,0.261532641028354,False,d_crisis_lending_pct,True
1864-10-26,12.158000000000001,6.837104,0.3880016747888326,9.0,0.6209380795900374,False,0.04304153106623491,False,d_reserve_pct,False
1864-11-02,12.267,6.919621,0.39257211737709563,9.0,0.20057393485445232,False,0.003928893700300088,False,d_crisis_lending_pct,False
1864-11-09,11.829999999999998,7.9071750000000005,0.4161827449726269,9.0,1.3800758624739504,False,0.17176542229247954,False,d_reserve_pct,False
1864-11-16,11.5,8.307970000000001,0.42455613334054226,8.0,0.586818355893165,False,0.25416404908746515,False,d_crisis_lending_pct,False
1864-11-23,11.031,9.216239,0.4636545931277365,8.0,1.0401849069739173,False,0.12108976642394759,False,d_reserve_pct,False
1864-11-30,10.968,8.816823999999999,0.45045013470602874,7.0,0.5422814697683533,False,0.28055826725664373,False,d_reserve_pct,False
1864-12-07,10.333,8.848484,0.4624165965867912,7.0,0.9190674717005293,False,0.013951449139378163,False,d_crisis_lending_pct,False
1864-12-14,9.913,9.593996,0.49379281990765145,7.0,0.8899253166536429,False,0.07449407285507569,False,d_reserve_pct,False
1864-12-21,11.701,9.74033,0.4723174381594249,6.0,2.477216006228355,False,0.3548897414006375,False,d_crisis_lending_pct,False
1864-12-28,13.440999999999999,9.377989,0.433328229006059,6.0,2.027030952189402,False,0.11541825317936155,False,d_crisis_lending_pct,False
1865-01-04,16.214,8.068252000000001,0.36058830369954376,6.0,2.756639467450085,False,0.33461033488893627,False,d_lending_to_reserve_pct,False
1865-01-11,12.794,8.265105,0.400835346739509,6.0,2.8794764768366723,False,0.16587948296674135,False,d_crisis_lending_pct,False
1865-01-18,10.01,8.107527,0.4302301202109099,5.5,2.9508498745305864,False,0.28272316608342796,False,d_crisis_lending_pct,False
1865-01-25,9.805,8.8212,0.45491835996701924,5.5,1.025691944425163,False,0.06804907682306383,False,d_reserve_pct,False
1865-02-01,11.234,8.579174,0.42918518102002423,5.0,1.7860871273575039,False,0.2460615752879719,False,d_crisis_lending_pct,False
1865-02-08,10.72,8.881756,0.4426060655440748,5.0,0.6605986094645406,False,0.015128893430424794,False,d_crisis_lending_pct,False
1865-02-15,10.636999999999999,9.268766000000001,0.45120673954082074,5.0,0.4945354448936919,False,0.014885598903729447,False,d_reserve_pct,False
1865-02-22,10.342,9.590713,0.4609534856571215,5.0,0.3859750532383575,False,0.008986717898850546,False,d_reserve_pct,False
1865-03-01,10.501999999999999,9.518082,0.4529671998987281,5.0,0.47269024834654644,False,0.01304501617063555,False,d_reserve_ratio_pct,False
1865-03-08,11.818000000000001,9.577677000000001,0.44377194782978563,4.5,1.5743618395873749,False,0.18551458115984454,False,d_crisis_lending_pct,False
1865-03-15,12.235999999999999,9.886668,0.44666717808997486,4.5,0.4292969092096153,False,0.018343654875163647,False,d_crisis_lending_pct,False
1865-03-22,14.597000000000001,10.385140999999999,0.43725467914047295,4.5,2.3577438380775106,False,0.1229189006361809,False,d_crisis_lending_pct,False
1865-03-29,14.733,10.057678999999998,0.43133289635431865,4.5,0.5637468735643443,False,0.02505403167265967,False,d_reserve_pct,False
1865-04-05,15.316000000000003,9.002828,0.38303438806587886,4.0,1.7624884225012711,False,0.3311824878963103,False,d_reserve_ratio_pct,False
1865-04-12,13.105,8.308799,0.3911704999933383,4.0,1.907448766964383,False,0.11412007392474927,False,d_crisis_lending_pct,False
1865-04-19,11.815000000000001,8.60795,0.4154173629540632,4.0,1.2742443210915309,False,0.05341661202558387,False,d_crisis_lending_pct,False
1865-04-26,11.362,8.39576,0.4143261046922835,4.0,0.5224448350868864,False,0.016462493128048226,False,d_crisis_lending_pct,False
1865-05-03,12.991999999999999,7.726574,0.371975199965145,4.0,1.852592761340224,False,0.16400334715759865,False,d_crisis_lending_pct,False
1865-05-10,12.579,8.278227,0.39216304629282484,4.5,0.9257069275938133,False,0.21805303233487888,False,d_reserve_pct,False
1865-05-17,12.559999999999999,8.366913,0.39559371068016724,4.5,0.03325009751710149,False,0.002934110246468735,False,d_reserve_pct,False
1865-05-24,12.274000000000001,9.087353,0.42170716783845535,4.5,1.1936066871149258,False,0.06553258459429334,False,d_reserve_pct,False
1865-05-31,12.451,9.577896,0.4233084900968472,4.0,0.6554923087301848,False,0.14933779022638174,False,d_reserve_pct,False
1865-06-07,12.474,9.34661,0.4385760506744227,3.5,0.5120667024486633,False,0.16185921634636077,False,d_reserve_pct,False
1865-06-14,12.497,9.966274,0.45848132397816704,3.5,0.9042485824222568,False,0.039598877259982596,False,d_reserve_pct,False
1865-06-21,14.827000000000002,10.240455,0.44049024041310647,3.0,2.4346854456136615,False,0.2528139286467891,False,d_crisis_lending_pct,False
1865-06-28,17.089,9.931821,0.4101995062648654,3.0,1.9877719972464196,False,0.09737506740973471,False,d_crisis_lending_pct,False
1865-07-05,19.069,8.502294000000001,0.3573593344519726,3.0,2.4714209640360765,False,0.27795212048449786,False,d_reserve_pct,False
1865-07-12,14.878000000000004,7.7915209999999995,0.3742418998209273,3.0,2.92303750676183,False,0.17881803197363652,False,d_crisis_lending_pct,False
1865-07-19,13.152000000000001,7.498932,0.3782311593881265,3.0,1.554403687145271,False,0.061221208222270736,False,d_crisis_lending_pct,False
1865-07-26,14.677,7.082109,0.3419538630124551,3.0,1.7705918828019138,False,0.12731565538594636,False,d_reserve_ratio_pct,False
1865-08-02,14.599,6.461318,0.3247529265025957,3.5,1.551002656921286,False,0.24276785969426634,False,d_reserve_pct,False
1865-08-09,14.209,6.85126,0.34337129603085664,4.0,0.7666615047500306,False,0.20991125759021076,False,d_reserve_pct,False
1865-08-16,14.481,6.855588,0.33789279440728187,4.0,0.4240668308744422,False,0.013560995029091185,False,d_reserve_ratio_pct,False
1865-08-23,14.170000000000002,7.095004,0.349562207454288,4.0,0.4278945821292511,False,0.012028398478835816,False,d_reserve_ratio_pct,False
1865-08-30,14.034,7.541551999999999,0.366329154591586,4.0,0.8201832632319989,False,0.03557866472603588,False,d_reserve_pct,False
1865-09-06,13.959,7.27054,0.3600399233325434,4.0,0.7411021643594224,False,0.026114939427979333,False,d_reserve_pct,False
1865-09-13,13.844000000000001,7.410519,0.3671733088753248,4.0,0.14807518358964558,False,0.0035328570969607653,False,d_reserve_ratio_pct,False
1865-09-20,14.233,7.550787,0.3703463716655992,4.0,0.5165744955541881,False,0.010828623366313078,False,d_crisis_lending_pct,False
1865-09-27,16.245,7.108174,0.33656703774941593,4.0,2.3733290768228366,False,0.13402972694189566,False,d_crisis_lending_pct,False
1865-10-04,19.538999999999998,5.105677,0.2467643359768334,5.0,5.523436891102644,True,0.7279089227269748,True,d_lending_to_reserve_pct,True
1865-10-11,19.03,5.0741510000000005,0.24471152605697502,7.0,0.3583128776926347,False,0.3722392616726689,False,d_crisis_lending_pct,False
1865-10-18,14.875999999999998,5.1217179999999995,0.290957655036222,7.0,3.6824891644689908,True,0.27146377580887093,False,d_crisis_lending_pct,True
1865-10-25,12.526,6.049313,0.3543076846936047,7.0,3.584604848165089,True,0.44330346592201125,True,d_reserve_ratio_pct,True
1865-11-01,12.816,6.030498,0.3517698189736671,7.0,0.47015274836600746,False,0.013775629392997014,False,d_crisis_lending_pct,False
1865-11-08,12.408000000000001,6.482502,0.35942719437788956,7.0,1.0682069079044105,False,0.050490480409395654,False,d_reserve_pct,False
1865-11-15,11.33,7.1749730000000005,0.39938254947185564,7.0,1.765700861079861,False,0.1514280975944056,False,d_reserve_ratio_pct,False
1865-11-22,11.045000000000002,8.531072,0.44845983130146455,7.0,2.8829047301238577,False,0.29939688446813856,False,d_reserve_pct,False
1865-11-29,11.122,8.557233,0.45000403083671603,6.0,0.21297746566642034,False,0.2337081640328911,False,d_crisis_lending_pct,False
1865-12-06,11.237,8.364427,0.4341403429751617,6.0,0.7381194829171082,False,0.027770981479689948,False,d_reserve_ratio_pct,False
1865-12-13,15.049,8.117953,0.38038845767846996,6.0,6.384691228678936,True,0.23763720970793167,False,d_crisis_lending_pct,True
1865-12-20,15.036999999999999,8.160799,0.38017163907485535,6.0,0.1025673825388902,False,0.004618673768724827,False,d_reserve_ratio_pct,False
1865-12-27,16.736,7.591267,0.3485385243652274,6.0,2.3604765252000948,False,0.12504708953304164,False,d_crisis_lending_pct,False
1866-01-03,20.268,5.979748,0.26806124157482303,7.0,4.489047796345596,True,0.6706389147445587,True,d_lending_to_reserve_pct,True
1866-01-10,15.972000000000001,6.091234,0.30647409837385287,8.0,4.359505419912561,True,0.4126780375956501,True,d_crisis_lending_pct,True
1866-01-17,12.044,6.275583999999999,0.355442297854563,8.0,5.0620248615510395,True,0.2453630082601917,False,d_crisis_lending_pct,True
1866-01-24,11.545,6.748379999999999,0.3840845858255497,8.0,1.3498878632333895,False,0.07265818422350823,False,d_reserve_ratio_pct,False
1866-01-31,11.643999999999998,6.752255,0.38504464826684276,8.0,0.20119897048040383,False,0.0064507250399841376,False,d_crisis_lending_pct,False
1866-02-07,10.962,6.690793,0.39604308106544156,8.0,1.1873950470199857,False,0.018408791454313365,False,d_crisis_lending_pct,False
1866-02-14,10.844000000000001,7.182874,0.4198914786840394,8.0,1.1125108049760448,False,0.05442141188853396,False,d_reserve_pct,False
1866-02-21,10.228000000000002,8.260345,0.4682663587348719,8.0,2.26952812703616,False,0.21281467359723052,False,d_reserve_pct,False
1866-02-28,11.241,8.198474000000001,0.4506861434501961,7.0,1.7348037467144344,False,0.30126010346303617,False,d_crisis_lending_pct,False
1866-03-07,12.505,8.316079,0.44332765958218096,7.0,1.9668767172433868,False,0.052277511946163084,False,d_crisis_lending_pct,False
1866-03-14,12.141,8.804543,0.46271697651919236,7.0,0.8051652861281828,False,0.03200270924766382,False,d_reserve_pct,False
1866-03-21,12.908000000000001,8.819923,0.45691788787499776,6.0,1.152893511929934,False,0.2691270606838912,False,d_crisis_lending_pct,False
1866-03-28,17.334,7.740667,0.35659699420165203,6.0,5.8198426041300815,True,0.442268472166832,True,d_crisis_lending_pct,True
1866-04-04,17.344,6.919332000000001,0.32880345425218127,6.0,1.5205351537710694,False,0.14846188768736743,False,d_reserve_pct,False
1866-04-11,12.375,7.188763,0.3780968117535445,6.0,4.757445776121562,True,0.24860984332532646,False,d_crisis_lending_pct,True
1866-04-18,11.647,6.585317,0.36550069325233836,6.0,1.209969791297611,False,0.09243671406743872,False,d_reserve_pct,False
1866-04-25,11.097,6.694661,0.3779777061468893,6.0,0.702826157686037,False,0.013562027850309924,False,d_crisis_lending_pct,False
1866-05-02,13.34,5.636369999999999,0.3044883421735939,6.0,3.4770955836645467,False,0.41902299320686903,True,d_lending_to_reserve_pct,True
1866-05-09,13.812999999999999,5.811745,0.30116781753196964,8.0,0.5873384469084215,False,0.39650474708958294,False,d_crisis_lending_pct,False
1866-05-16,29.382,1.20281,0.04898054888137102,10.0,67.00691164046974,True,0.9999999979452568,True,d_lending_to_reserve_pct,True
1866-05-23,28.909,1.388216,0.056008796692993426,10.0,2.131138060759596,False,0.2444169194742667,False,d_reserve_ratio_pct,False
1866-05-30,31.627000000000002,0.85998,0.03226264867799597,10.0,5.995160460447875,True,0.7003845928199876,True,d_reserve_ratio_pct,True
1866-06-06,28.750999999999998,2.826041,0.10522863288392496,10.0,30.65231905691508,True,0.8401940413283737,True,d_reserve_pct,True
1866-06-13,28.192999999999998,3.51555,0.12899057896004434,10.0,3.2424135547099135,False,0.4893669554253534,True,d_reserve_pct,True
1866-06-20,27.768,4.74433,0.16670343795952036,10.0,4.412860940125165,True,0.6113689691488242,True,d_reserve_pct,True
1866-06-27,27.427000000000003,5.218408999999999,0.18116279554985454,10.0,1.0627673191833709,False,0.09454063722764779,False,d_reserve_pct,False
1866-07-04,27.51,4.06508,0.15202324559838726,10.0,2.499323170931881,False,0.43465715722537324,True,d_reserve_pct,True
1866-07-11,24.605,3.80064,0.15705627585413484,10.0,1.5509959021110633,False,0.08976511063175936,False,d_crisis_lending_pct,False
1866-07-18,23.495,3.224595,0.1466880835421911,10.0,1.566520574632672,False,0.23162105516039058,False,d_reserve_pct,False
1866-07-25,22.312,3.4537389999999997,0.16396236499261446,10.0,1.0436173726636857,False,0.11134417156501018,False,d_reserve_ratio_pct,False
1866-08-01,21.660999999999994,3.27339,0.15640876279736401,10.0,0.6515634011769872,False,0.05546592927737747,False,d_reserve_pct,False
1866-08-08,21.384,3.580229,0.17195526567310418,10.0,0.8907068754209676,False,0.10182038783971635,False,d_reserve_pct,False
1866-08-15,19.832,4.610866000000001,0.21467050890401027,10.0,2.730523802051941,False,0.5724655553366538,True,d_reserve_pct,True
1866-08-22,19.268,5.590104999999999,0.2520891325333945,8.0,1.9516461647876941,False,0.6252241754000958,True,d_reserve_pct,True
1866-08-29,17.671,6.93351,0.30665545987461,7.0,2.218078295579619,False,0.6425504234603137,True,d_reserve_pct,True
1866-09-05,16.494,6.973967,0.31356655679495515,6.0,0.725771570693486,False,0.24889008639699559,False,d_crisis_lending_pct,False
1866-09-12,15.115,7.502722,0.33355578619362203,5.0,0.8346308196961169,False,0.313896924666288,False,d_crisis_lending_pct,False
1866-09-19,14.603000000000002,7.906816,0.3518288584870197,5.0,0.4077736771329993,False,0.03916429932247257,False,d_reserve_pct,False
1866-09-26,13.931,8.679597000000001,0.37072127000994765,5.0,0.7986674151763655,False,0.08828065349517251,False,d_reserve_pct,False
1866-10-03,16.133,7.543507,0.322659785203354,4.5,2.6127183744538307,False,0.4130600543625735,True,d_crisis_lending_pct,True
1866-10-10,14.904,7.4943409999999995,0.315938680500447,4.5,0.6634919981194368,False,0.036304000942586644,False,d_crisis_lending_pct,False
1866-10-17,13.258,7.046828,0.3178326414918608,4.5,1.1238126810456768,False,0.08240099799255916,False,d_crisis_lending_pct,False
1866-10-24,12.371,7.659698,0.3484476885020512,4.5,0.6837053981699968,False,0.09509231607438078,False,d_reserve_pct,False
1866-10-31,11.790999999999999,7.9131409999999995,0.3633110327784915,4.5,0.26214904138750433,False,0.01794233077005204,False,d_crisis_lending_pct,False
1866-11-07,11.01,8.330276,0.38698842162501407,4.5,0.5422893018957368,False,0.0510302510200096,False,d_crisis_lending_pct,False
1866-11-14,10.681000000000001,8.867762,0.40616511806334105,4.0,0.4553260789488867,False,0.15728403528846557,False,d_reserve_pct,False
1866-11-21,11.245000000000001,9.808599000000001,0.4215816236709472,4.0,1.1808529925590823,False,0.11259494828894459,False,d_crisis_lending_pct,False
1866-11-28,11.263000000000002,10.688820000000002,0.4378160487904622,4.0,0.6338474437674726,False,0.06252194317639916,False,d_reserve_pct,False
1866-12-05,11.635,10.523869,0.42817115667459354,4.0,0.8303577257585495,False,0.027699548832228377,False,d_crisis_lending_pct,False
1866-12-12,11.866,11.457676,0.4438586938331261,4.0,0.6692944317370426,False,0.07205017812571089,False,d_crisis_lending_pct,False
1866-12-19,12.246,11.715228999999999,0.4462718099893677,4.0,0.8168651531626785,False,0.013547407845949735,False,d_crisis_lending_pct,False
1866-12-26,12.723,12.314494,0.4511037476850906,3.5,0.9099375789408622,False,0.1545929524202186,False,d_crisis_lending_pct,False
1867-01-02,16.990000000000002,11.128517,0.38702015972534254,3.5,4.8926342568584476,True,0.29489540616315324,False,d_crisis_lending_pct,True
1867-01-09,15.017000000000001,11.125042,0.4046343828448763,3.5,1.1736597565879827,False,0.047109101554798936,False,d_crisis_lending_pct,False
1867-01-16,11.994000000000002,10.980425,0.43007008030131627,3.5,2.3180906066585503,False,0.11777351372231296,False,d_crisis_lending_pct,False
1867-01-23,11.260000000000002,10.972583,0.44002053213108083,3.5,0.43563589898406874,False,0.017222211954672433,False,d_crisis_lending_pct,False
1867-01-30,10.998000000000001,11.083137,0.4468111250765018,3.5,0.2852521514955494,False,0.0014672005180937442,False,d_reserve_ratio_pct,False
1867-02-06,10.469,11.000022999999999,0.453328188481268,3.5,0.3439507127114267,False,0.010636980166040413,False,d_reserve_pct,False
1867-02-13,10.053,11.546596999999998,0.4742523959371493,3.0,0.23893104144194255,False,0.1424046521646753,False,d_reserve_pct,False
1867-02-20,9.688,12.015823000000001,0.48522663822029366,3.0,0.17873128151705117,False,0.013471108105311857,False,d_reserve_ratio_pct,False
1867-02-27,9.539,12.014477,0.48875139431404624,3.0,0.4775762371220265,False,0.00264841255340905,False,d_reserve_ratio_pct,False
1867-03-06,9.989,11.876735,0.4783220858481848,3.0,1.2258969708323506,False,0.02844424818352693,False,d_crisis_lending_pct,False
1867-03-13,9.891,12.206719999999999,0.48774063542071555,3.0,0.30515448826407704,False,0.007934007113348433,False,d_crisis_lending_pct,False
1867-03-20,10.364,12.611550999999999,0.4906060686692447,3.0,1.2309048145722912,False,0.021838655839809415,False,d_crisis_lending_pct,False
1867-03-27,12.441,12.289517,0.4638714488848681,3.0,3.6818795965388476,True,0.11714187320690071,False,d_crisis_lending_pct,True
1867-04-03,13.73,11.291558,0.4294976472367922,3.0,2.3395423379530924,False,0.12595102338140227,False,d_lending_to_reserve_pct,False
1867-04-10,10.975000000000001,11.069714,0.4471472078954584,3.0,2.5078461452108587,False,0.11056769456676291,False,d_crisis_lending_pct,False
1867-04-17,9.983,10.940514,0.4521100916521298,3.0,0.8986529399990749,False,0.028707138872525278,False,d_crisis_lending_pct,False
1867-04-24,9.642,11.211542,0.4627185760826549,3.0,0.08134676506382349,False,0.00714438122603146,False,d_lending_to_reserve_pct,False
1867-05-01,11.040999999999999,10.94923,0.4406763985054103,3.0,2.641864615587956,False,0.08316862611653264,False,d_crisis_lending_pct,False
1867-05-08,11.015999999999998,10.983547000000002,0.4403731105203678,3.0,0.542971088408867,False,0.004571465825116187,False,d_lending_to_reserve_pct,False
1867-05-15,10.928,11.060772,0.4415912384192696,3.0,0.5037133176591372,False,0.0033447421081443077,False,d_lending_to_reserve_pct,False
1867-05-22,10.825,11.892617999999999,0.4614851443808449,3.0,0.6871869925784335,False,0.046421196404424304,False,d_reserve_pct,False
1867-05-29,10.488,12.488112999999998,0.47751318674688054,3.0,0.3323687673781395,False,0.02138452701238077,False,d_reserve_pct,False
1867-06-05,10.384,12.775336000000001,0.4841909832479632,2.5,0.41856787834000175,False,0.11226692513696333,False,d_lending_to_reserve_pct,False
1867-06-12,10.11,13.56267,0.5027536281953972,2.5,0.5664790744531242,False,0.03280072275411693,False,d_reserve_pct,False
1867-06-19,10.096,14.1831,0.5159674295628299,2.5,0.5022321991402977,False,0.020948398396168296,False,d_crisis_lending_pct,False
1867-06-26,13.074,14.081774,0.4862571785118392,2.5,5.6306577696137685,True,0.17393977072944017,False,d_crisis_lending_pct,True
1867-07-03,13.22,13.141995000000001,0.46561645115452344,2.5,1.998045335190773,False,0.07445457452491147,False,d_lending_to_reserve_pct,False
1867-07-10,9.768,13.488151,0.5118093137020535,2.5,3.913310649218391,True,0.18401639568876269,False,d_crisis_lending_pct,True
1867-07-17,8.732,13.487296,0.5286254573879695,2.5,1.29816947043766,False,0.03997887925690886,False,d_crisis_lending_pct,False
1867-07-24,8.344999999999999,13.769149,0.5405376896218986,2.5,0.26129677851595995,False,0.008367127522298005,False,d_crisis_lending_pct,False
1867-07-31,8.425,13.743493,0.5391303252852035,2.0,1.052292800182287,False,0.12067747273283812,False,d_lending_to_reserve_pct,False
1867-08-07,7.851000000000001,13.912084,0.5554476500937292,2.0,0.6564562080859725,False,0.018973125618813633,False,d_crisis_lending_pct,False
1867-08-14,7.814,14.378243000000001,0.5648385646931737,2.0,0.4137158140179178,False,0.008175551649819006,False,d_lending_to_reserve_pct,False
1867-08-21,7.597,14.600771,0.5616770159168168,2.0,0.8919077301313084,False,0.008862274146453448,False,d_reserve_ratio_pct,False
1867-08-28,7.561999999999999,14.880916,0.5675331235115567,2.0,0.6120666728485534,False,0.002816388653248439,False,d_lending_to_reserve_pct,False
1867-09-04,7.597000000000001,15.009342,0.5655487489539621,2.0,0.8605469075617227,False,0.005128669930599425,False,d_lending_to_reserve_pct,False
1867-09-11,7.42,15.628237,0.5767026085544645,2.0,0.5924970727745285,False,0.010994842497679132,False,d_reserve_pct,False
1867-09-18,7.302,15.792022,0.5818552852905221,2.0,0.4058050238339161,False,0.0,False,d_lending_to_reserve_pct,False
1867-09-25,7.115,16.039738,0.5879576247179663,2.0,0.19369169827176566,False,0.002084182078032341,False,d_crisis_lending_pct,False
1867-10-02,7.215999999999999,14.6171,0.5631206680321393,2.0,3.2004770655314214,False,0.10182901535241849,False,d_lending_to_reserve_pct,False
1867-10-09,7.107000000000001,14.581999,0.5638771284506927,2.0,0.5924508940099937,False,0.004189997282084635,False,d_lending_to_reserve_pct,False
1867-10-16,7.023,13.267617,0.5330645782103203,2.0,2.889808021199556,False,0.10568941810092242,False,d_reserve_pct,False
1867-10-23,6.949999999999999,13.021311,0.5318517511620628,2.0,0.9325464312534243,False,0.010257484262462058,False,d_lending_to_reserve_pct,False
1867-10-30,6.875,13.042533,0.5322239408229685,2.0,0.48223463627617646,False,0.004165078872367208,False,d_lending_to_reserve_pct,False
1867-11-06,6.924,12.726382000000001,0.5271058075367738,2.0,1.3241532848753188,False,0.018223205531348995,False,d_lending_to_reserve_pct,False
1867-11-13,6.795999999999999,13.089156,0.5491146559887393,2.0,1.1232225267429876,False,0.015271813695798723,False,d_reserve_ratio_pct,False
1867-11-20,6.786,13.336313,0.5531997599096384,2.0,0.26952650261820543,False,0.004754223159449933,False,d_reserve_pct,False
1867-11-27,6.705,13.507208,0.5563730194834243,2.0,0.1722072602117839,False,0.0007462838275046751,False,d_reserve_ratio_pct,False
1867-12-04,7.132999999999999,12.874872,0.5401045342341793,2.0,2.872657935540784,False,0.06195306240212042,False,d_lending_to_reserve_pct,False
1867-12-11,7.473,13.262571999999999,0.5421413315638263,2.0,1.8058472390203864,False,0.021663575259083842,False,d_crisis_lending_pct,False
1867-12-18,7.7620000000000005,14.052088999999999,0.5374304432224127,2.0,1.5270837728583695,False,0.06046539390720677,False,d_crisis_lending_pct,False
1867-12-26,8.122,13.778,0.5273673734976652,2.0,1.8291123607901822,False,0.029118856944497812,False,d_lending_to_reserve_pct,False
1868-01-01,13.231000000000002,12.819673,0.45835007497897506,2.0,19.82649594752903,True,0.4113127220261176,True,d_crisis_lending_pct,True
1868-01-08,9.854,12.826215,0.47386146955330377,2.0,7.583151380751933,True,0.15315382150115098,False,d_crisis_lending_pct,True
1868-01-15,8.197,12.761443,0.48661246355776283,2.0,4.883963283197365,True,0.08105033001056426,False,d_crisis_lending_pct,True
1868-01-22,7.192,13.332033,0.514720538557268,2.0,3.4720712191785035,False,0.07617094797291646,False,d_crisis_lending_pct,False
1868-01-29,6.878,13.845094999999999,0.5311020754689911,2.0,0.9561423143910003,False,0.014298802143912442,False,d_crisis_lending_pct,False
1868-02-05,6.753,13.075854,0.5217896915855684,2.0,1.8815107570243217,False,0.044481631999609264,False,d_reserve_pct,False
1868-02-12,6.875,13.102645,0.5221433139117962,2.0,0.7539191088435991,False,0.007329332188857661,False,d_crisis_lending_pct,False
1868-02-19,6.67,12.818989,0.5329699732550207,2.0,0.7560357013341495,False,0.021588792381063256,False,d_reserve_pct,False
1868-02-26,6.686,13.231939,0.5450825782079908,2.0,0.6896272091396721,False,0.011880304433450128,False,d_reserve_pct,False
1868-03-04,8.587,12.542812000000001,0.5094180184540186,2.0,7.859121428655987,True,0.1944215824242312,False,d_crisis_lending_pct,True
1868-03-11,8.476,13.004515,0.5164146564461595,2.0,0.8169573221740817,False,0.006572395660767918,False,d_reserve_pct,False
1868-03-18,8.998,13.253802,0.5164166771024344,2.0,1.9165254868574566,False,0.0318351981016922,False,d_crisis_lending_pct,False
1868-03-25,11.228,13.103218,0.4891139886513109,2.0,6.892033906273366,True,0.14312064997207694,False,d_crisis_lending_pct,True
1868-04-01,14.419999999999998,11.936307000000001,0.43880001868969437,2.0,7.865950570041747,True,0.2328324613802623,False,d_crisis_lending_pct,True
1868-04-08,11.133,11.214032,0.4478303671012467,2.0,5.818214364486187,True,0.161814966775795,False,d_crisis_lending_pct,True
1868-04-15,9.189,11.247185,0.46499908920054794,2.0,4.393493456599647,True,0.08465919824627827,False,d_crisis_lending_pct,True
1868-04-22,8.585,11.58708,0.4716288720353159,2.0,1.389189603152718,False,0.02571503792480053,False,d_crisis_lending_pct,False
1868-04-29,8.646999999999998,11.481781,0.46452967880166046,2.0,0.7870382026977762,False,0.012627673261530355,False,d_reserve_ratio_pct,False
1868-05-06,9.780999999999999,10.948107,0.43209323366290714,2.0,3.710116879967152,True,0.10056806890718246,False,d_crisis_lending_pct,True
1868-05-13,9.919,11.312958,0.4378874324369465,2.0,0.6741530329965738,False,0.013074168520154913,False,d_reserve_pct,False
1868-05-20,9.956000000000001,11.863813,0.45003545260988265,2.0,1.1099756281015813,False,0.023912104309469336,False,d_reserve_pct,False
1868-05-27,9.935,12.609957,0.4662912436196275,2.0,1.5092780239998949,False,0.03348140412772125,False,d_reserve_pct,False
1868-06-03,9.749,12.743253,0.4677474993275551,2.0,0.2914739155239264,False,0.0018891728144993167,False,d_crisis_lending_pct,False
1868-06-10,9.344999999999999,13.668975000000001,0.4931516412501953,2.0,1.7852195549805547,False,0.05773479896195712,False,d_reserve_pct,False
1868-06-17,9.011,14.04631,0.5072106384920975,2.0,0.7367785875147892,False,0.00946647527518773,False,d_reserve_ratio_pct,False
1868-06-24,8.919,14.275591,0.5167374184534332,2.0,0.3734182462623891,False,0.0026275256918543884,False,d_reserve_ratio_pct,False
1868-07-01,13.334000000000001,12.979636000000001,0.45513342130021034,2.0,13.80321525886458,True,0.3631425342950781,False,d_crisis_lending_pct,True
1868-07-08,9.883,12.828812,0.4655736129520855,2.0,6.776500344459056,True,0.15255095985730427,False,d_crisis_lending_pct,True
1868-07-15,8.195,12.310175,0.48389478743837994,2.0,4.373684302492661,True,0.10230604217092325,False,d_crisis_lending_pct,True
1868-07-22,7.372,12.586224,0.49911076905311336,2.0,2.2706750669162923,False,0.03858466650362783,False,d_crisis_lending_pct,False
1868-07-29,7.134,12.638846,0.5064973838464198,2.0,0.5727357518306638,False,0.008049196106611317,False,d_crisis_lending_pct,False
1868-08-05,8.24,11.408609,0.4744390872359077,2.0,4.5216442497441225,True,0.1690355925047347,False,d_crisis_lending_pct,True
1868-08-12,8.021,11.267468999999998,0.48367434167416123,2.0,0.46582977931369324,False,0.011294019651760792,False,d_reserve_pct,False
1868-08-19,7.997,11.489791,0.4987650890036229,2.0,0.723305680455392,False,0.01141942608658634,False,d_reserve_ratio_pct,False
1868-08-26,6.875,11.818470999999999,0.5179396395164569,2.0,3.260572026012768,False,0.06514508023861303,False,d_crisis_lending_pct,False
1868-09-02,7.145000000000001,11.539548,0.5049656388929792,2.0,1.1751835705482592,False,0.03192506664008774,False,d_crisis_lending_pct,False
1868-09-09,7.139,11.860192999999999,0.512543166257784,2.0,0.6901452372869251,False,0.007497253484776228,False,d_reserve_pct,False
1868-09-16,7.027,12.130537,0.5209482126104684,2.0,0.553874352398133,False,0.004079539162227405,False,d_reserve_pct,False
1868-09-23,6.944000000000001,12.394495000000001,0.5080748246189111,2.0,1.0981846277831653,False,0.019529773619782545,False,d_reserve_ratio_pct,False
1868-09-30,7.713999999999999,11.609866,0.48132948635663914,2.0,2.6738379362538898,False,0.10051646207285148,False,d_crisis_lending_pct,False
1868-10-07,7.218000000000001,11.06003,0.47408790834782527,2.0,1.3366615420849821,False,0.0521969257571075,False,d_reserve_pct,False
1868-10-14,6.946,10.648335,0.44239767175191946,2.0,2.3928457318967324,False,0.06832053054154949,False,d_reserve_ratio_pct,False
1868-10-21,6.769,10.453384,0.43635517848120414,2.0,0.7190952294735775,False,0.01768193362127675,False,d_reserve_ratio_pct,False
1868-10-28,6.5649999999999995,10.668981,0.44364319995515744,2.0,0.46555527554370035,False,0.004416861286849221,False,d_reserve_pct,False
1868-11-04,6.707999999999999,9.964368,0.43508384071227457,2.0,1.9001062843524956,False,0.07460315588134865,False,d_reserve_pct,False
1868-11-11,7.381,10.423,0.43440026673335,2.0,1.8062555126859465,False,0.06825822106856938,False,d_crisis_lending_pct,False
1868-11-18,8.0,9.867559,0.41472362402942436,2.0,1.7650998759124508,False,0.08483501792251649,False,d_lending_to_reserve_pct,False
1868-11-25,7.9190000000000005,10.013382,0.42554717252476815,2.5,0.3603133944045225,False,0.16108741323687342,False,d_reserve_ratio_pct,False
1868-12-02,8.688,9.577338000000001,0.404763385966072,2.5,1.7952838035899852,False,0.07857140173753757,False,d_reserve_ratio_pct,False
1868-12-09,8.860000000000001,9.641529,0.40221091649247936,3.0,0.571794107342715,False,0.16314550121945012,False,d_reserve_ratio_pct,False
1868-12-16,8.988000000000001,10.43364,0.43602880647601594,3.0,2.0910089419218805,False,0.08426798417794155,False,d_reserve_pct,False
1868-12-23,10.61,10.351436,0.4182319468961939,3.0,3.807319918633745,True,0.09313000295838138,False,d_crisis_lending_pct,True
1868-12-30,15.154,9.931288,0.37069694117638274,3.0,8.756697968350034,True,0.269610873024156,False,d_crisis_lending_pct,True
1869-01-06,15.168,9.494866,0.3657174441401571,3.0,1.219288803791195,False,0.03504742105878555,False,d_reserve_pct,False
1869-01-13,9.613,9.482963999999999,0.3830577552948453,3.0,7.2717524327414065,True,0.2765758570977219,False,d_crisis_lending_pct,True
1869-01-20,8.284,9.724442,0.3987693497271318,3.0,2.662500725420887,False,0.06308029278517006,False,d_crisis_lending_pct,False
1869-01-27,8.139000000000001,10.311217,0.42996484586995787,3.0,1.7321213251531995,False,0.05566385769353033,False,d_reserve_ratio_pct,False
1869-02-03,8.83,9.689515,0.4343770859773458,3.0,1.8063754288198355,False,0.10941056517942195,False,d_lending_to_reserve_pct,False
1869-02-10,8.322,10.075855,0.4534444951379124,3.0,0.9530093319817449,False,0.02311818578594083,False,d_reserve_pct,False
1869-02-17,8.639,10.317015,0.4563251833016276,3.0,0.6010266165785295,False,0.01598997533464375,False,d_crisis_lending_pct,False
1869-02-24,8.052,10.475935,0.46559613853251064,3.0,0.8154824346437576,False,0.01741132966543917,False,d_crisis_lending_pct,False
1869-03-03,10.219,9.454207,0.4099014749192962,3.0,4.21174240952888,True,0.24592100286354465,False,d_lending_to_reserve_pct,True
1869-03-10,11.673000000000002,9.857019,0.3956839184843725,3.0,1.8664730017311633,False,0.08705953576438805,False,d_crisis_lending_pct,False
1869-03-17,11.248000000000001,10.398187,0.41284668591873497,3.0,1.2983932210619822,False,0.030161992460349597,False,d_reserve_pct,False
1869-03-24,11.297,10.0988,0.41151632854477876,3.0,0.7653808316250407,False,0.017751192028474923,False,d_reserve_pct,False
1869-03-31,13.771,8.961497999999999,0.3532274209229007,3.0,3.8923734222430104,True,0.2726306091083268,False,d_lending_to_reserve_pct,True
1869-04-07,11.338,8.251075,0.3502441138108561,4.0,2.515712109791239,False,0.36131994560002223,False,d_crisis_lending_pct,False
1869-04-14,9.389,8.180737,0.36492160490553194,4.0,2.445086737594998,False,0.08119491216054131,False,d_crisis_lending_pct,False
1869-04-21,9.112,8.392201,0.37109460691555735,4.0,0.4562557150366132,False,0.004523838947011335,False,d_reserve_pct,False
1869-04-28,8.74,8.487804,0.38691403540737207,4.0,0.6948408720183049,False,0.016386140372030338,False,d_reserve_ratio_pct,False
1869-05-05,9.896,7.576521,0.3600222841130325,4.0,3.0363637856651966,False,0.18055879970466512,False,d_lending_to_reserve_pct,False
1869-05-12,11.808,7.9434190000000005,0.34318855684878014,4.5,3.0075606857764705,False,0.2893603566643531,False,d_crisis_lending_pct,False
1869-05-19,11.017000000000001,8.471655,0.3693497100735211,4.5,1.500745974940572,False,0.07036608369877548,False,d_reserve_ratio_pct,False
1869-05-26,10.161999999999999,9.334,0.4016351118760757,4.5,1.781538425551821,False,0.11696277877739679,False,d_reserve_pct,False
1869-06-02,9.867999999999999,9.296478,0.40124204268657443,4.5,0.3127270022808364,False,0.007503701760732406,False,d_reserve_ratio_pct,False
1869-06-09,9.156,10.788397999999999,0.44729464717349887,4.5,2.9650589820670015,False,0.24386353865063082,False,d_reserve_pct,False
1869-06-16,8.882,11.575905,0.47067024545963754,4.0,1.2403880816283483,False,0.16892157103606747,False,d_reserve_pct,False
1869-06-23,8.403,11.915519999999999,0.4869212290638627,4.0,0.49919959217093585,False,0.017652057715494458,False,d_reserve_ratio_pct,False
1869-06-30,16.659999999999997,11.387671,0.4079832826635557,3.5,12.289266769338141,True,0.6909633169410844,True,d_crisis_lending_pct,True
1869-07-07,10.775,10.814268,0.42330337311662747,3.5,4.140347373396247,True,0.2908546054981121,False,d_crisis_lending_pct,True
1869-07-14,7.821999999999999,10.857422999999999,0.4550185560460482,3.5,3.1665129638614955,False,0.1752610651342457,False,d_crisis_lending_pct,False
1869-07-21,7.452,11.37712,0.47196095322413095,3.0,0.7442858876795413,False,0.13941983663870627,False,d_reserve_pct,False
1869-07-28,7.3309999999999995,11.773818,0.49304898643449424,3.0,0.7208843304299224,False,0.016886899184336824,False,d_reserve_ratio_pct,False
1869-08-04,7.098999999999998,11.235342000000001,0.5143365283638691,3.0,0.9610987604611452,False,0.05323229007015947,False,d_reserve_pct,False
1869-08-11,6.782,11.904005999999999,0.5452046268173764,3.0,0.9967786353739894,False,0.049784073598970635,False,d_reserve_ratio_pct,False
1869-08-18,6.443,12.270374,0.561087512671526,3.0,0.452679408545536,False,0.013889408534668468,False,d_lending_to_reserve_pct,False
1869-08-25,6.452,12.764437000000001,0.5680768054134745,2.5,0.4611052400867197,False,0.12573334165941974,False,d_reserve_pct,False
1869-09-01,6.648,12.378146000000001,0.554514224748263,2.5,0.8861703571101698,False,0.03359006153233693,False,d_lending_to_reserve_pct,False
1869-09-08,6.668000000000001,12.217155,0.5522398132325774,2.5,0.43083206535615154,False,0.007218930990568415,False,d_lending_to_reserve_pct,False
1869-09-15,7.596,12.138085,0.5390515654413255,2.5,2.1431077893495734,False,0.068471416935542,False,d_crisis_lending_pct,False
1869-09-22,7.722000000000001,12.116399999999999,0.5389076618700012,2.5,0.45951774975184695,False,0.009036943946350826,False,d_crisis_lending_pct,False
1869-09-29,11.057,11.154944,0.4889855613740235,2.5,6.163232515806186,True,0.3105493472801333,False,d_crisis_lending_pct,True
1869-10-06,10.571,10.212458000000002,0.43248948024566275,2.5,2.689443075316796,False,0.17016012682198675,False,d_reserve_ratio_pct,False
1869-10-13,8.178,9.910136,0.4510459183476089,2.5,2.8773476143400587,False,0.13553719177882728,False,d_crisis_lending_pct,False
1869-10-20,7.628,9.891809,0.45533220790026757,2.5,0.6705684843509133,False,0.018901312065124708,False,d_crisis_lending_pct,False
1869-10-27,7.723000000000001,10.228956,0.4788535777524111,2.5,0.8548160295749702,False,0.03562686010045307,False,d_reserve_ratio_pct,False
1869-11-03,8.914,9.531267999999999,0.45404575019458726,2.5,2.4524705644199583,False,0.13111470242366507,False,d_lending_to_reserve_pct,False
1869-11-10,9.077,9.714077,0.4546850324762084,3.0,0.4188056649482401,False,0.1686832679413931,False,d_crisis_lending_pct,False
1869-11-17,9.07,10.253046,0.46793713943318654,3.0,0.8788828937792502,False,0.02614321799084027,False,d_reserve_pct,False
1869-11-24,8.9,10.740596,0.48325449613210886,3.0,0.6943660204369039,False,0.019258606025594996,False,d_reserve_pct,False
1869-12-01,9.32,10.340346,0.46728523098640934,3.0,1.2507060271247712,False,0.04660665788853906,False,d_lending_to_reserve_pct,False
1869-12-08,9.094,10.8948,0.47486137127749467,3.0,0.732107627251749,False,0.020611981496248582,False,d_reserve_pct,False
1869-12-15,9.754999999999999,11.766799,0.4900179061356687,3.0,1.2086063571382468,False,0.08684903969434647,False,d_crisis_lending_pct,False
1869-12-22,12.682000000000002,11.578676999999999,0.45706340158211733,3.0,4.234705173635639,True,0.18831829709761602,False,d_crisis_lending_pct,True
1869-12-29,15.869,11.297672,0.4217150826907323,3.0,3.585870518406925,True,0.16334533506799512,False,d_crisis_lending_pct,True
1870-01-05,17.088,10.256466,0.3595034409078171,3.0,3.592283835222977,True,0.21545684512680066,False,d_reserve_ratio_pct,True
1870-01-12,10.167,10.602543,0.43004590044513274,3.0,4.879999518159118,True,0.40264117422205653,False,d_crisis_lending_pct,True
1870-01-19,11.252999999999998,10.947296,0.4310279780660844,3.0,1.5600779665388222,False,0.060782037969982494,False,d_crisis_lending_pct,False
1870-01-26,13.529,11.280948,0.43866517937448335,3.0,2.485685597558105,False,0.1274046517150791,False,d_crisis_lending_pct,False
1870-02-02,17.259,11.216312,0.4104271052923352,3.0,3.3519060128628513,False,0.16077130991467634,False,d_crisis_lending_pct,False
1870-02-09,12.745999999999999,11.848787999999999,0.4527518146983468,3.0,2.8488565965952835,False,0.2073356506857277,False,d_crisis_lending_pct,False
1870-02-16,12.283000000000001,12.224568000000001,0.47136963533479276,3.0,0.520906635118036,False,0.01600947069659857,False,d_reserve_ratio_pct,False
1870-02-23,14.421000000000001,12.606511000000001,0.4744675412960283,3.0,2.0143847993357884,False,0.10192920852978807,False,d_crisis_lending_pct,False
1870-03-02,14.756999999999998,12.369995,0.4569953529797328,3.0,1.0852101942149064,False,0.034185611145230554,False,d_reserve_ratio_pct,False
1870-03-09,14.833,12.787074,0.4621251809531079,3.0,0.3641293801707586,False,0.008444001087179494,False,d_reserve_pct,False
1870-03-16,15.234,13.227365,0.4696213068624809,3.0,0.3868714578117668,False,0.015939573812018562,False,d_reserve_pct,False
1870-03-23,15.334000000000001,13.217836,0.4715361542114305,3.0,0.33385541205528274,False,0.0056692875428532696,False,d_reserve_pct,False
1870-03-30,18.404,13.112400999999998,0.46080094468333255,3.0,2.5352885612166403,False,0.10934793297330056,False,d_crisis_lending_pct,False
1870-04-06,14.469999999999999,12.023492,0.4686292762864035,3.0,2.715069205507505,False,0.17100598116934224,False,d_crisis_lending_pct,False
1870-04-13,15.12,11.315608,0.44664950740541803,3.0,1.546830671908317,False,0.07919617917846593,False,d_reserve_pct,False
1870-04-20,13.232,11.559568,0.46919850391521417,3.0,1.6116395744952141,False,0.060207526905549986,False,d_crisis_lending_pct,False
1870-04-27,12.608,11.769967999999999,0.48209718827212045,3.0,0.6260485358714795,False,0.01092266328158072,False,d_crisis_lending_pct,False
1870-05-04,14.599,10.973652,0.44546808920036474,3.0,1.974914989188189,False,0.1387441438953395,False,d_crisis_lending_pct,False
1870-05-11,15.072,11.337155,0.44952322126228056,3.0,0.4083943226125414,False,0.018588854270026524,False,d_crisis_lending_pct,False
1870-05-18,14.292000000000002,11.777032,0.4694053526812152,3.0,0.729699113601251,False,0.021118830620790445,False,d_crisis_lending_pct,False
1870-05-25,13.665999999999999,12.601792999999999,0.49275949930558155,3.0,1.1909851485919687,False,0.050791729604310325,False,d_reserve_pct,False
1870-06-01,15.142999999999997,12.481202,0.47320108586157483,3.0,1.40652737785362,False,0.06242418988136044,False,d_crisis_lending_pct,False
1870-06-08,15.434999999999999,12.789389,0.47752048022261356,3.0,0.1874653230331666,False,0.010721420746755667,False,d_crisis_lending_pct,False
1870-06-15,17.783,13.313958,0.46700992741224334,3.0,1.9287511481167285,False,0.08798245894933444,False,d_crisis_lending_pct,False
1870-06-22,16.09,14.01188,0.49686997955163237,3.0,1.353830773063341,False,0.06325644737470688,False,d_crisis_lending_pct,False
1870-06-29,23.345,13.69621,0.43465755660061617,3.0,5.706770504067384,True,0.2873786795152328,False,d_crisis_lending_pct,True
1870-07-06,20.18,12.542863,0.44698173206368663,3.0,2.5037991307480296,False,0.12314580125230017,False,d_reserve_pct,False
1870-07-13,14.486,12.100503,0.49049769137198135,3.0,3.7710070296899576,True,0.21052036286984133,False,d_crisis_lending_pct,True
1870-07-20,16.729,11.17607,0.438640225388075,3.0,2.415858667221033,False,0.16873003153740476,False,d_reserve_ratio_pct,False
1870-07-27,19.567,10.074879999999999,0.37480652591506425,4.0,3.2310674066929765,False,0.43894241881081136,True,d_reserve_ratio_pct,True
1870-08-03,20.415,9.330831,0.3497353473846455,5.0,1.556182310950436,False,0.303549329772565,False,d_reserve_pct,False
1870-08-10,18.175,10.299956000000002,0.39160602957238877,6.0,2.2532147661106237,False,0.3994194341097869,False,d_reserve_pct,False
1870-08-17,16.091,11.249953,0.43624507520877126,5.5,2.000865948967771,False,0.28412769313495717,False,d_reserve_ratio_pct,False
1870-08-24,14.515,11.747341,0.4644237866791532,4.5,1.0452111949082132,False,0.2951369547616921,False,d_reserve_ratio_pct,False
1870-08-31,13.785999999999998,12.280283,0.4812382162054724,4.0,0.7436048785709415,False,0.13567348655480443,False,d_reserve_pct,False
1870-09-07,12.866000000000003,12.529834,0.4927961529769647,3.5,0.5440294929511401,False,0.13299235739228452,False,d_crisis_lending_pct,False
1870-09-14,12.342,13.483352,0.5264522976702156,3.5,1.1215316039994956,False,0.06412649156998401,False,d_reserve_pct,False
1870-09-21,10.997,13.700426,0.5560544963542832,3.0,0.765823648613484,False,0.17970628969831118,False,d_crisis_lending_pct,False
1870-09-28,10.703999999999999,14.083402,0.5717589817451171,3.0,0.2236544055148549,False,0.008347211670785351,False,d_lending_to_reserve_pct,False
1870-10-05,11.199,13.112985,0.5298436933052861,2.5,1.824073577047663,False,0.2623151073739081,False,d_reserve_pct,False
1870-10-12,9.518,12.955403,0.5527590501185611,2.5,1.0823091167233059,False,0.07384324883193108,False,d_crisis_lending_pct,False
1870-10-19,8.761,12.835698,0.5567479912618525,2.5,0.6104987049709067,False,0.024252075062896086,False,d_reserve_pct,False
1870-10-26,8.438,13.171697,0.5806196498516724,2.5,0.502514125724933,False,0.014923722870691781,False,d_reserve_ratio_pct,False
1870-11-02,9.706,12.560730999999999,0.5486214787572018,2.5,1.361883925327071,False,0.10096025960276032,False,d_reserve_pct,False
1870-11-09,9.742,13.186369,0.560402290096839,2.5,0.5397595202156609,False,0.021904787248243764,False,d_reserve_pct,False
1870-11-16,9.749,13.445202,0.5656178347035846,2.5,0.13025174172262816,False,0.004897725666734819,False,d_reserve_ratio_pct,False
1870-11-23,9.957999999999998,14.075273000000001,0.5758524998489312,2.5,0.5627221800318513,False,0.028446762341422314,False,d_reserve_pct,False
1870-11-30,9.942,13.882602,0.5722744908804046,2.5,0.7517458915740517,False,0.009411818039951404,False,d_reserve_pct,False
1870-12-07,9.722999999999999,14.351868,0.5813355545697316,2.5,0.2968952281847495,False,0.006796936138219116,False,d_reserve_pct,False
1870-12-14,9.733,15.057182999999998,0.591668387122227,2.5,0.673822228643866,False,0.02045710514065724,False,d_reserve_pct,False
1870-12-21,9.508,14.867902,0.5891729990236657,2.5,0.7735436426985696,False,0.009370047926835937,False,d_reserve_pct,False
1870-12-28,12.113000000000001,14.653191000000001,0.5561693341039821,2.5,2.002447681033117,False,0.16716300522057925,False,d_crisis_lending_pct,False
1871-01-04,15.498000000000001,13.234919,0.4981268096726543,2.5,2.7175676293919127,False,0.238705410073682,False,d_reserve_pct,False
1871-01-11,11.312,13.211322,0.5014394540755129,2.5,1.8935652441167088,False,0.18185632737299395,False,d_crisis_lending_pct,False
1871-01-18,10.103,13.235321,0.5248054470272406,2.5,0.7437602775073922,False,0.04380419091700557,False,d_crisis_lending_pct,False
1871-01-25,9.169,13.289047,0.5411842440968916,2.5,0.6279469514196117,False,0.029911384396058387,False,d_crisis_lending_pct,False
1871-02-01,11.516,13.090801,0.5413612081317982,2.5,2.0855244516253797,False,0.17881201671512778,False,d_crisis_lending_pct,False
1871-02-08,10.215,13.320098,0.5372912042043292,2.5,0.7877983602738442,False,0.06051563383870188,False,d_crisis_lending_pct,False
1871-02-15,13.059999999999999,13.669025,0.512512495960911,2.5,1.9784920114725306,False,0.16957768043845187,False,d_crisis_lending_pct,False
1871-02-22,15.499000000000002,13.778743,0.48655519698949523,2.5,1.3589762760284707,False,0.10420426033440386,False,d_reserve_ratio_pct,False
1871-03-01,20.86,13.310367,0.41573429395395944,2.5,3.476394472683193,False,0.26584872321070546,False,d_reserve_ratio_pct,False
1871-03-08,18.799,13.623887,0.431393203569156,3.0,0.5719581842088499,False,0.20603487335387344,False,d_crisis_lending_pct,False
1871-03-15,18.143,13.79457,0.44776910065783376,3.0,0.5664615092737318,False,0.013070201620213075,False,d_reserve_ratio_pct,False
1871-03-22,17.488,14.107727,0.46046099800618623,3.0,0.2662431314075901,False,0.008289494817741515,False,d_reserve_ratio_pct,False
1871-03-29,17.347,13.984949,0.4507181786084859,3.0,0.8381855597762606,False,0.013778545056881288,False,d_reserve_ratio_pct,False
1871-04-05,18.134999999999998,13.110918,0.427442383431811,3.0,1.773054493613545,False,0.08335517916358309,False,d_reserve_pct,False
1871-04-12,16.029,13.023406,0.4430809753465428,3.0,0.6827432748320649,False,0.049062348528392905,False,d_crisis_lending_pct,False
1871-04-19,14.04,13.255047999999999,0.46453968191886325,2.5,0.7422910650674227,False,0.18412970267619969,False,d_crisis_lending_pct,False
1871-04-26,13.128,13.77659,0.4851823055364587,2.5,0.6164914691615903,False,0.025625806148876357,False,d_reserve_ratio_pct,False
1871-05-03,13.962000000000002,13.65564,0.48264748881674585,2.5,0.906121712042676,False,0.03536813978909934,False,d_lending_to_reserve_pct,False
1871-05-10,12.438999999999998,13.874296,0.5081876015419505,2.5,0.7804560804298509,False,0.04815242594429084,False,d_reserve_ratio_pct,False
1871-05-17,11.584999999999999,14.774377,0.5365543276084295,2.5,1.2089750922992208,False,0.06194031619401662,False,d_reserve_pct,False
1871-05-24,10.219000000000001,15.606724,0.5681823402805808,2.5,1.0050226054589206,False,0.07634966263296558,False,d_reserve_pct,False
1871-05-31,10.545,15.544416,0.5622402141027514,2.5,0.6705375981869435,False,0.01700308983325808,False,d_lending_to_reserve_pct,False
1871-06-07,9.238,16.073857,0.5827938677386244,2.5,0.699911981934825,False,0.0568600510245824,False,d_lending_to_reserve_pct,False
1871-06-14,9.066,17.208394,0.6030245713570447,2.5,1.3011149380297127,False,0.039844787018635766,False,d_reserve_pct,False
1871-06-21,9.639,17.861747,0.6054022151757796,2.25,0.722114795158242,False,0.11261481915867434,False,d_crisis_lending_pct,False
1871-06-28,16.845000000000002,17.55979,0.5315043432687393,2.25,6.274724857859761,True,0.45703726531662037,True,d_lending_to_reserve_pct,True
1871-07-05,17.686,16.528761,0.4830126927015899,2.25,2.6285760129963616,False,0.1095555993816567,False,d_reserve_ratio_pct,False
1871-07-12,12.931,16.646034,0.5173853846542367,2.25,1.8901246847984419,False,0.1711003238105387,False,d_crisis_lending_pct,False
1871-07-19,11.136999999999999,16.918389,0.5275160750264142,2.0,0.8364367954333882,False,0.13988266362529073,False,d_crisis_lending_pct,False
1871-07-26,10.49,17.410171,0.5523616400823426,2.0,0.6623110040888901,False,0.022814338770729508,False,d_reserve_ratio_pct,False
1871-08-02,9.52,15.488908,0.5314719090259077,2.0,3.5041942709924454,True,0.1494259226216531,False,d_reserve_pct,True
1871-08-09,8.928,14.609481,0.5297599123286909,2.0,2.0162455035937623,False,0.05791042051051029,False,d_reserve_pct,False
1871-08-16,8.878,15.238769,0.5468907913341527,2.0,0.7479411401913695,False,0.01684919144373021,False,d_reserve_pct,False
1871-08-23,8.492,15.400252,0.5613152523770584,2.0,0.19568594195701497,False,0.00900975595459395,False,d_reserve_ratio_pct,False
1871-08-30,8.423,15.196108,0.5597213995116064,2.0,0.7155267753500509,False,0.008140504359946427,False,d_reserve_pct,False
1871-09-06,8.329,14.727039999999999,0.5531448832265382,2.0,1.1171995452501713,False,0.020450520908623024,False,d_reserve_pct,False
1871-09-13,7.767000000000001,14.423619,0.5531978993112573,2.0,0.783104532786108,False,0.027388036595475403,False,d_reserve_pct,False
1871-09-20,10.565000000000001,13.711115,0.5124438609396522,2.0,4.453009911062803,True,0.24733864466009725,False,d_lending_to_reserve_pct,True
1871-09-27,18.706,11.077113,0.37957338949376795,3.0,11.317800678022316,True,0.7821616319484234,True,d_lending_to_reserve_pct,True
1871-10-04,19.801000000000002,8.919849,0.3225301267944522,4.0,5.233621291703503,True,0.5372141273842838,True,d_reserve_pct,True
1871-10-11,13.764,8.064963,0.3034866999965456,5.0,2.6150895322188203,False,0.492031358847176,True,d_reserve_pct,True
1871-10-18,12.222,9.559360999999999,0.3554098500839786,5.0,4.757888226107898,True,0.374785169796977,False,d_reserve_pct,True
1871-10-25,11.368000000000002,11.571691000000001,0.4124996065428634,5.0,5.255194764345473,True,0.3834006667720735,False,d_reserve_pct,True
1871-11-01,10.652,12.054383,0.4321635400576594,5.0,0.9877934643236286,False,0.028732079934257516,False,d_reserve_ratio_pct,False
1871-11-08,9.559000000000001,12.930685,0.4624035248658896,5.0,1.6597247967767266,False,0.088226252920234,False,d_reserve_pct,False
1871-11-15,8.924999999999999,14.125918,0.495066479339844,5.0,2.0748040478008796,False,0.09230317766007291,False,d_reserve_pct,False
1871-11-22,8.325000000000001,14.721548,0.5131581240632885,4.0,0.8281528905330838,False,0.25898368958814166,False,d_reserve_pct,False
1871-11-29,6.856999999999999,15.179334,0.5368155637228031,4.0,1.1510158955094734,False,0.09797796377664014,False,d_lending_to_reserve_pct,False
1871-12-06,6.775,15.001525,0.580093104759153,3.5,1.3956949025123602,False,0.17928624530486453,False,d_reserve_ratio_pct,False
1871-12-13,6.763999999999999,15.649441,0.5490608286048385,3.5,1.4446997807328992,False,0.06938517178387464,False,d_reserve_ratio_pct,False
1871-12-20,7.710000000000001,15.864648,0.5465628290237399,3.0,1.6124777345590329,False,0.1965748759058877,False,d_crisis_lending_pct,False
1871-12-27,11.325999999999999,15.287992,0.5061176439430054,3.0,4.396382119052138,True,0.29828396606766394,False,d_crisis_lending_pct,True
1872-01-03,17.241999999999997,14.646351000000001,0.45215303781768496,3.0,4.847505593149959,True,0.3325664087485423,False,d_crisis_lending_pct,True
1872-01-10,9.308,14.52878,0.48678241267276406,3.0,3.462456535472454,False,0.382885361823609,False,d_crisis_lending_pct,False
1872-01-17,8.786,14.668614000000002,0.49805510965734545,3.0,0.10848092412734023,False,0.01316033104037448,False,d_lending_to_reserve_pct,False
1872-01-24,7.468999999999999,14.791848,0.5319323049490782,3.0,0.8673756524408935,False,0.08063655703134565,False,d_reserve_ratio_pct,False
1872-01-31,11.324000000000002,14.514931,0.5017027211116195,3.0,4.857110771644556,True,0.3370914861254243,False,d_crisis_lending_pct,True
1872-02-07,8.860999999999999,14.177199,0.5147324249500379,3.0,1.4395321659714122,False,0.12637885877443084,False,d_crisis_lending_pct,False
1872-02-14,12.852,14.240020000000001,0.4759496845684662,3.0,4.2929407174298415,True,0.2767487156078974,False,d_crisis_lending_pct,True
1872-02-21,13.346999999999998,14.318652,0.47907602427698714,3.0,0.757816763907594,False,0.015660432066010532,False,d_crisis_lending_pct,False
1872-02-28,16.182,14.270066,0.4582794233940191,3.0,2.250294034158053,False,0.11246800846608182,False,d_crisis_lending_pct,False
1872-03-06,15.081999999999999,13.703564,0.44821114268596984,3.0,1.124690322274623,False,0.04815424384070757,False,d_reserve_pct,False
1872-03-13,17.294,13.805614,0.4378874659914862,3.0,1.6860410291870767,False,0.07121980133398856,False,d_crisis_lending_pct,False
1872-03-20,18.076999999999998,13.766304,0.43165292484805073,3.0,0.7724471786711411,False,0.026746053017611193,False,d_crisis_lending_pct,False
1872-03-27,26.054999999999993,12.549824000000001,0.3597557318921651,3.0,4.313398818735208,True,0.35947496861557915,False,d_lending_to_reserve_pct,True
1872-04-03,23.785999999999998,11.336371,0.35490081447947935,3.0,2.406281543257507,False,0.11044421865468226,False,d_reserve_pct,False
1872-04-10,22.241,10.488833999999999,0.33223777704987756,3.5,1.7925662598461454,False,0.26572546151194604,False,d_reserve_pct,False
1872-04-17,18.66,10.822343,0.359548130563463,4.0,1.3402585108862568,False,0.2679157568871063,False,d_reserve_ratio_pct,False
1872-04-24,15.474,11.261797000000001,0.3885082085308999,4.0,1.255834182600101,False,0.11344294171201283,False,d_reserve_ratio_pct,False
1872-05-01,17.386000000000003,10.632865,0.3642262524242951,4.0,1.4939220378698441,False,0.0989326071919219,False,d_lending_to_reserve_pct,False
1872-05-08,18.695,9.929152,0.33460561725787735,4.0,1.314011772513717,False,0.11544940642952979,False,d_reserve_pct,False
1872-05-15,17.215,9.962586,0.34769382825661105,5.0,0.5468284416948792,False,0.2555299751623669,False,d_reserve_ratio_pct,False
1872-05-22,14.613000000000003,10.26369,0.37310354055927747,5.0,0.9586863156135287,False,0.09342374638063991,False,d_lending_to_reserve_pct,False
1872-05-29,13.945,11.472871,0.40573536533603916,5.0,2.3130895545961754,False,0.13583685711380197,False,d_reserve_pct,False
1872-06-05,13.92,11.975968,0.4158147955396453,4.0,0.7838358180572715,False,0.25550388377843264,False,d_reserve_pct,False
1872-06-12,12.16,12.963235,0.45741324531548944,4.0,1.5408814447911097,False,0.12599758504851752,False,d_reserve_pct,False
1872-06-19,12.341000000000001,13.592753,0.47315470922456115,3.5,0.8578338320051451,False,0.1421393101344312,False,d_reserve_pct,False
1872-06-26,15.535,14.338794,0.46215097092742097,3.0,2.4994174480536895,False,0.3247386766242598,False,d_crisis_lending_pct,False
1872-07-03,19.769,12.617939,0.40610390182189554,3.0,2.470380966900592,False,0.2997499547210639,False,d_lending_to_reserve_pct,False
1872-07-10,11.622,12.276416000000001,0.47210335221246924,3.0,2.707008450703558,False,0.37889062261000694,False,d_crisis_lending_pct,False
1872-07-17,14.561,11.498197999999999,0.4222702477906571,3.0,2.2293635274726085,False,0.20023006822700823,False,d_crisis_lending_pct,False
1872-07-24,14.44,11.978048000000001,0.420247070465482,3.5,0.6981781319363952,False,0.18271904327542723,False,d_reserve_pct,False
1872-07-31,23.200999999999997,11.477943,0.3495043274441247,3.5,4.465775994912748,True,0.4095090782416847,True,d_crisis_lending_pct,True
1872-08-07,19.939,11.603447000000001,0.372981451870885,3.5,0.8918739842985101,False,0.07399780479377024,False,d_crisis_lending_pct,False
1872-08-14,14.308999999999997,11.841695999999999,0.4177169885930915,3.5,1.7048767638700164,False,0.22186791887401883,False,d_crisis_lending_pct,False
1872-08-21,11.384,12.128661000000001,0.44858951658163243,3.5,1.1537674623075385,False,0.1266920807034,False,d_crisis_lending_pct,False
1872-08-28,11.061,12.363741000000001,0.4583575788959505,3.5,0.2571130700867936,False,0.004962444560726023,False,d_reserve_pct,False
1872-09-04,12.828,11.708475,0.42997641799151354,3.5,1.2201449419013155,False,0.11544434359360913,False,d_crisis_lending_pct,False
1872-09-11,15.924999999999999,11.611718,0.4014350927094893,3.5,1.4782111332847703,False,0.14110280909363146,False,d_crisis_lending_pct,False
1872-09-18,16.068,11.351447,0.3930272557183023,4.0,0.5185326992292721,False,0.16994730502086047,False,d_reserve_pct,False
1872-09-25,17.293999999999997,11.021939,0.37401464732534445,4.0,0.6531210524372554,False,0.06522239593632026,False,d_reserve_pct,False
1872-10-02,18.088,9.021697,0.3239805205825755,4.5,3.5812328796037547,True,0.44939572418137214,True,d_reserve_pct,True
1872-10-09,14.848999999999998,8.731743999999999,0.3316457720286267,5.0,1.0441739286911618,False,0.26639826981219733,False,d_crisis_lending_pct,False
1872-10-16,13.222,8.550981,0.3423683518492656,6.0,0.5874844493912481,False,0.2888529483278246,False,d_crisis_lending_pct,False
1872-10-23,14.255000000000003,8.591966,0.3361692246264494,6.0,0.5799788332835262,False,0.03969180824009662,False,d_crisis_lending_pct,False
1872-10-30,13.68,9.058957999999999,0.35399647025704656,6.0,0.9919973772077678,False,0.039709338424477714,False,d_reserve_pct,False
1872-11-06,12.989,9.048630000000001,0.36218624218790096,6.0,0.2653258152331556,False,0.01520675796811798,False,d_crisis_lending_pct,False
1872-11-13,16.978,9.243831,0.33670049699198645,7.0,1.935416314213784,False,0.42820710196820627,True,d_crisis_lending_pct,True
1872-11-20,12.508000000000001,10.952288,0.4109524811541667,7.0,3.9182949804514102,True,0.496483677954345,True,d_reserve_pct,True
1872-11-27,10.65,13.063498,0.4712312102680984,7.0,3.900318158224902,True,0.3734280989804491,False,d_reserve_pct,True
1872-12-04,10.134,12.417136999999999,0.46572721356198277,6.0,0.9800988261123895,False,0.2899675134878341,False,d_reserve_pct,False
1872-12-11,9.414,13.83339,0.5040501600486306,6.0,2.187977472673646,False,0.1331777971822082,False,d_reserve_pct,False
1872-12-18,9.107,14.576767,0.5265130865173039,5.0,0.9758542250155318,False,0.26297737283942074,False,d_reserve_pct,False
1872-12-24,10.66,13.626777,0.4956930527592716,5.0,1.2463518551251336,False,0.13548729700306703,False,d_crisis_lending_pct,False
1873-01-01,21.456,13.453092999999999,0.41371904774484086,5.0,6.468287004493329,True,0.6282590932257259,True,d_crisis_lending_pct,True
1873-01-08,10.773,13.037692000000002,0.4941434019988304,5.0,2.8980069807261124,False,0.5042802252841584,True,d_crisis_lending_pct,True
1873-01-15,11.721,13.732055,0.4984336172890873,4.5,0.9669577717114487,False,0.19359875574393978,False,d_reserve_pct,False
1873-01-22,8.236,14.556019,0.5419232322588504,4.5,1.576520069795987,False,0.23258007730982153,False,d_crisis_lending_pct,False
1873-01-29,9.074,15.125275,0.5433915501976706,4.0,0.6930686894877136,False,0.18557112477625082,False,d_crisis_lending_pct,False
1873-02-05,10.892999999999999,15.066828000000001,0.5150507322387597,3.5,1.1860730946825226,False,0.25841015565415276,False,d_crisis_lending_pct,False
1873-02-12,15.531,15.122901,0.4628621898155695,3.5,2.486422583551402,False,0.26385587571178437,False,d_crisis_lending_pct,False
1873-02-19,14.690000000000001,15.450498,0.47364342090488,3.5,0.31713193331089073,False,0.011986180304781423,False,d_reserve_pct,False
1873-02-26,14.173,15.691997,0.4810359834726157,3.5,0.1990740672155944,False,0.004062868945190326,False,d_reserve_pct,False
1873-03-05,16.322,14.792606,0.4418525732302852,3.5,1.077755201915032,False,0.1309665233196886,False,d_reserve_pct,False
1873-03-12,16.87,15.031213,0.4404005639953806,3.5,0.3183469137105439,False,0.014294178212249967,False,d_crisis_lending_pct,False
1873-03-19,17.561999999999998,15.218153000000001,0.43449664848792235,3.5,0.364001016707388,False,0.01892197590101538,False,d_crisis_lending_pct,False
1873-03-26,20.156,13.695051999999999,0.3859051571865059,4.0,1.8895049827465111,False,0.33008316247785036,False,d_reserve_pct,False
1873-04-02,22.995,12.136509,0.34094063137050956,4.0,2.1296377373913375,False,0.2195094486078889,False,d_reserve_pct,False
1873-04-09,20.576999999999998,11.414923,0.3333940154450529,4.0,1.178348180140739,False,0.08403147526931369,False,d_reserve_pct,False
1873-04-16,18.898,10.979229,0.33319995294813437,4.0,0.7028848886319123,False,0.04464378342733088,False,d_reserve_pct,False
1873-04-23,18.157999999999998,11.109549,0.3349534967082322,4.0,0.20319253859614006,False,0.0054240185587947605,False,d_crisis_lending_pct,False
1873-04-30,16.833,10.994397,0.3428300330092177,4.0,0.3547960041270366,False,0.024900010651722697,False,d_crisis_lending_pct,False
1873-05-07,16.932000000000002,10.277657,0.3339456307451824,4.5,1.2156173704995925,False,0.21142736787433558,False,d_reserve_pct,False
1873-05-14,17.619,10.183662,0.3271535434516506,5.0,0.4459790594839152,False,0.1763748687091815,False,d_lending_to_reserve_pct,False
1873-05-21,16.641,10.080958,0.33414162731926284,6.0,0.3462684077215835,False,0.23973336161411615,False,d_crisis_lending_pct,False
1873-05-28,15.749999999999996,10.522345999999999,0.35338996701040837,6.0,0.7589501858061837,False,0.0379680251153167,False,d_reserve_ratio_pct,False
1873-06-04,19.272,9.814001000000001,0.3201890949034312,7.0,1.657629670586767,False,0.40114480313993384,False,d_lending_to_reserve_pct,False
1873-06-11,17.169,11.035463,0.3659112786432931,7.0,2.179334819425204,False,0.2236514396946803,False,d_reserve_pct,False
1873-06-18,15.681999999999999,11.95999,0.40230996077575515,6.0,1.4810020473061598,False,0.34842656623249313,False,d_reserve_pct,False
1873-06-25,15.173,11.99074,0.41163446835591394,6.0,0.2747814908424965,False,0.008541476173457846,False,d_reserve_ratio_pct,False
1873-07-02,20.157,11.275929,0.36836944303306773,6.0,2.388962504784696,False,0.2423459005521893,False,d_lending_to_reserve_pct,False
1873-07-09,11.894,11.177192,0.434629410424075,6.0,2.4799351885694363,False,0.37612288297907615,False,d_crisis_lending_pct,False
1873-07-16,9.049,11.309640000000002,0.46452239970792075,5.0,1.3504234656257157,False,0.39185291261995187,False,d_crisis_lending_pct,False
1873-07-23,7.728999999999999,12.347517,0.5029954206805931,4.5,1.774661110677196,False,0.2764346886112484,False,d_reserve_pct,False
1873-07-30,7.472,12.423352,0.5090706501036879,4.0,0.06122681883955571,False,0.11598922993190837,False,d_reserve_pct,False
1873-08-06,7.523000000000001,11.996907,0.5067124824690357,3.5,0.6846230561937839,False,0.15052699830111946,False,d_reserve_pct,False
1873-08-13,6.827,12.713623,0.5299705481205976,3.5,1.1334510213220348,False,0.06075079428637499,False,d_reserve_pct,False
1873-08-20,6.745,13.287645,0.5396623210802859,3.5,0.8287827059442642,False,0.016080344451189756,False,d_reserve_pct,False
1873-08-27,7.728000000000001,13.318864999999999,0.518418241220557,3.0,1.2938342458207,False,0.20987857160437498,False,d_crisis_lending_pct,False
1873-09-03,10.232000000000001,12.760233,0.4624770682069819,3.0,2.587719996008713,False,0.22905976403018827,False,d_crisis_lending_pct,False
1873-09-10,11.706000000000001,13.17778,0.45314779983063586,3.0,1.281643391114053,False,0.07095752914421995,False,d_crisis_lending_pct,False
1873-09-17,11.977999999999998,13.346843,0.453721772510263,3.0,0.404760719381401,False,0.009313385666032363,False,d_crisis_lending_pct,False
1873-09-24,12.107,13.238507,0.44942537168088326,3.0,0.34700613684903603,False,0.009515694352348279,False,d_lending_to_reserve_pct,False
1873-10-01,16.624,9.954181,0.3427701064723626,5.0,5.340422950639904,True,0.7761160228966475,True,d_lending_to_reserve_pct,True
1873-10-08,13.647,9.115152,0.3304415437449456,5.0,1.5192759753651717,False,0.16743267787507413,False,d_reserve_pct,False
1873-10-15,12.386000000000001,7.8610359999999995,0.31764758412561345,6.0,2.235584463532428,False,0.3855825237415932,False,d_reserve_pct,False
1873-10-22,11.550999999999998,8.109529,0.35287335440398254,7.0,1.6881340066074406,False,0.32378700442164843,False,d_reserve_ratio_pct,False
1873-10-29,11.549000000000003,8.455447,0.37529273394004004,7.0,0.9539953567198037,False,0.040873877488892096,False,d_reserve_ratio_pct,False
1873-11-05,12.369,8.071288000000001,0.3610114723393049,8.0,0.8440956757490743,False,0.2631795135144175,False,d_lending_to_reserve_pct,False
1873-11-12,15.003,8.420571,0.34953249877661546,9.0,1.6409677964084417,False,0.36711002317296804,False,d_crisis_lending_pct,False
1873-11-19,10.732,9.702026,0.4216296563996948,9.0,3.37075136821021,False,0.43807035509941405,True,d_reserve_ratio_pct,True
1873-11-26,9.323,11.248643000000001,0.4693766360270708,8.0,2.482335352644224,False,0.48858123187337776,True,d_reserve_pct,True
1873-12-03,8.671,11.448875,0.4613114095536303,6.0,0.3328194321150256,False,0.3532400049995611,False,d_crisis_lending_pct,False
1873-12-10,8.253,12.462326000000001,0.4935042450669577,5.0,1.365869381199213,False,0.3235712509377957,False,d_reserve_pct,False
1873-12-17,7.779,12.750133000000002,0.5075510467623597,4.5,0.4864220112582834,False,0.1234447403578987,False,d_reserve_ratio_pct,False
1873-12-24,11.022,11.701241,0.4554173287842616,4.5,4.122821415848543,True,0.30071142127692746,False,d_lending_to_reserve_pct,True
1873-12-31,19.036,11.811615,0.394843817499325,4.5,5.308340713392421,True,0.44898451964247726,True,d_lending_to_reserve_pct,True
1874-01-07,9.671999999999999,11.846295999999999,0.4395854181515817,4.5,3.277075936282527,False,0.42609238861662146,True,d_crisis_lending_pct,True
1874-01-14,7.1899999999999995,11.949408,0.4689844437413908,4.0,1.561262063719301,False,0.2994528475682092,False,d_crisis_lending_pct,False
1874-01-21,6.888000000000001,12.288,0.48299988208010697,3.5,0.5110062721988562,False,0.12151500925172912,False,d_reserve_ratio_pct,False
1874-01-28,6.783,12.725881,0.49663282837694256,3.5,0.582773940549416,False,0.010862257031475126,False,d_reserve_pct,False
1874-02-04,6.715,11.293259,0.47449866603093516,3.5,2.1713416060065547,False,0.14614420116572863,False,d_reserve_pct,False
1874-02-11,8.549,12.193,0.4708994708994709,3.5,3.221240573124812,False,0.2284380722280327,False,d_crisis_lending_pct,False
1874-02-18,7.77,12.783398,0.49366437436350924,3.5,0.830295332559305,False,0.0487100300114426,False,d_reserve_ratio_pct,False
1874-02-25,8.161999999999999,13.150146,0.49882036930656926,3.5,0.7030332798948671,False,0.024269840522513145,False,d_crisis_lending_pct,False
1874-03-04,8.417000000000002,12.676855,0.48333010588508507,3.5,0.7738447428388174,False,0.03966806639113764,False,d_lending_to_reserve_pct,False
1874-03-11,9.807,13.056,0.4861302453736456,3.5,1.7882372799393427,False,0.09416677558857639,False,d_crisis_lending_pct,False
1874-03-18,10.775,13.062051,0.4752353055012147,3.5,1.0959894281703502,False,0.05069772513438384,False,d_crisis_lending_pct,False
1874-03-25,11.542000000000002,12.510136,0.4541062226758798,3.5,0.9286352117679441,False,0.06733210745579205,False,d_lending_to_reserve_pct,False
1874-04-01,15.456,11.067091,0.38904870131148445,3.5,3.2458730238206717,False,0.32995917766066446,False,d_crisis_lending_pct,False
1874-04-08,12.073,10.517139,0.3958209433142372,3.5,1.7440987521777565,False,0.14920620598726855,False,d_crisis_lending_pct,False
1874-04-15,9.711,10.80194,0.4194578579975432,3.5,1.383242363047264,False,0.11589617167379714,False,d_crisis_lending_pct,False
1874-04-22,9.515,11.063185,0.42580508067837936,3.5,0.25857817748625295,False,0.0051755231756849766,False,d_reserve_pct,False
1874-04-29,23.450000000000003,10.393818,0.31924935955503586,3.5,10.59119547041727,True,0.8150012420361114,True,d_crisis_lending_pct,True
1874-05-06,15.815,9.608552,0.3542180194304407,4.0,2.0464716898443225,False,0.42673245350545114,True,d_crisis_lending_pct,True
1874-05-13,13.379999999999999,9.792694000000001,0.38021159108128444,4.0,0.8704997325648278,False,0.09060912883027838,False,d_reserve_ratio_pct,False
1874-05-20,10.770999999999999,10.468005,0.41915872385689906,4.0,1.251806254516096,False,0.1643491691909597,False,d_reserve_ratio_pct,False
1874-05-27,9.939,10.989439999999998,0.43927074302974906,4.0,0.6347474819012655,False,0.04480450653093033,False,d_reserve_pct,False
1874-06-03,9.649000000000001,11.349336,0.44445833376411115,3.5,0.2982236544679706,False,0.11822539642788586,False,d_reserve_pct,False
1874-06-10,9.957,11.686791000000001,0.4576024367266295,3.0,0.3741194394539911,False,0.1398175761749869,False,d_crisis_lending_pct,False
1874-06-17,9.834,12.995734,0.4881749995191776,3.0,1.6977340295371421,False,0.108568601810773,False,d_reserve_pct,False
1874-06-24,9.396,13.07474,0.49355761439968154,2.5,0.1773118382311956,False,0.12021970240135832,False,d_crisis_lending_pct,False
1874-07-01,19.058999999999997,11.839686,0.3964545309676202,2.5,6.914669691377866,True,0.7015596210323195,True,d_crisis_lending_pct,True
1874-07-08,11.217,10.980731,0.4324542389115167,2.5,2.602564290046022,False,0.3808054562364914,False,d_crisis_lending_pct,False
1874-07-15,8.222000000000001,10.833624,0.45606231793866825,2.5,1.647759652801994,False,0.16251589982159076,False,d_crisis_lending_pct,False
1874-07-22,6.771,11.24229,0.48100381306129125,2.5,1.0493931552401325,False,0.10561764206736436,False,d_crisis_lending_pct,False
1874-07-29,7.3759999999999994,10.773292999999999,0.4760926079010044,2.5,0.9755689713796664,False,0.07307471438385449,False,d_reserve_pct,False
1874-08-05,8.908,9.208074,0.41764353784594277,3.0,2.7204295303053523,False,0.42130355081782217,True,d_reserve_pct,True
1874-08-12,8.471,9.902795000000001,0.4409303016042617,4.0,1.0185728907608516,False,0.3121414765512244,False,d_reserve_pct,False
1874-08-19,7.882000000000001,11.051592999999999,0.47825373489374184,4.0,1.7056257138426976,False,0.14062104437977932,False,d_reserve_pct,False
1874-08-26,7.859,11.745244,0.49233905741224837,3.5,0.722531424395496,False,0.1470307522955604,False,d_reserve_pct,False
1874-09-02,8.258,11.166302,0.4725868525204077,3.0,1.0831083754000068,False,0.20299028112336567,False,d_reserve_pct,False
1874-09-09,7.522,11.745772,0.49711078899903705,3.0,0.5518225999705454,False,0.05381504185480956,False,d_reserve_ratio_pct,False
1874-09-16,7.398,12.121550000000001,0.506152346906197,3.0,0.17360882614163622,False,0.00650064610073741,False,d_reserve_pct,False
1874-09-23,7.345000000000001,12.291969,0.5099005454978908,3.0,0.16706197937169345,False,0.0018537930875068044,False,d_lending_to_reserve_pct,False
1874-09-30,11.402,10.813305,0.43534205434186196,3.0,4.1344917747917505,True,0.4426926905857153,True,d_crisis_lending_pct,True
1874-10-07,10.518,10.036222,0.37685609537357423,3.0,2.2995672488349834,False,0.198802483119357,False,d_reserve_ratio_pct,False
1874-10-14,10.370999999999999,9.405826,0.3630887059952358,3.0,1.3414802522434253,False,0.06011808088912759,False,d_reserve_pct,False
1874-10-21,10.093,9.425229,0.3698854619119455,4.0,0.26240419291733175,False,0.21863258371575972,False,d_reserve_pct,False
1874-10-28,9.901,9.595616,0.3883836425497055,4.0,0.49899191159834,False,0.021896325714470005,False,d_reserve_ratio_pct,False
1874-11-04,9.216999999999999,8.829621,0.378590893670649,4.0,1.5624261079405657,False,0.09107980263742799,False,d_reserve_pct,False
1874-11-11,9.479,9.037697,0.39790948308028895,4.0,0.5268947259688689,False,0.03919920276201715,False,d_crisis_lending_pct,False
1874-11-18,9.407,8.817719,0.4031185583494306,5.0,0.6822610080892462,False,0.22620267685493756,False,d_reserve_pct,False
1874-11-25,9.030999999999999,9.291009,0.4165931804062845,5.0,0.6604263814412332,False,0.028079552574072193,False,d_reserve_pct,False
1874-12-02,12.041,8.639905,0.3844855782279444,6.0,3.8591115762617565,True,0.4571631992278785,True,d_crisis_lending_pct,True
1874-12-09,9.042,9.629937000000002,0.4506430971765552,6.0,2.4267153278893683,False,0.3255861497302448,False,d_reserve_ratio_pct,False
1874-12-16,10.203,10.37942,0.4607710133089468,6.0,1.3629699168999763,False,0.11615291376929843,False,d_crisis_lending_pct,False
1874-12-23,11.222999999999999,10.21025,0.4475811374375797,6.0,1.094370859119634,False,0.057321064183444216,False,d_crisis_lending_pct,False
1874-12-30,18.366,10.351263,0.39066881927227387,6.0,6.162952039403918,True,0.40430739888579476,False,d_crisis_lending_pct,True
1875-01-06,10.3,10.464536,0.40477014824527546,6.0,3.9993548138613924,True,0.3551448363398043,False,d_crisis_lending_pct,True
1875-01-13,6.086,10.943869000000001,0.4576441007593495,5.0,3.715406296686962,True,0.543324681835884,True,d_crisis_lending_pct,True
1875-01-20,6.028,11.321838,0.47973068596622326,4.0,0.48125184012209793,False,0.2583253593428577,False,d_reserve_ratio_pct,False
1875-01-27,5.862,11.930509,0.5065730677333601,4.0,0.6385910560612387,False,0.03626198704587625,False,d_reserve_pct,False
1875-02-03,8.0,9.84952,0.4381072417807966,3.0,3.7341642307748173,True,0.6034583987291078,True,d_lending_to_reserve_pct,True
1875-02-10,8.195,9.833022,0.4334087444349106,3.0,0.4505801535649265,False,0.015327157216923393,False,d_reserve_ratio_pct,False
1875-02-17,10.387,10.199872,0.42041584760113465,3.0,2.2357105165716256,False,0.17223065223141618,False,d_crisis_lending_pct,False
1875-02-24,9.770999999999999,10.687323,0.44097962931267676,3.5,0.6053975570082246,False,0.20837718587293969,False,d_reserve_pct,False
1875-03-03,11.569999999999999,9.779026,0.40152459868484724,3.5,1.7689609699459228,False,0.17238549920046592,False,d_reserve_pct,False
1875-03-10,13.372,10.552318,0.39506317694227394,3.5,1.16379782195554,False,0.1362834138737955,False,d_crisis_lending_pct,False
1875-03-17,12.794,10.588064000000001,0.4073635244257356,3.5,0.21012674483932703,False,0.012211938672518644,False,d_crisis_lending_pct,False
1875-03-24,14.594000000000001,10.322599,0.38953779995538046,3.5,1.2635888881384536,False,0.0794683708408012,False,d_lending_to_reserve_pct,False
1875-03-31,18.107,9.524169,0.34593536608040426,3.5,2.3170634052033905,False,0.21089526171607856,False,d_lending_to_reserve_pct,False
1875-04-07,12.590000000000003,8.697447,0.36186289275728933,3.5,2.255209636823744,False,0.2632979882055705,False,d_crisis_lending_pct,False
1875-04-14,9.583000000000002,8.800985,0.38857784064970013,3.5,1.7376632581664648,False,0.14522298999572206,False,d_crisis_lending_pct,False
1875-04-21,8.705,9.130835,0.4039391212796151,3.5,0.5629107549785265,False,0.038006016343124845,False,d_crisis_lending_pct,False
1875-04-28,9.985,9.180760000000001,0.39573977858166365,3.5,1.255851573645456,False,0.07066685390516268,False,d_crisis_lending_pct,False
1875-05-05,11.515,8.398533,0.36646828978515056,3.5,1.7684365921854623,False,0.156691790232072,False,d_lending_to_reserve_pct,False
1875-05-12,12.434000000000001,8.804116,0.37380481370529395,3.5,0.75173527208879,False,0.06337023790343058,False,d_crisis_lending_pct,False
1875-05-19,9.739,9.159098,0.4075743675088876,3.5,1.6460399896007738,False,0.15653439615996834,False,d_crisis_lending_pct,False
1875-05-26,12.350999999999999,10.344372,0.4143231787217933,3.5,2.0841961278185863,False,0.28230141275167736,False,d_reserve_pct,False
1875-06-02,17.028,10.076498,0.36440869329992726,3.5,2.38543590861581,False,0.2519553626490014,False,d_crisis_lending_pct,False
1875-06-09,14.042,11.060891999999999,0.4114641634501456,3.5,1.7091616181869582,False,0.20739315206587336,False,d_reserve_ratio_pct,False
1875-06-16,10.673,12.384623,0.4674099308366983,3.5,1.9026346947915393,False,0.29598761296840176,False,d_reserve_pct,False
1875-06-23,15.436,13.071603,0.4349753641798089,3.5,1.9342323958223202,False,0.3183923167569678,False,d_crisis_lending_pct,False
1875-06-30,23.105999999999998,13.762901000000001,0.39330631446499187,3.5,2.1495193450815933,False,0.3515212972800722,False,d_crisis_lending_pct,False
1875-07-07,13.783,13.208883,0.4301424582307263,3.5,1.6794820328411608,False,0.3432396435030998,False,d_crisis_lending_pct,False
1875-07-14,10.142999999999999,14.149999999999999,0.4696929542471927,3.0,1.3370013366033793,False,0.3588410052835729,False,d_lending_to_reserve_pct,False
1875-07-21,9.727,15.078393,0.5021469737025445,3.0,0.8063414368252609,False,0.05489991882293241,False,d_reserve_pct,False
1875-07-28,9.489,15.384227,0.516035835248397,3.0,0.14251338962015658,False,0.006632179748764547,False,d_lending_to_reserve_pct,False
1875-08-04,9.272,14.740141000000001,0.5129485024465565,2.5,1.0387779271135924,False,0.16048406267619333,False,d_reserve_pct,False
1875-08-11,9.0,15.415077,0.5309639108233085,2.5,0.4604370270041901,False,0.018591541256541545,False,d_reserve_pct,False
1875-08-18,8.731,16.228262,0.5543378439222575,2.0,0.5904955314693201,False,0.1405560039865272,False,d_reserve_pct,False
1875-08-25,8.541,16.399635,0.5590127247421778,2.0,0.151439236924986,False,0.001997705808556537,False,d_reserve_ratio_pct,False
1875-09-01,8.447000000000001,15.739208000000001,0.5407883324578009,2.0,1.007467540809286,False,0.03710642667491372,False,d_reserve_pct,False
1875-09-08,8.238,15.475850999999999,0.5448626885979413,2.0,0.548402370770458,False,0.012475161294207747,False,d_reserve_pct,False
1875-09-15,8.447000000000001,15.144622,0.5377906334667741,2.0,0.612653501882067,False,0.023869222293144268,False,d_reserve_pct,False
1875-09-22,8.157,14.788808000000001,0.5355520616124995,2.0,0.6244101054110361,False,0.01578621148950292,False,d_reserve_pct,False
1875-09-29,9.84,13.587781999999999,0.4934380905019487,2.0,2.0587248556638755,False,0.18171555440157341,False,d_lending_to_reserve_pct,False
1875-10-06,11.181,12.372,0.4064522487598147,2.0,2.8882423683976923,False,0.26239281611064935,False,d_reserve_ratio_pct,False
1875-10-13,12.341,10.789206,0.3575318703139457,2.5,2.4920060371814863,False,0.37534867635485564,False,d_reserve_pct,False
1875-10-20,12.419,10.258654,0.36977200925041526,3.5,1.0658465452251058,False,0.2704323949259356,False,d_reserve_pct,False
1875-10-27,12.205,10.641171,0.4179156512021509,4.0,1.6823866257390623,False,0.2735939660515106,False,d_reserve_ratio_pct,False
1875-11-03,11.98,9.852259,0.40179020316706104,4.0,1.5049225299663607,False,0.07429235084891325,False,d_reserve_pct,False
1875-11-10,11.403000000000002,10.024459,0.427782309741178,4.0,0.6986055213354178,False,0.034548925517147645,False,d_reserve_ratio_pct,False
1875-11-17,11.072000000000001,10.575446999999999,0.4377701382930889,4.0,0.7406065618213755,False,0.024266120386510357,False,d_reserve_pct,False
1875-11-24,10.705,10.839117,0.44333687090986884,3.0,0.29356990085362455,False,0.23889218038825263,False,d_lending_to_reserve_pct,False
1875-12-01,11.443999999999999,10.69614,0.40279441368817287,3.0,1.4862258868170715,False,0.1022010845458838,False,d_reserve_ratio_pct,False
1875-12-08,9.9,10.795362999999998,0.4205917852751462,3.0,0.8355741782478695,False,0.05837026914484028,False,d_lending_to_reserve_pct,False
1875-12-15,10.622,11.275452,0.4285355617049369,3.0,0.6336843136675808,False,0.057514031899891474,False,d_reserve_pct,False
1875-12-22,9.499,10.51149,0.418843600865397,3.0,1.468100433748733,False,0.09091299021381888,False,d_reserve_pct,False
1875-12-29,16.997,9.178723999999999,0.3343182645318995,3.0,7.033832379020749,True,0.6281572047373662,True,d_lending_to_reserve_pct,True
1876-01-05,16.48,8.132241,0.2910622138855897,4.0,2.1812823310934943,False,0.4141307724059224,True,d_reserve_pct,True
1876-01-12,8.376000000000001,8.970657999999998,0.3672947410076198,5.0,3.913518590120751,True,0.6954818624987937,True,d_lending_to_reserve_pct,True
1876-01-19,7.673,9.669819,0.39741520749469245,5.0,1.1312266739404788,False,0.08582088634860018,False,d_reserve_pct,False
1876-01-26,7.140000000000001,10.479762000000001,0.4368464505711606,5.0,1.1758415835648153,False,0.09693171491596339,False,d_reserve_ratio_pct,False
1876-02-02,8.434,10.169471,0.43220280707588077,4.0,1.4944355928510018,False,0.3802436242814648,False,d_crisis_lending_pct,False
1876-02-09,9.967,10.743132,0.4320610365283552,4.0,1.310586805106029,False,0.12892688955086928,False,d_crisis_lending_pct,False
1876-02-16,11.354000000000001,11.412267,0.4327930941308645,4.0,1.0369793470256206,False,0.10575933708411647,False,d_crisis_lending_pct,False
1876-02-23,11.56,11.865745,0.4396539234935342,4.0,0.437985632305749,False,0.020104750379771285,False,d_reserve_pct,False
1876-03-01,13.876,11.740555,0.418236642352616,4.0,1.415681809162145,False,0.10854989107315274,False,d_crisis_lending_pct,False
1876-03-08,13.555,12.153292,0.42088260351799256,4.0,0.39531560222042444,False,0.0077164193454603,False,d_reserve_pct,False
1876-03-15,15.314,12.603914999999999,0.42427790134119037,4.0,0.9624310043071239,False,0.07335742585480459,False,d_crisis_lending_pct,False
1876-03-22,11.802000000000001,13.486896,0.46966052165906674,4.0,1.7174745099440492,False,0.1941670060886054,False,d_lending_to_reserve_pct,False
1876-03-29,11.729,13.179863000000001,0.45723901710351894,3.5,0.6707794980581511,False,0.1441730847100046,False,d_reserve_pct,False
1876-04-05,9.758,12.979685,0.45955722180366565,3.5,1.0699417692084539,False,0.09015497000393513,False,d_crisis_lending_pct,False
1876-04-12,8.146999999999998,12.731158,0.46923782657898727,3.0,1.0482851498175632,False,0.2284924183486061,False,d_crisis_lending_pct,False
1876-04-19,7.84,13.39174,0.4844320547881876,3.0,0.5485224106235015,False,0.025970926227617482,False,d_reserve_pct,False
1876-04-26,7.915000000000001,13.799999999999999,0.4914789481225095,2.0,0.24211902024511298,False,0.2451730059564531,False,d_crisis_lending_pct,False
1876-05-03,8.176,13.157471,0.4782263942370057,2.0,1.149472805826815,False,0.050059659176922525,False,d_reserve_pct,False
1876-05-10,9.122,13.364018,0.4791218215065679,2.0,1.0793870577713618,False,0.06066409779391984,False,d_crisis_lending_pct,False
1876-05-17,7.891,13.662419,0.4977830896006493,2.0,0.9931893693921261,False,0.05980629806339601,False,d_lending_to_reserve_pct,False
1876-05-24,7.786,14.712432,0.5207389561507988,2.0,0.963441257428994,False,0.04731311983550798,False,d_reserve_pct,False
1876-05-31,7.906000000000001,14.816201999999999,0.5186815767382885,2.0,0.4353381491547184,False,0.00607384571213938,False,d_crisis_lending_pct,False
1876-06-07,7.802,14.867171,0.5123048051377513,2.0,0.44994556770593075,False,0.008778825922369567,False,d_reserve_ratio_pct,False
1876-06-14,7.798,16.292405,0.5439076133188085,2.0,1.362715738104002,False,0.0847385334289261,False,d_reserve_pct,False
1876-06-21,7.776,17.474443,0.562651820213313,2.0,0.9619778975424138,False,0.04039298861277489,False,d_reserve_pct,False
1876-06-28,8.089,17.298157,0.5554572894373424,2.0,0.9780889482416762,False,0.024593256755883253,False,d_crisis_lending_pct,False
1876-07-05,8.624,16.781842,0.5331841809988932,2.0,1.3708162826727872,False,0.055090394705284595,False,d_crisis_lending_pct,False
1876-07-12,8.244,17.704435999999998,0.5456591485868102,2.0,0.7278754829598738,False,0.031619116963323514,False,d_reserve_pct,False
1876-07-19,8.218,18.934701,0.5687534847401946,2.0,0.9803191839860769,False,0.037659918804473454,False,d_reserve_pct,False
1876-07-26,7.923,19.723,0.5810623692661226,2.0,0.5361996843580923,False,0.013414221031925315,False,d_lending_to_reserve_pct,False
1876-08-02,7.8229999999999995,19.621201,0.5772236828441205,2.0,0.3820891538572556,False,0.006843239516555494,False,d_reserve_ratio_pct,False
1876-08-09,6.667,19.876523000000002,0.5945252295379498,2.0,2.2712408153236976,False,0.06759843865265401,False,d_crisis_lending_pct,False
1876-08-16,6.465000000000001,21.018406,0.6157506188440776,2.0,0.7942481696014362,False,0.029184165153882526,False,d_reserve_pct,False
1876-08-23,6.427,20.672917,0.6160411036623467,2.0,0.4797581933852211,False,0.008667678122380913,False,d_reserve_pct,False
1876-08-30,6.251,20.621351,0.6163900590748149,2.0,0.2522226722840026,False,0.006582695684581284,False,d_reserve_pct,False
1876-09-06,6.142999999999999,20.987257,0.6176749524410532,2.0,0.1274757119235092,False,0.0029004282740844327,False,d_lending_to_reserve_pct,False
1876-09-13,5.824,21.967897,0.6356199526922702,2.0,0.678496168061828,False,0.028182485759056512,False,d_crisis_lending_pct,False
1876-09-20,5.799000000000001,22.244069,0.6377996325007853,2.0,0.15070248669404443,False,0.0027154800005952883,False,d_crisis_lending_pct,False
1876-09-27,5.775,21.851251,0.6322409982065348,2.0,0.6762565775146344,False,0.011483591370032568,False,d_reserve_pct,False
1876-10-04,5.737,20.566672,0.6124737888336449,2.0,1.4883739527320679,False,0.053533132000642476,False,d_reserve_pct,False
1876-10-11,6.178000000000001,19.999772,0.5527105621871138,2.0,3.210113543164908,False,0.11887375901816034,False,d_reserve_ratio_pct,False
1876-10-18,6.162,19.396451,0.5497854962384673,2.0,0.9232199782857494,False,0.02088225070421753,False,d_reserve_pct,False
1876-10-25,5.932,19.653789,0.5610263587023075,2.0,0.46201067338541607,False,0.006478908823982595,False,d_reserve_ratio_pct,False
1876-11-01,5.954,19.218685999999998,0.5509236456485149,2.0,0.7426482054627195,False,0.01692506788189774,False,d_reserve_ratio_pct,False
1876-11-08,5.870000000000001,18.200927,0.5505437053025517,2.0,1.2581468026440186,False,0.044721246076956316,False,d_reserve_pct,False
1876-11-15,5.974,17.870258,0.5565546160150935,2.0,0.6113351131072375,False,0.020755041998143924,False,d_reserve_pct,False
1876-11-22,6.048,17.653891,0.5525173935765247,2.0,0.4547868773850386,False,0.012200468928935908,False,d_reserve_pct,False
1876-11-29,6.2,16.902034,0.5373394704740312,2.0,1.0186139016657214,False,0.042495991412190286,False,d_reserve_pct,False
1876-12-06,6.349,16.78729,0.5274745819269786,2.0,0.663082928782862,False,0.01731767383377886,False,d_reserve_ratio_pct,False
1876-12-13,6.361,16.80993,0.5296565082893637,2.0,0.16248035354220267,False,0.0038339196999195298,False,d_crisis_lending_pct,False
1876-12-20,6.381,16.315553,0.5192586885838283,2.0,0.7045715713707836,False,0.020642702540263076,False,d_reserve_ratio_pct,False
1876-12-27,7.211,15.467,0.4981480885052659,2.0,3.403122878510346,False,0.09356405850245822,False,d_crisis_lending_pct,False
1877-01-03,11.297,14.59139,0.45399151829237294,2.0,13.284014819204298,True,0.37763656355450287,False,d_crisis_lending_pct,True
1877-01-10,7.2440000000000015,14.694912,0.44857978088784095,2.0,8.272140010782488,True,0.2948876601669118,False,d_crisis_lending_pct,True
1877-01-17,7.109,14.317794,0.4468410786745288,2.0,0.56427844178918,False,0.01454267135444351,False,d_reserve_pct,False
1877-01-24,6.970000000000001,14.591076,0.46368951224699917,2.0,1.3702747384516343,False,0.012416919351065921,False,d_reserve_ratio_pct,False
1877-01-31,6.496,14.057356,0.4688378006370857,2.0,1.7728923366243348,False,0.0353348266916991,False,d_crisis_lending_pct,False
1877-02-07,6.630000000000001,13.562473,0.4655282548839289,2.0,0.73034632192753,False,0.03435530264922356,False,d_reserve_pct,False
1877-02-14,6.524,13.896824,0.4707105563556265,2.0,0.5569617613580587,False,0.004300672591289652,False,d_reserve_pct,False
1877-02-21,6.669999999999999,14.581064,0.4858663689747178,2.0,1.1321504402321887,False,0.0334689117241867,False,d_reserve_ratio_pct,False
1877-02-28,8.094999999999999,14.704822,0.4704835131686746,2.0,6.309251994998034,True,0.11809939333908753,False,d_crisis_lending_pct,True
1877-03-07,7.031000000000001,14.086465,0.46138482872251424,2.0,3.5117030803286076,True,0.0862651375622483,False,d_crisis_lending_pct,True
1877-03-14,8.322,14.441048,0.4660646305982919,2.0,5.244477325771064,True,0.11163955665745198,False,d_crisis_lending_pct,True
1877-03-21,8.607000000000001,14.375,0.4614945038011095,2.0,1.0689635654065142,False,0.019898007959896633,False,d_crisis_lending_pct,False
1877-03-28,17.174999999999997,13.482,0.3948339483394834,2.0,27.348915683876715,True,0.6404959343832627,True,d_crisis_lending_pct,True
1877-04-04,15.561000000000002,12.572518,0.39128135817214027,2.0,2.472549290933326,False,0.08658408570333019,False,d_crisis_lending_pct,False
1877-04-11,9.215,12.418313999999999,0.42432930210187353,2.0,11.063352228904147,True,0.322043502149417,False,d_crisis_lending_pct,True
1877-04-18,8.869000000000002,12.779964,0.43106327621964935,2.0,0.8742895956326544,False,0.008231595404805808,False,d_crisis_lending_pct,False
1877-04-25,8.533000000000001,12.29432,0.4246580864293841,2.0,0.8683039870759716,False,0.03333713672010888,False,d_crisis_lending_pct,False
1877-05-02,10.69,10.926636,0.37945440993533436,2.0,6.627823015902848,True,0.2541076569068913,False,d_crisis_lending_pct,True
1877-05-09,9.472,11.290854,0.39867552283187496,3.0,2.807244669506048,False,0.3146682526855946,False,d_crisis_lending_pct,False
1877-05-16,9.025,11.514653,0.4071519248240884,3.0,1.0858980370155389,False,0.008622996249526081,False,d_crisis_lending_pct,False
1877-05-23,9.136,11.789442000000001,0.4124581408641656,3.0,0.609259209554691,False,0.008869915854189421,False,d_reserve_pct,False
1877-05-30,8.261999999999999,12.053767,0.42050021794639897,3.0,2.336002911195133,False,0.03833209818783209,False,d_crisis_lending_pct,False
1877-06-06,8.203999999999999,12.189816,0.4211165173062328,3.0,0.34255410870842107,False,0.003496254914764295,False,d_reserve_pct,False
1877-06-13,7.7170000000000005,13.031796,0.44855664520637856,3.0,2.450434720687252,False,0.06240200174087085,False,d_reserve_ratio_pct,False
1877-06-20,7.595,14.209534000000001,0.47329895158346014,3.0,2.0713304820439133,False,0.0707314994730367,False,d_reserve_ratio_pct,False
1877-06-27,7.798,13.832353,0.4654504403495661,3.0,0.8039525022606081,False,0.03109879931914044,False,d_crisis_lending_pct,False
1877-07-04,11.41,13.174,0.4302083035688773,3.0,11.269745619945228,True,0.3033478926030572,False,d_crisis_lending_pct,True
1877-07-11,7.216,13.911797,0.46168519479885056,2.5,8.601302517428762,True,0.4114916184648726,True,d_crisis_lending_pct,True
1877-07-18,6.906,14.031602,0.4679746604811237,2.0,0.7415946208476817,False,0.12343645917553682,False,d_crisis_lending_pct,False
1877-07-25,6.784999999999999,13.569230000000001,0.47504799237247397,2.0,0.5956350032571206,False,0.021717794689955498,False,d_reserve_pct,False
1877-08-01,7.539000000000001,12.983171,0.456358895902297,2.0,2.4739388282977233,False,0.07845447601309113,False,d_crisis_lending_pct,False
1877-08-08,6.914999999999999,12.172803,0.45223175132877036,2.0,1.5937232270805521,False,0.0751298645890812,False,d_crisis_lending_pct,False
1877-08-15,7.32,12.060017,0.44557038452263575,2.0,1.3111384698263273,False,0.03433145810742162,False,d_crisis_lending_pct,False
1877-08-22,7.262,12.119949,0.4477785325349049,2.0,0.33198627598250724,False,0.0020627290283491482,False,d_reserve_pct,False
1877-08-29,7.655,12.128674,0.44400762854089953,3.0,1.1955349308409229,False,0.23503302662646103,False,d_crisis_lending_pct,False
1877-09-05,8.658000000000001,11.722513,0.43366220472621547,3.0,2.6999650222381475,False,0.08176396346504632,False,d_crisis_lending_pct,False
1877-09-12,9.187999999999999,11.778581,0.4323944532159468,3.0,1.2892668755889127,False,0.027852907725365205,False,d_crisis_lending_pct,False
1877-09-19,9.076,11.899404,0.4390244550345235,3.0,0.8771096343767286,False,0.0025394141741113935,False,d_reserve_ratio_pct,False
1877-09-26,8.943999999999999,11.895257,0.44037960901725426,3.0,0.31280986237252484,False,0.00478651730049308,False,d_reserve_ratio_pct,False
1877-10-03,9.040000000000001,9.721173,0.37631524599318106,3.0,5.7454019077649505,True,0.36700883543809737,False,d_reserve_ratio_pct,True
1877-10-10,8.556000000000001,9.431126,0.3597335695670458,4.0,1.609919847753562,False,0.2616184833568474,False,d_reserve_ratio_pct,False
1877-10-17,7.194,9.478439000000002,0.36770723356183693,5.0,2.828229069270881,False,0.30824422144973673,False,d_crisis_lending_pct,False
1877-10-24,6.972999999999999,10.002505,0.38859666615501304,5.0,2.2112371805698436,False,0.03879849846727497,False,d_reserve_ratio_pct,False
1877-10-31,6.790000000000001,9.678797000000001,0.3798392303312324,5.0,0.7119141530654378,False,0.02677743675362944,False,d_reserve_ratio_pct,False
1877-11-07,6.675,9.640426999999999,0.3964213048098084,5.0,1.6383917199630644,False,0.018826213872864428,False,d_reserve_ratio_pct,False
1877-11-14,6.242,9.998591999999999,0.41742805480650297,5.0,1.9044104337269268,False,0.0333766774702278,False,d_reserve_ratio_pct,False
1877-11-21,6.425000000000001,10.66099,0.450591464722028,5.0,2.644675894297853,False,0.08183205722060612,False,d_reserve_ratio_pct,False
1877-11-28,5.8389999999999995,11.547182,0.4763498521861894,5.0,2.0215400491267,False,0.09015242203297015,False,d_reserve_pct,False
1877-12-05,5.9430000000000005,11.604603,0.47782613253608647,4.0,0.48676812049638657,False,0.24018844283274926,False,d_crisis_lending_pct,False
1877-12-12,7.122999999999999,12.48279,0.4846338060808647,4.0,2.8763558031309633,False,0.16404844242735317,False,d_crisis_lending_pct,False
1877-12-19,6.73,12.677715,0.4865141448782509,4.0,0.5855273909419291,False,0.011873923993191322,False,d_lending_to_reserve_pct,False
1877-12-24,7.633,12.234085,0.4682681806900926,4.0,2.0934386021808904,False,0.07993922601175955,False,d_lending_to_reserve_pct,False
1878-01-02,11.582,12.052914,0.4309595112205631,4.0,7.1765400033654165,True,0.32653370083404265,False,d_crisis_lending_pct,True
1878-01-09,5.914,11.902216,0.40017705378269214,4.0,6.372079581653381,True,0.4573172044203968,True,d_crisis_lending_pct,True
1878-01-16,5.853999999999999,12.196029,0.408736271289777,3.0,0.5699746618941539,False,0.2364112640822689,False,d_reserve_ratio_pct,False
1878-01-23,5.015,12.616999,0.42316016789703537,3.0,1.652078013006607,False,0.07426973467624451,False,d_crisis_lending_pct,False
1878-01-30,5.006,12.98169,0.45053442807970295,3.0,1.9327634723450617,False,0.03638460705704434,False,d_reserve_ratio_pct,False
1878-02-06,4.877000000000001,12.837664,0.4662081742616864,2.0,0.8156172506768782,False,0.25965613090832124,False,d_reserve_ratio_pct,False
1878-02-13,5.0409999999999995,13.225642,0.4730183237866954,2.0,0.6679567285543099,False,0.01938179878038312,False,d_reserve_pct,False
1878-02-20,5.197,13.401738,0.4777037349840919,2.0,0.5963621409136124,False,0.011031705717967978,False,d_crisis_lending_pct,False
1878-02-27,9.832,12.917901,0.4275184248350461,2.0,12.182486652009848,True,0.5568998781363659,True,d_crisis_lending_pct,True
1878-03-06,11.128,12.476657,0.3954193793402606,2.0,2.4706020602625602,False,0.10363995223636788,False,d_reserve_ratio_pct,False
1878-03-13,15.255000000000003,12.754429,0.37836734198644245,2.0,5.141384635032534,True,0.2316611153227448,False,d_crisis_lending_pct,True
1878-03-20,17.467,12.645496,0.36256025912250556,2.0,2.0133855595119594,False,0.07436437756755769,False,d_crisis_lending_pct,False
1878-03-27,18.576999999999998,11.916319999999999,0.3344816633408398,2.0,2.0913141512806006,False,0.1015199218304633,False,d_reserve_ratio_pct,False
1878-04-03,15.673000000000002,10.685988,0.32335690720602556,3.0,2.9206728867407703,False,0.38011127475059875,False,d_reserve_pct,False
1878-04-10,10.005,10.231309,0.336079205737856,3.0,4.5184190335170396,True,0.2914341800246603,False,d_crisis_lending_pct,True
1878-04-17,8.694999999999999,9.846188999999999,0.33263020410082667,3.0,1.4337482809686617,False,0.07759413889891491,False,d_crisis_lending_pct,False
1878-04-24,8.783999999999999,10.050547,0.3477362460673344,3.0,0.8404989544280828,False,0.020894957498696624,False,d_reserve_ratio_pct,False
1878-05-01,9.9,9.660756,0.3290055573748964,3.0,1.7148108218871485,False,0.08680180159529402,False,d_lending_to_reserve_pct,False
1878-05-08,8.493,9.953164000000001,0.3550088595596964,3.0,1.5932021102801486,False,0.08938391881472739,False,d_crisis_lending_pct,False
1878-05-15,7.7780000000000005,10.627882,0.37763164977793284,3.0,1.6758488961468505,False,0.07116765961781325,False,d_reserve_pct,False
1878-05-22,7.24,10.739617,0.38719059339903744,3.0,0.6303193544897053,False,0.017219482532495115,False,d_crisis_lending_pct,False
1878-05-29,6.876,11.338102,0.4045131531059948,3.0,1.3833760694726076,False,0.03675888028533375,False,d_reserve_pct,False
1878-06-05,6.825999999999999,10.850794,0.3778877259659836,2.5,1.2181629612918214,False,0.20764230563219083,False,d_reserve_pct,False
1878-06-12,6.929,11.246297,0.39724078595083406,2.5,0.8976262128135618,False,0.036566377364051626,False,d_reserve_pct,False
1878-06-19,7.327,11.82569,0.4095236093294458,2.5,1.2990359776300082,False,0.049736209251256006,False,d_reserve_pct,False
1878-06-26,11.123,10.858129,0.36322751477622284,2.5,6.138297813039587,True,0.3617472489540808,False,d_lending_to_reserve_pct,True
1878-07-03,13.743,9.081692,0.3122446122396888,3.0,4.5156611629921555,True,0.48299809181919356,True,d_lending_to_reserve_pct,True
1878-07-10,7.4990000000000006,9.328126,0.33726244072316647,3.5,4.658090448766782,True,0.49391655635779386,True,d_crisis_lending_pct,True
1878-07-17,7.998,9.272045,0.34785091119276534,3.5,0.73847286057149,False,0.05806906530829454,False,d_crisis_lending_pct,False
1878-07-24,6.063000000000001,9.437552,0.37891339599124485,3.5,2.3528401284781277,False,0.15531207807702752,False,d_crisis_lending_pct,False
1878-07-31,9.384,8.903407,0.34853851675631053,3.5,5.473538018864357,True,0.3715979408714277,False,d_crisis_lending_pct,True
1878-08-07,9.078,8.603,0.3643949341352874,4.0,0.991791279526233,False,0.19316812195879918,False,d_reserve_pct,False
1878-08-14,9.971,8.912764,0.363265333571631,5.0,1.01984631487629,False,0.2875841223650165,False,d_crisis_lending_pct,False
1878-08-21,7.356,9.274542,0.39436305541816535,5.0,2.3847057506705625,False,0.18575106170735914,False,d_crisis_lending_pct,False
1878-08-28,7.162000000000001,9.929458,0.41260458206400985,5.0,1.456609557631223,False,0.04294551047574057,False,d_reserve_pct,False
1878-09-04,10.099,10.301037,0.42177712518546606,5.0,3.8749847434066864,True,0.2886072936959031,False,d_crisis_lending_pct,True
1878-09-11,7.851,11.177324,0.45935732278679164,5.0,2.1075757037152543,False,0.19606486926373298,False,d_lending_to_reserve_pct,False
1878-09-18,7.960000000000001,11.788005,0.4731498606018738,5.0,0.8302823127097115,False,0.031820181349447224,False,d_reserve_pct,False
1878-09-25,6.693,12.254265,0.4948913887529702,5.0,1.3425580851269756,False,0.08807495824996445,False,d_crisis_lending_pct,False
1878-10-02,12.257000000000001,10.772429,0.4074092045398676,5.0,6.935193518759041,True,0.6129635540882119,True,d_lending_to_reserve_pct,True
1878-10-09,14.276,10.21496,0.3392679833659395,5.0,2.748321427810073,False,0.22956485891876874,False,d_reserve_ratio_pct,False
1878-10-16,17.245,8.517315,0.2794617942739192,6.0,3.226751376763565,False,0.5624113330221575,True,d_reserve_pct,True
1878-10-23,17.018,9.166261,0.2977160799034734,6.0,1.1025043443717504,False,0.056447520623434236,False,d_reserve_pct,False
1878-10-30,15.530000000000001,10.338734,0.3332204306154139,6.0,1.9007979580476795,False,0.20154941734683396,False,d_reserve_pct,False
1878-11-06,14.783,10.636204000000001,0.3519701878100197,6.0,0.4714134625007158,False,0.029953080717059356,False,d_reserve_ratio_pct,False
1878-11-13,13.276,11.468753,0.38816430442836336,6.0,1.1469072437816437,False,0.11120190977800111,False,d_reserve_ratio_pct,False
1878-11-20,12.681999999999999,12.310801999999999,0.4125287578485939,6.0,0.9252509516892222,False,0.06357761457142726,False,d_reserve_pct,False
1878-11-27,12.504000000000001,12.743428,0.4223560044906174,5.0,0.28291071162399,False,0.24315645990794563,False,d_reserve_pct,False
1878-12-04,12.366,11.958971,0.4058673857427425,5.0,1.382447824070146,False,0.060343312419137235,False,d_reserve_pct,False
1878-12-11,18.854,9.746851,0.3158983944778548,5.0,4.109249439905034,True,0.6034846376859966,True,d_lending_to_reserve_pct,True
1878-12-18,21.32,9.186873,0.2887228246137804,5.0,1.5593983800605986,False,0.1208697949301025,False,d_reserve_ratio_pct,False
1878-12-24,24.012999999999998,9.342285,0.2792951728073456,5.0,0.7276651203921104,False,0.06311757492807976,False,d_reserve_ratio_pct,False
1879-01-01,25.333,10.306351000000001,0.28581993430469793,5.0,1.3907540043745843,False,0.10561190067570222,False,d_reserve_pct,False
1879-01-08,20.006,10.609142,0.28449842491508875,5.0,1.2284725637608385,False,0.1558203145097565,False,d_crisis_lending_pct,False
1879-01-15,17.441,11.517178000000001,0.3092110388970575,5.0,1.0327760477889762,False,0.12375236414727635,False,d_reserve_pct,False
1879-01-22,19.623,11.466446999999999,0.3135316528298122,4.0,0.6776298647700456,False,0.3146275984017815,False,d_crisis_lending_pct,False
1879-01-29,16.173,12.85,0.36889246138829884,4.0,2.1875354890680394,False,0.29167982224858074,False,d_reserve_ratio_pct,False
1879-02-05,15.403000000000002,13.947890999999998,0.39919085659191084,3.0,0.9647586429454708,False,0.32898974631266825,False,d_reserve_pct,False
1879-02-12,15.486999999999998,15.636627999999998,0.435112333138854,3.0,1.4417913727769076,False,0.14467448678515127,False,d_reserve_pct,False
1879-02-19,14.904,17.005796999999998,0.4674117804016842,3.0,0.8815678640136044,False,0.08313835527008846,False,d_reserve_pct,False
1879-02-26,14.433,17.756466999999997,0.4825600807644533,3.0,0.22701960046239622,False,0.019338302319569307,False,d_reserve_pct,False
1879-03-05,14.806999999999999,18.280613,0.477865380007609,3.0,0.5748650434321958,False,0.02593782283476165,False,d_reserve_ratio_pct,False
1879-03-12,14.094,19.301752,0.5067756581775008,3.0,0.42395875347412043,False,0.0470033983392162,False,d_reserve_ratio_pct,False
1879-03-19,13.911,20.073684999999998,0.5126221589040244,2.5,0.2835140988702996,False,0.12243810077768479,False,d_reserve_ratio_pct,False
1879-03-26,13.936,20.216054999999997,0.5141281999186237,2.5,0.42263745701472877,False,0.0036352787034367113,False,d_reserve_ratio_pct,False
1879-04-02,15.066,19.26571,0.4944990960099102,2.5,1.113612198427218,False,0.06700519919444452,False,d_reserve_pct,False
1879-04-09,14.165000000000001,18.662199,0.49496087882812173,2.5,0.8739102151565847,False,0.030285783660176396,False,d_reserve_pct,False
1879-04-16,14.463000000000001,19.091514,0.4975563943527215,2.0,0.3645459272753315,False,0.12365521573446119,False,d_reserve_ratio_pct,False
1879-04-23,14.094,19.738155,0.5062032232771844,2.0,0.14869450258476272,False,0.006948958571975014,False,d_reserve_ratio_pct,False
1879-04-30,12.911000000000001,19.332992,0.5078575176025648,2.0,0.7122325215129783,False,0.03087153254235881,False,d_reserve_pct,False
1879-05-07,12.244,19.244571,0.5148459934096639,2.0,0.4911281739045215,False,0.011406995544142137,False,d_reserve_pct,False
1879-05-14,12.085,19.046477,0.5187460474044554,2.0,0.5673298772244196,False,0.007706930333168054,False,d_reserve_pct,False
1879-05-21,11.968,19.123012000000003,0.5189398967949871,2.0,0.3756381868930929,False,0.0043063921617829464,False,d_reserve_ratio_pct,False
1879-05-28,10.751000000000001,19.400278,0.5343824598137065,2.0,0.8839073053929022,False,0.03940505763552814,False,d_crisis_lending_pct,False
1879-06-04,9.486,18.811705,0.5332609891415111,2.0,0.997709733911265,False,0.05984150973900401,False,d_crisis_lending_pct,False
1879-06-11,9.436,19.620047,0.5516293466784206,2.0,0.22271148143105363,False,0.01716457923600499,False,d_reserve_ratio_pct,False
1879-06-18,9.937000000000001,20.612648,0.5661147678940625,2.0,0.6312103277412903,False,0.04582781083451109,False,d_crisis_lending_pct,False
1879-06-25,9.251,21.25165,0.5817508975650976,2.0,0.5478248406513329,False,0.023808928690610846,False,d_crisis_lending_pct,False
1879-07-02,12.359,20.749404000000002,0.5572237269186939,2.0,3.8029857787521792,True,0.21304940319281956,False,d_lending_to_reserve_pct,True
1879-07-09,8.982,20.768887,0.5516792587498442,2.0,2.5658429382409524,False,0.20008241644996377,False,d_crisis_lending_pct,False
1879-07-16,8.053,21.137927,0.5627659672748516,2.0,0.8266916847445489,False,0.03820765088530431,False,d_crisis_lending_pct,False
1879-07-23,7.7989999999999995,21.132965,0.5638418329924565,2.0,0.5252561148705757,False,0.007454239048131193,False,d_reserve_pct,False
1879-07-30,7.7010000000000005,21.372218,0.5673243964813823,2.0,0.33608567982472276,False,0.0007788779633683214,False,d_reserve_pct,False
1879-08-06,7.3660000000000005,20.708228000000002,0.5640166410858286,2.0,1.0740088007464854,False,0.023983985347904177,False,d_reserve_pct,False
1879-08-13,6.875,21.156633,0.5746198214331886,2.0,0.5096953358112922,False,0.020649121667751905,False,d_crisis_lending_pct,False
1879-08-20,6.807,21.550944,0.588984547389575,2.0,0.18530803386459233,False,0.005316222001528508,False,d_lending_to_reserve_pct,False
1879-08-27,6.771999999999999,21.30551,0.5925224044169938,2.0,0.6499089253896725,False,0.006760779514312509,False,d_reserve_pct,False
1879-09-03,6.8100000000000005,20.701563999999998,0.5866965747840766,2.0,0.8690838177121046,False,0.020691003552582767,False,d_lending_to_reserve_pct,False
1879-09-10,6.597,21.470335,0.5878736992094085,2.0,0.3274897303066527,False,0.013313442182831389,False,d_reserve_pct,False
1879-09-17,6.629,22.124165,0.5955036098301506,2.0,0.2846258700438125,False,0.010148120683869543,False,d_crisis_lending_pct,False
1879-09-24,6.661,22.374587000000002,0.5969402903821954,2.0,0.5055502130834022,False,0.003964625690743069,False,d_lending_to_reserve_pct,False
1879-10-01,7.041999999999999,20.845958000000003,0.5700549160936597,2.0,2.3558249865399397,False,0.08867621503198864,False,d_lending_to_reserve_pct,False
1879-10-08,7.132,20.326069,0.5158452735399478,2.0,2.8164731315451466,False,0.10675872664444597,False,d_reserve_ratio_pct,False
1879-10-15,7.708,19.591042,0.5055276730199008,2.0,2.1800110557410335,False,0.05552037687152423,False,d_lending_to_reserve_pct,False
1879-10-22,7.643000000000001,18.733663999999997,0.49561236037172907,2.0,1.3001609504651075,False,0.0346894269516441,False,d_reserve_pct,False
1879-10-29,7.4719999999999995,17.832143,0.48416205190967293,2.0,1.3581270747599021,False,0.035174984773518964,False,d_reserve_pct,False
1879-11-05,8.412,16.662856,0.46471939663991285,2.0,3.061122063296024,False,0.113635454032533,False,d_lending_to_reserve_pct,False
1879-11-12,8.894,16.122675,0.4599414790193792,3.0,1.561968715725069,False,0.24911672771652138,False,d_lending_to_reserve_pct,False
1879-11-19,9.341000000000001,16.161252,0.4637382753750351,3.0,1.0767485956287568,False,0.02441443344300427,False,d_crisis_lending_pct,False
1879-11-26,9.278,16.065004,0.46935313250263644,3.0,0.24491513298891632,False,0.004287347172393114,False,d_reserve_pct,False
1879-12-03,9.581999999999999,15.143595999999999,0.4628111367848156,3.0,1.497562322634392,False,0.06507747442270408,False,d_lending_to_reserve_pct,False
1879-12-10,9.538,15.551,0.48185789979239607,3.0,1.0391712922565344,False,0.01817245956463747,False,d_reserve_ratio_pct,False
1879-12-17,10.761999999999999,15.940775,0.4755079521855553,3.0,2.436174181590626,False,0.06434543578813211,False,d_crisis_lending_pct,False
1879-12-24,12.0,15.189757,0.4569510618340787,3.0,2.6375140277403717,False,0.08264062168618974,False,d_lending_to_reserve_pct,False
1879-12-31,19.9,14.967327,0.3938886667624414,3.0,11.834397592821748,True,0.4084117819143206,True,d_crisis_lending_pct,True
1880-01-07,12.129,14.850617999999999,0.3936281334278638,3.0,6.763921473192462,True,0.31205055272843596,False,d_crisis_lending_pct,True
1880-01-14,9.722999999999999,15.346001000000001,0.4236446305862404,3.0,3.3569180103985965,False,0.12465836320933696,False,d_crisis_lending_pct,False
1880-01-21,8.087,15.933679000000001,0.45558483085250384,3.0,2.8101273211459143,False,0.10726165074221548,False,d_crisis_lending_pct,False
1880-01-28,7.9990000000000006,16.519941,0.48011329900569105,3.0,1.4502379017034295,False,0.02704007295121341,False,d_reserve_ratio_pct,False
1880-02-04,7.832,15.827487,0.486782509978473,3.0,1.0459673018570212,False,0.029639803039527103,False,d_reserve_pct,False
1880-02-11,7.699,16.54277,0.5024496698222248,3.0,0.9732985780686513,False,0.01849663445867547,False,d_reserve_pct,False
1880-02-18,8.414,16.617381,0.5028975337008071,3.0,1.908330417543888,False,0.05118584816719261,False,d_crisis_lending_pct,False
1880-02-25,9.203,17.077872,0.5051315246286887,3.0,1.8234062985493973,False,0.053427949166970884,False,d_crisis_lending_pct,False
1880-03-03,12.518,16.561320000000002,0.46135020759940354,3.0,6.3233783961871195,True,0.22780049023339127,False,d_crisis_lending_pct,True
1880-03-10,13.210999999999999,17.093018999999998,0.4725269415111927,3.0,1.0288319820976923,False,0.032086602877728965,False,d_crisis_lending_pct,False
1880-03-17,16.132,17.681335999999998,0.4615110468339066,3.0,3.459740716662276,False,0.1279566417651563,False,d_crisis_lending_pct,False
1880-03-24,14.701999999999998,17.261295,0.4634953255062561,3.0,1.0702441131344382,False,0.03414153144468342,False,d_crisis_lending_pct,False
1880-03-31,16.199,16.722282,0.4420883539997297,3.0,1.7323261359536692,False,0.07074212813754671,False,d_lending_to_reserve_pct,False
1880-04-07,11.607,15.942435999999999,0.45832559511988297,3.0,3.2039583021410154,False,0.19827787114996365,False,d_crisis_lending_pct,False
1880-04-14,9.099,15.967962,0.4900792627137706,3.0,2.2581275114257187,False,0.13348721601639832,False,d_crisis_lending_pct,False
1880-04-21,9.174,16.160749,0.48997789986771206,3.0,0.2609577162371234,False,0.0049988735204048685,False,d_reserve_pct,False
1880-04-28,10.496,15.998,0.4786634094735681,3.0,1.6373772972542424,False,0.07150150340870742,False,d_crisis_lending_pct,False
1880-05-05,10.722,15.338772,0.4675740829700733,3.0,0.9369365507880547,False,0.039691934060480584,False,d_reserve_pct,False
1880-05-12,10.241,15.854724000000001,0.4846680369667379,3.0,1.062503290425629,False,0.013157263893701199,False,d_reserve_ratio_pct,False
1880-05-19,11.419,15.204203,0.465245089150283,3.0,1.4860472301924563,False,0.0786792586140123,False,d_lending_to_reserve_pct,False
1880-05-26,10.689,15.788,0.47932479203351747,3.0,0.9081309254639368,False,0.02533112590819511,False,d_lending_to_reserve_pct,False
1880-06-02,11.120000000000001,15.648376,0.46658108313802227,3.0,0.7886834352927227,False,0.02569952082663429,False,d_reserve_ratio_pct,False
1880-06-09,10.876000000000001,16.613783,0.4900322238592238,3.0,1.3416342984150593,False,0.03857709956616822,False,d_reserve_pct,False
1880-06-16,9.445,17.393638999999997,0.5129841296038212,3.0,1.4965347734637242,False,0.07408795020081688,False,d_lending_to_reserve_pct,False
1880-06-23,8.940000000000001,18.032483,0.5263627956471617,2.5,0.7728784569771942,False,0.12763610178596102,False,d_reserve_pct,False
1880-06-30,18.655,17.01201,0.4466275296353286,2.5,12.29286904288493,True,0.6800595094551748,True,d_crisis_lending_pct,True
1880-07-07,10.05,16.508117,0.505871490614186,2.5,5.139919546769901,True,0.420666694740655,True,d_crisis_lending_pct,True
1880-07-14,8.573,16.561976,0.5182388938947352,2.5,1.6002808889397173,False,0.06440008027872908,False,d_crisis_lending_pct,False
1880-07-21,7.84,16.775161999999998,0.5279032320394106,2.5,0.8795415651004568,False,0.02562386287103419,False,d_crisis_lending_pct,False
1880-07-28,7.695,16.774527,0.5297408867155619,2.5,0.1650554222659903,False,0.002654238321590633,False,d_lending_to_reserve_pct,False
1880-08-04,7.238,15.537282999999999,0.513923052133314,2.5,1.5034265405200462,False,0.08098883616064285,False,d_reserve_pct,False
1880-08-11,7.291,16.157436999999998,0.5146565979280893,2.5,0.9005260194780824,False,0.016086534308131797,False,d_reserve_pct,False
1880-08-18,7.107,16.463919,0.5224621263075541,2.5,0.46096272563268537,False,0.00338995548018601,False,d_reserve_pct,False
1880-08-25,7.109,16.857257,0.5293370632443111,2.5,0.4909945084013461,False,0.007195560427108295,False,d_reserve_pct,False
1880-09-01,8.597,16.035424,0.5026521684737686,2.5,2.112187450622238,False,0.13806000401230734,False,d_crisis_lending_pct,False
1880-09-08,8.078,16.414895,0.5321109538990255,2.5,1.3352311371766565,False,0.03180655362846184,False,d_reserve_ratio_pct,False
1880-09-15,8.001000000000001,16.673280000000002,0.5350806328550037,2.5,0.31783383378580676,False,0.0014364569060500607,False,d_reserve_pct,False
1880-09-22,7.933,16.699077,0.5369628691839848,2.5,0.12405440741086528,False,0.0037048620682293915,False,d_lending_to_reserve_pct,False
1880-09-29,9.971,16.178671,0.5116060148179977,2.5,2.6823488426355775,False,0.1628885246516206,False,d_crisis_lending_pct,False
1880-10-06,10.053999999999998,14.928448,0.4541195449644558,2.5,2.779475286352802,False,0.1514233819990917,False,d_reserve_ratio_pct,False
1880-10-13,8.102,15.328741999999998,0.4773745595406713,2.5,1.9058818353465996,False,0.11587703130675468,False,d_crisis_lending_pct,False
1880-10-20,8.096,16.002714,0.4915001027521703,2.5,0.9013119776683035,False,0.019724816761307412,False,d_reserve_pct,False
1880-10-27,8.049000000000001,16.671039,0.5102629303341987,2.5,0.8361287645557353,False,0.01676170980217365,False,d_reserve_pct,False
1880-11-03,6.692,15.107999999999999,0.506707807888382,2.5,2.0741393928553875,False,0.14949183569717636,False,d_reserve_pct,False
1880-11-10,6.805,14.947999999999999,0.5127431139162351,2.5,0.3743784028920037,False,0.013574550256476449,False,d_lending_to_reserve_pct,False
1880-11-17,10.382,14.895,0.48300797717102273,2.5,4.997437432430321,True,0.338568357583931,False,d_crisis_lending_pct,True
1880-11-24,8.41,15.814,0.5151475666167177,2.5,1.5250432877658113,False,0.14226786203649175,False,d_crisis_lending_pct,False
1880-12-01,8.823,14.722000000000001,0.49369550637156273,2.5,1.5663435438877504,False,0.08603666667863445,False,d_reserve_pct,False
1880-12-08,12.762,13.982,0.4572119943755927,2.5,3.681926509138374,True,0.2979248262633343,False,d_lending_to_reserve_pct,True
1880-12-15,13.171,14.296,0.45789692834950835,3.0,0.4254766540778011,False,0.17532557166833243,False,d_reserve_pct,False
1880-12-22,14.697,13.624,0.4293051835512841,3.0,1.4690357635446472,False,0.09005326106056573,False,d_reserve_ratio_pct,False
1880-12-29,19.831,12.917,0.38589310787799125,3.0,3.16690378663627,False,0.24696786492294553,False,d_lending_to_reserve_pct,False
1881-01-05,19.751,12.315,0.36427367113319725,3.0,1.239099745845702,False,0.06076943742442784,False,d_reserve_ratio_pct,False
1881-01-12,13.617999999999999,12.578,0.41237992196977147,3.0,2.871116408466231,False,0.25630279119992044,False,d_crisis_lending_pct,False
1881-01-19,12.038999999999998,12.914,0.43573910989641323,3.5,1.0724779427436129,False,0.23149272214401923,False,d_reserve_ratio_pct,False
1881-01-26,12.201,13.673,0.449488806338144,3.5,1.182284321443578,False,0.03432282501776431,False,d_reserve_pct,False
1881-02-02,12.026,14.145999999999999,0.44821140014574945,3.5,0.6489566061417886,False,0.013096275517777574,False,d_reserve_pct,False
1881-02-09,13.429999999999998,15.229999999999999,0.45327380952380947,3.5,1.5373223882945386,False,0.10466414579179503,False,d_reserve_pct,False
1881-02-16,10.849,16.578,0.4714748876628178,3.5,1.7847697450935784,False,0.16717703680601653,False,d_lending_to_reserve_pct,False
1881-02-23,11.045000000000002,17.419,0.5009778544722463,3.0,1.1761021409902055,False,0.16434127109280136,False,d_reserve_ratio_pct,False
1881-03-02,14.779,16.830000000000002,0.46463475236044394,3.0,3.1986554496132764,False,0.21755996650769002,False,d_crisis_lending_pct,False
1881-03-09,11.165000000000001,17.741999999999997,0.49099211290992106,3.0,1.9991327329482993,False,0.18048236522640015,False,d_crisis_lending_pct,False
1881-03-16,14.714000000000002,17.733,0.46679301903182496,3.0,2.693037754471517,False,0.19448303029810238,False,d_crisis_lending_pct,False
1881-03-23,11.553999999999998,17.887,0.4912661356770119,3.0,1.4894980950152592,False,0.12782183775445377,False,d_crisis_lending_pct,False
1881-03-30,13.559999999999999,17.022,0.47288587620846756,3.0,1.7689417533759522,False,0.11740354213195803,False,d_lending_to_reserve_pct,False
1881-04-06,12.77,15.360000000000001,0.4552190148776006,3.0,1.8156591209889668,False,0.11218588092175259,False,d_reserve_pct,False
1881-04-13,11.999,14.519,0.4399030449931829,3.0,1.0199278427746696,False,0.06220533014456825,False,d_reserve_pct,False
1881-04-20,9.354,15.508,0.48509493571897777,3.0,2.004165107103374,False,0.1866477057327614,False,d_crisis_lending_pct,False
1881-04-27,8.043,15.896999999999998,0.49656400324857863,3.0,1.232274579871172,False,0.06788072007037732,False,d_crisis_lending_pct,False
1881-05-04,7.679000000000001,15.079,0.4831773904127147,2.5,1.0131453723919532,False,0.18614162702334774,False,d_reserve_pct,False
1881-05-11,7.515000000000001,15.277000000000001,0.48479944148260984,2.5,0.08851145009928248,False,0.0015978470904196068,False,d_crisis_lending_pct,False
1881-05-18,8.394,14.892000000000001,0.4583140984211984,2.5,1.24002951087325,False,0.0800651143442554,False,d_lending_to_reserve_pct,False
1881-05-25,7.765000000000001,15.368,0.4722657570449587,2.5,0.5916663803431367,False,0.02982243938637112,False,d_crisis_lending_pct,False
1881-06-01,8.453,14.908000000000001,0.46003826451891633,2.5,1.0682148700227942,False,0.05911201974958456,False,d_lending_to_reserve_pct,False
1881-06-08,8.491,14.753,0.46683754192772614,2.5,0.27754429574373335,False,0.008559940042660977,False,d_lending_to_reserve_pct,False
1881-06-15,9.809,15.971,0.47343926009367404,2.5,1.2971520357283481,False,0.14283618448248628,False,d_reserve_pct,False
1881-06-22,7.875,16.369,0.4888749514679091,2.5,1.3959453049814818,False,0.11489469433124597,False,d_lending_to_reserve_pct,False
1881-06-29,13.738000000000001,16.031,0.4437155747460489,2.5,5.714418144369142,True,0.4540120503896284,True,d_lending_to_reserve_pct,True
1881-07-06,10.0,15.126,0.4459316037735849,2.5,1.6892702760558354,False,0.20509421064897113,False,d_crisis_lending_pct,False
1881-07-13,7.970000000000001,15.143,0.4524214992082699,2.5,1.3048089977200843,False,0.12191921472345144,False,d_lending_to_reserve_pct,False
1881-07-20,7.616,15.115,0.45616417685227095,2.5,0.23759989707507423,False,0.007140785311624303,False,d_crisis_lending_pct,False
1881-07-27,7.6080000000000005,15.039000000000001,0.4571124620060791,2.5,0.1562686888483991,False,0.005553658162857603,False,d_lending_to_reserve_pct,False
1881-08-03,7.5440000000000005,13.328999999999999,0.42422024188415014,2.5,1.948453447978158,False,0.15630608308926772,False,d_reserve_pct,False
1881-08-10,7.556,13.032,0.4355760553494435,2.5,0.40678387621181933,False,0.024958722223994242,False,d_reserve_pct,False
1881-08-17,7.69,13.285,0.4374238582858648,2.5,0.3440281002226318,False,0.007197413321760267,False,d_reserve_pct,False
1881-08-24,8.714,12.925,0.42009295673936364,3.0,0.8553966381882624,False,0.22745744098196202,False,d_lending_to_reserve_pct,False
1881-08-31,10.375,12.578999999999999,0.4006944223234479,4.0,1.1621015747763068,False,0.3306699297571208,False,d_lending_to_reserve_pct,False
1881-09-07,9.791,12.422,0.40312844810800286,4.0,0.3179892417242977,False,0.014746830627545593,False,d_crisis_lending_pct,False
1881-09-14,9.168,12.569,0.410014679497635,4.0,0.3962272159588093,False,0.01649012152750495,False,d_lending_to_reserve_pct,False
1881-09-21,8.69,13.005,0.42102366538249864,4.0,0.6874203866515978,False,0.018856313031385363,False,d_reserve_pct,False
1881-09-28,8.481000000000002,12.509,0.41643917704241296,4.0,0.651675595666694,False,0.026476051804942207,False,d_reserve_pct,False
1881-10-05,12.909000000000002,10.322,0.3046005842948623,4.0,5.177166558244287,True,0.6127161166550567,True,d_reserve_ratio_pct,True
1881-10-12,10.008000000000001,9.918,0.3229882437229296,5.0,1.3004718186736204,False,0.3755666472519403,False,d_crisis_lending_pct,False
1881-10-19,9.745000000000001,10.347,0.35899659981958226,5.0,1.9767501559422969,False,0.08375750540384426,False,d_reserve_ratio_pct,False
1881-10-26,9.213000000000001,10.801,0.3825800510059507,5.0,1.042182807093716,False,0.040543774489492306,False,d_reserve_ratio_pct,False
1881-11-02,8.362,10.134,0.3799490101979604,5.0,1.0566500184371426,False,0.07953818925207028,False,d_reserve_pct,False
1881-11-09,8.190999999999999,10.368,0.3908912682853265,5.0,0.4741670982681768,False,0.007848058606591102,False,d_reserve_pct,False
1881-11-16,8.251,10.445,0.39497069389298545,5.0,0.18370756892263163,False,0.0039685491425838805,False,d_crisis_lending_pct,False
1881-11-23,7.13,10.809000000000001,0.4079791650939836,5.0,0.9872640962768521,False,0.06731462856603886,False,d_lending_to_reserve_pct,False
1881-11-30,13.053,10.799,0.37104865310610224,5.0,5.407603655543534,True,0.5043360446640744,True,d_crisis_lending_pct,True
1881-12-07,10.039000000000001,11.088999999999999,0.3994452649400237,5.0,1.4242547904506744,False,0.1489381363289175,False,d_lending_to_reserve_pct,False
1881-12-14,10.201999999999998,11.249,0.401062464346834,5.0,0.2709758817852336,False,0.005444440128314514,False,d_reserve_pct,False
1881-12-21,11.704,11.277,0.38904988615193536,5.0,1.0720013051384123,False,0.07550592864591586,False,d_crisis_lending_pct,False
1881-12-28,16.491,10.556000000000001,0.34554322563750045,5.0,3.208469106540073,False,0.2785097735130337,False,d_lending_to_reserve_pct,False
1882-01-04,19.518,9.838,0.3161615837002282,5.0,1.747415508448351,False,0.15454746382820542,False,d_reserve_ratio_pct,False
1882-01-11,12.283999999999999,10.075,0.34695915696673324,5.0,2.069143227393857,False,0.2823416131626581,False,d_crisis_lending_pct,False
1882-01-18,11.646,10.856000000000002,0.38017860269655057,5.0,1.678567618711489,False,0.0859975989681903,False,d_reserve_ratio_pct,False
1882-01-25,11.786999999999999,10.975999999999999,0.39226618062256524,5.0,0.466607662396663,False,0.014240528702425773,False,d_reserve_ratio_pct,False
1882-02-01,18.270999999999997,9.175,0.3138146868693779,6.0,4.295995587981372,True,0.6739841114822785,True,d_lending_to_reserve_pct,True
1882-02-08,17.802,9.935,0.3341292796125647,6.0,1.583695235611527,False,0.06320855490371019,False,d_reserve_pct,False
1882-02-15,15.939,11.749,0.3790122262008452,6.0,3.4979937026072667,False,0.323050154779124,False,d_reserve_pct,False
1882-02-22,16.326999999999998,12.418,0.3883051907442151,6.0,1.0868031230734803,False,0.03723578205878579,False,d_reserve_pct,False
1882-03-01,17.902,12.514,0.37932706880872996,5.0,0.8809243349231507,False,0.2867862789077402,False,d_crisis_lending_pct,False
1882-03-08,5.33,13.218,0.4044180638844695,5.0,5.023460061214223,True,0.5304706926734264,True,d_crisis_lending_pct,True
1882-03-15,15.766,14.33,0.42742945773429575,4.0,14.641524246728725,True,0.8435934922974808,True,d_crisis_lending_pct,True
1882-03-22,12.718,15.111999999999998,0.45959672759344294,4.0,1.3285122813478216,False,0.1404753683539497,False,d_lending_to_reserve_pct,False
1882-03-29,16.041999999999998,14.667,0.4299029809186037,3.0,2.0998642632863147,False,0.4198503448321319,True,d_crisis_lending_pct,True
1882-04-05,19.969,12.729999999999999,0.36822770530213184,3.0,2.842571147604562,False,0.3166413641069768,False,d_reserve_ratio_pct,False
1882-04-12,11.745000000000001,13.045,0.42615399692920847,3.0,2.69756932285093,False,0.36397962256887967,False,d_reserve_ratio_pct,False
1882-04-19,10.387,13.277999999999999,0.4369919368109264,3.0,0.5834355870339699,False,0.04443439135527706,False,d_crisis_lending_pct,False
1882-04-26,10.008,13.591,0.4449209414999836,3.0,0.35354494645834783,False,0.005523772601558277,False,d_reserve_pct,False
1882-05-03,8.576,12.481,0.4338199513381995,3.0,1.9728515532491606,False,0.12832209776658637,False,d_reserve_pct,False
1882-05-10,8.574,12.447,0.4307367546804166,3.0,0.3872470845956943,False,0.01044044936310349,False,d_reserve_ratio_pct,False
1882-05-17,8.613999999999999,12.508000000000001,0.4272587532023911,3.0,0.4522867265588647,False,0.008175650684526888,False,d_reserve_ratio_pct,False
1882-05-24,7.846,13.325000000000001,0.4476132889919044,3.0,1.3075903772973247,False,0.06600335777874991,False,d_reserve_pct,False
1882-05-31,11.199,12.574000000000002,0.4096699573192585,3.0,2.9279057029169078,False,0.2850191456787702,False,d_lending_to_reserve_pct,False
1882-06-07,7.936,12.902,0.43657158325719897,3.0,1.5276801778268438,False,0.1932233145461072,False,d_crisis_lending_pct,False
1882-06-14,7.584,13.591999999999999,0.4522074724689756,3.0,1.0146352190776926,False,0.029451085959938995,False,d_reserve_pct,False
1882-06-21,7.432,14.501999999999999,0.4642719938532462,3.0,1.156442132557418,False,0.034253918957619554,False,d_reserve_pct,False
1882-06-28,10.807000000000002,14.059000000000001,0.432850985221675,3.0,3.6373981532512443,True,0.28367248949712437,False,d_crisis_lending_pct,True
1882-07-05,19.281999999999996,12.877999999999998,0.3523489014747325,3.0,6.142612517391824,True,0.5603240013283934,True,d_crisis_lending_pct,True
1882-07-12,11.581,12.456,0.39497716894977164,3.0,2.8950146162413843,False,0.3495126532074085,False,d_crisis_lending_pct,False
1882-07-19,11.274000000000001,12.771999999999998,0.4055633176679791,3.0,0.3015667747596147,False,0.007990144112566495,False,d_reserve_pct,False
1882-07-26,11.814,12.403,0.3959962964145462,3.0,0.7034678916776874,False,0.038227587783469866,False,d_reserve_pct,False
1882-08-02,12.123999999999999,11.214,0.37106647695311207,3.0,1.9341014992248307,False,0.12243618732930833,False,d_reserve_pct,False
1882-08-09,12.006,10.691,0.3662053846680825,3.0,1.000951988145699,False,0.03520845494637622,False,d_reserve_pct,False
1882-08-16,12.254999999999999,10.691,0.38216264521894555,3.0,0.3846564750672804,False,0.028263369515401593,False,d_reserve_ratio_pct,False
1882-08-23,12.49,11.097999999999999,0.38948550572050256,4.0,0.5123014960423377,False,0.25222255465303733,False,d_reserve_pct,False
1882-08-30,12.568000000000001,11.138000000000002,0.3948525241066365,4.0,0.2294900969493235,False,0.00460596376234469,False,d_crisis_lending_pct,False
1882-09-06,12.588999999999999,11.006,0.3957000071906234,4.0,0.379504757340864,False,0.008305523457808318,False,d_reserve_pct,False
1882-09-13,14.421,11.156,0.3952944511374106,4.0,1.2460534717155651,False,0.07490772340663937,False,d_crisis_lending_pct,False
1882-09-20,14.071,11.411,0.4011883415954716,5.0,0.2449588602928292,False,0.2342576379848526,False,d_reserve_pct,False
1882-09-27,15.791,11.544,0.39811014932579236,5.0,0.9278776088843782,False,0.05749394826951218,False,d_crisis_lending_pct,False
1882-10-04,16.887,10.105,0.3549599550372348,5.0,2.4742220110852595,False,0.22428341971717508,False,d_reserve_pct,False
1882-10-11,15.422,9.991999999999999,0.32781076736327547,5.0,1.5620234652188905,False,0.1149511490297108,False,d_reserve_ratio_pct,False
1882-10-18,12.677000000000001,10.257000000000001,0.3605018979333615,5.0,1.4683075823837266,False,0.1263783189489056,False,d_reserve_ratio_pct,False
1882-10-25,12.695,10.42,0.36749664950271566,5.0,0.09702157021713038,False,0.00732414457595001,False,d_reserve_pct,False
1882-11-01,12.682000000000002,9.209999999999999,0.3428124767363954,5.0,2.726057009146916,False,0.15540462745362413,False,d_reserve_pct,False
1882-11-08,12.455,9.712,0.37637575569679116,5.0,1.2701290588744134,False,0.0676192005964018,False,d_reserve_ratio_pct,False
1882-11-15,12.41,9.849,0.39178169378256894,5.0,0.3709580785817174,False,0.014858918243972586,False,d_reserve_ratio_pct,False
1882-11-22,12.347999999999999,10.521,0.4099836333878887,5.0,1.0338670103010021,False,0.03920715987457084,False,d_reserve_pct,False
1882-11-29,12.547,11.009,0.42065645179779143,5.0,0.6047524774175183,False,0.026190242950902207,False,d_reserve_pct,False
1882-12-06,12.620000000000001,10.963,0.4066093019805652,5.0,0.8584960967782926,False,0.021727575035658944,False,d_reserve_ratio_pct,False
1882-12-13,12.102,11.262,0.417049326025774,5.0,0.4105095827935916,False,0.010604956881746062,False,d_crisis_lending_pct,False
1882-12-20,14.13,11.201,0.39803134216978786,5.0,1.646228860437354,False,0.08877374387570354,False,d_crisis_lending_pct,False
1882-12-27,17.333,10.452,0.3625767509626392,5.0,2.22892971577896,False,0.18036999193720335,False,d_crisis_lending_pct,False
1883-01-03,25.828000000000003,9.684000000000001,0.3005866468013782,5.0,4.8259566518245025,True,0.3752068367195406,False,d_crisis_lending_pct,True
1883-01-10,10.693999999999999,10.474,0.37989191541837436,5.0,5.782589524042359,True,0.6264006131067216,True,d_crisis_lending_pct,True
1883-01-17,10.912,11.378,0.409398388025331,5.0,1.300554793899507,False,0.09290193656393952,False,d_reserve_pct,False
1883-01-24,9.164000000000001,12.377,0.44758254077315307,5.0,1.5123665560932633,False,0.15599426383939904,False,d_crisis_lending_pct,False
1883-01-31,7.115,12.7,0.4817723151625507,4.0,2.097241834755559,False,0.38630621401363796,False,d_crisis_lending_pct,False
1883-02-07,9.791,12.956,0.4654404368443742,4.0,3.2332226320815227,False,0.2431517779683672,False,d_crisis_lending_pct,False
1883-02-14,10.972000000000001,13.288,0.45312872975277063,4.0,0.9903360029342567,False,0.061057599353416425,False,d_crisis_lending_pct,False
1883-02-21,13.897,14.034,0.443580504456666,3.5,1.9624157864177014,False,0.3327927531964291,False,d_crisis_lending_pct,False
1883-02-28,15.179,14.057,0.43240333446122614,3.5,0.6867283840193553,False,0.05037298828034939,False,d_crisis_lending_pct,False
1883-03-07,14.382,13.817,0.42774441211070524,3.0,0.657751042119598,False,0.1491009094960654,False,d_reserve_pct,False
1883-03-14,14.205,13.869,0.42415438253104165,3.0,0.20089868494582908,False,0.007903844493542896,False,d_reserve_pct,False
1883-03-21,15.598999999999998,13.596,0.4108297576599988,3.0,0.9085362836608634,False,0.05594702335907279,False,d_crisis_lending_pct,False
1883-03-28,18.323,12.965,0.38459256622467447,3.0,1.6280366837523628,False,0.1193942464692049,False,d_crisis_lending_pct,False
1883-04-04,20.987,11.680000000000001,0.3452454849102894,3.0,2.5577338140910157,False,0.18335750727915448,False,d_reserve_pct,False
1883-04-11,12.748,11.498,0.3722119711242757,3.0,3.7071892804156565,True,0.3096546780126711,False,d_crisis_lending_pct,True
1883-04-18,11.014,11.302,0.37704753961634696,3.0,1.2939806754074263,False,0.06648965322428319,False,d_crisis_lending_pct,False
1883-04-25,10.373000000000001,11.323,0.38406485313072386,3.0,0.5619647437627765,False,0.013574976325123998,False,d_crisis_lending_pct,False
1883-05-02,13.480999999999998,10.491,0.3431908142235598,3.0,2.788524713398757,False,0.2294513910451128,False,d_crisis_lending_pct,False
1883-05-09,12.995,10.307,0.33645622510935563,3.0,0.4827708048385159,False,0.019017845395499226,False,d_reserve_pct,False
1883-05-16,14.108,9.82,0.32568320509418947,4.0,1.1086784096365174,False,0.27172602596392165,False,d_reserve_pct,False
1883-05-23,11.74,10.413,0.3533543723913265,4.0,1.4311955728698662,False,0.12646162855824258,False,d_reserve_ratio_pct,False
1883-05-30,13.097999999999999,10.732000000000001,0.3544956067913061,4.0,0.8914458404194986,False,0.06232154231904492,False,d_crisis_lending_pct,False
1883-06-06,12.799,10.943,0.3595649602418348,4.0,0.4032137670811794,False,0.003621186559783562,False,d_reserve_pct,False
1883-06-13,10.877,11.943000000000001,0.39963192236908157,4.0,2.1114117267996018,False,0.16504791960944093,False,d_reserve_pct,False
1883-06-20,11.123999999999999,12.747,0.41228410634581797,4.0,1.5383068088570855,False,0.046886593868124986,False,d_reserve_pct,False
1883-06-27,11.076,12.715,0.41546856620049666,4.0,0.12656678208911942,False,0.004807563986723121,False,d_reserve_pct,False
1883-07-04,18.259999999999998,11.349,0.3538821328344247,4.0,5.776624912398635,True,0.48242059095854306,True,d_crisis_lending_pct,True
1883-07-11,10.791,11.646,0.4263747528739841,4.0,3.6976401620631485,True,0.4122878731273056,True,d_crisis_lending_pct,True
1883-07-18,12.075,11.812,0.417340917923895,4.0,0.8996339877641412,False,0.056458806628476,False,d_crisis_lending_pct,False
1883-07-25,10.645,12.418,0.4449779625183645,4.0,1.1658797494947757,False,0.0756861274245302,False,d_reserve_pct,False
1883-08-01,10.491999999999999,12.25,0.4470150343015618,4.0,0.6363396002161987,False,0.00780692919959631,False,d_reserve_pct,False
1883-08-08,9.638,12.25,0.4570724972948771,4.0,0.6279470978404861,False,0.024776080452346135,False,d_crisis_lending_pct,False
1883-08-15,9.642,12.822000000000001,0.46865748017105896,4.0,1.020258226836248,False,0.022498751717348567,False,d_reserve_pct,False
1883-08-22,10.573999999999998,13.414000000000001,0.47013879153231464,4.0,1.0045810922248464,False,0.06766423278680352,False,d_reserve_pct,False
1883-08-29,10.812999999999999,13.916,0.478344562078922,4.0,0.689399089288105,False,0.0181008481526227,False,d_reserve_pct,False
1883-09-05,10.705,13.943,0.4805776720780339,4.0,0.34907153871326835,False,0.0027237797201698053,False,d_reserve_pct,False
1883-09-12,10.466,14.481000000000002,0.46504383570442215,4.0,0.6887490171168512,False,0.03778267046735496,False,d_reserve_ratio_pct,False
1883-09-19,10.11,14.603,0.4693385614192968,3.5,0.23997438490277068,False,0.12125978064034681,False,d_crisis_lending_pct,False
1883-09-26,10.039000000000001,14.836,0.4761843625625883,3.5,0.15640277901342572,False,0.0035919665130471046,False,d_reserve_ratio_pct,False
1883-10-03,10.288,12.894,0.44233276157804463,3.0,4.080498949415136,True,0.34016502996042014,False,d_reserve_pct,True
1883-10-10,10.041,12.677,0.4260890024200053,3.0,0.8000909993071519,False,0.03149461534130882,False,d_reserve_ratio_pct,False
1883-10-17,8.524000000000001,12.588,0.4411579168711011,3.0,1.203907076080082,False,0.07488469705066557,False,d_crisis_lending_pct,False
1883-10-24,8.682,12.710999999999999,0.4423987191981066,3.0,0.18435090940444626,False,0.007565696389621828,False,d_lending_to_reserve_pct,False
1883-10-31,8.271,12.08,0.4338924607593118,3.0,1.5148231840035353,False,0.0467366375570915,False,d_reserve_pct,False
1883-11-07,8.357000000000001,12.136000000000001,0.43659387703709035,3.0,0.1822412329953002,False,0.003547576685653946,False,d_lending_to_reserve_pct,False
1883-11-14,8.115,12.368,0.43005667790952395,3.0,0.4308638702742382,False,0.01844573091745437,False,d_reserve_ratio_pct,False
1883-11-21,8.213,12.719999999999999,0.42970069589892573,3.0,0.6425351755902923,False,0.015435288203688394,False,d_reserve_pct,False
1883-11-28,8.063,13.036000000000001,0.4345767910124346,3.0,0.5561765089406514,False,0.003930851906058748,False,d_reserve_pct,False
1883-12-05,7.714,12.497,0.4255456805257602,3.0,1.4027600115161811,False,0.03869546544516643,False,d_reserve_pct,False
1883-12-12,8.149999999999999,12.984,0.44164767509098946,3.0,0.9123896308965683,False,0.0423484254568098,False,d_reserve_pct,False
1883-12-19,9.047,12.989,0.433486850887732,3.0,1.0709974811469294,False,0.055157108872544214,False,d_lending_to_reserve_pct,False
1883-12-24,12.337,12.325000000000001,0.40051343710395476,3.0,3.928814879968863,True,0.24743618059162625,False,d_lending_to_reserve_pct,True
1884-01-02,19.82,11.571,0.34294605809128625,3.0,6.3208660732859405,True,0.39698232916823717,False,d_lending_to_reserve_pct,True
1884-01-09,15.07,11.622000000000002,0.36707621363823,3.0,2.006195859865153,False,0.1432720192564144,False,d_lending_to_reserve_pct,False
1884-01-16,11.168000000000001,12.096,0.4066019025849608,3.0,2.5617411094944442,False,0.1968641342110772,False,d_reserve_ratio_pct,False
1884-01-23,10.236999999999998,12.651,0.4196576660253433,3.0,1.2118455397189556,False,0.04548299547872386,False,d_reserve_pct,False
1884-01-30,9.496,12.598,0.4176640254616584,3.0,0.5496993103832957,False,0.02772606838649972,False,d_crisis_lending_pct,False
1884-02-06,10.371,12.212,0.4074333566876856,3.0,1.2196161229523936,False,0.06040199586116055,False,d_lending_to_reserve_pct,False
1884-02-13,13.613999999999999,12.889999999999999,0.41082355940846504,3.5,2.7640602363588105,False,0.3783080836604226,False,d_crisis_lending_pct,False
1884-02-20,15.728,13.706999999999999,0.41040150902721634,3.5,1.5609991133058723,False,0.11689872980262705,False,d_reserve_pct,False
1884-02-27,16.532,14.065,0.4104172745841845,3.5,0.5797460688349708,False,0.024999876885786282,False,d_crisis_lending_pct,False
1884-03-05,19.391,13.927999999999999,0.39065436288671357,3.5,1.693617533147873,False,0.09201441083507034,False,d_lending_to_reserve_pct,False
1884-03-12,16.811999999999998,15.109,0.43652490465734434,3.5,3.2017418742633508,False,0.15453753826751657,False,d_reserve_ratio_pct,False
1884-03-19,15.344000000000001,16.979,0.47259721101121716,3.0,3.0233762882134574,False,0.28697876538320866,False,d_reserve_pct,False
1884-03-26,14.649999999999999,16.581,0.47348582198235245,3.0,0.7729101707734707,False,0.0165000854132979,False,d_reserve_pct,False
1884-04-02,15.514,15.548,0.4473086107195259,3.0,1.7750417824025249,False,0.08704949302097963,False,d_reserve_pct,False
1884-04-09,11.236,15.086,0.46065528718434157,2.5,2.435045641366206,False,0.3159810220797554,False,d_crisis_lending_pct,False
1884-04-16,9.321,15.373000000000001,0.4800612060081817,2.5,1.4905946687744618,False,0.08064638223735447,False,d_lending_to_reserve_pct,False
1884-04-23,8.346,15.777000000000001,0.4933087361640923,2.5,0.8113151323809087,False,0.04441369298470491,False,d_crisis_lending_pct,False
1884-04-30,8.184,15.325,0.4876069871774476,2.5,0.9477733530047278,False,0.018994467686644305,False,d_reserve_pct,False
1884-05-07,8.038,15.188,0.48238843893917743,2.5,0.48836717777819166,False,0.010156985484672976,False,d_reserve_pct,False
1884-05-14,7.856,15.075,0.48250808181032545,2.5,0.5016550495866159,False,0.006100498054171625,False,d_reserve_pct,False
1884-05-21,7.914,15.36,0.4847107829215185,2.5,0.25134336137933777,False,0.0046612863520700066,False,d_crisis_lending_pct,False
1884-05-28,8.09,15.552,0.48347685516212263,2.5,0.4246414367420952,False,0.009556352659701265,False,d_crisis_lending_pct,False
1884-06-04,8.07,14.584,0.4700270723217739,2.5,2.006551153491933,False,0.058116227010791034,False,d_reserve_pct,False
1884-06-11,8.449,15.349,0.47108833098029584,2.5,1.2194628998050017,False,0.03905873548654816,False,d_reserve_pct,False
1884-06-18,8.343,15.866,0.4714026799774192,2.5,0.6914830639737934,False,0.008987271683537017,False,d_reserve_pct,False
1884-06-25,8.663,15.876000000000001,0.47139166839870544,2.0,0.6252248240286304,False,0.1361317503522577,False,d_lending_to_reserve_pct,False
1884-07-02,12.075,14.356,0.42756730998332143,2.0,7.20778850404982,True,0.3066532276542589,False,d_lending_to_reserve_pct,True
1884-07-09,11.455000000000002,14.225999999999999,0.432046648647007,2.0,0.5144604929633971,False,0.012043129279237202,False,d_crisis_lending_pct,False
1884-07-16,9.549,14.31,0.4468663148362114,2.0,2.3999237013729857,False,0.08164576959790742,False,d_lending_to_reserve_pct,False
1884-07-23,9.456,14.561,0.45161590472055085,2.0,0.3630728400834334,False,0.0008975273728815223,False,d_reserve_pct,False
1884-07-30,9.551000000000002,14.123000000000001,0.4451413622466669,2.0,0.9942797612321994,False,0.02479112531449687,False,d_reserve_pct,False
1884-08-06,9.739,12.758,0.4187481537401122,2.0,2.806450443526262,False,0.12061257957908487,False,d_reserve_pct,False
1884-08-13,9.347999999999999,12.751,0.4211725846407927,2.0,0.493614956330037,False,0.006132842636434509,False,d_crisis_lending_pct,False
1884-08-20,9.700000000000001,13.151,0.43975923758568797,2.0,1.4257143023945371,False,0.03613425773122438,False,d_reserve_ratio_pct,False
1884-08-27,9.285,13.44,0.45055313442842776,2.0,0.7999208059930348,False,0.00913149630227734,False,d_lending_to_reserve_pct,False
1884-09-03,9.058,13.097999999999999,0.44831599123767796,2.0,0.8251872618677718,False,0.016548535196556264,False,d_reserve_pct,False
1884-09-10,9.123999999999999,13.378,0.45491022850924917,2.0,0.4877560036508251,False,0.007313607130592581,False,d_reserve_pct,False
1884-09-17,8.565,13.359,0.4546351756057718,2.0,0.7496121750167927,False,0.018307390297749915,False,d_crisis_lending_pct,False
1884-09-24,8.706,13.244,0.45090562440419446,2.0,0.4271272787783091,False,0.011206239654278253,False,d_lending_to_reserve_pct,False
1884-10-01,12.709,11.269,0.38262257232106484,2.0,9.773810509388156,True,0.4456082892840466,True,d_lending_to_reserve_pct,True
1884-10-08,13.581,10.472999999999999,0.330649744269748,2.0,4.523500666479922,True,0.18692556871996563,False,d_reserve_ratio_pct,True
1884-10-15,9.107,10.28,0.3551808727498877,3.0,4.372664722907124,True,0.44167874723587675,True,d_crisis_lending_pct,True
1884-10-22,9.094,10.644,0.3702776038405344,3.0,1.2799524334113994,False,0.021389984728084784,False,d_reserve_ratio_pct,False
1884-10-29,9.638,10.062000000000001,0.3592801542526602,3.0,1.6286790362240873,False,0.06787469615722301,False,d_lending_to_reserve_pct,False
1884-11-05,10.642,9.517000000000001,0.34260925912592705,4.0,2.1674111877150044,False,0.29280607119240776,False,d_lending_to_reserve_pct,False
1884-11-12,10.401,9.76,0.36036036036036034,5.0,1.475189697595274,False,0.2543980069918625,False,d_reserve_ratio_pct,False
1884-11-19,9.926,10.707,0.38465960122148374,5.0,2.1855552925259363,False,0.09120500572362704,False,d_reserve_pct,False
1884-11-26,9.282,11.026,0.3953955389801334,5.0,0.7144564013828406,False,0.02379656562540175,False,d_lending_to_reserve_pct,False
1884-12-03,11.678999999999998,11.194,0.3838820301783265,5.0,2.8913619685859406,False,0.1537618432298936,False,d_crisis_lending_pct,False
1884-12-10,10.678,12.117,0.41442643135645396,5.0,1.9426368595641355,False,0.0933998073798917,False,d_reserve_ratio_pct,False
1884-12-17,12.704999999999998,12.476,0.4067023079932195,5.0,2.1773178377443867,False,0.10330513299497023,False,d_crisis_lending_pct,False
1884-12-24,14.335999999999999,11.517000000000001,0.37982323065760837,5.0,1.789517156476416,False,0.12780935100209545,False,d_reserve_pct,False
1884-12-31,22.192,11.408000000000001,0.33501703277340544,5.0,6.157364189494094,True,0.34977414942310564,False,d_crisis_lending_pct,True
1885-01-07,17.781999999999996,11.274000000000001,0.33296907764553,5.0,2.140416508493805,False,0.12227126177183247,False,d_crisis_lending_pct,False
1885-01-14,9.732,12.121,0.4106864538862912,5.0,5.974669008814169,True,0.502039493536298,True,d_reserve_ratio_pct,True
1885-01-21,8.938,13.016,0.4338088254899347,5.0,1.747011027372432,False,0.0751516395939217,False,d_reserve_pct,False
1885-01-28,8.252,13.938,0.4552670259676629,5.0,1.5231156512575759,False,0.06465207196146155,False,d_reserve_pct,False
1885-02-04,7.5329999999999995,13.985999999999999,0.4652849396187498,4.0,0.8444099007750346,False,0.25611957614650444,False,d_crisis_lending_pct,False
1885-02-11,8.661999999999999,14.878,0.46652660625254777,4.0,1.7892846280765677,False,0.11126341115721362,False,d_crisis_lending_pct,False
1885-02-18,8.738,15.923,0.4823105349245774,4.0,1.5520812491730194,False,0.041472978408850836,False,d_reserve_pct,False
1885-02-25,11.983,16.549,0.4702890107704112,4.0,4.280578331705775,True,0.2462787111036909,False,d_crisis_lending_pct,True
1885-03-04,12.175,16.490000000000002,0.4692390871322066,4.0,0.3207649959780974,False,0.007052913012129083,False,d_crisis_lending_pct,False
1885-03-11,12.811,17.407,0.47232322135996097,4.0,1.1481727620468358,False,0.04622897027622034,False,d_reserve_pct,False
1885-03-18,11.423,18.270000000000003,0.49194894717001464,4.0,1.211791983591593,False,0.05843208168575445,False,d_crisis_lending_pct,False
1885-03-25,12.551,17.923000000000002,0.481399908678252,3.5,1.159850289882043,False,0.1890139603572926,False,d_crisis_lending_pct,False
1885-04-01,15.015,16.466,0.4475551085863391,3.5,2.3626553286082617,False,0.17006267769150257,False,d_lending_to_reserve_pct,False
1885-04-08,10.943999999999999,16.16,0.47236269036274886,3.5,3.100433773162171,False,0.1688202579558942,False,d_crisis_lending_pct,False
1885-04-15,9.515999999999998,16.698,0.48222485343806853,3.5,1.4804529072851649,False,0.06499840337232703,False,d_crisis_lending_pct,False
1885-04-22,9.661000000000001,17.204,0.48768319301527907,3.5,0.6203982882997392,False,0.013101132470243516,False,d_reserve_pct,False
1885-04-29,8.466999999999999,18.034000000000002,0.5101988853368037,3.5,1.4572613847961797,False,0.06822549476988088,False,d_crisis_lending_pct,False
1885-05-06,8.287,17.786,0.5066514741489816,3.5,0.5556531363847653,False,0.012151038604852128,False,d_reserve_pct,False
1885-05-13,8.325,17.548000000000002,0.5083577160404416,3.0,0.5466846250744646,False,0.12730164739352523,False,d_reserve_pct,False
1885-05-20,8.315999999999999,17.908,0.5094591903502034,2.5,0.27385046000244817,False,0.11804414244653776,False,d_reserve_pct,False
1885-05-27,8.265,18.369,0.518166431593794,2.5,0.3672697529302719,False,0.006145566783029951,False,d_reserve_pct,False
1885-06-03,8.251,17.892,0.5081222310575939,2.0,0.8844875872419015,False,0.14719737842129837,False,d_reserve_pct,False
1885-06-10,8.206,18.209,0.5185680924987184,2.0,0.4288352642305321,False,0.004883345316048118,False,d_reserve_ratio_pct,False
1885-06-17,8.369,19.02,0.5274396162058733,2.0,0.8222597948298946,False,0.027704444111839328,False,d_reserve_pct,False
1885-06-24,8.475000000000001,18.955000000000002,0.5249238438105789,2.0,0.33861255221678704,False,0.008089716747767059,False,d_reserve_pct,False
1885-07-01,11.02,17.433,0.4887574296287989,2.0,3.4732775476182014,False,0.23400328204946225,False,d_crisis_lending_pct,False
1885-07-08,11.324,17.14,0.4451023164017867,2.0,2.3264241322987664,False,0.09654310541323848,False,d_reserve_ratio_pct,False
1885-07-15,11.233,17.837,0.4558744600914969,2.0,0.5848440714071026,False,0.012806678799183385,False,d_reserve_pct,False
1885-07-22,10.143999999999998,17.517,0.45138763625119177,2.0,1.1368225211114729,False,0.04395725543272645,False,d_crisis_lending_pct,False
1885-07-29,10.142999999999999,17.248,0.4497991967871486,2.0,0.6095219410770791,False,0.01081354499544086,False,d_reserve_pct,False
1885-08-05,9.100000000000001,15.883000000000001,0.43081888952179453,2.0,2.183702891973618,False,0.11379578041659905,False,d_reserve_pct,False
1885-08-12,8.649999999999999,15.402000000000001,0.4472644906493205,2.0,0.9545788637141845,False,0.039854383458008014,False,d_reserve_pct,False
1885-08-19,8.364,16.112000000000002,0.46309496435962294,2.0,0.8477116636031387,False,0.019339224751935127,False,d_reserve_pct,False
1885-08-26,8.592,15.718,0.45256399182286716,2.0,0.6402571397839927,False,0.029479129111216414,False,d_lending_to_reserve_pct,False
1885-09-02,8.616,15.109,0.4414609203798393,2.0,0.9168875347218629,False,0.0323814938993268,False,d_reserve_pct,False
1885-09-09,10.837,13.944,0.41916671676787115,2.0,3.15408964180768,False,0.20820169524137547,False,d_lending_to_reserve_pct,False
1885-09-16,10.7,14.131,0.42731863678974263,2.0,0.4028372846954265,False,0.002255305097715777,False,d_reserve_ratio_pct,False
1885-09-23,10.775000000000002,13.797,0.41919606234618545,2.0,0.5068133753645443,False,0.018780561642246365,False,d_reserve_ratio_pct,False
1885-09-30,10.793,12.458,0.3695529649075969,2.0,2.858428969220079,False,0.17432088565440362,False,d_reserve_ratio_pct,False
1885-10-07,10.735,11.705,0.3316803627089827,2.0,2.4813255156113754,False,0.12905852859696768,False,d_reserve_ratio_pct,False
1885-10-14,10.523,12.158,0.34765948929112694,2.0,1.0823845205432936,False,0.01864530336026062,False,d_reserve_ratio_pct,False
1885-10-21,10.216,11.701,0.3528329765099659,2.0,0.7895770217397896,False,0.02837724046631725,False,d_reserve_pct,False
1885-10-28,10.389,11.845,0.39450457951706913,2.0,2.851441629932349,False,0.1212144263161638,False,d_reserve_ratio_pct,False
1885-11-04,9.687000000000001,11.343,0.39081449834619625,2.0,1.1270983462109376,False,0.04897280137471853,False,d_reserve_pct,False
1885-11-11,8.286999999999999,11.772,0.41972403465611297,2.0,1.7851717900275335,False,0.0920839176136568,False,d_crisis_lending_pct,False
1885-11-18,8.125,12.290999999999999,0.45202456695230037,3.0,1.848939127769625,False,0.2855459298068419,False,d_reserve_ratio_pct,False
1885-11-25,7.747999999999999,12.927999999999999,0.4647350636278668,3.0,0.9229112704758806,False,0.02943063466326617,False,d_reserve_pct,False
1885-12-02,7.837,12.161999999999999,0.44922986000812615,3.0,1.1652722603795758,False,0.06269489866071747,False,d_reserve_pct,False
1885-12-09,7.306999999999999,12.242999999999999,0.4625760380851626,3.0,1.1626033649280534,False,0.01987253943033837,False,d_crisis_lending_pct,False
1885-12-16,8.552999999999999,12.298,0.46339349636384186,3.0,3.157192814551228,False,0.09784789957845724,False,d_crisis_lending_pct,False
1885-12-23,10.972999999999999,11.620000000000001,0.43340419976875166,4.0,5.196386080387212,True,0.418129043530283,True,d_crisis_lending_pct,True
1885-12-30,13.950000000000001,11.351999999999999,0.3907072792978833,4.0,4.985259277472468,True,0.19345074338715368,False,d_crisis_lending_pct,True
1886-01-06,12.008,10.782,0.32639099110007874,4.0,4.215596238140516,True,0.2548194860490689,False,d_reserve_ratio_pct,True
1886-01-13,8.956,11.628,0.36723092470944924,4.0,4.5461835587804575,True,0.2433506576839612,False,d_crisis_lending_pct,True
1886-01-20,8.623,12.4,0.39650816998688965,4.0,1.9289878337150668,False,0.06224778096365882,False,d_reserve_ratio_pct,False
1886-01-27,8.386,13.632,0.4358195594488315,3.0,2.4173472851764,False,0.34428127566063493,False,d_reserve_ratio_pct,False
1886-02-03,7.701,13.378,0.4537684010582729,3.0,1.7565521860264226,False,0.03997972658151554,False,d_crisis_lending_pct,False
1886-02-10,7.361,14.27,0.474559361489857,3.0,1.3796601610709172,False,0.045718970946432035,False,d_reserve_pct,False
1886-02-17,6.764,14.904,0.48937777048103764,3.0,1.5593285618663484,False,0.04221662716527519,False,d_crisis_lending_pct,False
1886-02-24,6.7170000000000005,15.3,0.4957874270900842,2.0,0.6312433014264652,False,0.2382113792612957,False,d_reserve_pct,False
1886-03-03,7.409000000000001,14.421999999999999,0.4630152818800565,2.0,2.268555762581609,False,0.09282183820090124,False,d_crisis_lending_pct,False
1886-03-10,7.043,14.636,0.46794769319308116,2.0,0.8677081658264012,False,0.007129727504447826,False,d_crisis_lending_pct,False
1886-03-17,14.595000000000002,14.584999999999999,0.4139585048108307,2.0,22.337345221633072,True,0.6452304248043901,True,d_crisis_lending_pct,True
1886-03-24,14.739,14.533,0.4136684504155755,2.0,0.41231962303403136,False,0.005786010976024534,False,d_lending_to_reserve_pct,False
1886-03-31,15.157000000000002,13.748,0.399152222512557,2.0,1.2684766647885863,False,0.05870664682123941,False,d_lending_to_reserve_pct,False
1886-04-07,10.471,12.768,0.40961149786660683,2.0,6.801978431303992,True,0.24349966066670803,False,d_crisis_lending_pct,True
1886-04-14,7.869,12.716000000000001,0.4251847393586786,2.0,5.438356187964867,True,0.14284272252491995,False,d_crisis_lending_pct,True
1886-04-21,7.931,12.431999999999999,0.41502253380070103,2.0,0.6206706557193974,False,0.019078691741419726,False,d_reserve_ratio_pct,False
1886-04-28,8.186,12.457,0.41649670667692,2.0,0.8528929324872376,False,0.015076524248415574,False,d_crisis_lending_pct,False
1886-05-05,9.242,11.739,0.39413779210314265,2.0,2.7831245547899304,False,0.09976603555359098,False,d_crisis_lending_pct,False
1886-05-12,8.649999999999999,10.72,0.37400132575096817,3.0,1.481801901498386,False,0.31921135179614624,False,d_reserve_pct,False
1886-05-19,8.662,11.067,0.3762238237693772,3.0,0.7803425061204715,False,0.009214892516204205,False,d_reserve_pct,False
1886-05-26,8.576,10.988,0.3765205770482815,3.0,0.09861666028288647,False,0.0065009864133485735,False,d_lending_to_reserve_pct,False
1886-06-02,8.488,10.616,0.36891854323046985,3.0,0.456892664081661,False,0.023710123164470055,False,d_reserve_ratio_pct,False
1886-06-09,8.146,11.399,0.39296056260341966,3.0,1.5714503461322515,False,0.060512626578508234,False,d_reserve_pct,False
1886-06-16,7.993,11.743,0.40196481139179846,2.5,0.7515171659353653,False,0.12022306511792484,False,d_reserve_pct,False
1886-06-23,8.024000000000001,12.447000000000001,0.41430616116899116,2.5,1.2436880467374554,False,0.030612004756637796,False,d_reserve_pct,False
1886-06-30,12.239,11.828000000000001,0.376687898089172,2.5,10.536108929124413,True,0.3435892142401477,False,d_crisis_lending_pct,True
1886-07-07,11.725999999999999,11.306000000000001,0.3556352426787456,2.5,1.1695560868422095,False,0.06499243135658862,False,d_reserve_ratio_pct,False
1886-07-14,7.6690000000000005,11.555,0.39333492187765934,2.5,6.116014885229268,True,0.26676341255495584,False,d_crisis_lending_pct,True
1886-07-21,7.7669999999999995,11.543,0.39837791199309747,2.5,0.4768313401677328,False,0.0070495814288987135,False,d_crisis_lending_pct,False
1886-07-28,7.488,11.937999999999999,0.4223896967767045,2.5,0.9405392635322262,False,0.03102422759080892,False,d_reserve_ratio_pct,False
1886-08-04,8.692,11.488,0.40967120747450253,2.5,3.3895825778853252,False,0.1013701549498039,False,d_crisis_lending_pct,False
1886-08-11,9.106,11.752,0.4230686154510764,2.5,1.1359765327317708,False,0.034260790835765366,False,d_crisis_lending_pct,False
1886-08-18,7.9719999999999995,12.346,0.44296939471134866,2.5,2.1191895880506957,False,0.07163844040000779,False,d_crisis_lending_pct,False
1886-08-25,8.11,12.222,0.43951380897583425,2.5,0.5074974424880062,False,0.013027904337540818,False,d_crisis_lending_pct,False
1886-09-01,7.944,12.162,0.4420455784538218,3.5,0.16697865188109948,False,0.2206414240722823,False,d_crisis_lending_pct,False
1886-09-08,7.804,12.158,0.4726325610324988,3.5,1.0122016365913742,False,0.04510136525698072,False,d_reserve_ratio_pct,False
1886-09-15,7.994,12.616999999999999,0.4882362046281247,3.5,0.7312804238099804,False,0.02608143682304697,False,d_reserve_pct,False
1886-09-22,8.054,12.75,0.48749713236980957,3.5,0.397175747175686,False,0.00601810543074243,False,d_crisis_lending_pct,False
1886-09-29,15.259,11.812,0.41204172044511106,3.5,16.076581692013722,True,0.6024420777669223,True,d_crisis_lending_pct,True
1886-10-06,15.321,10.723,0.3347485405675397,3.5,3.5113917917971698,True,0.27926413018135954,False,d_reserve_ratio_pct,True
1886-10-13,7.978999999999999,10.632,0.37724869602242483,3.5,8.148517481621292,True,0.42478236883035886,True,d_crisis_lending_pct,True
1886-10-20,7.9879999999999995,10.792,0.40362031565562123,3.5,1.0170819159274653,False,0.045671467097995286,False,d_reserve_ratio_pct,False
1886-10-27,8.038,10.94,0.4175253797420044,4.0,0.4001418819989902,False,0.1724227112917601,False,d_reserve_ratio_pct,False
1886-11-03,9.283,10.456,0.3895968403010656,4.0,2.860449300902014,False,0.10675748525341187,False,d_crisis_lending_pct,False
1886-11-10,8.004000000000001,10.94,0.4062987447077174,4.0,2.2652071873760504,False,0.0773862849768114,False,d_crisis_lending_pct,False
1886-11-17,6.619,11.293000000000001,0.42740897736734546,4.0,2.7533876510432287,False,0.0933481785327697,False,d_crisis_lending_pct,False
1886-11-24,6.439,11.632,0.4492680854350932,4.0,0.689027724872593,False,0.023583402427588784,False,d_reserve_ratio_pct,False
1886-12-01,7.171,11.363999999999999,0.4443575506373661,4.0,2.042805218627553,False,0.06797163812934738,False,d_crisis_lending_pct,False
1886-12-08,7.208,11.659,0.4585463698576261,4.0,0.542733253488225,False,0.015060042526526521,False,d_reserve_pct,False
1886-12-15,8.624,11.643,0.4377561379102907,4.0,3.4914787474881708,False,0.10359213668159523,False,d_crisis_lending_pct,False
1886-12-22,9.584000000000001,10.635,0.40484982298526784,5.0,2.000530145733837,False,0.34613137776234587,False,d_crisis_lending_pct,False
1886-12-29,15.301,10.133,0.35553138486368896,5.0,10.498066626133621,True,0.3790919544611909,False,d_crisis_lending_pct,True
1887-01-05,15.255,10.229000000000001,0.3104589049411194,5.0,2.390981574776944,False,0.13782180860513363,False,d_reserve_ratio_pct,False
1887-01-12,7.212,10.883000000000001,0.38261144705386024,5.0,9.312934391386962,True,0.5498765040917829,True,d_crisis_lending_pct,True
1887-01-19,6.83,11.711,0.41965885472658215,5.0,1.5637683377999247,False,0.08581230912074085,False,d_reserve_pct,False
1887-01-26,6.692,12.873999999999999,0.47306533401925477,5.0,2.036905350848437,False,0.14839569367762348,False,d_reserve_pct,False
1887-02-02,6.694,13.235,0.48085307368115093,5.0,0.5540821246591567,False,0.00779220521892517,False,d_reserve_pct,False
1887-02-09,6.638999999999999,13.969,0.5035688536409516,4.0,1.11260520964702,False,0.2687816066695919,False,d_reserve_pct,False
1887-02-16,7.551,14.916,0.5159103486441616,4.0,2.5205520968319597,False,0.11211631641081772,False,d_crisis_lending_pct,False
1887-02-23,10.046,15.581,0.5041905316635925,4.0,5.800249748419275,True,0.23372901995932122,False,d_crisis_lending_pct,True
1887-03-02,13.859,15.3,0.4631311296767163,4.0,6.669688996586489,True,0.23474603305372185,False,d_crisis_lending_pct,True
1887-03-09,10.366,15.931000000000001,0.490788662969809,4.0,4.506453361970367,True,0.17066847080369152,False,d_crisis_lending_pct,True
1887-03-16,11.613,16.471,0.4906317952995145,3.5,2.0820908243188616,False,0.19089312195388208,False,d_crisis_lending_pct,False
1887-03-23,11.642999999999999,17.056,0.49762217359591543,3.5,0.5124821122499236,False,0.01115623862100338,False,d_reserve_pct,False
1887-03-30,13.024999999999999,16.72,0.4878902830463963,3.0,1.7432314701849394,False,0.20453853560334168,False,d_crisis_lending_pct,False
1887-04-06,13.093,15.224,0.4577269993986771,3.0,2.0265021239155616,False,0.10973381528134465,False,d_reserve_pct,False
1887-04-13,7.344000000000001,15.386,0.5036169028837026,3.0,7.826940186293101,True,0.35618951164666907,False,d_crisis_lending_pct,True
1887-04-20,7.046,15.672,0.5040362782619883,2.5,0.7101448950391599,False,0.12363126201333795,False,d_crisis_lending_pct,False
1887-04-27,7.034000000000001,15.870999999999999,0.5124305824615781,2.5,0.05385301202756118,False,0.00420592792973494,False,d_reserve_ratio_pct,False
1887-05-04,7.151999999999999,14.780000000000001,0.4856251026778381,2.0,1.6693271068712683,False,0.23122548283494793,False,d_reserve_pct,False
1887-05-11,7.225,14.42,0.4715654534157428,2.0,0.7651851162158352,False,0.02773740505646925,False,d_reserve_pct,False
1887-05-18,6.927999999999999,14.645000000000001,0.47474714730290457,2.0,0.8327188058405319,False,0.0042658622338955406,False,d_crisis_lending_pct,False
1887-05-25,6.947,14.886999999999999,0.47875864286862835,2.0,0.08777092998085802,False,0.004150697031186392,False,d_reserve_ratio_pct,False
1887-06-01,6.981,14.395999999999999,0.4672357274999188,2.0,0.9648199349604116,False,0.025280953244616575,False,d_reserve_pct,False
1887-06-08,6.9399999999999995,14.714,0.4735300743410678,2.0,0.1801886990660969,False,0.0034959428105770514,False,d_crisis_lending_pct,False
1887-06-15,6.904999999999999,15.445,0.4843211037942929,2.0,0.7232841229539052,False,0.01961304587852425,False,d_reserve_pct,False
1887-06-22,6.969,15.19,0.47743273824490823,2.0,0.6304134409097976,False,0.015643128755343853,False,d_reserve_pct,False
1887-06-29,10.519,14.132,0.43177512985029026,2.0,9.92807432723649,True,0.35181319745323075,False,d_crisis_lending_pct,True
1887-07-06,11.689999999999998,12.805,0.38561146746167974,2.0,2.2698771306804577,False,0.1662477625483387,False,d_reserve_pct,False
1887-07-13,8.079,12.856,0.40849008642602946,2.0,5.228571034131521,True,0.20334291807836877,False,d_crisis_lending_pct,True
1887-07-20,8.291,13.046999999999999,0.4108126830189867,2.0,0.36309552315338595,False,0.00780864387613923,False,d_crisis_lending_pct,False
1887-07-27,8.412,12.418,0.4026588845654993,2.0,1.3369568214404377,False,0.04264005095230448,False,d_reserve_pct,False
1887-08-03,8.784,11.120999999999999,0.38411854103343457,2.0,2.592532176411495,False,0.13621962991827324,False,d_reserve_pct,False
1887-08-10,8.56,11.283999999999999,0.4082046087617118,3.0,0.9744532589796187,False,0.2500663047899021,False,d_reserve_ratio_pct,False
1887-08-17,8.436,11.531,0.41795643191126897,3.0,0.44581319834594335,False,0.00856205267134325,False,d_crisis_lending_pct,False
1887-08-24,8.331,11.794,0.4249477552785184,3.0,0.4132187024440084,False,0.003015372572109162,False,d_crisis_lending_pct,False
1887-08-31,8.077,11.683,0.4250836850531218,3.0,0.7157999052231201,False,0.007693027754225768,False,d_crisis_lending_pct,False
1887-09-07,8.309999999999999,11.376999999999999,0.43510019886798224,4.0,0.879647270534243,False,0.25029634809161544,False,d_reserve_pct,False
1887-09-14,9.317,11.643,0.44705114421747816,4.0,2.464765644833976,False,0.07557318697173324,False,d_crisis_lending_pct,False
1887-09-21,9.058,12.065,0.4541348289231001,4.0,0.6466181858300708,False,0.008979375863347547,False,d_crisis_lending_pct,False
1887-09-28,11.217,11.878,0.4401867773495404,4.0,4.8690937497185205,True,0.14533706951827133,False,d_crisis_lending_pct,True
1887-10-05,12.468,11.178,0.38854322360874555,4.0,2.3671094883476838,False,0.1533700739357269,False,d_reserve_ratio_pct,False
1887-10-12,9.456,11.316,0.41859948951281767,4.0,4.529339541932597,True,0.14593012918664058,False,d_crisis_lending_pct,True
1887-10-19,8.606,11.719000000000001,0.4419095742675063,4.0,1.5461541800576735,False,0.047628826719674694,False,d_crisis_lending_pct,False
1887-10-26,8.592,12.081999999999999,0.45773820799393816,4.0,0.4586897155814627,False,0.01636632263193658,False,d_reserve_ratio_pct,False
1887-11-02,8.753,11.834,0.4584156498159984,4.0,0.8013930034022557,False,0.02105159991233986,False,d_reserve_pct,False
1887-11-09,7.936,12.263,0.47422560810549513,4.0,1.7719349619085318,False,0.04121679871420934,False,d_crisis_lending_pct,False
1887-11-16,8.026,12.378,0.4805124223602485,4.0,0.15589346381026115,False,0.005933876787085853,False,d_crisis_lending_pct,False
1887-11-23,7.903,12.724,0.48570446997747835,4.0,0.3967298941276901,False,0.005642068187287706,False,d_crisis_lending_pct,False
1887-11-30,8.357,12.706000000000001,0.4833200197801362,4.0,1.1113883610664457,False,0.027255202025326504,False,d_crisis_lending_pct,False
1887-12-07,7.874,12.776,0.4724677341814282,4.0,1.1158999586083498,False,0.028216049495847717,False,d_crisis_lending_pct,False
1887-12-14,7.308,13.178,0.46447201466234317,4.0,1.353342139400424,False,0.050271648022861944,False,d_crisis_lending_pct,False
1887-12-21,7.253,12.758,0.4522349438162419,4.0,1.1657209454183395,False,0.024104759809750156,False,d_reserve_pct,False
1887-12-28,8.297,12.058,0.4332734459216672,4.0,2.996775211606746,False,0.10657644584967431,False,d_crisis_lending_pct,False
1888-01-04,14.056,11.556,0.38257299874197176,4.0,12.784665940067338,True,0.4276089113385256,True,d_crisis_lending_pct,True
1888-01-11,7.4140000000000015,12.326,0.40419740941137894,4.0,8.748338316119524,True,0.42753009297063466,True,d_crisis_lending_pct,True
1888-01-18,7.196,13.049,0.4264657820772599,3.5,1.140957753907252,False,0.15486213473676164,False,d_reserve_ratio_pct,False
1888-01-25,7.244999999999999,14.069,0.45890142866462263,3.0,1.6445769078504657,False,0.19609983820134466,False,d_reserve_ratio_pct,False
1888-02-01,7.104,13.948,0.45833333333333337,3.0,0.5309704050584468,False,0.006392278098221544,False,d_reserve_pct,False
1888-02-08,7.137,14.394,0.4520444695684945,3.0,0.5452963093507117,False,0.023559887542864987,False,d_reserve_pct,False
1888-02-15,7.2120000000000015,15.184000000000001,0.4664823348694317,3.0,1.187404730505431,False,0.030532687580466594,False,d_reserve_pct,False
1888-02-22,7.459,15.597999999999999,0.47049951737451734,2.5,0.6713014458830674,False,0.13210779331887457,False,d_crisis_lending_pct,False
1888-02-29,11.231000000000002,15.786999999999999,0.45136665141811527,2.5,11.029306495620295,True,0.3238716676421297,False,d_crisis_lending_pct,True
1888-03-07,10.644000000000002,16.038,0.4569491139096245,2.5,1.2294709202510814,False,0.009068281668457965,False,d_crisis_lending_pct,False
1888-03-14,12.812999999999999,16.506999999999998,0.44638849076502873,2.5,4.395932806683604,True,0.11297801315340095,False,d_crisis_lending_pct,True
1888-03-21,10.482,16.595,0.4501681857638889,2.0,4.035623458869828,True,0.24004817983577686,False,d_crisis_lending_pct,True
1888-03-28,19.689,15.14,0.3786514605842337,2.0,19.016612176569925,True,0.6064446147287573,True,d_crisis_lending_pct,True
1888-04-04,17.677,13.447,0.3620429702223897,2.0,3.932939669236404,True,0.15887342186492853,False,d_reserve_pct,True
1888-04-11,12.263000000000002,13.2,0.38954140352948124,2.0,6.358763858016931,True,0.20742319605079362,False,d_crisis_lending_pct,True
1888-04-18,9.658000000000001,13.562,0.4107332142100003,2.0,4.41390211967243,True,0.134327725027723,False,d_crisis_lending_pct,True
1888-04-25,8.771,13.143,0.41119419328598694,2.0,1.7054242739127405,False,0.041502206245935064,False,d_crisis_lending_pct,False
1888-05-02,10.67,11.716000000000001,0.375392502403076,2.0,4.808845075291484,True,0.23177521682516625,False,d_lending_to_reserve_pct,True
1888-05-09,10.534,11.21,0.36352433764633396,2.0,1.6705404440608556,False,0.03821327413990337,False,d_reserve_pct,False
1888-05-16,9.59,11.359,0.38245791245791244,3.0,1.2538763189803244,False,0.280065859596538,False,d_crisis_lending_pct,False
1888-05-23,9.34,11.79,0.3898680599186535,3.0,0.8211629278874453,False,0.008758791003005095,False,d_reserve_pct,False
1888-05-30,9.290000000000001,12.21,0.4005511268575928,3.0,0.7063041743006714,False,0.013834590942271737,False,d_reserve_pct,False
1888-06-06,9.038,12.647,0.4148053396306865,3.0,0.6907419649978147,False,0.012500178128325476,False,d_reserve_pct,False
1888-06-13,9.216999999999999,13.455,0.4277675335410441,2.5,1.5145747090727484,False,0.16234665923090727,False,d_reserve_pct,False
1888-06-20,9.403,13.870000000000001,0.42990422465362804,2.5,0.5442450255979112,False,0.013787492349555305,False,d_reserve_pct,False
1888-06-27,9.543,14.019,0.4350079126198529,2.5,0.4172745382500066,False,0.00622125939383527,False,d_lending_to_reserve_pct,False
1888-07-04,10.738,12.67,0.4059466213834866,2.5,3.449420128960851,False,0.15289361206582705,False,d_lending_to_reserve_pct,False
1888-07-11,9.507,12.487,0.38715778377205223,2.5,1.997068771939164,False,0.09357023861146152,False,d_crisis_lending_pct,False
1888-07-18,9.213999999999999,12.631,0.39564604541895065,2.5,0.3845202723983756,False,0.006022581977502571,False,d_crisis_lending_pct,False
1888-07-25,9.369,12.33,0.39944278864843846,2.5,1.0888477040143412,False,0.025439422535182638,False,d_reserve_pct,False
1888-08-01,9.134,11.562000000000001,0.4007208955741171,2.5,2.2500187559225258,False,0.06178509567475383,False,d_reserve_pct,False
1888-08-08,9.048,10.958,0.3948117456314178,2.5,1.8783492776109925,False,0.044026577970990355,False,d_reserve_pct,False
1888-08-15,9.614,11.147,0.4012887896896825,3.0,1.094757370436528,False,0.18908849271531195,False,d_crisis_lending_pct,False
1888-08-22,9.522,11.927,0.4374954148631795,3.0,2.2161250706444173,False,0.06830325432579613,False,d_reserve_ratio_pct,False
1888-08-29,10.579,12.63,0.44478095506409354,3.0,1.4457054306891026,False,0.088212263671598,False,d_crisis_lending_pct,False
1888-09-05,10.639,12.418999999999999,0.4485012639942217,3.0,0.7691091032456417,False,0.012672984478792408,False,d_reserve_pct,False
1888-09-12,11.552000000000001,12.695,0.4430136795086544,3.0,1.13563064629297,False,0.04921822711388635,False,d_crisis_lending_pct,False
1888-09-19,11.719999999999999,11.949,0.4233930975834455,4.0,1.7485206176927086,False,0.270289808229522,False,d_reserve_pct,False
1888-09-26,13.513000000000002,12.213,0.41832505566021577,4.0,1.926155453250703,False,0.07748502984779276,False,d_crisis_lending_pct,False
1888-10-03,18.277,10.302,0.33996633996633996,4.0,6.015467706962154,True,0.4602472695133435,True,d_lending_to_reserve_pct,True
1888-10-10,12.46,11.093,0.34481365204687453,5.0,3.874788526751027,True,0.48704481222038903,True,d_crisis_lending_pct,True
1888-10-17,10.92,11.630999999999998,0.362856429774755,5.0,1.5034816151861585,False,0.07248867174735169,False,d_lending_to_reserve_pct,False
1888-10-24,10.216999999999999,12.098,0.38608584649752675,5.0,1.5506195218074932,False,0.040023428083577395,False,d_reserve_ratio_pct,False
1888-10-31,10.524999999999999,11.841000000000001,0.381795318243374,5.0,0.8121824569565713,False,0.025948096678190907,False,d_reserve_pct,False
1888-11-07,10.382,10.982000000000001,0.36770910064956813,5.0,1.9116130005349499,False,0.07088254163040188,False,d_reserve_pct,False
1888-11-14,10.406,11.701,0.3863884027342073,5.0,1.1027735294766337,False,0.04541934507161433,False,d_reserve_pct,False
1888-11-21,9.791,10.999,0.401848671952066,5.0,1.389157670663643,False,0.07944445428506564,False,d_reserve_pct,False
1888-11-28,10.122,11.03,0.4154112684543537,5.0,0.5924723097047595,False,0.027014194736787872,False,d_reserve_ratio_pct,False
1888-12-05,10.468,10.652,0.40639426195108924,5.0,0.8653495204593417,False,0.03585024780300628,False,d_reserve_pct,False
1888-12-12,13.357000000000001,11.08,0.4059351529584173,5.0,3.9566936968165383,True,0.18801538665168102,False,d_crisis_lending_pct,True
1888-12-19,14.300999999999998,11.22,0.4021217117052542,5.0,0.8136565877457451,False,0.03560474747088214,False,d_crisis_lending_pct,False
1888-12-24,15.386,11.622,0.41071491677563,5.0,0.8781651502795899,False,0.051915934420741376,False,d_crisis_lending_pct,False
1888-12-26,,,,5.0,,False,0.0064592287551426385,False,,False
1889-01-02,29.855999999999998,11.086,0.3003196619168879,5.0,,False,0.0064592287551426385,False,,False
1889-01-09,12.259,12.491,0.391555123663835,5.0,8.097872352069649,True,0.6841849087353419,True,d_reserve_ratio_pct,True
1889-01-16,11.417000000000002,13.173,0.4200306102927109,4.0,1.7603724803362824,False,0.291747616539006,False,d_reserve_ratio_pct,False
1889-01-23,10.265999999999998,13.992,0.461462352824775,4.0,2.305807772489641,False,0.09493737235576673,False,d_reserve_ratio_pct,False
1889-01-30,11.049999999999999,14.545,0.46629051389734877,3.5,0.7167119818571328,False,0.17196200138757467,False,d_crisis_lending_pct,False
1889-02-06,10.404,14.686,0.476014520938675,3.0,0.7300440906994805,False,0.12552206397352708,False,d_lending_to_reserve_pct,False
1889-02-13,14.197,14.758000000000001,0.4511770100886579,3.0,3.4842974954706127,False,0.2180575997091776,False,d_crisis_lending_pct,False
1889-02-20,13.600999999999999,15.074,0.4566910049383464,3.0,0.6599104994867045,False,0.005978295071459292,False,d_lending_to_reserve_pct,False
1889-02-27,16.493000000000002,14.885,0.4382581556942645,3.0,2.0382030607617367,False,0.11532085103276121,False,d_crisis_lending_pct,False
1889-03-06,17.55,14.817,0.4305014817827881,3.0,0.7140867288887726,False,0.03673676295587427,False,d_reserve_ratio_pct,False
1889-03-13,18.014,15.259,0.42316758645553126,3.0,0.6747175281904574,False,0.029661326839416267,False,d_reserve_ratio_pct,False
1889-03-20,17.683,15.459,0.42470947004038573,3.0,0.38019778471877064,False,0.0023534320375420215,False,d_lending_to_reserve_pct,False
1889-03-27,19.204,15.216000000000001,0.4152385110795765,3.0,0.896268756626493,False,0.05207647446349762,False,d_crisis_lending_pct,False
1889-04-03,20.848999999999997,14.337,0.3933441246673434,3.0,1.6733606400620016,False,0.09044522331549447,False,d_reserve_pct,False
1889-04-10,15.453999999999999,14.423,0.4195049591344056,3.0,2.9379772328119484,False,0.15510243146557331,False,d_crisis_lending_pct,False
1889-04-17,15.584,13.984,0.4094515855122537,3.0,1.0072754690217827,False,0.025273460395772742,False,d_reserve_pct,False
1889-04-24,13.876999999999999,14.202,0.4258087728240338,2.5,1.46705532469651,False,0.16970139620012484,False,d_lending_to_reserve_pct,False
1889-05-01,18.386,13.676,0.39212088195659034,2.5,3.425059586348459,False,0.21872024460986028,False,d_crisis_lending_pct,False
1889-05-08,14.661000000000001,13.5,0.41133455210237657,2.5,2.339227008398678,False,0.11332400757287399,False,d_crisis_lending_pct,False
1889-05-15,23.775999999999996,14.469000000000001,0.37549632782290504,2.5,6.24469531345091,True,0.4248654998882612,True,d_crisis_lending_pct,True
1889-05-22,16.353,15.084,0.4241964059731714,2.5,3.427731961947959,False,0.2594499338207166,False,d_lending_to_reserve_pct,False
1889-05-29,16.38,15.16,0.4274636966022839,2.5,0.3354422149771103,False,0.0041981168435887934,False,d_lending_to_reserve_pct,False
1889-06-05,16.275000000000002,14.105,0.41005291005291,2.5,1.8714677977454477,False,0.06730565886786001,False,d_reserve_pct,False
1889-06-12,16.287,14.512,0.4287402505317892,2.5,0.810875342854891,False,0.021568638079964814,False,d_reserve_ratio_pct,False
1889-06-19,16.676,15.385,0.4379447765442641,2.5,1.1259383509713004,False,0.039721485114235046,False,d_reserve_pct,False
1889-06-26,16.671999999999997,15.387,0.44003088538091967,2.5,0.31134636363104834,False,0.004703507430312062,False,d_lending_to_reserve_pct,False
1889-07-03,18.364,14.384,0.4180666162878568,2.5,1.722582601554015,False,0.09944301432503269,False,d_reserve_pct,False
1889-07-10,13.338000000000001,13.764000000000001,0.3931672760511884,2.5,2.778034821013762,False,0.25242537897013306,False,d_crisis_lending_pct,False
1889-07-17,12.723,13.663,0.3829316143497758,2.5,0.6630234142320667,False,0.023191693269513952,False,d_lending_to_reserve_pct,False
1889-07-24,12.666,13.731,0.379907589298066,2.5,0.33376855717645304,False,0.008948441188188402,False,d_lending_to_reserve_pct,False
1889-07-31,12.464,12.251,0.3675998439703544,2.5,2.711470740402694,False,0.13370868199029642,False,d_reserve_pct,False
1889-08-07,14.293999999999999,11.577,0.3640566037735849,2.5,1.6528455277504586,False,0.12468815740594427,False,d_lending_to_reserve_pct,False
1889-08-14,13.716,11.893,0.37425262760400274,3.0,0.7957511073335424,False,0.17247310434562288,False,d_lending_to_reserve_pct,False
1889-08-21,12.607000000000001,12.395,0.4193875824733547,3.0,2.4663793413844166,False,0.11054996755008141,False,d_reserve_ratio_pct,False
1889-08-28,14.644999999999998,12.299999999999999,0.40993167805365766,3.0,1.5076205333049295,False,0.08120480242830753,False,d_crisis_lending_pct,False
1889-09-04,14.097999999999999,12.083,0.41114022253224,4.0,0.5365505570173732,False,0.22492133692313102,False,d_reserve_pct,False
1889-09-11,13.528000000000002,12.421,0.4259310061038338,4.0,0.6781194373944806,False,0.014494693632280117,False,d_reserve_ratio_pct,False
1889-09-18,14.123000000000001,12.461,0.42818362999106596,4.0,0.44992675543600574,False,0.02075775624648194,False,d_crisis_lending_pct,False
1889-09-25,14.806,12.393,0.4241127955922111,4.0,0.525721877010234,False,0.02638262602774909,False,d_crisis_lending_pct,False
1889-10-02,21.006,10.26,0.33497665611022237,5.0,6.487954695803782,True,0.6516572459506585,True,d_lending_to_reserve_pct,True
1889-10-09,14.985,10.515,0.3392482658493306,5.0,3.1450869633126985,False,0.20184733629306945,False,d_crisis_lending_pct,False
1889-10-16,12.996,11.149,0.36462046636360657,5.0,1.658269763937212,False,0.09819415124609494,False,d_lending_to_reserve_pct,False
1889-10-23,12.738,11.706,0.38643866367357715,5.0,1.2157019685296975,False,0.0358282802365936,False,d_reserve_pct,False
1889-10-30,12.322,12.078000000000001,0.4100074682598955,5.0,1.1612945261485474,False,0.03038053233662837,False,d_reserve_ratio_pct,False
1889-11-06,13.107000000000001,11.909,0.4002756117235816,5.0,0.7136183837211691,False,0.04183812805723754,False,d_lending_to_reserve_pct,False
1889-11-13,12.48,11.969000000000001,0.4168059618331244,5.0,0.799768846241142,False,0.019599314187970632,False,d_reserve_ratio_pct,False
1889-11-20,13.102,12.034,0.41206684015888234,5.0,0.5101811513004688,False,0.023811988053869106,False,d_crisis_lending_pct,False
1889-11-27,12.212,12.564,0.4365076607719835,5.0,1.143563063486041,False,0.04547745879783673,False,d_reserve_ratio_pct,False
1889-12-04,17.02,11.882,0.3828704002062254,5.0,4.126230657763201,True,0.26855439875750997,False,d_lending_to_reserve_pct,True
1889-12-11,14.937,11.963,0.3944539699287787,5.0,1.1572141053091274,False,0.05036522424354542,False,d_crisis_lending_pct,False
1889-12-18,13.454,11.248,0.3817410487018496,5.0,1.7643554779135122,False,0.08942542971528315,False,d_reserve_pct,False
1889-12-24,16.561,9.59,0.33478792110315936,5.0,4.124853142320329,True,0.32505082351886005,False,d_reserve_pct,True
1890-01-01,28.534,9.309000000000001,0.27293517459759,6.0,6.798203192534194,True,0.6274296028792072,True,d_crisis_lending_pct,True
1890-01-08,19.749,9.828999999999999,0.3080998056548178,6.0,2.8225938022190196,False,0.2665508820654951,False,d_crisis_lending_pct,False
1890-01-15,18.480999999999998,10.713,0.3554058985502438,6.0,2.775165655903339,False,0.17847892226199968,False,d_reserve_ratio_pct,False
1890-01-22,16.213,11.581000000000001,0.4019366258286191,6.0,2.357379000641166,False,0.15802168116906823,False,d_reserve_ratio_pct,False
1890-01-29,16.855,13.404,0.4337442966702262,6.0,4.014446603633786,True,0.2261957231698211,False,d_reserve_pct,True
1890-02-05,16.651,13.444,0.4452392780261633,6.0,0.42478618315475974,False,0.00841622607331117,False,d_reserve_ratio_pct,False
1890-02-12,16.223,14.78,0.47223464758131506,6.0,2.32086477462477,False,0.08688644191801015,False,d_reserve_pct,False
1890-02-19,16.056,16.177,0.5035955545870561,6.0,2.046224156294892,False,0.07974919290365794,False,d_reserve_pct,False
1890-02-26,21.442,16.816,0.4757405154610009,5.0,3.594470928754431,True,0.46644351535135137,True,d_crisis_lending_pct,True
1890-03-05,17.375,16.367,0.4922257977203694,5.0,1.8659700511024992,False,0.10823906741649669,False,d_crisis_lending_pct,False
1890-03-12,16.33,16.905,0.5139547610361183,4.5,0.6754697284505872,False,0.1376181584972871,False,d_reserve_ratio_pct,False
1890-03-19,16.787,17.407,0.5185902401239348,4.0,0.5036013763894486,False,0.13211761693532284,False,d_reserve_pct,False
1890-03-26,20.966,16.828,0.46386239594244444,4.0,2.7197844104017643,False,0.18398280133243256,False,d_crisis_lending_pct,False
1890-04-02,22.276000000000003,15.354,0.414827222867641,4.0,2.008391309552351,False,0.16074523840574173,False,d_reserve_ratio_pct,False
1890-04-09,16.339000000000002,15.106,0.44119279184555615,4.0,2.6693924984124133,False,0.1657387002386904,False,d_crisis_lending_pct,False
1890-04-16,16.03,15.642,0.4551591689460513,3.5,0.6218012952270948,False,0.12249710645908266,False,d_reserve_pct,False
1890-04-23,15.686,15.165000000000001,0.447318742257094,3.0,0.6963980291146682,False,0.14608345108250206,False,d_reserve_pct,False
1890-04-30,18.952,14.448,0.41267030361886264,3.0,2.452918414595286,False,0.14703648741316575,False,d_crisis_lending_pct,False
1890-05-07,15.928999999999998,13.595,0.4178191652836684,3.0,1.6057494806511412,False,0.11138374310582155,False,d_crisis_lending_pct,False
1890-05-14,16.003,13.676,0.42256828574959826,3.0,0.2504301608509473,False,0.0034958144075828215,False,d_lending_to_reserve_pct,False
1890-05-21,16.021,13.886,0.42423316632042035,3.0,0.20297732096228038,False,0.0045140673197068175,False,d_reserve_pct,False
1890-05-28,16.094,13.656,0.4218069498069498,3.0,0.4052977441617903,False,0.01032551162360965,False,d_reserve_pct,False
1890-06-04,15.786,13.187,0.42989405052974733,3.0,0.7540702043009611,False,0.027035834426834868,False,d_reserve_pct,False
1890-06-11,17.329,13.608,0.4217050419907652,3.0,1.385034439092199,False,0.05450348514520917,False,d_crisis_lending_pct,False
1890-06-18,18.856,13.469999999999999,0.3935604511190323,3.0,1.3255812428120506,False,0.0724467676873901,False,d_reserve_ratio_pct,False
1890-06-25,21.343,13.167,0.37073431692758196,3.0,1.525598615965141,False,0.08472792787794443,False,d_crisis_lending_pct,False
1890-07-02,25.188000000000002,12.079,0.35215743440233244,4.0,2.3686634910159534,False,0.3758478778127236,False,d_lending_to_reserve_pct,False
1890-07-09,22.256999999999998,11.716999999999999,0.3502840059790733,4.0,1.0699594403150356,False,0.05869660686391917,False,d_crisis_lending_pct,False
1890-07-16,22.329,11.676,0.35110509697789805,4.0,0.15383410726888022,False,0.006433388901888035,False,d_lending_to_reserve_pct,False
1890-07-23,17.828,12.271999999999998,0.3917762737836802,4.0,1.9894702882726067,False,0.16933189374287164,False,d_reserve_ratio_pct,False
1890-07-30,18.229,12.035,0.38836361289489824,4.0,0.4665397212042139,False,0.021153312711248276,False,d_reserve_pct,False
1890-08-06,20.812,11.426,0.3688424042869133,5.0,1.708355874111435,False,0.31576405267724605,False,d_lending_to_reserve_pct,False
1890-08-13,17.759,13.315000000000001,0.42205528084189176,5.0,3.247747337124313,False,0.3143301000519218,False,d_reserve_pct,False
1890-08-20,16.384999999999998,14.286999999999999,0.4399113218585461,5.0,1.399383501137685,False,0.06496283093545055,False,d_reserve_pct,False
1890-08-27,17.536,14.322,0.454623369202933,4.0,0.785612014648951,False,0.2897251903149791,False,d_crisis_lending_pct,False
1890-09-03,17.604,14.219000000000001,0.4517553613979349,4.0,0.2978225544364421,False,0.007483862139681561,False,d_reserve_ratio_pct,False
1890-09-10,16.497999999999998,13.994,0.458849760640042,4.0,0.5617922551645089,False,0.022601278133665054,False,d_crisis_lending_pct,False
1890-09-17,16.921,13.673,0.4431516172943541,4.0,0.7300258864946754,False,0.03419979489868115,False,d_reserve_ratio_pct,False
1890-09-24,19.552,13.163,0.412775565241933,4.0,1.629812702310935,False,0.10066273455030883,False,d_lending_to_reserve_pct,False
1890-10-01,25.375,11.121,0.33749089584850694,5.0,4.260341126133829,True,0.5932866717531288,True,d_lending_to_reserve_pct,True
1890-10-08,19.921999999999997,10.591,0.3175997840885237,5.0,1.8288739580815077,False,0.19793748212876713,False,d_crisis_lending_pct,False
1890-10-15,19.424,11.194,0.3332936342523671,5.0,1.2008269689896345,False,0.032458772822242375,False,d_reserve_pct,False
1890-10-22,18.946,11.519,0.35167150053426965,5.0,0.7053346771154347,False,0.026327531377895282,False,d_reserve_ratio_pct,False
1890-10-29,19.291,11.603,0.3559093279347259,5.0,0.24764440947114838,False,0.00653309953383917,False,d_reserve_pct,False
1890-11-05,20.270999999999997,11.206,0.3517042244680183,5.0,0.7033691686324534,False,0.04385789283876434,False,d_lending_to_reserve_pct,False
1890-11-12,22.783,11.105,0.3347097474229912,6.0,1.046690791449887,False,0.281916601476372,False,d_crisis_lending_pct,False
1890-11-19,33.563,14.551,0.3596569281724257,6.0,6.1392955797434245,True,0.5464605889070531,True,d_reserve_pct,True
1890-11-26,30.721999999999998,16.502,0.42500257546100745,6.0,2.7414092094883116,False,0.2803311830223482,False,d_reserve_pct,False
1890-12-03,26.853,16.673,0.4552106369618041,6.0,0.9802511606195675,False,0.07045595244240137,False,d_crisis_lending_pct,False
1890-12-10,26.640000000000004,17.007,0.4651423570275962,5.0,0.49729398163274213,False,0.23679385973831008,False,d_reserve_pct,False
1890-12-17,29.075,16.763,0.44638244614278494,5.0,0.7246901012046869,False,0.05943071985433555,False,d_lending_to_reserve_pct,False
1890-12-24,29.543,14.895,0.417530974939732,5.0,2.083543737009851,False,0.1561805327158985,False,d_reserve_pct,False
1890-12-31,38.863,14.801,0.3717536544933943,5.0,2.712423816296539,False,0.22199777777019208,False,d_crisis_lending_pct,False
1891-01-07,32.929,15.531,0.40090345895715024,5.0,1.358721090778871,False,0.10292685358014646,False,d_crisis_lending_pct,False
1891-01-14,31.898,16.799,0.4455613611648941,4.0,1.7309268624473915,False,0.3455080593735025,False,d_reserve_pct,False
1891-01-21,33.116,17.054000000000002,0.44129900375210257,4.0,0.41804201873421637,False,0.016643728606585553,False,d_reserve_pct,False
1891-01-28,32.542,17.599,0.4581760433209237,3.5,0.767258782089087,False,0.12524325602861863,False,d_reserve_pct,False
1891-02-04,32.445,17.410999999999998,0.4604744651027478,3.0,0.0818233635132927,False,0.12186148649497773,False,d_reserve_pct,False
1891-02-11,33.257999999999996,16.061,0.41411406765676567,3.0,1.5048930103972644,False,0.1386698617906392,False,d_reserve_ratio_pct,False
1891-02-18,35.163,15.619,0.39294070291076505,3.0,0.719551620136804,False,0.062418087913724336,False,d_reserve_ratio_pct,False
1891-02-25,37.467999999999996,16.148,0.38912718685237846,3.0,0.9425021385841347,False,0.04561501974580656,False,d_reserve_pct,False
1891-03-04,39.81,15.371,0.369797430592311,3.0,0.8185387568438427,False,0.07310759993933938,False,d_reserve_pct,False
1891-03-11,38.531,15.818,0.3870983530333064,3.0,0.7731395313920998,False,0.017558497420170474,False,d_reserve_pct,False
1891-03-18,38.053999999999995,16.117,0.383838624401629,3.0,0.569579447929764,False,0.010312012934728026,False,d_reserve_pct,False
1891-03-25,41.257,14.931999999999999,0.3489355735751174,3.0,1.2789286071163692,False,0.12876302312775148,False,d_reserve_pct,False
1891-04-01,41.813,13.835,0.3353370337154907,3.0,1.2777592597329208,False,0.08159828589702627,False,d_reserve_pct,False
1891-04-08,36.754,13.375,0.3466193277528702,3.0,1.5274150764602556,False,0.06277821527186439,False,d_crisis_lending_pct,False
1891-04-15,37.104,12.997,0.3506542560366923,3.0,0.35699087705954274,False,0.02483857242545703,False,d_reserve_pct,False
1891-04-22,37.080999999999996,13.703999999999999,0.3682089311623408,3.5,1.279457420858401,False,0.20131765224742248,False,d_reserve_pct,False
1891-04-29,37.77,12.919,0.35014635732870775,3.5,0.9540894200555314,False,0.07103218871287201,False,d_reserve_pct,False
1891-05-06,36.437999999999995,12.21,0.33587324292355514,3.5,0.9060477095146848,False,0.05483292145385912,False,d_reserve_pct,False
1891-05-13,38.797,12.445,0.3416421884865622,4.0,0.6852170733386023,False,0.1939668812139724,False,d_crisis_lending_pct,False
1891-05-20,39.885000000000005,13.835999999999999,0.36007807417046195,5.0,2.3006081058547485,False,0.34933373520469113,False,d_reserve_pct,False
1891-05-27,38.518,16.069,0.40803940986770265,5.0,3.1049824040602716,False,0.25648604933288244,False,d_reserve_pct,False
1891-06-03,36.355999999999995,17.66,0.4457457280597693,5.0,1.9374760504753459,False,0.10647577578201362,False,d_reserve_pct,False
1891-06-10,35.94199999999999,18.758,0.46296616235160554,4.0,1.2331058442287541,False,0.27261639134052806,False,d_reserve_pct,False
1891-06-17,36.315,19.435,0.46279318966543637,4.0,0.7163802328699335,False,0.016444728250233385,False,d_reserve_pct,False
1891-06-24,36.509,19.189999999999998,0.4593876427357384,3.0,0.13457124404835627,False,0.24933204290610061,False,d_reserve_pct,False
1891-07-01,38.191,18.245,0.4339811136747461,3.0,0.8574387682749048,False,0.07439603176592008,False,d_reserve_ratio_pct,False
1891-07-08,36.589,16.990000000000002,0.4045430734796896,2.5,1.0818557388224896,False,0.24964879432867565,False,d_reserve_pct,False
1891-07-15,35.995000000000005,15.952,0.39245208748493127,2.5,0.879963311055892,False,0.057180194954196385,False,d_reserve_pct,False
1891-07-22,34.91,17.263,0.42195443879546346,2.5,1.4400963108759952,False,0.07178195614105157,False,d_reserve_pct,False
1891-07-29,33.784,17.421999999999997,0.4366197183098591,2.5,0.5860925203017276,False,0.011422191291096099,False,d_crisis_lending_pct,False
1891-08-05,33.558,16.817,0.4391205577460376,2.5,0.5554111119835905,False,0.024358656852177987,False,d_reserve_pct,False
1891-08-12,33.476,17.106,0.44463505926388025,2.5,0.3340298568405298,False,0.004136654059711103,False,d_reserve_pct,False
1891-08-19,32.965,17.02,0.45449690237128815,2.5,0.30614181644458793,False,0.01013189871057161,False,d_crisis_lending_pct,False
1891-08-26,32.969,17.114,0.46000430061283737,2.5,0.2002302833404495,False,0.003964082866201335,False,d_reserve_pct,False
1891-09-02,32.977,16.717,0.4553303916761998,2.5,0.3135863180270747,False,0.016204114174459182,False,d_reserve_pct,False
1891-09-09,32.676,17.282,0.467510685494779,2.5,0.6002255377020774,False,0.009488207615135406,False,d_reserve_pct,False
1891-09-16,31.766,17.284000000000002,0.47376788553259147,2.5,0.5157655170458872,False,0.004849974505579899,False,d_crisis_lending_pct,False
1891-09-23,32.025000000000006,16.758,0.4617292114399074,2.5,0.594892061284184,False,0.026406880782637556,False,d_reserve_pct,False
1891-09-30,35.919000000000004,15.312,0.41341325125546735,3.0,2.7551378275778755,False,0.3045828155839391,False,d_crisis_lending_pct,False
1891-10-07,31.818,13.921,0.3863724673882875,3.0,2.5205751662664726,False,0.1466171549869846,False,d_crisis_lending_pct,False
1891-10-14,31.839,13.760000000000002,0.3829881986194612,3.0,0.23894321322998555,False,0.011223484647407477,False,d_reserve_ratio_pct,False
1891-10-21,31.500999999999998,13.394,0.37739145135386437,3.0,0.40097615156369054,False,0.020597118254065367,False,d_reserve_pct,False
1891-10-28,31.906999999999996,13.246,0.387355246227629,3.0,0.4365653373431264,False,0.018661044124078284,False,d_reserve_ratio_pct,False
1891-11-04,33.729,12.598999999999998,0.36936382292582814,4.0,1.283376066350405,False,0.2728397757161792,False,d_crisis_lending_pct,False
1891-11-11,31.435000000000002,13.972999999999999,0.41070483804597024,4.0,2.0047434911727504,False,0.14782263724264486,False,d_reserve_pct,False
1891-11-18,31.080999999999996,14.373,0.44065977864303885,4.0,1.142424512958803,False,0.04404928687785885,False,d_reserve_ratio_pct,False
1891-11-25,32.434,15.254999999999999,0.4555635190826017,4.0,1.2161676062601454,False,0.05458413955328539,False,d_crisis_lending_pct,False
1891-12-02,32.599000000000004,14.793000000000001,0.41672770296918143,4.0,1.5875909629671137,False,0.08942673474248554,False,d_reserve_ratio_pct,False
1891-12-09,31.147,15.168000000000001,0.43264211757323373,4.0,1.1953557822636094,False,0.013368571983461605,False,d_crisis_lending_pct,False
1891-12-16,31.17,15.704,0.44206733475959914,3.5,0.7165624594849793,False,0.12311203294775568,False,d_reserve_pct,False
1891-12-23,32.219,14.011000000000001,0.4027190940185681,3.5,1.9147741744699727,False,0.16562842751126186,False,d_lending_to_reserve_pct,False
1891-12-30,36.375,13.093,0.3632504716457663,3.5,3.4879806365653576,False,0.14394382647471235,False,d_crisis_lending_pct,False
1892-01-06,39.506,13.049000000000001,0.3213010612365499,3.5,2.318104322324323,False,0.1328896905238472,False,d_crisis_lending_pct,False
1892-01-13,31.971999999999998,13.892,0.3769468714386498,3.5,5.151681054555141,True,0.24199255182366106,False,d_crisis_lending_pct,True
1892-01-20,31.647,14.788,0.3998702071277919,3.5,1.225325657456348,False,0.045865053531347386,False,d_reserve_pct,False
1892-01-27,31.485999999999997,14.607999999999999,0.4055975122167925,3.0,0.15987185511491867,False,0.12544190490443255,False,d_reserve_ratio_pct,False
1892-02-03,32.076,14.365,0.4229727342323774,3.0,0.6100352949077434,False,0.03895216366559965,False,d_reserve_ratio_pct,False
1892-02-10,31.901000000000003,15.676,0.45100408539041376,3.0,1.6817302857123366,False,0.0760156632353971,False,d_reserve_pct,False
1892-02-17,32.343,16.182000000000002,0.4543718762284496,3.0,0.6176827823290882,False,0.013054636471470614,False,d_reserve_pct,False
1892-02-24,34.953,16.72,0.4425504883407003,3.0,2.634808300019612,False,0.05158945914728247,False,d_crisis_lending_pct,False
1892-03-02,34.129000000000005,16.415,0.4265187340851218,3.0,0.8797378223160336,False,0.031971136706828815,False,d_reserve_ratio_pct,False
1892-03-09,31.964,16.82,0.4473999202021546,3.0,2.0568695507398087,False,0.026538881439149658,False,d_crisis_lending_pct,False
1892-03-16,31.917,17.416999999999998,0.4569592024137479,3.0,0.6941377529495141,False,0.014017229341217899,False,d_reserve_pct,False
1892-03-23,34.349000000000004,17.439,0.4397679989912999,3.0,2.566524107005145,False,0.0488970021912807,False,d_crisis_lending_pct,False
1892-03-30,39.39,16.812,0.4058712761334557,3.0,4.43767634174122,True,0.10914993807588888,False,d_crisis_lending_pct,True
1892-04-06,34.907,15.449,0.4044770257887158,3.0,3.3856907282931124,False,0.10366347976903202,False,d_crisis_lending_pct,False
1892-04-13,29.834000000000003,14.536999999999999,0.41800615349225057,2.5,4.154460744308314,True,0.2425262306163301,False,d_crisis_lending_pct,True
1892-04-20,29.586,15.094000000000001,0.42475236380009007,2.5,0.6985270572136444,False,0.007969844322554877,False,d_reserve_pct,False
1892-04-27,29.792,15.264,0.42960878131156766,2.5,0.3108688076482205,False,0.0036861777434310547,False,d_crisis_lending_pct,False
1892-05-04,30.712000000000003,15.023,0.41893474623535976,2.0,0.9515320819643981,False,0.1508680928830948,False,d_crisis_lending_pct,False
1892-05-11,29.831,15.416,0.43133743704532734,2.0,0.7221131736345372,False,0.0070611557047304515,False,d_crisis_lending_pct,False
1892-05-18,30.131000000000004,16.048,0.4375971423117824,2.0,0.7679397356523632,False,0.015272310045328355,False,d_reserve_pct,False
1892-05-25,29.831000000000003,16.598,0.4496275226872545,2.0,0.6601240816570195,False,0.009687007238839813,False,d_reserve_pct,False
1892-06-01,29.384,16.125,0.4470474078181314,2.0,0.5320319639519406,False,0.01632763880962358,False,d_reserve_pct,False
1892-06-08,28.835000000000004,16.461000000000002,0.4574278886233536,2.0,0.5879995972043105,False,0.005778331178385618,False,d_lending_to_reserve_pct,False
1892-06-15,28.733000000000004,17.441,0.47182469903963203,2.0,1.223501905088848,False,0.0310077662279031,False,d_reserve_pct,False
1892-06-22,29.229,18.278000000000002,0.4793475125226194,2.0,0.9363952997011571,False,0.024776729420615193,False,d_reserve_pct,False
1892-06-29,33.306,17.572,0.44637504445460546,2.0,4.833632456942859,True,0.09726772350668789,False,d_crisis_lending_pct,True
1892-07-06,34.858,16.384,0.40649034883143953,2.0,2.5098528179860478,False,0.11505079799015959,False,d_reserve_ratio_pct,False
1892-07-13,27.305,16.602,0.4522473440479433,2.0,7.182983477481984,True,0.16661686965626965,False,d_crisis_lending_pct,True
1892-07-20,27.092,16.719,0.44926640511635413,2.0,0.5023713751073389,False,0.006392603203066033,False,d_reserve_ratio_pct,False
1892-07-27,27.264000000000003,16.427,0.44762657365524006,2.0,0.6718058564615689,False,0.010414873335330076,False,d_lending_to_reserve_pct,False
1892-08-03,27.171,16.127,0.44915749895557716,2.0,0.5052990530736462,False,0.010572219560820661,False,d_lending_to_reserve_pct,False
1892-08-10,27.061,16.532,0.45784867619364134,2.0,0.4907747772781304,False,0.0052830329597422215,False,d_reserve_pct,False
1892-08-17,26.818000000000005,17.331,0.4842549386683059,2.0,1.1536608839524458,False,0.035014302791010254,False,d_reserve_ratio_pct,False
1892-08-24,26.776999999999997,17.921,0.5044758473144916,2.0,0.6679546593573926,False,0.01920201791136064,False,d_reserve_ratio_pct,False
1892-08-31,26.538,17.928,0.5088700292356163,2.0,0.25337846733711583,False,0.003968996955041269,False,d_crisis_lending_pct,False
1892-09-07,26.598000000000003,17.799000000000003,0.5063150708311999,2.0,0.462415942248007,False,0.007510638968971889,False,d_lending_to_reserve_pct,False
1892-09-14,26.468000000000004,17.076,0.4895080839353285,2.0,0.9331969576226098,False,0.03789112993502869,False,d_reserve_ratio_pct,False
1892-09-21,26.348000000000003,17.883,0.4980365945358843,2.0,0.8472812343997432,False,0.017780826420075228,False,d_reserve_pct,False
1892-09-28,26.342,17.229,0.4935827651406635,2.0,0.9778346639977742,False,0.025543874970081558,False,d_lending_to_reserve_pct,False
1892-10-05,27.761999999999997,16.156,0.4160057678442682,2.0,4.4128076746303035,True,0.20768525386223938,False,d_reserve_ratio_pct,True
1892-10-12,25.701,15.568,0.4195208709477485,2.0,3.418202557814005,False,0.03854163530809645,False,d_crisis_lending_pct,False
1892-10-19,25.418000000000003,15.105,0.4086297849316921,2.0,0.9297371282099305,False,0.02362913623877364,False,d_reserve_ratio_pct,False
1892-10-26,25.48,15.076,0.4152367312088578,3.0,0.3577674756153228,False,0.2227321671588589,False,d_lending_to_reserve_pct,False
1892-11-02,25.794000000000004,14.508,0.4245456939689228,3.0,1.2031061881299365,False,0.046822301234162714,False,d_lending_to_reserve_pct,False
1892-11-09,25.61,14.799,0.44080064337413993,3.0,0.7047417912780203,False,0.010156459798670364,False,d_reserve_ratio_pct,False
1892-11-16,25.282000000000004,15.346,0.47047642406033474,3.0,1.5619545058194677,False,0.03601275215788607,False,d_reserve_ratio_pct,False
1892-11-23,24.95,15.864999999999998,0.5008681925808997,3.0,1.4815139237213732,False,0.03228973811374103,False,d_reserve_ratio_pct,False
1892-11-30,25.970999999999997,15.493,0.47817901234567906,3.0,2.40881787034487,False,0.050470764667878344,False,d_crisis_lending_pct,False
1892-12-07,25.829,15.651,0.4827724482556526,3.0,0.12080563256443916,False,0.002456637875887031,False,d_reserve_pct,False
1892-12-14,25.415,15.762,0.48325974981604125,3.0,0.6897229205603838,False,0.0035316999326981883,False,d_crisis_lending_pct,False
1892-12-21,27.266000000000002,15.527,0.4563141035060393,3.0,4.531917942551074,True,0.06652471986450831,False,d_crisis_lending_pct,True
1892-12-28,28.258,15.36,0.45100860322400677,3.0,2.390087206336268,False,0.022761935681179766,False,d_crisis_lending_pct,False
1893-01-04,37.507,14.924,0.3536828135368281,3.0,19.485576607293837,True,0.3564893789492157,False,d_crisis_lending_pct,True
1893-01-11,27.990000000000002,15.559999999999999,0.42276864556446125,3.0,14.658296422522872,True,0.30560754902883297,False,d_crisis_lending_pct,True
1893-01-18,27.816999999999997,16.43,0.44101462890887133,3.0,1.118395647875971,False,0.02984467286264964,False,d_reserve_pct,False
1893-01-25,27.647,17.364,0.47440030599420796,3.0,1.9998678739084548,False,0.055903335739018255,False,d_reserve_ratio_pct,False
1893-02-01,27.762999999999998,17.095,0.4881496287835523,2.5,0.6737653095256689,False,0.14115937798837724,False,d_lending_to_reserve_pct,False
1893-02-08,27.152,17.915,0.5031455372689996,2.5,1.0410787438055744,False,0.01838025093427068,False,d_crisis_lending_pct,False
1893-02-15,26.555,18.456000000000003,0.5148404374023656,2.5,1.015225818075811,False,0.008699209152578963,False,d_crisis_lending_pct,False
1893-02-22,27.557000000000002,19.176000000000002,0.5157334193964822,2.5,2.494113683682727,False,0.02586393472984453,False,d_crisis_lending_pct,False
1893-03-01,28.572000000000003,18.623,0.503093173406813,2.5,2.4165563048426257,False,0.03350978941108802,False,d_crisis_lending_pct,False
1893-03-08,26.997,18.927,0.521089147073399,2.5,2.987081670976217,False,0.01554906867181338,False,d_crisis_lending_pct,False
1893-03-15,28.698,19.138,0.5146837349397592,2.5,3.5518663390625997,True,0.031948381834812516,False,d_crisis_lending_pct,True
1893-03-22,30.026000000000003,19.078999999999997,0.49981661951168393,2.5,2.6687831795073746,False,0.029992916364074557,False,d_crisis_lending_pct,False
1893-03-29,36.472,17.121000000000002,0.434929505906262,2.5,11.556911635201347,True,0.23590525224377584,False,d_crisis_lending_pct,True
1893-04-05,32.514,16.247,0.44364043471137565,2.5,5.501088024945155,True,0.07001124302155545,False,d_crisis_lending_pct,True
1893-04-12,29.066000000000003,16.615000000000002,0.47256747916607417,2.5,5.3704633008397815,True,0.057349820325628624,False,d_crisis_lending_pct,True
1893-04-19,26.862000000000002,16.77,0.4868489810137607,2.5,3.3576966960993544,False,0.024413588497382573,False,d_crisis_lending_pct,False
1893-04-26,29.936,16.15,0.4610465614205373,2.5,5.214308079968119,True,0.08048325991353932,False,d_crisis_lending_pct,True
1893-05-03,32.29,15.011000000000001,0.4161860929355662,2.5,3.641935863522143,True,0.13690218374181656,False,d_crisis_lending_pct,True
1893-05-10,32.259,14.116,0.39620523184012574,3.0,1.7158563437224204,False,0.2112207203358013,False,d_reserve_ratio_pct,False
1893-05-17,35.059000000000005,13.323,0.3626588997468493,3.5,3.9785622807238488,True,0.2589642521926937,False,d_crisis_lending_pct,True
1893-05-24,33.185,13.794,0.3807657272200293,4.0,2.0254481812901353,False,0.19449943466671482,False,d_crisis_lending_pct,False
1893-05-31,32.586,15.647,0.4171309749140253,4.0,2.69631256432481,False,0.16980699343411168,False,d_reserve_pct,False
1893-06-07,29.314999999999998,17.399,0.4682941271464715,4.0,3.7234300948860533,True,0.17717063923644186,False,d_crisis_lending_pct,True
1893-06-14,29.031999999999996,19.596999999999998,0.5003957817327579,3.0,2.4796509482404367,False,0.36761372778859136,False,d_reserve_pct,False
1893-06-21,28.616999999999997,19.912000000000003,0.5038206568493497,2.5,0.390892710162414,False,0.11249128398763687,False,d_crisis_lending_pct,False
1893-06-28,29.224000000000004,20.005000000000003,0.5059689412716881,2.5,1.0572597835343807,False,0.006903990961023895,False,d_crisis_lending_pct,False
1893-07-05,35.211,18.713,0.436964389959136,2.5,8.547879822444918,True,0.20722382337766942,False,d_crisis_lending_pct,True
1893-07-12,27.941,19.113999999999997,0.47879562135217046,2.5,8.229025487783282,True,0.13928571329736317,False,d_crisis_lending_pct,True
1893-07-19,27.309,19.279,0.48154161254870614,2.5,0.6903648957368411,False,0.0034151689907134554,False,d_crisis_lending_pct,False
1893-07-26,27.192,19.198,0.4853372434017596,2.5,0.21093385922346128,False,0.004446344366892657,False,d_reserve_pct,False
1893-08-02,27.036,16.813,0.4636022721005901,2.5,2.685955240701605,False,0.17045168898329846,False,d_reserve_pct,False
1893-08-09,26.774,14.616,0.4323620766158852,3.0,2.693885302403857,False,0.31529685463538776,False,d_reserve_pct,False
1893-08-16,27.094,15.068999999999999,0.4400093438841358,4.0,0.6603383226333999,False,0.24155372130851252,False,d_crisis_lending_pct,False
1893-08-23,28.073,15.016,0.45219381455717167,4.0,1.564290658929092,False,0.030975185938722373,False,d_crisis_lending_pct,False
1893-08-30,27.647000000000002,16.059,0.4849756893063148,5.0,1.3769200860025117,False,0.29828176451816624,False,d_reserve_pct,False
1893-09-06,27.241,16.552,0.5162014657726494,5.0,0.9544087348109347,False,0.03300061514684629,False,d_reserve_ratio_pct,False
1893-09-13,26.808999999999997,17.585,0.5286813781492394,5.0,1.1031527033843984,False,0.03008832269469508,False,d_reserve_pct,False
1893-09-20,26.542,18.331,0.5407853202348291,4.0,0.698941148044581,False,0.2483960388003458,False,d_reserve_pct,False
1893-09-27,26.708,18.147000000000002,0.5447095902746512,3.5,0.4695519425721297,False,0.12387338690099767,False,d_crisis_lending_pct,False
1893-10-04,28.155,16.655,0.45747953634016375,3.5,3.0582770574722145,False,0.23072869236403304,False,d_reserve_ratio_pct,False
1893-10-11,27.762,16.494,0.4593533294343722,3.0,0.36670980111085155,False,0.11994759780607159,False,d_reserve_pct,False
1893-10-18,28.160999999999998,16.645,0.4568911092201697,3.0,0.7685439357749081,False,0.00793164005028635,False,d_crisis_lending_pct,False
1893-10-25,28.055,16.968,0.47049689440993786,3.0,0.3103552840604715,False,0.010692914579568091,False,d_reserve_ratio_pct,False
1893-11-01,29.451,16.128,0.4513980240141062,3.0,1.9661460772532404,False,0.06490805546773523,False,d_crisis_lending_pct,False
1893-11-08,28.835,16.079,0.463131516792442,3.0,0.529353711044077,False,0.010276825255298301,False,d_crisis_lending_pct,False
1893-11-15,26.735,16.267,0.48674446439257923,3.0,1.952742860128126,False,0.03248436217115738,False,d_crisis_lending_pct,False
1893-11-22,26.43,17.131999999999998,0.5225241711654008,3.0,1.136270332788342,False,0.05052406241392113,False,d_reserve_ratio_pct,False
1893-11-29,28.252,16.980999999999998,0.5101390933397422,3.0,2.1849859361919615,False,0.04031302519528609,False,d_crisis_lending_pct,False
1893-12-06,26.561000000000003,16.806,0.5281251964050029,3.0,1.0879336594386655,False,0.025056008392257443,False,d_crisis_lending_pct,False
1893-12-13,26.6,17.192,0.5324578790882061,3.0,0.31431363293489384,False,0.006182879814641089,False,d_reserve_pct,False
1893-12-20,27.554000000000002,16.149,0.5042465496783863,3.0,1.4552303617586255,False,0.08247386528165948,False,d_reserve_pct,False
1893-12-27,32.489,15.487,0.4586158903136013,3.0,3.7228045576169673,True,0.13787727391035248,False,d_crisis_lending_pct,True
1894-01-03,37.473,15.552000000000001,0.41594009093340467,3.0,3.205770782184096,False,0.12438468099978107,False,d_crisis_lending_pct,False
1894-01-10,30.416999999999998,16.912,0.4665508014014179,3.0,3.6693723704395325,True,0.19918090913012723,False,d_crisis_lending_pct,True
1894-01-17,29.648,17.963,0.5024193773949039,3.0,1.0801969554210755,False,0.057069865662478424,False,d_reserve_pct,False
1894-01-24,29.111999999999995,19.261000000000003,0.5470320931553536,3.0,1.2853658139091646,False,0.0700120130014538,False,d_reserve_pct,False
1894-01-31,30.416,19.739,0.5519391549925902,3.0,0.8589223909087584,False,0.018932045580651133,False,d_crisis_lending_pct,False
1894-02-07,26.737999999999996,20.433999999999997,0.5902709573054479,2.5,1.8380554889312297,False,0.19649245545500293,False,d_crisis_lending_pct,False
1894-02-14,26.622,21.268,0.5920111343075853,2.5,0.6705670121779994,False,0.014989273184867242,False,d_reserve_pct,False
1894-02-21,27.127,22.602,0.604849068721901,2.5,1.0909208843110247,False,0.040212243429723536,False,d_reserve_pct,False
1894-02-28,32.112,22.522,0.5686655725287211,2.0,3.0648851062822646,False,0.2581484995682163,False,d_crisis_lending_pct,False
1894-03-07,28.911,22.892,0.6063302873791551,2.0,1.536390534016867,False,0.05056687894783024,False,d_crisis_lending_pct,False
1894-03-14,28.607,23.526,0.6102723735408561,2.0,0.41464390879545426,False,0.007284453053960382,False,d_reserve_pct,False
1894-03-21,33.74,22.905,0.5641903542046407,2.0,3.7545718574453386,True,0.12288600175926459,False,d_crisis_lending_pct,True
1894-03-28,36.749,23.113,0.5506241661902039,2.0,1.9437762424384375,False,0.04645509887263638,False,d_crisis_lending_pct,False
1894-04-04,33.995999999999995,22.523999999999997,0.5607448715395339,2.0,1.3486867766277497,False,0.034162006081683925,False,d_crisis_lending_pct,False
1894-04-11,27.281999999999996,22.988,0.6130950793439125,2.0,3.8081730896967674,True,0.13168047540410557,False,d_crisis_lending_pct,True
1894-04-18,24.787999999999997,23.337999999999997,0.6350303393104948,2.0,1.6797875010583103,False,0.030178333281752782,False,d_crisis_lending_pct,False
1894-04-25,22.845,23.718,0.6600985221674878,2.0,1.3786668254583196,False,0.023671424561631408,False,d_crisis_lending_pct,False
1894-05-02,24.698,23.236,0.6360102917829967,2.0,1.8215196750047065,False,0.05346890483936993,False,d_crisis_lending_pct,False
1894-05-09,22.383000000000003,23.648,0.650134711607192,2.0,1.3620868379224333,False,0.03526606484289364,False,d_crisis_lending_pct,False
1894-05-16,21.864000000000004,24.752,0.6618889720825756,2.0,0.8103244769539542,False,0.01793308506179954,False,d_reserve_pct,False
1894-05-23,21.502000000000002,26.296,0.6749486652977412,2.0,1.227195938539786,False,0.02974031087267035,False,d_reserve_pct,False
1894-05-30,21.211,27.928,0.6917837061256843,2.0,1.2187988829450926,False,0.028970654016217505,False,d_reserve_pct,False
1894-06-06,21.171000000000003,28.889,0.700679117147708,2.0,0.5683738368910284,False,0.00916801129842412,False,d_reserve_pct,False
1894-06-13,20.827999999999996,29.727999999999998,0.7091772227390921,2.0,0.4730345304503067,False,0.005813696425356971,False,d_reserve_pct,False
1894-06-20,20.972,30.845000000000002,0.7073243441570354,2.0,0.7215038856840725,False,0.01552989015584727,False,d_reserve_pct,False
1894-06-27,20.879,30.671,0.7112280864483813,2.0,0.6866327069349372,False,0.0038415002164456226,False,d_reserve_pct,False
1894-07-04,23.299999999999997,29.3,0.6386224934612031,2.0,4.2788386028045355,True,0.13393449008473088,False,d_crisis_lending_pct,True
1894-07-11,20.642,29.262999999999998,0.66202886747206,2.0,3.5465275079616685,True,0.04733826225115091,False,d_crisis_lending_pct,True
1894-07-18,20.436999999999998,29.293000000000003,0.6634280019930244,2.0,0.45976413127192606,False,0.003155954972061947,False,d_reserve_pct,False
1894-07-25,20.467,29.651,0.6689301989802824,2.0,0.3836946175090645,False,0.0027355087100497115,False,d_crisis_lending_pct,False
1894-08-01,20.433,28.745,0.6640408427277767,2.0,1.4455699403908062,False,0.02286001440139504,False,d_reserve_pct,False
1894-08-08,20.302999999999997,28.951,0.6679201753374092,2.0,0.31102503344244276,False,0.001817001439099261,False,d_reserve_ratio_pct,False
1894-08-15,20.336,29.644,0.6818631397354801,2.0,0.33243474667025447,False,0.00852954101282359,False,d_crisis_lending_pct,False
1894-08-22,20.391,30.942,0.6939068421878855,2.0,0.9327417838972185,False,0.01904920386106134,False,d_reserve_pct,False
1894-08-29,20.214999999999996,31.306,0.7047408941515465,2.0,0.21056104180930424,False,0.0030035639555906876,False,d_lending_to_reserve_pct,False
1894-09-05,20.022999999999996,30.894000000000002,0.7048757671861097,2.0,0.9885668432219712,False,0.0076018767797414065,False,d_reserve_pct,False
1894-09-12,20.264,31.13,0.7079183153681721,2.0,0.639233701891011,False,0.004317153780183827,False,d_crisis_lending_pct,False
1894-09-19,19.910000000000004,31.115,0.7093192905667259,2.0,0.4566667654180393,False,0.0036701282258663212,False,d_reserve_pct,False
1894-09-26,19.594,30.002,0.7123151071962772,2.0,1.7603116492210868,False,0.02026004465821261,False,d_reserve_pct,False
1894-10-03,19.286,27.892000000000003,0.6838285770324606,2.0,3.041044303288063,False,0.0696165156838786,False,d_reserve_pct,False
1894-10-10,19.244999999999997,27.637,0.6195664357612034,2.0,3.830655043610855,True,0.09876221987083855,False,d_reserve_ratio_pct,True
1894-10-17,18.951999999999998,27.671999999999997,0.6190742522204076,2.0,0.38469617006325896,False,0.005271813335383688,False,d_reserve_pct,False
1894-10-24,18.83,28.121,0.6325153512224746,2.0,0.5021812249884323,False,0.005410942684214864,False,d_reserve_ratio_pct,False
1894-10-31,18.835,27.194,0.6274717921502573,2.0,1.6434389305159354,False,0.025384135394532045,False,d_reserve_pct,False
1894-11-07,21.395000000000003,26.444000000000003,0.6236645362137686,2.0,6.518040606635582,True,0.08267104495706722,False,d_crisis_lending_pct,True
1894-11-14,18.361,26.913999999999998,0.6318730337606235,2.0,6.10106674638449,True,0.0703795231970747,False,d_crisis_lending_pct,True
1894-11-21,18.268,26.707,0.6487635427294368,2.0,0.9074157862265789,False,0.013612687789157033,False,d_reserve_ratio_pct,False
1894-11-28,18.231,26.74,0.6556814280810161,2.0,0.33781735882905617,False,0.004409877201064421,False,d_reserve_pct,False
1894-12-05,18.031999999999996,25.739,0.6392717879939399,2.0,1.7095237958484997,False,0.02874961588246143,False,d_reserve_ratio_pct,False
1894-12-12,18.245,25.367,0.6351754012569798,2.0,0.9818842800041472,False,0.012819938962036235,False,d_crisis_lending_pct,False
1894-12-19,17.9,24.838,0.639018240757416,2.0,0.9363225299100448,False,0.012270486169116322,False,d_reserve_pct,False
1894-12-24,17.977000000000004,23.671,0.6382559926658936,2.0,1.7738241521333784,False,0.040435718911739395,False,d_reserve_pct,False
1895-01-02,28.27,23.972,0.535113174695299,2.0,33.71437171134859,True,0.40120315074101187,False,d_crisis_lending_pct,True
1895-01-09,23.360999999999997,25.160999999999998,0.5584012073059766,2.0,9.654184360865457,True,0.10983858660068381,False,d_crisis_lending_pct,True
1895-01-16,15.361,26.203,0.630228251196575,2.0,19.46478999226192,True,0.2887074770185734,False,d_crisis_lending_pct,True
1895-01-23,15.163,27.143,0.6602851026564172,2.0,2.07643122105928,False,0.017651675298808747,False,d_reserve_ratio_pct,False
1895-01-30,14.681000000000001,27.82,0.6936790923824959,2.0,2.2182336930346707,False,0.021981995782662158,False,d_reserve_ratio_pct,False
1895-02-06,14.887,28.482,0.7037110243613184,2.0,1.2533805815027974,False,0.010121633565969988,False,d_crisis_lending_pct,False
1895-02-13,14.959,29.118000000000002,0.7083637425193403,2.0,0.6980331005394897,False,0.005905001212880646,False,d_crisis_lending_pct,False
1895-02-20,14.676,29.673000000000002,0.7092695286356249,2.0,0.5726858658950784,False,0.006226981067245068,False,d_crisis_lending_pct,False
1895-02-27,17.197,29.091,0.6885117864243112,2.0,10.51020511702255,True,0.09314889777970158,False,d_crisis_lending_pct,True
1895-03-06,18.151,28.916,0.6794332573603704,2.0,3.661979543808665,True,0.02966509849146304,False,d_crisis_lending_pct,True
1895-03-13,15.366,28.875,0.7022813503259072,2.0,8.232630321055698,True,0.07083464584860058,False,d_crisis_lending_pct,True
1895-03-20,15.728000000000002,29.484,0.7004323656578135,2.0,1.7544488809776844,False,0.013716890651815203,False,d_crisis_lending_pct,False
1895-03-27,20.99,29.243,0.6595173658096526,2.0,19.303233352032578,True,0.19984837208756087,False,d_crisis_lending_pct,True
1895-04-03,19.947999999999997,28.419999999999998,0.66168424483714,2.0,2.3760179828806955,False,0.024504172737702685,False,d_crisis_lending_pct,False
1895-04-10,15.493,27.137,0.6852777777777778,2.0,12.176574349166009,True,0.14359337775703115,False,d_crisis_lending_pct,True
1895-04-17,15.433000000000002,27.537000000000003,0.6823351587085265,2.0,0.6040169332839549,False,0.006563427271085736,False,d_reserve_ratio_pct,False
1895-04-24,15.277999999999999,28.314,0.6772064099497729,2.0,0.8279765067387076,False,0.01704374996036152,False,d_reserve_pct,False
1895-05-01,15.877,27.598,0.6618384133912084,2.0,2.715746259421254,False,0.031990564757301165,False,d_crisis_lending_pct,False
1895-05-08,15.406,27.514,0.654767854168154,2.0,1.3854151785627777,False,0.013299996809955509,False,d_crisis_lending_pct,False
1895-05-15,15.413,27.959,0.6454956826891998,2.0,0.9472397683503152,False,0.015007184970754277,False,d_reserve_ratio_pct,False
1895-05-22,15.23,28.43,0.6455788182932921,2.0,0.5988405403651874,False,0.0038643005904459254,False,d_reserve_pct,False
1895-05-29,15.751000000000001,28.459999999999997,0.6357219442458899,2.0,2.3198809450417586,False,0.019343594495546654,False,d_crisis_lending_pct,False
1895-06-05,15.806000000000001,27.736,0.6240662406624066,2.0,1.0953176872056944,False,0.019513283330517005,False,d_reserve_pct,False
1895-06-12,15.959,28.704,0.6301784890996509,2.0,1.300212830682865,False,0.011588830705676179,False,d_reserve_pct,False
1895-06-19,15.986,29.564,0.6314395557454079,2.0,1.1105389052468055,False,0.01076830087980871,False,d_reserve_pct,False
1895-06-26,17.22,28.697,0.6183232423347913,2.0,4.660612635836825,True,0.0538086060493042,False,d_crisis_lending_pct,True
1895-07-03,18.342,28.424,0.5965162644281218,2.0,3.9611155576018158,True,0.04474712164567832,False,d_crisis_lending_pct,True
1895-07-10,16.974,27.596999999999998,0.5928718741943799,2.0,4.160317071706011,True,0.037614154291254163,False,d_crisis_lending_pct,True
1895-07-17,17.089,27.903,0.5856192415052364,2.0,0.6552566111203697,False,0.009430108136338156,False,d_reserve_ratio_pct,False
1895-07-24,17.112000000000002,28.517,0.5916390041493775,2.0,0.7220103011010212,False,0.00646642937931796,False,d_reserve_pct,False
1895-07-31,17.539,28.102,0.5788259526261587,2.0,1.5251385376881361,False,0.022739442633809354,False,d_crisis_lending_pct,False
1895-08-07,17.46,28.137,0.5805034041675263,2.0,0.1447616858524695,False,0.005038839326508592,False,d_reserve_ratio_pct,False
1895-08-14,17.674,29.399,0.5865371186880274,2.0,1.5128246654509774,False,0.02055539344849272,False,d_reserve_pct,False
1895-08-21,17.766,30.765,0.5933805234632669,2.0,1.5686278058597287,False,0.019911557231824143,False,d_reserve_pct,False
1895-08-28,17.727,31.749,0.6022763919188087,2.0,0.9969161781562097,False,0.007756302860968715,False,d_reserve_pct,False
1895-09-04,17.983,31.856,0.6005353843833653,2.0,0.7887284205915023,False,0.00618463004118255,False,d_crisis_lending_pct,False
1895-09-11,17.766000000000002,32.388999999999996,0.6054697723109133,2.0,0.5514369168640171,False,0.000643036878342299,False,d_crisis_lending_pct,False
1895-09-18,18.358,33.449,0.6034784491312898,2.0,1.7607060986640215,False,0.02140149388376495,False,d_crisis_lending_pct,False
1895-09-25,17.897,34.645,0.6172058718734412,2.0,1.1605662211185088,False,0.010154337834187203,False,d_crisis_lending_pct,False
1895-10-02,18.13,32.458999999999996,0.5979478299314714,2.0,2.1497224469398017,False,0.06642329182988711,False,d_lending_to_reserve_pct,False
1895-10-09,17.912,31.764,0.5710895361380798,2.0,2.1069919434930537,False,0.03701185069845964,False,d_reserve_ratio_pct,False
1895-10-16,17.886,31.434,0.5704796646158872,2.0,0.40287239101951045,False,0.007374496428787879,False,d_lending_to_reserve_pct,False
1895-10-23,17.964,32.222,0.581729554071132,2.0,0.9649628486655578,False,0.009223790930401215,False,d_reserve_ratio_pct,False
1895-10-30,17.922,32.315,0.5847598711592052,2.0,0.272403221876723,False,0.002286426077546144,False,d_reserve_ratio_pct,False
1895-11-06,17.924,31.466,0.5820892761344507,2.0,0.9555725877568687,False,0.01836959327841368,False,d_lending_to_reserve_pct,False
1895-11-13,18.203,31.84,0.583011370919012,2.0,0.7467638179870116,False,0.0066215817632726695,False,d_crisis_lending_pct,False
1895-11-20,19.647000000000002,32.87,0.5770918922714983,2.0,3.7266076925856937,True,0.04794488637665203,False,d_crisis_lending_pct,True
1895-11-27,18.343,33.907000000000004,0.5945675808374833,2.0,3.158264211561942,False,0.023112280605820153,False,d_crisis_lending_pct,False
1895-12-04,17.921,35.324,0.6075052454167096,2.0,1.2009007441080861,False,0.012549014340935092,False,d_lending_to_reserve_pct,False
1895-12-11,18.028999999999996,35.958,0.6096539563588275,2.0,0.2096932479624355,False,0.004653717120740353,False,d_crisis_lending_pct,False
1895-12-18,18.070999999999998,35.656,0.6020735537469184,2.0,0.6943760849536575,False,0.009216264623354271,False,d_reserve_pct,False
1895-12-24,18.475,34.158,0.5894391716997411,2.0,2.184281668121533,False,0.03975227418929922,False,d_lending_to_reserve_pct,False
1896-01-01,32.138,35.291999999999994,0.5310181911196039,2.0,33.17840645402704,True,0.4744195542693324,True,d_crisis_lending_pct,True
1896-01-08,18.883,36.352,0.6056345067724038,2.0,18.644437692171255,True,0.3499887210350352,False,d_crisis_lending_pct,True
1896-01-15,18.626,37.073,0.6105264891392059,2.0,0.70271705365035,False,0.001383383138265756,False,d_crisis_lending_pct,False
1896-01-22,17.808,39.173,0.6263771406642256,2.0,2.29436982536228,False,0.031051942894116176,False,d_lending_to_reserve_pct,False
1896-01-29,17.476999999999997,39.828,0.6326122176689222,2.0,0.8980065710701947,False,0.001648259449564694,False,d_crisis_lending_pct,False
1896-02-05,17.297,39.947,0.6356735940931225,2.0,0.5316484250203469,False,0.0016341134807596267,False,d_crisis_lending_pct,False
1896-02-12,17.330000000000002,39.942,0.6355030150673816,2.0,0.42731537630362615,False,0.005564947935217433,False,d_lending_to_reserve_pct,False
1896-02-19,17.736,40.746,0.6343962134894439,2.0,0.942906436323328,False,0.012714080556377265,False,d_crisis_lending_pct,False
1896-02-26,17.905,40.996,0.6353703330595293,2.0,0.3679866510818894,False,0.004823246992436559,False,d_lending_to_reserve_pct,False
1896-03-04,19.04,40.383,0.6200368493781668,2.0,2.770693173593693,False,0.04256168133508237,False,d_crisis_lending_pct,False
1896-03-11,18.073,40.637,0.626254064633451,2.0,2.3657023752874076,False,0.010236941327691275,False,d_crisis_lending_pct,False
1896-03-18,17.814,40.896,0.6263746362383212,2.0,0.7130098966261622,False,0.004656862180142174,False,d_crisis_lending_pct,False
1896-03-25,17.924,40.123999999999995,0.6224249193348225,2.0,1.1561307354165775,False,0.011842871611003482,False,d_lending_to_reserve_pct,False
1896-04-01,19.286,37.129,0.5937030285586363,2.0,5.049920413425818,True,0.10372168317569685,False,d_lending_to_reserve_pct,True
1896-04-08,18.892000000000003,37.143,0.5928461980463513,2.0,1.0341029775396648,False,0.00704368062099935,False,d_crisis_lending_pct,False
1896-04-15,18.456,38.042,0.6001830114855484,2.0,1.1191765585203957,False,0.004968808233024577,False,d_crisis_lending_pct,False
1896-04-22,18.415,38.63,0.6019571789198117,2.0,0.27131981377031894,False,0.004143590928755416,False,d_reserve_pct,False
1896-04-29,18.564,38.118,0.5983048187097788,2.0,0.8970791737708238,False,0.009137711330266543,False,d_lending_to_reserve_pct,False
1896-05-06,19.13,37.668,0.5915944214097248,2.0,1.3576998732702568,False,0.020579406261944714,False,d_lending_to_reserve_pct,False
1896-05-13,19.44,37.672,0.5923829292071578,2.0,0.6184475791757345,False,0.007017496203646572,False,d_crisis_lending_pct,False
1896-05-20,20.625,37.992999999999995,0.5854173407910753,2.0,2.5655628641477497,False,0.028719636214920866,False,d_crisis_lending_pct,False
1896-05-27,19.492,38.065000000000005,0.5945983942016309,2.0,2.602165695240064,False,0.010783955484145997,False,d_crisis_lending_pct,False
1896-06-03,19.58,38.275999999999996,0.5949483174011035,2.0,0.10447145447867653,False,0.003964747276436097,False,d_lending_to_reserve_pct,False
1896-06-10,19.512999999999998,38.587999999999994,0.5975224527717559,2.0,0.2492475397697436,False,0.003050007224059014,False,d_crisis_lending_pct,False
1896-06-17,19.625,39.34,0.6008308387806219,2.0,0.5731699209933602,False,0.004933407332886826,False,d_reserve_pct,False
1896-06-24,20.375,38.922,0.5949011096505975,2.0,1.5687161292077554,False,0.022878184045281642,False,d_crisis_lending_pct,False
1896-07-01,29.116000000000003,37.323,0.5449886104783599,2.0,19.1487321401709,True,0.26684425921064076,False,d_crisis_lending_pct,True
1896-07-08,20.636000000000003,37.077999999999996,0.5870580598172864,2.0,13.252575570070618,True,0.18765871016629918,False,d_crisis_lending_pct,True
1896-07-15,20.012,37.599999999999994,0.5930599369085173,2.0,1.4106764913653298,False,0.0028105389093990548,False,d_crisis_lending_pct,False
1896-07-22,19.344,37.754999999999995,0.5957678469986745,2.0,1.5216510138888324,False,0.006380024871941875,False,d_crisis_lending_pct,False
1896-07-29,19.393,37.257,0.5949791596799693,2.0,0.870987330031791,False,0.007450701150134001,False,d_reserve_pct,False
1896-08-05,19.843000000000004,36.123,0.5868601043003591,2.0,1.5966987747849708,False,0.031046437750071924,False,d_reserve_pct,False
1896-08-12,19.805,36.462,0.58896121727051,2.0,0.19516437878936968,False,0.0035466090474040196,False,d_lending_to_reserve_pct,False
1896-08-19,19.573,36.940000000000005,0.5906619763351456,2.0,0.5782750995887876,False,0.0021799092042420138,False,d_lending_to_reserve_pct,False
1896-08-26,19.465,35.892,0.5876516528316715,2.0,1.663922064096645,False,0.01578171321372929,False,d_reserve_pct,False
1896-09-02,19.132,33.321,0.5710050552651872,2.0,3.4776201189202247,False,0.06789173234069946,False,d_reserve_pct,False
1896-09-09,19.023,32.38,0.5644556785496383,2.0,1.4846345204574083,False,0.017672650871941097,False,d_reserve_pct,False
1896-09-16,19.073,32.11,0.5625635095833772,2.5,0.57849049988117,False,0.16455149370492042,False,d_reserve_pct,False
1896-09-23,18.948,31.293,0.5557173554012538,2.5,1.3804123422009442,False,0.01674424843159465,False,d_reserve_pct,False
1896-09-30,21.698,29.152,0.5226058585206698,3.0,6.329452111156952,True,0.27287085404326905,False,d_lending_to_reserve_pct,True
1896-10-07,18.68,28.144,0.508197905381004,3.0,5.783316558263328,True,0.08895709883148052,False,d_crisis_lending_pct,True
1896-10-14,18.493,26.771,0.503905735313494,3.0,2.3217611176944497,False,0.04012956611648985,False,d_reserve_pct,False
1896-10-21,18.572000000000003,25.92,0.5068340470464011,3.0,1.5342638018818604,False,0.025382143194064934,False,d_reserve_pct,False
1896-10-28,18.958,26.274,0.5323472799108501,4.0,3.8422413720428796,True,0.2582016521461412,False,d_reserve_ratio_pct,True
1896-11-04,20.543,25.471,0.5210818109285816,4.0,2.7399098959376937,False,0.05585885825778153,False,d_crisis_lending_pct,False
1896-11-11,19.396,25.718,0.5258982066539886,4.0,1.839473568186702,False,0.010568458262908299,False,d_crisis_lending_pct,False
1896-11-18,18.64,26.231,0.5268644425251572,4.0,1.216052648553399,False,0.006532043190153064,False,d_crisis_lending_pct,False
1896-11-25,19.078,26.78,0.536920825230066,4.0,1.2799732586298882,False,0.013286932241832366,False,d_reserve_ratio_pct,False
1896-12-02,18.166999999999998,26.225,0.5398089827508131,4.0,1.5731669011638645,False,0.01755820824039079,False,d_crisis_lending_pct,False
1896-12-09,18.731,26.618,0.5424495618504178,4.0,1.012414819785138,False,0.01028886523167223,False,d_crisis_lending_pct,False
1896-12-16,20.673000000000002,26.001,0.5302106486673872,4.0,3.2986536411960987,False,0.06099239438268021,False,d_crisis_lending_pct,False
1896-12-23,24.537,24.068,0.48535936113575867,4.0,6.388423004730632,True,0.16273020394309357,False,d_reserve_ratio_pct,True
1896-12-30,33.769000000000005,24.295,0.44385779011984805,4.0,11.573013491007593,True,0.23417592888617228,False,d_crisis_lending_pct,True
1897-01-06,29.752,24.746,0.450730392335434,4.0,3.658798470081181,True,0.05280438817410579,False,d_crisis_lending_pct,True
1897-01-13,22.519999999999996,26.369999999999997,0.5067645476208777,4.0,8.484089141026502,True,0.22210958748193663,False,d_reserve_ratio_pct,True
1897-01-20,20.944,27.45,0.5231461188084846,4.0,2.186283335004623,False,0.031073535208883386,False,d_reserve_ratio_pct,False
1897-01-27,19.788000000000004,28.274,0.5353606119705376,3.5,1.550310172736934,False,0.12766079195264496,False,d_reserve_ratio_pct,False
1897-02-03,20.019,28.244,0.5260961889505643,3.5,1.082127839190757,False,0.013116637242799266,False,d_reserve_ratio_pct,False
1897-02-10,19.872,28.86,0.5356943980398708,3.0,1.0959465057641098,False,0.1122860919499619,False,d_reserve_ratio_pct,False
1897-02-17,19.807000000000002,29.811,0.5392532831663109,3.0,1.1924152723211212,False,0.007862036782200599,False,d_reserve_pct,False
1897-02-24,21.624000000000002,30.265,0.535502592140418,3.0,2.37637670645786,False,0.04584370597819006,False,d_crisis_lending_pct,False
1897-03-03,23.252,29.755,0.5313487740852515,3.0,1.9596770012209501,False,0.048098447340963975,False,d_crisis_lending_pct,False
1897-03-10,20.632,30.34,0.5505552732815562,3.0,2.8021502514721286,False,0.04538217568553518,False,d_crisis_lending_pct,False
1897-03-17,20.787,30.582,0.5522609072522393,3.0,0.2529745623630926,False,0.004517477723908453,False,d_reserve_pct,False
1897-03-24,20.662,30.645999999999997,0.5549901302088049,3.0,0.22724146464441422,False,0.0029008723497486893,False,d_lending_to_reserve_pct,False
1897-03-31,23.644,28.886,0.5280804387568556,3.0,3.7086094099805327,True,0.11157456059788456,False,d_crisis_lending_pct,True
1897-04-07,21.828,27.581,0.5253924108503505,3.0,1.7445690272789312,False,0.051422936109533954,False,d_reserve_pct,False
1897-04-14,20.746,25.358,0.5095753873359725,2.5,2.97403554370813,False,0.23035942633740497,False,d_reserve_pct,False
1897-04-21,20.622,25.801,0.5107794033219171,2.5,0.6002476257816105,False,0.004171841002284908,False,d_reserve_pct,False
1897-04-28,19.883,26.095,0.5206088899529168,2.5,1.0417680691952904,False,0.005479279031140136,False,d_reserve_ratio_pct,False
1897-05-05,19.411,25.469,0.5180838079739626,2.5,0.9609498659833615,False,0.01577420459733459,False,d_reserve_pct,False
1897-05-12,19.898,25.612000000000002,0.5160068500050369,2.5,0.6149027739210767,False,0.009303956560083617,False,d_crisis_lending_pct,False
1897-05-19,19.990000000000002,26.293000000000003,0.5156096795701456,2.0,0.8558252400517075,False,0.12607166141199988,False,d_reserve_pct,False
1897-05-26,19.774,26.151999999999997,0.5170014233749801,2.0,0.3087100930073875,False,0.004494628826378615,False,d_reserve_pct,False
1897-06-02,19.833,25.247,0.5074467871284144,2.0,1.275451595669839,False,0.023559052601088943,False,d_reserve_ratio_pct,False
1897-06-09,19.591,25.252,0.5072516170503395,2.0,0.24644488786901875,False,0.003962905009285251,False,d_lending_to_reserve_pct,False
1897-06-16,19.3,25.833000000000002,0.5146426010040641,2.0,0.9005649059299964,False,0.005589388531312095,False,d_reserve_ratio_pct,False
1897-06-23,19.838,25.9,0.51044540796216,2.0,0.7503672177551917,False,0.012609939723897004,False,d_crisis_lending_pct,False
1897-06-30,31.866,25.195,0.44423090485929895,2.0,13.624970839452534,True,0.37851989238276373,False,d_crisis_lending_pct,True
1897-07-07,21.749000000000002,25.259,0.49528422125924043,2.0,7.36992283471206,True,0.24815310508540434,False,d_reserve_ratio_pct,True
1897-07-14,21.189,25.485,0.5003533985157261,2.0,0.6581514660130511,False,0.0019241870697651001,False,d_lending_to_reserve_pct,False
1897-07-21,20.159,25.720999999999997,0.5071275064571461,2.0,1.087444124158081,False,0.007788160887041146,False,d_crisis_lending_pct,False
1897-07-28,19.970000000000002,25.453,0.5101517246908384,2.0,0.4382984441773333,False,0.006086696492756684,False,d_reserve_pct,False
1897-08-04,19.736000000000004,24.290999999999997,0.5005048111594173,2.0,1.6508246375702689,False,0.033677665398588005,False,d_reserve_pct,False
1897-08-11,19.729,24.410999999999998,0.5137211162085946,2.0,1.3197965693579254,False,0.01062498434159497,False,d_reserve_ratio_pct,False
1897-08-18,19.595000000000002,24.965,0.5361322881992913,2.0,1.9812237112337183,False,0.014215876474300585,False,d_reserve_ratio_pct,False
1897-08-25,19.388,25.391000000000002,0.5464190410605149,2.0,0.7622063753206623,False,0.0028749063202035082,False,d_reserve_ratio_pct,False
1897-09-01,21.799000000000003,24.567999999999998,0.5229793303105774,2.0,2.982621250690205,False,0.07684338273206662,False,d_lending_to_reserve_pct,False
1897-09-08,20.705000000000002,24.514999999999997,0.5216623398731752,2.0,0.9238262011460444,False,0.014222409464801104,False,d_crisis_lending_pct,False
1897-09-15,20.746000000000002,24.754,0.5185169669040637,2.0,0.362640184049028,False,0.006478516335444666,False,d_reserve_ratio_pct,False
1897-09-22,20.755,24.349000000000004,0.5023105169781739,2.0,1.3958817218969228,False,0.023588555122690275,False,d_reserve_ratio_pct,False
1897-09-29,21.42,23.018,0.48505921524002193,2.5,2.1295903257266247,False,0.20515083628286437,False,d_reserve_pct,False
1897-10-06,22.237000000000002,21.583000000000002,0.43718603143736834,2.5,4.218164891630604,True,0.12762334998742778,False,d_reserve_ratio_pct,True
1897-10-13,21.159999999999997,20.924,0.4385479543930248,2.5,1.2501263342670978,False,0.023918349890614764,False,d_reserve_pct,False
1897-10-20,19.807,21.145,0.4846658109470982,3.0,4.02995212403666,True,0.22934027368545531,False,d_reserve_ratio_pct,True
1897-10-27,24.773000000000003,21.458,0.477874529541456,3.0,4.603102008474555,True,0.15159546749298425,False,d_crisis_lending_pct,True
1897-11-03,24.479,20.715,0.4722228554494266,3.0,1.4757601472228261,False,0.020734507807072887,False,d_reserve_pct,False
1897-11-10,22.283,20.94,0.4834911105980143,3.0,1.661144119878882,False,0.028195734593712895,False,d_lending_to_reserve_pct,False
1897-11-17,21.155,21.512,0.48505073280721533,3.0,1.2387355222553562,False,0.01712825904323677,False,d_lending_to_reserve_pct,False
1897-11-24,22.196,22.324,0.4987711693998839,3.0,1.1331807780485978,False,0.032112632377195915,False,d_reserve_pct,False
1897-12-01,21.089,21.834999999999997,0.49102725555455606,3.0,0.948664883574441,False,0.026798114414297473,False,d_reserve_pct,False
1897-12-08,23.781,21.855,0.5019291718340912,3.0,2.355151992874004,False,0.07826363831818971,False,d_lending_to_reserve_pct,False
1897-12-15,28.906000000000002,21.52,0.46035039681690804,3.0,4.261408599071156,True,0.14263129513826517,False,d_lending_to_reserve_pct,True
1897-12-22,27.837,20.036,0.43070573314129706,3.0,2.6078397508596756,False,0.09197457805940848,False,d_reserve_pct,False
1897-12-29,31.294999999999998,19.906000000000002,0.4009587882206019,3.0,2.75084061692432,False,0.0817049107753294,False,d_reserve_ratio_pct,False
1898-01-05,28.258000000000003,19.884999999999998,0.39272030651340994,3.0,1.5826069106123832,False,0.05277841886109954,False,d_lending_to_reserve_pct,False
1898-01-12,25.535000000000004,20.684,0.4156668877233175,3.0,2.2790774487363064,False,0.051940849269331485,False,d_reserve_ratio_pct,False
1898-01-19,23.982999999999997,21.891000000000002,0.4349320511801638,3.0,2.009429424673547,False,0.0459437203789253,False,d_reserve_pct,False
1898-01-26,24.886000000000003,22.753,0.449912995333386,3.0,1.3526649678685958,False,0.03264191850516698,False,d_reserve_ratio_pct,False
1898-02-02,24.055,22.774,0.45477963935539273,3.0,0.4952731403257059,False,0.0043011336984474366,False,d_lending_to_reserve_pct,False
1898-02-09,25.866999999999997,23.245,0.452166977902272,3.0,1.3204945631855531,False,0.04096720240690874,False,d_crisis_lending_pct,False
1898-02-16,26.427,23.878,0.4591834772408223,3.0,0.9111032411982247,False,0.013380653423266225,False,d_reserve_pct,False
1898-02-23,31.637,24.484,0.4422927543038821,3.0,3.249037880909486,False,0.1107222112676098,False,d_crisis_lending_pct,False
1898-03-02,31.517,23.605,0.43133062895150387,3.0,1.314399088457469,False,0.026777820250207248,False,d_reserve_pct,False
1898-03-09,31.35,23.679000000000002,0.43462858611258975,3.0,0.3192573277017786,False,0.003180098716089517,False,d_reserve_ratio_pct,False
1898-03-16,29.441,23.717,0.42925919892852615,3.0,1.0181412654533153,False,0.025551408396524432,False,d_lending_to_reserve_pct,False
1898-03-23,28.458,23.515,0.4305199560600512,3.0,0.39059922384246587,False,0.0071759522015423,False,d_crisis_lending_pct,False
1898-03-30,35.355000000000004,21.662,0.38388743177146095,3.0,6.330847567458139,True,0.2080142416118482,False,d_lending_to_reserve_pct,True
1898-04-06,28.695999999999998,18.351,0.3737702914638369,4.0,5.300324189775751,True,0.4391726855902835,True,d_reserve_pct,True
1898-04-13,26.77,18.433,0.38479844686136566,4.0,1.1489350208690392,False,0.019869215183741493,False,d_lending_to_reserve_pct,False
1898-04-20,26.389,19.688000000000002,0.399391419008013,4.0,2.270324000742359,False,0.03504135368960239,False,d_reserve_pct,False
1898-04-27,26.951999999999998,21.038,0.41810087841329147,4.0,2.214569547351572,False,0.05296015005123593,False,d_reserve_pct,False
1898-05-04,25.273,22.72,0.4471648723651321,4.0,2.577124405615736,False,0.07492894861237558,False,d_reserve_pct,False
1898-05-11,31.288,23.811999999999998,0.43358400553542487,4.0,3.9087483680423163,True,0.15611336204746515,False,d_crisis_lending_pct,True
1898-05-18,28.223,25.441000000000003,0.46199244570349385,4.0,2.311016943320307,False,0.07666751692834203,False,d_lending_to_reserve_pct,False
1898-05-25,27.601999999999997,26.544999999999998,0.47834000072079863,3.5,1.212261544922973,False,0.12748436167731408,False,d_reserve_pct,False
1898-06-01,26.411,26.046,0.48068653686444585,3.5,0.6686839224620141,False,0.013013185405294666,False,d_reserve_pct,False
1898-06-08,26.503999999999998,27.336,0.49285134769674566,3.0,1.3676686350049905,False,0.1372615824858988,False,d_reserve_pct,False
1898-06-15,27.736,27.639,0.4900184384086235,3.0,0.8746650053700853,False,0.01831084657251174,False,d_crisis_lending_pct,False
1898-06-22,27.532,27.959999999999997,0.4935482162715574,3.0,0.21329219564473284,False,0.0016413171689017563,False,d_reserve_pct,False
1898-06-29,27.241,27.071,0.48789762999008746,3.0,1.1266809475809003,False,0.020629868773942642,False,d_reserve_pct,False
1898-07-06,27.804000000000002,25.305,0.4651141418225931,2.5,2.0919113306739807,False,0.2235963131207542,False,d_reserve_pct,False
1898-07-13,27.902,25.04,0.462367974001034,2.5,0.42693322633163006,False,0.006995760990171326,False,d_reserve_pct,False
1898-07-20,27.692,25.176,0.45985241470008037,2.5,0.16579935045367455,False,0.00640682478136369,False,d_reserve_ratio_pct,False
1898-07-27,27.413,24.167,0.45428399563893385,2.5,1.2337524965941316,False,0.03134773187448673,False,d_reserve_pct,False
1898-08-03,26.604,22.872,0.44600444600444605,2.5,1.6135436176966922,False,0.04203998479120934,False,d_reserve_pct,False
1898-08-10,25.247,23.224,0.45531005548258086,2.5,0.7880109027522153,False,0.009566448461587012,False,d_lending_to_reserve_pct,False
1898-08-17,24.326,23.773,0.4731604402603348,2.5,1.2672437976068756,False,0.012484938109422864,False,d_reserve_ratio_pct,False
1898-08-24,24.029999999999998,24.115,0.48467490704451816,2.5,0.7808142206657853,False,0.0038561858897282883,False,d_reserve_ratio_pct,False
1898-08-31,24.583000000000002,23.868000000000002,0.4846786475784344,2.5,0.6393986119541126,False,0.01390468928996697,False,d_lending_to_reserve_pct,False
1898-09-07,23.377,23.791,0.49153943100349173,2.5,0.6455698953778924,False,0.00995920806670435,False,d_crisis_lending_pct,False
1898-09-14,23.192,24.022000000000002,0.4943205202074245,2.5,0.17670484751577695,False,0.00167299399469354,False,d_reserve_pct,False
1898-09-21,23.354999999999997,23.495,0.510505616756839,2.5,0.8677794630226543,False,0.032173623153186906,False,d_reserve_ratio_pct,False
1898-09-28,29.316,22.463,0.4762237910492061,3.0,4.765420676621791,True,0.3217095507411893,False,d_lending_to_reserve_pct,True
1898-10-05,24.796999999999997,20.386,0.4440910576189957,3.0,2.7066604996298618,False,0.1806584616112886,False,d_reserve_pct,False
1898-10-12,23.996,20.291,0.4649526821108591,3.0,1.1833098228031649,False,0.02106810826587921,False,d_reserve_ratio_pct,False
1898-10-19,23.589,20.631999999999998,0.4910042836744407,4.0,1.4330037159768032,False,0.25094021129955696,False,d_reserve_ratio_pct,False
1898-10-26,28.054000000000002,21.237,0.48771357707146795,4.0,3.752861365435063,True,0.10472785235798651,False,d_crisis_lending_pct,True
1898-11-02,25.025,21.1,0.4987590119371233,4.0,1.6099518556422066,False,0.04119516379399604,False,d_crisis_lending_pct,False
1898-11-09,23.554000000000002,21.517,0.5308252127790798,4.0,1.6063939681795703,False,0.0328979210086139,False,d_reserve_ratio_pct,False
1898-11-16,23.412,22.195999999999998,0.5407064555420219,4.0,0.7803756614322088,False,0.007960221262189066,False,d_reserve_pct,False
1898-11-23,23.378,23.015,0.5478196705703132,4.0,0.9305783954014077,False,0.010697269272669285,False,d_reserve_pct,False
1898-11-30,28.713,21.819000000000003,0.49706123564789506,4.0,4.946222316115712,True,0.17080977008514084,False,d_crisis_lending_pct,True
1898-12-07,23.788000000000004,20.869,0.5090248304795356,4.0,3.3614809837406225,False,0.10442647615993143,False,d_crisis_lending_pct,False
1898-12-14,24.829,20.848999999999997,0.5061051098434275,4.0,1.1277840449411909,False,0.021661805100685886,False,d_crisis_lending_pct,False
1898-12-21,25.445999999999998,19.97,0.4815645421881406,4.0,1.5144842161802592,False,0.06007889139785082,False,d_reserve_ratio_pct,False
1898-12-28,31.289,18.832,0.4338170928357521,4.0,4.79150042022302,True,0.18381372741016527,False,d_crisis_lending_pct,True
1899-01-04,29.872000000000003,19.389000000000003,0.3940453205975003,4.0,2.670760812590938,False,0.12343075136295568,False,d_reserve_ratio_pct,False
1899-01-11,28.147000000000002,20.058999999999997,0.4076701081212909,4.0,0.9789497219866864,False,0.020334551128010147,False,d_crisis_lending_pct,False
1899-01-18,26.73,22.102999999999998,0.44998880270363806,4.0,2.6507873840492975,False,0.11636945912022739,False,d_reserve_ratio_pct,False
1899-01-25,26.979,23.022000000000002,0.4602190948344795,3.5,0.9638942509044321,False,0.13085396805062874,False,d_reserve_pct,False
1899-02-01,27.9,22.968999999999998,0.45560756932598084,3.5,0.8591041923432727,False,0.01956943757364799,False,d_lending_to_reserve_pct,False
1899-02-08,27.997,23.715000000000003,0.4597088413747651,3.0,0.6971405981278281,False,0.11914801580825107,False,d_reserve_pct,False
1899-02-15,27.938000000000002,24.512,0.4657154256835066,3.0,0.6992780936341553,False,0.008008055906348616,False,d_reserve_pct,False
1899-02-22,28.694000000000003,24.638,0.46091104667477323,3.0,0.7252493418693818,False,0.01209995602232703,False,d_crisis_lending_pct,False
1899-03-01,30.94,23.762,0.4417713988250167,3.0,2.0263464536188516,False,0.059607946691162046,False,d_lending_to_reserve_pct,False
1899-03-08,29.341,23.317,0.44417563577483565,3.0,0.8391032804291504,False,0.018794557985162025,False,d_crisis_lending_pct,False
1899-03-15,31.139999999999997,23.284000000000002,0.4342328565300909,3.0,1.3570251865143814,False,0.035143372581146276,False,d_crisis_lending_pct,False
1899-03-22,33.755,22.633,0.41574973823913003,3.0,1.9719444819592984,False,0.06113803266733372,False,d_lending_to_reserve_pct,False
1899-03-29,48.035000000000004,19.678,0.33228077877779844,3.0,9.208660639410693,True,0.4547689392802485,True,d_lending_to_reserve_pct,True
1899-04-05,34.103,18.996,0.3734077685170624,3.0,5.363768884360247,True,0.24780462678543047,False,d_crisis_lending_pct,True
1899-04-12,31.207,19.491,0.39058554767343995,3.0,1.4705592948628912,False,0.034991827679703096,False,d_crisis_lending_pct,False
1899-04-19,29.984,20.33,0.402375061850569,3.0,0.902943031959011,False,0.01730820391395237,False,d_reserve_pct,False
1899-04-26,30.019000000000002,20.673000000000002,0.40751838199057744,3.0,0.28270700159861084,False,0.00508192805378984,False,d_reserve_pct,False
1899-05-03,31.088,19.364,0.38927307816018014,3.0,1.7396283025479922,False,0.08206507470888803,False,d_lending_to_reserve_pct,False
1899-05-10,29.851999999999997,19.475,0.3959782034077508,3.0,0.6352783106533192,False,0.007460287497560446,False,d_crisis_lending_pct,False
1899-05-17,29.680999999999997,19.32,0.39493857192501897,3.0,0.33585453167258555,False,0.00599478688754754,False,d_lending_to_reserve_pct,False
1899-05-24,29.584,19.023,0.39064008049777194,3.0,0.6188433241223865,False,0.012471235238967999,False,d_reserve_ratio_pct,False
1899-05-31,30.378999999999998,19.121,0.3883067300272125,3.0,0.6299326013198515,False,0.009953623685429956,False,d_crisis_lending_pct,False
1899-06-07,28.250999999999998,19.531,0.4038668320926385,3.0,1.4392782721163284,False,0.020599657878385576,False,d_reserve_ratio_pct,False
1899-06-14,28.166999999999998,20.477,0.41581042115095646,3.0,1.3348185151557104,False,0.021203724082167762,False,d_reserve_pct,False
1899-06-21,26.517,20.926,0.4257232371729666,3.0,1.0359624579002038,False,0.013799413918437881,False,d_crisis_lending_pct,False
1899-06-28,36.337,20.226000000000003,0.37658492990001685,3.0,7.114292426051623,True,0.24503141378341026,False,d_crisis_lending_pct,True
1899-07-05,27.836,20.014,0.4136320423262927,3.0,4.100583116887833,True,0.16002279991413743,False,d_crisis_lending_pct,True
1899-07-12,27.333,20.031,0.41533963672555363,3.0,0.20303495512353106,False,0.0022876215606801877,False,d_crisis_lending_pct,False
1899-07-19,27.276,20.947,0.42993780915826846,3.5,1.2315506667152991,False,0.18986331539801646,False,d_reserve_pct,False
1899-07-26,26.314,21.369,0.4442157779856563,3.5,0.5668011658891845,False,0.009108375607964285,False,d_reserve_ratio_pct,False
1899-08-02,25.961,20.787,0.4401787226833813,3.5,0.8467851586497437,False,0.017711482855529294,False,d_reserve_pct,False
1899-08-09,25.497,21.322,0.4491016702824525,3.5,0.6370335635767492,False,0.005309467712368933,False,d_reserve_pct,False
1899-08-16,25.909999999999997,22.272000000000002,0.4647746243739566,3.5,1.1179397783627518,False,0.029346652796111792,False,d_reserve_pct,False
1899-08-23,23.896,23.576999999999998,0.49080916793305157,3.5,1.4631196025230806,False,0.059082106247836365,False,d_reserve_pct,False
1899-08-30,23.580000000000002,24.118,0.503959713312577,3.5,0.46842068548856747,False,0.0073977892211943615,False,d_reserve_pct,False
1899-09-06,22.762999999999998,24.347,0.5142790756622027,3.5,0.5460519787230752,False,0.00562966563489073,False,d_crisis_lending_pct,False
1899-09-13,22.017,24.470000000000002,0.5231427044361304,3.5,0.5104540975393725,False,0.005695299789375367,False,d_crisis_lending_pct,False
1899-09-20,22.306,24.866,0.5186359370111587,3.5,0.6662802802380439,False,0.011038617433327404,False,d_reserve_ratio_pct,False
1899-09-27,24.298000000000002,23.423000000000002,0.488274165641742,3.5,2.591737867408826,False,0.09143108532323754,False,d_lending_to_reserve_pct,False
1899-10-04,29.012,20.651,0.39521932174844987,4.5,6.2467751855186515,True,0.5167793546910693,True,d_reserve_ratio_pct,True
1899-10-11,27.084999999999997,21.113,0.40380606292435683,5.0,1.0758746611786225,False,0.1864811201628013,False,d_crisis_lending_pct,False
1899-10-18,25.574000000000005,21.520000000000003,0.4160061859655906,5.0,0.8315269890477647,False,0.01239881253044678,False,d_crisis_lending_pct,False
1899-10-25,25.733,22.527,0.44568206548620043,5.0,1.7331613659440668,False,0.05148223041286383,False,d_reserve_ratio_pct,False
1899-11-01,25.562,21.597,0.4411512378462293,5.0,1.1931547886910254,False,0.03462254623034654,False,d_reserve_pct,False
1899-11-08,25.014,20.75,0.42493497982838774,5.0,1.5236878014721769,False,0.039592474813752145,False,d_reserve_ratio_pct,False
1899-11-15,24.758000000000003,20.283,0.41726840708510776,5.0,0.8618240933974483,False,0.01769208768437872,False,d_reserve_ratio_pct,False
1899-11-22,23.914,20.412999999999997,0.4338944862475024,5.0,0.830463861610162,False,0.014318170629459856,False,d_reserve_ratio_pct,False
1899-11-29,26.321,19.336,0.41357773832695227,5.0,2.5944062169176254,False,0.08542203863405211,False,d_lending_to_reserve_pct,False
1899-12-06,22.377000000000002,18.951,0.44506810709253164,6.0,2.823905644788577,False,0.3341352828208924,False,d_crisis_lending_pct,False
1899-12-13,23.274,18.008000000000003,0.4255801862267808,6.0,1.6811373512154666,False,0.06443510052904244,False,d_lending_to_reserve_pct,False
1899-12-20,30.947,17.336,0.3712682571636613,6.0,6.374846948602359,True,0.2437757830056925,False,d_crisis_lending_pct,True
1899-12-27,33.193,17.846999999999998,0.3670183231538034,6.0,1.494927854708056,False,0.047700068842656804,False,d_crisis_lending_pct,False
1900-01-03,31.533,20.598,0.3866644140339021,6.0,3.63524979100538,True,0.19747496014686616,False,d_reserve_pct,True
1900-01-10,27.804,21.832,0.39581558097793573,6.0,1.9858670484501468,False,0.08246386877208087,False,d_crisis_lending_pct,False
1900-01-17,23.758,23.114,0.42723004694835687,5.0,2.452529515240616,False,0.34592579731615036,False,d_crisis_lending_pct,False
1900-01-24,20.567999999999998,23.922,0.4511882308562806,4.5,2.016905035564302,False,0.19921441881179608,False,d_crisis_lending_pct,False
1900-01-31,20.423,23.951,0.4636006426262509,4.0,0.34913116993298976,False,0.12393957551071558,False,d_reserve_ratio_pct,False
1900-02-07,19.812,23.847,0.4676065728067768,4.0,0.31830065423468995,False,0.004406481591943548,False,d_crisis_lending_pct,False
1900-02-14,19.957,24.343,0.47081463716540306,4.0,0.4301364853773165,False,0.004567535786764941,False,d_reserve_pct,False
1900-02-21,24.222,24.597,0.4533340705518081,4.0,3.578261526776245,True,0.11782266310162914,False,d_crisis_lending_pct,True
1900-02-28,27.717,24.334,0.4380479199294342,4.0,2.4764097688891162,False,0.07332598358011648,False,d_crisis_lending_pct,False
1900-03-07,30.029000000000003,23.896,0.42398112169762775,4.0,1.5340771600235512,False,0.05253636871098896,False,d_lending_to_reserve_pct,False
1900-03-14,43.098,24.445,0.38425263687379163,4.0,6.952003985420235,True,0.2855142573001545,False,d_crisis_lending_pct,True
1900-03-21,31.754,24.949,0.45167188659775154,4.0,4.012901453884852,True,0.2686603001272273,False,d_reserve_ratio_pct,True
1900-03-28,33.141,24.077,0.4430969119216755,4.0,1.3181726790764943,False,0.04027468428623112,False,d_lending_to_reserve_pct,False
1900-04-04,29.319000000000003,21.689,0.4194758727395803,4.0,3.1042993048439467,False,0.1451994259702089,False,d_reserve_pct,False
1900-04-11,27.272,19.968,0.40283241542092846,4.0,2.427127968607655,False,0.09665699944898391,False,d_reserve_pct,False
1900-04-18,26.200000000000003,20.366,0.4227591646946486,4.0,0.9031368248096098,False,0.0207344317836875,False,d_reserve_ratio_pct,False
1900-04-25,26.172,21.410999999999998,0.4287774106338239,4.0,1.285460889114362,False,0.022015748838943697,False,d_reserve_pct,False
1900-05-02,28.11,19.9,0.40142009924557226,4.0,2.538790681657965,False,0.10578621959716622,False,d_lending_to_reserve_pct,False
1900-05-09,26.366,20.343,0.4142586596615554,4.0,0.7787065730062794,False,0.0195866358622216,False,d_lending_to_reserve_pct,False
1900-05-16,25.174,21.757,0.439348963066174,4.0,1.6361932839875786,False,0.05801481164060001,False,d_reserve_pct,False
1900-05-23,25.458,22.124,0.44358897243107764,4.0,0.34359436334736154,False,0.005920275367001248,False,d_crisis_lending_pct,False
1900-05-30,24.141,21.444,0.44490549596464657,3.5,1.1272294515772454,False,0.14789564391072632,False,d_reserve_pct,False
1900-06-06,24.080000000000002,20.41,0.43385838488191647,3.5,1.3729560403491685,False,0.04090198012688146,False,d_reserve_pct,False
1900-06-13,23.923000000000002,21.003,0.4410449171583965,3.5,0.48856433815646266,False,0.005410776900558952,False,d_reserve_pct,False
1900-06-20,23.665,21.89,0.44526260119604577,3.0,0.7614191240847421,False,0.12613645714889318,False,d_reserve_pct,False
1900-06-27,25.268,21.221999999999998,0.43765724891730245,3.0,1.6179218363325383,False,0.05517133697806845,False,d_lending_to_reserve_pct,False
1900-07-04,25.713,19.506999999999998,0.3744577110607747,3.0,3.57727311609688,True,0.2017640766844957,False,d_reserve_ratio_pct,True
1900-07-11,24.768,18.83,0.37010102598372574,3.0,0.964175996680655,False,0.02615500080248402,False,d_reserve_pct,False
1900-07-18,24.510999999999996,18.911,0.38241122704845104,3.0,0.5630150039849057,False,0.011514091149201095,False,d_reserve_ratio_pct,False
1900-07-25,25.664,19.296,0.38880493259989113,4.0,0.9680362088436634,False,0.2504483479343358,False,d_crisis_lending_pct,False
1900-08-01,30.539,17.942,0.3549848643729102,4.0,3.4864136953235816,False,0.16219626412089233,False,d_lending_to_reserve_pct,False
1900-08-08,26.299999999999997,17.621,0.3620133538777606,4.0,1.8179662905642835,False,0.06852152000007196,False,d_crisis_lending_pct,False
1900-08-15,30.095999999999997,18.382,0.3662555540058579,4.0,2.0310879517717506,False,0.08854447802100082,False,d_crisis_lending_pct,False
1900-08-22,27.678,21.213,0.4114315638394849,4.0,3.2375630096636305,False,0.24425348917250087,False,d_reserve_pct,False
1900-08-29,22.951,23.336,0.47439572279482023,4.0,2.6602288716003386,False,0.2339756107713224,False,d_reserve_ratio_pct,False
1900-09-05,21.510999999999996,23.762,0.5105715513536743,4.0,1.1994238579626777,False,0.044316531911685546,False,d_reserve_ratio_pct,False
1900-09-12,21.1,24.629,0.5400504330665497,4.0,0.8267158203752433,False,0.028373496464510137,False,d_reserve_ratio_pct,False
1900-09-19,24.659,25.052999999999997,0.5413236533350618,4.0,2.12138450960094,False,0.09657899133896615,False,d_crisis_lending_pct,False
1900-09-26,27.136000000000003,24.382,0.5413650694968692,4.0,1.3051711173709633,False,0.07210320214889746,False,d_crisis_lending_pct,False
1900-10-03,25.83,22.218,0.4453665283540802,4.0,3.329729322126981,False,0.2578090375302245,False,d_reserve_ratio_pct,False
1900-10-10,21.945,21.217000000000002,0.4336283185840708,4.0,1.7258305150496316,False,0.10605643965747122,False,d_crisis_lending_pct,False
1900-10-17,21.19,21.479,0.4334113563904919,4.0,0.3135607367468857,False,0.007360721144940689,False,d_lending_to_reserve_pct,False
1900-10-24,21.189,21.098000000000003,0.4303343055867176,4.0,0.4097623487626144,False,0.012672269387416205,False,d_reserve_pct,False
1900-10-31,21.826999999999998,20.337999999999997,0.424983283182882,4.0,0.7753180149738984,False,0.0346462618418979,False,d_reserve_pct,False
1900-11-07,21.299999999999997,19.845,0.447887514670037,4.0,0.9052601926959045,False,0.05150393495035336,False,d_reserve_ratio_pct,False
1900-11-14,22.686,20.249,0.4391550456526925,4.0,0.8827402123951853,False,0.04208013465793558,False,d_crisis_lending_pct,False
1900-11-21,22.835,20.484,0.4550685357563371,4.0,0.5789053173337311,False,0.014970491091266561,False,d_reserve_ratio_pct,False
1900-11-28,26.902,20.516,0.4292319601648638,4.0,2.211994948641868,False,0.10203445093421061,False,d_crisis_lending_pct,False
1900-12-05,24.61,19.525,0.417450611476952,4.0,1.2155527389725,False,0.06355286557980246,False,d_reserve_pct,False
1900-12-12,24.212,19.634,0.41818065642904306,4.0,0.13917122768243675,False,0.0025508942977350213,False,d_lending_to_reserve_pct,False
1900-12-19,25.427,18.274,0.40404174405235693,4.0,1.810410069381064,False,0.08426200582199499,False,d_reserve_pct,False
1900-12-24,25.938000000000002,16.503,0.376798027307183,4.0,2.2239499025994824,False,0.12368293885249987,False,d_reserve_pct,False
1901-01-02,34.921,16.211,0.29618328978861014,4.0,4.224592067831863,True,0.3629513414557288,False,d_crisis_lending_pct,True
1901-01-09,28.569000000000003,17.884,0.34005171889260727,5.0,2.7106376212712497,False,0.45227979950832903,True,d_reserve_ratio_pct,True
1901-01-16,30.275,19.825,0.3906557893907149,5.0,2.723636483650548,False,0.22073321217885422,False,d_reserve_ratio_pct,False
1901-01-23,26.378,21.487,0.44739417411039617,5.0,2.6573075809078155,False,0.1827297218504861,False,d_reserve_ratio_pct,False
1901-01-30,28.979999999999997,21.666,0.447459727385378,5.0,1.1737609315457351,False,0.05126125744746237,False,d_crisis_lending_pct,False
1901-02-06,27.487000000000002,21.514,0.457569441490493,5.0,0.5810402245270859,False,0.0163272765459919,False,d_crisis_lending_pct,False
1901-02-13,27.834,22.724,0.4913084839574505,4.5,1.340528262746581,False,0.17541338730079237,False,d_reserve_ratio_pct,False
1901-02-20,25.555999999999997,24.467,0.5248852276140215,4.5,1.332263023144107,False,0.07792587503938125,False,d_reserve_pct,False
1901-02-27,35.859,25.031,0.4610524764693964,4.0,4.764166615131073,True,0.42888818331033157,True,d_crisis_lending_pct,True
1901-03-06,29.458,25.427,0.48946081734008356,4.0,1.9873023056476111,False,0.10058960695223289,False,d_crisis_lending_pct,False
1901-03-13,26.314,25.73,0.5108402160101653,4.0,1.1235948167740941,False,0.04070633100049681,False,d_crisis_lending_pct,False
1901-03-20,27.570999999999998,25.685,0.5067374277428137,4.0,0.667791013029747,False,0.02598486895704599,False,d_crisis_lending_pct,False
1901-03-27,34.71,24.743,0.46798812203287243,4.0,3.1246310713343117,False,0.17101135194539796,False,d_crisis_lending_pct,False
1901-04-03,34.532,21.851,0.4437381962918588,4.0,2.299092050081815,False,0.15427808912570845,False,d_reserve_pct,False
1901-04-10,27.101999999999997,21.966,0.46562798092209856,4.0,2.4866782312394276,False,0.12520474988547184,False,d_crisis_lending_pct,False
1901-04-17,24.849,23.731,0.4960908102684171,4.0,1.3625972514901004,False,0.08126013485625008,False,d_reserve_pct,False
1901-04-24,30.765,24.494999999999997,0.4738094316994854,4.0,2.6720601532914423,False,0.14035509404634394,False,d_crisis_lending_pct,False
1901-05-01,30.153000000000002,23.468,0.46847925899309295,4.0,0.9773319209577626,False,0.02879377115361919,False,d_reserve_pct,False
1901-05-08,24.771,23.520000000000003,0.49639103457008993,4.0,1.8628844528845598,False,0.09868304158861713,False,d_crisis_lending_pct,False
1901-05-15,36.501000000000005,23.27,0.43849400768824903,4.0,4.756901813481506,True,0.2985690830026267,False,d_crisis_lending_pct,True
1901-05-22,26.102,23.496,0.48499360112289974,4.0,2.5633240615961914,False,0.19843061992406877,False,d_crisis_lending_pct,False
1901-05-29,24.765,24.293,0.5025756666735627,4.0,0.6796522923354221,False,0.018113518108395062,False,d_reserve_pct,False
1901-06-05,23.474,24.687,0.5148488008342023,4.0,0.38526216121471224,False,0.011427532056536257,False,d_crisis_lending_pct,False
1901-06-12,23.451,25.603,0.5234609801476151,3.5,0.7190041969950384,False,0.11936273530099907,False,d_reserve_pct,False
1901-06-19,23.077999999999996,26.172,0.5198013902681232,3.0,0.37403733428644953,False,0.13092270955643573,False,d_reserve_pct,False
1901-06-26,28.576999999999998,26.203000000000003,0.4967864252535786,3.0,2.331251889778804,False,0.13250062562549186,False,d_crisis_lending_pct,False
1901-07-03,39.545,24.436,0.43092441716925894,3.0,3.5440707117336476,True,0.2760683869514715,False,d_crisis_lending_pct,True
1901-07-10,23.837000000000003,24.456,0.4785254466120101,3.0,3.350767269484503,False,0.323480841613665,False,d_crisis_lending_pct,False
1901-07-17,26.317999999999998,24.979,0.46601742504804017,3.0,0.992675558705762,False,0.05533793468123258,False,d_crisis_lending_pct,False
1901-07-24,22.254,25.271,0.5067171960218159,3.0,1.1957370996070598,False,0.09425444889341995,False,d_reserve_ratio_pct,False
1901-07-31,29.636000000000003,24.341,0.46361160314648686,3.0,2.687394861002147,False,0.22075965397450184,False,d_crisis_lending_pct,False
1901-08-07,22.692999999999998,23.671999999999997,0.49315639257515465,3.0,1.6865026262011604,False,0.1569398212591902,False,d_crisis_lending_pct,False
1901-08-14,21.958000000000002,25.36,0.5110945403978314,3.0,1.6085685847883724,False,0.041897479496825867,False,d_reserve_pct,False
1901-08-21,22.532000000000004,27.057,0.5214399969164948,3.0,1.4951575182527979,False,0.04558551435055048,False,d_reserve_pct,False
1901-08-28,21.512,27.465999999999998,0.535827854620652,3.0,0.3668773195903658,False,0.009209349399371469,False,d_reserve_ratio_pct,False
1901-09-04,20.925999999999995,26.833,0.531620240123628,3.0,0.7748438253832882,False,0.019070859246946563,False,d_reserve_pct,False
1901-09-11,21.624,27.238,0.5290678476390265,3.0,0.38275222113659835,False,0.014003394605594095,False,d_crisis_lending_pct,False
1901-09-18,21.174,27.886,0.5339077158721042,3.0,0.4951314785696156,False,0.004579362919242128,False,d_reserve_pct,False
1901-09-25,20.536,28.011,0.5424073428604623,3.0,0.25095882069743425,False,0.004524250852105298,False,d_reserve_ratio_pct,False
1901-10-02,24.093,25.386000000000003,0.4874611160182803,3.0,3.3024986804931094,False,0.18554046727147477,False,d_reserve_pct,False
1901-10-09,22.742,25.092,0.47303233103968323,3.0,0.6406664026462551,False,0.03468907580247414,False,d_reserve_pct,False
1901-10-16,22.115000000000002,25.256,0.4917349740075155,3.0,0.5714029074110132,False,0.013094706499548261,False,d_reserve_ratio_pct,False
1901-10-23,21.868000000000002,24.828000000000003,0.4856617503227574,4.0,0.792430237801207,False,0.22007835542604176,False,d_reserve_pct,False
1901-10-30,25.488000000000003,23.882,0.45804484167321974,4.0,1.6987665872554087,False,0.10694167428642082,False,d_lending_to_reserve_pct,False
1901-11-06,24.177,23.1,0.4659794646279225,4.0,1.3365858723135002,False,0.03144927225599847,False,d_reserve_pct,False
1901-11-13,28.166,23.276,0.46053698977068125,4.0,1.5793449489989941,False,0.08317044209100423,False,d_crisis_lending_pct,False
1901-11-20,24.622999999999998,23.916999999999998,0.4795869260076198,4.0,0.9334149803865286,False,0.05488206499065316,False,d_crisis_lending_pct,False
1901-11-27,28.845,23.861,0.47091910240975743,4.0,1.6414686422585039,False,0.08776657498256797,False,d_crisis_lending_pct,False
1901-12-04,25.713,23.646,0.48126513748397204,4.0,0.7276444644306708,False,0.04328040747351915,False,d_crisis_lending_pct,False
1901-12-11,24.562,23.743,0.4888307838010335,4.0,0.19617440033370595,False,0.007850450619202597,False,d_crisis_lending_pct,False
1901-12-18,28.723,22.596,0.45234520449222265,4.0,1.8672031527066204,False,0.1237264056584017,False,d_reserve_pct,False
1901-12-24,29.355,19.685000000000002,0.4072028463861653,4.0,4.640676695229951,True,0.21432681909260456,False,d_reserve_pct,True
1902-01-01,50.769000000000005,20.11,0.33084908609315106,4.0,5.417985312827301,True,0.49505700394001534,True,d_crisis_lending_pct,True
1902-01-08,24.676000000000002,21.624,0.4198264313588444,4.0,4.2427092652953124,True,0.5814642005155315,True,d_reserve_ratio_pct,True
1902-01-15,23.849,23.46,0.44792362768496424,4.0,2.968175342770853,False,0.07233521991602701,False,d_reserve_pct,False
1902-01-22,22.750999999999998,24.698999999999998,0.49353581776401234,4.0,1.7442513579054595,False,0.07085125138772376,False,d_reserve_pct,False
1902-01-29,25.628,25.558,0.4967927535668468,3.5,1.209271923717269,False,0.19506013517127385,False,d_crisis_lending_pct,False
1902-02-05,24.45,25.184,0.49005643121229814,3.5,0.6780989925234754,False,0.01982408270093236,False,d_reserve_pct,False
1902-02-12,27.229999999999997,25.934,0.484657073444216,3.0,0.995154442379506,False,0.18889416642475607,False,d_crisis_lending_pct,False
1902-02-19,30.317999999999998,26.743000000000002,0.473797037771951,3.0,0.8848920426137257,False,0.05673802394632024,False,d_crisis_lending_pct,False
1902-02-26,37.528999999999996,27.14,0.45208468675561775,3.0,1.7081609887425175,False,0.13471424834050613,False,d_crisis_lending_pct,False
1902-03-05,36.345,26.296,0.45638515741608526,3.0,1.1237142807241636,False,0.02384407733199312,False,d_reserve_pct,False
1902-03-12,36.294,26.862000000000002,0.4648611231288397,3.0,0.4745668273775302,False,0.0072106278129884654,False,d_reserve_pct,False
1902-03-19,37.41,26.775,0.45788015596142007,3.0,0.39096593871233026,False,0.01975345289669464,False,d_crisis_lending_pct,False
1902-03-26,46.702999999999996,24.123,0.4020835069589132,3.0,3.187531132747034,False,0.24126011826882282,False,d_reserve_pct,False
1902-04-02,43.629999999999995,23.945,0.41812911449875145,3.0,0.6535099872662712,False,0.02704047344138633,False,d_reserve_ratio_pct,False
1902-04-09,28.944,23.637999999999998,0.47931705734447233,3.0,2.824857111221139,False,0.29052381533966865,False,d_reserve_ratio_pct,False
1902-04-16,25.693000000000005,24.394000000000002,0.5045607793658345,3.0,0.9138290710488698,False,0.057071220611301585,False,d_reserve_ratio_pct,False
1902-04-23,27.874000000000002,25.203,0.5002183232772308,3.0,0.8637416088189197,False,0.0517357869347233,False,d_reserve_pct,False
1902-04-30,37.105999999999995,24.232999999999997,0.45042750929368025,3.0,2.684523972446593,False,0.22643034784456847,False,d_lending_to_reserve_pct,False
1902-05-07,28.345999999999997,23.957,0.48844985422146103,3.0,1.5615303610277034,False,0.14840421027152245,False,d_reserve_ratio_pct,False
1902-05-14,30.916000000000004,23.572000000000003,0.4715343068613724,3.0,0.8843815365568368,False,0.05603332073508884,False,d_lending_to_reserve_pct,False
1902-05-21,28.492000000000004,23.578,0.4829874838683245,3.0,0.4438160329200818,False,0.022380966560509714,False,d_crisis_lending_pct,False
1902-05-28,34.746,24.561,0.4680603727560315,3.0,1.5940748315290183,False,0.13827933148839927,False,d_crisis_lending_pct,False
1902-06-04,29.078000000000003,24.804000000000002,0.5027158492095662,3.0,1.5455930518242504,False,0.09570084564654444,False,d_reserve_ratio_pct,False
1902-06-11,26.962999999999997,25.775,0.5222262744144581,3.0,1.0861058210105121,False,0.031430674000882106,False,d_reserve_pct,False
1902-06-18,26.192,26.389,0.5315005035246726,3.0,0.6085503694213567,False,0.00431395824847205,False,d_reserve_pct,False
1902-06-25,42.544999999999995,25.192,0.43956657535202664,3.0,4.325968032769196,True,0.42227560911028544,True,d_lending_to_reserve_pct,True
1902-07-02,45.261,25.046999999999997,0.430530965845609,3.0,0.6010250145735772,False,0.03600268462690933,False,d_crisis_lending_pct,False
1902-07-09,25.835,25.456999999999997,0.48865555896805896,3.0,2.771563047951796,False,0.3627415851738431,False,d_crisis_lending_pct,False
1902-07-16,25.95,26.102,0.5111924952507785,3.0,0.750568850989863,False,0.022447438328623132,False,d_reserve_ratio_pct,False
1902-07-23,25.078,26.404,0.516732553133195,3.0,0.18885963378972428,False,0.004353169398589374,False,d_reserve_pct,False
1902-07-30,31.515,25.631,0.48061128820551285,3.0,2.399237663772137,False,0.1611990631424222,False,d_lending_to_reserve_pct,False
1902-08-06,25.284999999999997,23.837,0.492968523803615,3.0,2.3527432487277853,False,0.1424626718560576,False,d_reserve_pct,False
1902-08-13,26.492,24.506,0.5046748218625149,3.0,0.7028809824728874,False,0.026853979471574557,False,d_reserve_pct,False
1902-08-20,24.528,25.842999999999996,0.527408163265306,3.0,1.5284146367176044,False,0.048536444109049275,False,d_reserve_pct,False
1902-08-27,27.974999999999998,26.273999999999997,0.5193003261191816,3.0,1.156860647826076,False,0.06454611208628237,False,d_crisis_lending_pct,False
1902-09-03,25.432000000000002,25.813,0.5320512820512819,3.0,0.7184220845017921,False,0.035190586687199675,False,d_reserve_pct,False
1902-09-10,25.605,26.147000000000002,0.5411552869590414,3.0,0.23152607849904203,False,0.004944752245517051,False,d_reserve_pct,False
1902-09-17,24.603,26.459,0.5461770291470565,3.0,0.20015679375156417,False,0.005500200926098743,False,d_reserve_pct,False
1902-09-24,24.622,26.328,0.5409047951678514,3.0,0.4121232838522108,False,0.009540706483396518,False,d_reserve_ratio_pct,False
1902-10-01,33.18,23.616,0.44794294493655273,3.0,3.9215203910603145,True,0.34174808425271325,False,d_reserve_ratio_pct,True
1902-10-08,27.744,23.029999999999998,0.4354731965585705,4.0,1.0776923517594121,False,0.3275835240509321,False,d_crisis_lending_pct,False
1902-10-15,26.055,22.644000000000002,0.4591985723556133,4.0,0.9527298970183659,False,0.049193612707984814,False,d_reserve_ratio_pct,False
1902-10-22,25.980999999999998,22.868000000000002,0.4592521187291642,4.0,0.19608978622952827,False,0.0037509341741752598,False,d_reserve_ratio_pct,False
1902-10-29,28.041999999999998,23.087,0.4672535923902044,4.0,0.6019889536215642,False,0.04478213101342746,False,d_crisis_lending_pct,False
1902-11-05,25.410000000000004,22.233,0.4587339578261049,4.0,1.4282063206742515,False,0.057043832130439634,False,d_reserve_pct,False
1902-11-12,24.194,22.462,0.46891570289340734,4.0,0.26920221664417837,False,0.010269913579831536,False,d_reserve_ratio_pct,False
1902-11-19,23.756,22.491,0.45934685374670675,4.0,0.6903958545766717,False,0.01562596935752163,False,d_reserve_ratio_pct,False
1902-11-26,31.182,22.398999999999997,0.4276822026616767,4.0,2.565290423372915,False,0.1848850733402907,False,d_lending_to_reserve_pct,False
1902-12-03,29.717,21.383000000000003,0.4245607068400676,4.0,1.6265651900858944,False,0.04123701535327754,False,d_reserve_pct,False
1902-12-10,27.253,21.006999999999998,0.44669133282299894,4.0,0.9337281101904032,False,0.051045712964749856,False,d_reserve_ratio_pct,False
1902-12-17,26.886,20.524,0.44215606014908004,4.0,0.8662486620037699,False,0.015969363776153666,False,d_reserve_pct,False
1902-12-24,39.961,17.209,0.34369195742046293,4.0,6.190850627650427,True,0.5545231772924784,True,d_lending_to_reserve_pct,True
1902-12-31,66.113,18.258,0.28000061343107335,4.0,5.339937402393278,True,0.49247062834343763,True,d_crisis_lending_pct,True
1903-01-07,30.162,19.694000000000003,0.38461838918834473,4.0,8.007424760299022,True,0.6655963890792278,True,d_reserve_ratio_pct,True
1903-01-14,26.311000000000003,21.611,0.44312077096575764,4.0,3.156718175935781,False,0.21260636095992044,False,d_reserve_ratio_pct,False
1903-01-21,25.421999999999997,23.335,0.4621524201853759,4.0,2.2157399879392843,False,0.05275439098158349,False,d_reserve_pct,False
1903-01-28,29.270999999999997,24.126,0.4752112509602317,4.0,1.2557559834276357,False,0.09474246670956832,False,d_crisis_lending_pct,False
1903-02-04,27.853,24.264,0.488101225080968,4.0,0.3711386798774701,False,0.012269693513065196,False,d_reserve_ratio_pct,False
1903-02-11,29.496000000000002,25.171000000000003,0.49435355578686885,4.0,0.8800595850686251,False,0.030975639169868466,False,d_reserve_pct,False
1903-02-18,33.193,25.699,0.48192251434572264,4.0,1.1243922404557767,False,0.0640776970632804,False,d_crisis_lending_pct,False
1903-02-25,37.105,26.114,0.4747827351732664,4.0,1.0647733254176877,False,0.05879319297483752,False,d_crisis_lending_pct,False
1903-03-04,39.705999999999996,25.173,0.4547228092993009,4.0,1.335122964748705,False,0.06011526770264403,False,d_reserve_pct,False
1903-03-11,37.362,25.687,0.47233510472022505,4.0,0.5686160145167778,False,0.013810920647582563,False,d_reserve_ratio_pct,False
1903-03-18,36.586000000000006,27.182,0.4883403399087348,4.0,1.4345792781245919,False,0.02784466728846001,False,d_reserve_pct,False
1903-03-25,40.907,27.309,0.4743781267370762,4.0,1.0958524982575766,False,0.058354972819705885,False,d_crisis_lending_pct,False
1903-04-01,45.510999999999996,25.015,0.43824456902592857,4.0,2.774550486086383,False,0.13947218975297346,False,d_reserve_pct,False
1903-04-08,29.243,22.839,0.48280308635450786,4.0,2.831949763483521,False,0.34347261786978567,False,d_reserve_pct,False
1903-04-15,27.928,22.839,0.48201848803343034,4.0,0.2558315030660566,False,0.01002450465491489,False,d_reserve_ratio_pct,False
1903-04-22,24.162,24.492,0.5171234322874878,4.0,1.9159187739351806,False,0.11120266947578292,False,d_reserve_pct,False
1903-04-29,29.937,24.454,0.4900208400128247,4.0,2.059162351765522,False,0.1288398494068468,False,d_crisis_lending_pct,False
1903-05-06,23.892,24.468,0.5232118036993478,4.0,1.4539500094459439,False,0.11851690565842563,False,d_crisis_lending_pct,False
1903-05-13,61.26499999999999,24.779,0.3741751355269317,4.0,12.617849392269266,True,0.8276539883516062,True,d_crisis_lending_pct,True
1903-05-20,25.235,25.181,0.5156237202064051,4.0,6.984839819374597,True,0.6661906983172802,True,d_reserve_ratio_pct,True
1903-05-27,26.546999999999997,24.846,0.5086286310876375,3.5,0.7332499491152946,False,0.15323334541858202,False,d_reserve_pct,False
1903-06-03,27.555999999999997,24.224,0.4973820914522719,3.5,0.9673902587513413,False,0.03215299111146735,False,d_reserve_pct,False
1903-06-10,23.470999999999997,25.648,0.5319506377683293,3.5,1.5136151685504866,False,0.10282826888007218,False,d_reserve_pct,False
1903-06-17,24.785,26.823,0.53305908305014,3.5,1.1178281060957267,False,0.0392652095828796,False,d_reserve_pct,False
1903-06-24,27.148000000000003,26.852,0.5177187367446883,3.0,0.8245719962921677,False,0.17372051377764158,False,d_crisis_lending_pct,False
1903-07-01,46.852000000000004,25.278,0.4214826424784073,3.0,5.716894767679642,True,0.5055364468416175,True,d_crisis_lending_pct,True
1903-07-08,24.802999999999997,24.906999999999996,0.5155447921841364,3.0,4.223262291843291,True,0.49517752420494915,True,d_reserve_ratio_pct,True
1903-07-15,24.302,25.148,0.5199627830042386,3.0,0.13285164546636194,False,0.0008157906624990455,False,d_lending_to_reserve_pct,False
1903-07-22,24.335,25.262,0.5210593622375315,3.0,0.07408444329595065,False,0.005563668575959581,False,d_crisis_lending_pct,False
1903-07-29,28.045,24.406,0.4954728165983191,3.0,1.2952443849331872,False,0.09139120158676907,False,d_lending_to_reserve_pct,False
1903-08-05,24.917,23.108,0.49992428012028645,3.0,1.6925594688175387,False,0.07089465790997429,False,d_reserve_pct,False
1903-08-12,25.81,23.753,0.4975909167085638,3.0,0.6821905926905498,False,0.020649410992351156,False,d_reserve_pct,False
1903-08-19,23.876999999999995,24.57,0.4727636566546728,3.0,0.9948991427345794,False,0.09430300510284352,False,d_reserve_ratio_pct,False
1903-08-26,24.433999999999997,25.19,0.48380901163907347,3.0,0.6038040053846819,False,0.016757630676746706,False,d_reserve_pct,False
1903-09-02,24.032,24.442,0.4961230869159258,3.0,0.9982340759501809,False,0.027074140872965943,False,d_reserve_pct,False
1903-09-09,24.036,23.641000000000002,0.5139124385896265,4.0,0.930426285431475,False,0.2543190064590599,False,d_reserve_pct,False
1903-09-16,23.232,24.119999999999997,0.5444449460520969,4.0,1.127499622901442,False,0.028903774328595835,False,d_reserve_ratio_pct,False
1903-09-23,23.806000000000004,24.5,0.5400996428728891,4.0,0.29077794159432924,False,0.014412354431196907,False,d_reserve_pct,False
1903-09-30,34.592999999999996,22.82,0.4412731562052829,4.0,4.32557672730006,True,0.3766842857104928,False,d_lending_to_reserve_pct,True
1903-10-07,27.367000000000004,22.288999999999998,0.4302397405705902,4.0,1.695579800773452,False,0.14594475273743668,False,d_crisis_lending_pct,False
1903-10-14,25.281,21.859,0.4413552203848406,4.0,0.6226720133035497,False,0.03160113886612957,False,d_reserve_pct,False
1903-10-21,24.467999999999996,22.532,0.450261780104712,4.0,0.6534514623352103,False,0.0074434131924477655,False,d_reserve_pct,False
1903-10-28,24.618,23.465,0.4979204685311717,4.0,2.022029331664689,False,0.08187211824104822,False,d_reserve_ratio_pct,False
1903-11-04,28.243,22.244,0.47462979558741947,4.0,1.50339315186309,False,0.1064139603495777,False,d_lending_to_reserve_pct,False
1903-11-11,26.453,22.061,0.48862654765332564,4.0,0.5296730245185044,False,0.021651351263615122,False,d_reserve_ratio_pct,False
1903-11-18,24.839,22.254,0.5003822458065387,4.0,0.479241395460316,False,0.01467146218280661,False,d_crisis_lending_pct,False
1903-11-25,26.060000000000002,22.141000000000002,0.4966799766701063,4.0,0.5113679707111306,False,0.025188603491894876,False,d_crisis_lending_pct,False
1903-12-02,27.383000000000003,21.097,0.43893558588548603,4.0,2.3512252194103573,False,0.1399105485393377,False,d_reserve_ratio_pct,False
1903-12-09,23.228,20.992,0.45183925611829784,4.0,1.3443421055922005,False,0.07137330514828537,False,d_crisis_lending_pct,False
1903-12-16,23.865,20.471999999999998,0.43841953099903624,4.0,0.7033764064752805,False,0.03384276633401255,False,d_reserve_pct,False
1903-12-23,29.84,17.669,0.370256281301733,4.0,3.3888037738123553,False,0.3478238183663876,False,d_reserve_pct,False
1903-12-30,46.004,18.573999999999998,0.3294722838137472,4.0,4.742217982708755,True,0.37922830904137445,False,d_crisis_lending_pct,True
1904-01-06,30.358000000000004,19.531,0.3757334410650045,4.0,3.03114387542306,False,0.2984092488781872,False,d_crisis_lending_pct,False
1904-01-13,23.871999999999996,21.424,0.4360853281224556,4.0,3.002548097505581,False,0.27776213555538304,False,d_reserve_ratio_pct,False
1904-01-20,21.785,23.032,0.45760152586823494,4.0,1.6870415823011655,False,0.07212133874470207,False,d_reserve_pct,False
1904-01-27,21.939999999999998,24.593,0.49376593651494766,4.0,1.488645119400075,False,0.06735655169466426,False,d_reserve_pct,False
1904-02-03,21.954,23.931,0.4814993662099355,4.0,0.6785008047277027,False,0.023062281290521933,False,d_reserve_pct,False
1904-02-10,22.154000000000003,24.900000000000002,0.4909499585945818,4.0,0.8601667731584468,False,0.015329619695875046,False,d_reserve_pct,False
1904-02-17,23.026999999999997,25.442999999999998,0.49220382264180135,4.0,0.43368849337350557,False,0.017483916420945593,False,d_reserve_pct,False
1904-02-24,25.383000000000003,26.305,0.490124836966648,4.0,0.9532026014659353,False,0.055454368798228806,False,d_crisis_lending_pct,False
1904-03-02,23.136000000000003,25.549999999999997,0.48984834831956126,4.0,0.865699617614494,False,0.037113682591994934,False,d_crisis_lending_pct,False
1904-03-09,22.479999999999997,26.152,0.5005838102712326,4.0,0.4703995785119997,False,0.006483289273492558,False,d_reserve_pct,False
1904-03-16,22.26,26.561,0.5072571712310454,4.0,0.29290252219012497,False,0.002410274380789076,False,d_reserve_pct,False
1904-03-23,24.43,26.56,0.4939924859576684,4.0,1.008204896628414,False,0.05124982059239257,False,d_lending_to_reserve_pct,False
1904-03-30,34.44500000000001,23.534,0.4224300407459927,4.0,5.467518644239903,True,0.3628239002080694,False,d_lending_to_reserve_pct,True
1904-04-06,24.905,23.031,0.4422659625540086,4.0,2.687958834772855,False,0.17429672248598665,False,d_crisis_lending_pct,False
1904-04-13,23.833,24.143,0.46873240530413346,4.0,1.0579047123725998,False,0.03892036624377635,False,d_reserve_ratio_pct,False
1904-04-20,29.683,24.861,0.468051058061601,3.5,2.3374360642556535,False,0.29506513334578455,False,d_crisis_lending_pct,False
1904-04-27,23.695999999999998,24.548000000000002,0.4974366248556202,3.0,1.9601232347963926,False,0.2604919826829445,False,d_crisis_lending_pct,False
1904-05-04,26.002,23.673000000000002,0.47789486434108536,3.0,1.2323438477945097,False,0.0671107853977326,False,d_lending_to_reserve_pct,False
1904-05-11,23.158,23.384,0.4883774357260709,3.0,1.067347690151485,False,0.04437585433719554,False,d_crisis_lending_pct,False
1904-05-18,23.081000000000003,23.027,0.4825035621490235,3.0,0.3466632865922232,False,0.012469659969483635,False,d_reserve_ratio_pct,False
1904-05-25,23.518,22.758,0.4824881275440976,3.0,0.33196336702352136,False,0.01429877617493486,False,d_lending_to_reserve_pct,False
1904-06-01,27.522000000000002,22.59,0.46440392245544065,3.0,1.7988951652921963,False,0.0849892310785291,False,d_lending_to_reserve_pct,False
1904-06-08,21.768,23.5,0.5025340547013664,3.0,2.35126384670121,False,0.1454059335727737,False,d_lending_to_reserve_pct,False
1904-06-15,22.282999999999998,24.846,0.5198125444579271,3.0,1.4087923232480735,False,0.041321709830545755,False,d_reserve_pct,False
1904-06-22,21.735,25.527,0.5197288052773027,3.0,0.6828554115954648,False,0.0098707510110743,False,d_reserve_pct,False
1904-06-29,44.512,24.921,0.42043019822859545,3.0,11.981840917502533,True,0.6734972798545538,True,d_lending_to_reserve_pct,True
1904-07-06,28.292,23.406000000000002,0.4655964671480576,3.0,3.985675460120246,True,0.34065199721334094,False,d_crisis_lending_pct,True
1904-07-13,22.999000000000002,23.857,0.498391409710036,3.0,1.8760943810147985,False,0.11438120281558642,False,d_crisis_lending_pct,False
1904-07-20,22.493000000000002,24.331,0.5080919665044793,3.0,0.5107397483534619,False,0.003990527835658151,False,d_reserve_pct,False
1904-07-27,30.566000000000003,24.104000000000003,0.4734443746071654,3.0,3.991900354452602,True,0.2180716669105865,False,d_lending_to_reserve_pct,True
1904-08-03,26.179000000000002,23.282,0.4874484433557356,3.0,1.4203894187044712,False,0.07541689472109178,False,d_crisis_lending_pct,False
1904-08-10,25.860999999999997,24.407,0.5140913303563907,3.0,1.160179351071374,False,0.03363993320195611,False,d_reserve_pct,False
1904-08-17,22.012999999999998,25.632,0.5481490986078142,3.0,1.4909523471807518,False,0.09256051361568109,False,d_lending_to_reserve_pct,False
1904-08-24,22.746000000000002,26.642,0.5568514338266031,3.0,0.9479536515783838,False,0.023468122694414013,False,d_reserve_pct,False
1904-08-31,27.09,26.501,0.5332193158953723,3.0,1.9987684215657515,False,0.09838488469410649,False,d_lending_to_reserve_pct,False
1904-09-07,22.074,27.508,0.5735134684346592,3.0,1.4376245634898368,False,0.12331934207594114,False,d_lending_to_reserve_pct,False
1904-09-14,21.38,28.487000000000002,0.5869977333608077,3.0,0.7064605180711269,False,0.011877540806441815,False,d_reserve_pct,False
1904-09-21,20.128999999999998,29.005,0.5894845947483944,3.0,0.3471810310370752,False,0.013963511328432997,False,d_crisis_lending_pct,False
1904-09-28,23.271,28.970000000000002,0.576047404108091,3.0,1.6465417970187768,False,0.07909731218915811,False,d_lending_to_reserve_pct,False
1904-10-05,20.663999999999998,27.682000000000002,0.5327867274861906,3.0,1.7838984067586603,False,0.1387441146150787,False,d_reserve_ratio_pct,False
1904-10-12,19.886000000000003,27.098,0.5499898518368175,3.0,0.5756804945284345,False,0.025884223621938044,False,d_reserve_pct,False
1904-10-19,19.216,27.322999999999997,0.5665498579633815,3.0,0.23921208040315153,False,0.010432341573481935,False,d_reserve_ratio_pct,False
1904-10-26,24.032999999999998,27.073999999999998,0.5399250159540522,3.0,2.418133543812876,False,0.1460936431238346,False,d_lending_to_reserve_pct,False
1904-11-02,22.646,24.663,0.5224879774590597,3.0,2.018471847160316,False,0.09388137460331172,False,d_reserve_pct,False
1904-11-09,20.415,24.322000000000003,0.5245993572460799,3.0,0.5946937695451262,False,0.038179415950755316,False,d_crisis_lending_pct,False
1904-11-16,20.453000000000003,24.166,0.5184390620642311,3.0,0.3413676014097715,False,0.00900432798640783,False,d_lending_to_reserve_pct,False
1904-11-23,20.171,23.816,0.5063355727527851,3.0,0.5285186106034852,False,0.017452005317309522,False,d_reserve_ratio_pct,False
1904-11-30,26.321,22.889,0.45390366272036803,3.0,3.3758722295878987,False,0.21448622772057643,False,d_lending_to_reserve_pct,False
1904-12-07,23.647000000000002,22.466,0.46058593189413044,3.0,0.6471385204849434,False,0.043104378645530246,False,d_crisis_lending_pct,False
1904-12-14,23.781,22.003,0.4548047706649579,3.0,0.5420921767849061,False,0.014442214388616651,False,d_lending_to_reserve_pct,False
1904-12-21,27.728999999999996,19.741,0.41456141456141454,3.0,3.1002395380801664,False,0.18732387145234114,False,d_lending_to_reserve_pct,False
1904-12-28,38.388,20.173,0.3775947590079551,3.0,3.617237531782602,True,0.25116943528070007,False,d_lending_to_reserve_pct,True
1905-01-04,41.205,20.932000000000002,0.34999247579714754,3.0,1.611980917036813,False,0.10583983143593861,False,d_reserve_ratio_pct,False
1905-01-11,21.868000000000002,22.419,0.44597175253630394,3.0,5.71668449194254,True,0.5563355999667017,True,d_reserve_ratio_pct,True
1905-01-18,19.671999999999997,23.996,0.4692217442315213,3.0,1.895100107347353,False,0.07912936610386162,False,d_reserve_pct,False
1905-01-25,18.457,25.473,0.5058181096108022,3.0,1.668738868814583,False,0.06719341479088813,False,d_reserve_pct,False
1905-02-01,20.858,26.403,0.527406016539491,3.0,1.0539777426097265,False,0.09730077182709636,False,d_crisis_lending_pct,False
1905-02-08,18.61,27.045,0.552988324779684,3.0,0.8141903337286508,False,0.045704241693696544,False,d_lending_to_reserve_pct,False
1905-02-15,20.106,28.295,0.5540760177805628,3.0,1.2062399699236934,False,0.05872393193881618,False,d_reserve_pct,False
1905-02-22,23.542,30.317,0.5507875660846974,3.0,1.8562640581351795,False,0.13050092788135678,False,d_reserve_pct,False
1905-03-01,27.813000000000002,29.852,0.5260357010696224,3.0,1.5750197381088973,False,0.09811757029615817,False,d_lending_to_reserve_pct,False
1905-03-08,21.317999999999998,30.857000000000003,0.5660796184186389,3.0,1.5101728768990694,False,0.1533961175568983,False,d_lending_to_reserve_pct,False
1905-03-15,31.535,31.13,0.512158204731664,2.5,3.1405088346644634,False,0.4239952638590738,True,d_crisis_lending_pct,True
1905-03-22,22.641,31.532,0.5515866074239933,2.5,1.5054967647181905,False,0.17941407988041952,False,d_lending_to_reserve_pct,False
1905-03-29,32.822,30.213,0.4966547761905545,2.5,3.031535030976056,False,0.28212468737740537,False,d_lending_to_reserve_pct,False
1905-04-05,23.807,28.435,0.5205301407728778,2.5,1.480647041053852,False,0.20280506599330095,False,d_reserve_pct,False
1905-04-12,20.917,27.515,0.5309418597919843,2.5,0.7006417284962889,False,0.06200991636870653,False,d_reserve_pct,False
1905-04-19,19.97,25.822,0.5179316431322207,2.5,1.2725464215241056,False,0.060281833643988446,False,d_reserve_pct,False
1905-04-26,22.42,25.628999999999998,0.5086531973167149,2.5,0.8866843096084425,False,0.06131722614193911,False,d_crisis_lending_pct,False
1905-05-03,27.405,24.908,0.4765166153316371,2.5,1.6621237122270678,False,0.13487458116024006,False,d_lending_to_reserve_pct,False
1905-05-10,22.909999999999997,25.602,0.5030751999371205,2.5,0.9889941755304075,False,0.08811341414024057,False,d_lending_to_reserve_pct,False
1905-05-17,24.799,26.234,0.49904885101202257,2.5,0.4831126794323312,False,0.046953879745821145,False,d_reserve_pct,False
1905-05-24,21.511000000000003,27.148,0.5227404012785458,2.5,0.732338485689585,False,0.0637170853706791,False,d_lending_to_reserve_pct,False
1905-05-31,24.610999999999997,26.836,0.504218101196851,2.5,0.968561197808486,False,0.07522376738920122,False,d_lending_to_reserve_pct,False
1905-06-07,24.359,27.326999999999998,0.5046630593362758,2.5,0.23683525564612948,False,0.004229943230637232,False,d_reserve_pct,False
1905-06-14,23.5,27.606,0.5102584007984917,2.5,0.1272155033096675,False,0.004363633571760797,False,d_lending_to_reserve_pct,False
1905-06-21,23.715000000000003,28.387999999999998,0.511458633611992,2.5,0.5267364946125536,False,0.010910261430412549,False,d_reserve_pct,False
1905-06-28,33.838,27.367,0.4626398891030193,2.5,2.8090204346170955,False,0.2627365139348779,False,d_lending_to_reserve_pct,False
1905-07-05,38.788000000000004,26.2,0.42728770161619123,2.5,1.3359558429559677,False,0.11368440037446922,False,d_reserve_pct,False
1905-07-12,23.931,26.384,0.48750923872875096,2.5,2.1452379078491677,False,0.32134706255031426,False,d_reserve_ratio_pct,False
1905-07-19,23.554000000000002,26.736,0.48526208799186876,2.5,0.14811351535624037,False,0.005329518533707738,False,d_reserve_pct,False
1905-07-26,23.288,26.486,0.4875112739052808,2.5,0.44378298458661025,False,0.006271099265561175,False,d_reserve_pct,False
1905-08-02,23.537,25.262,0.47531421690374054,2.5,1.4052947803705755,False,0.04042336182052276,False,d_reserve_pct,False
1905-08-09,23.474,24.808,0.4680578091392778,2.5,0.5568126499121048,False,0.01458077357563746,False,d_reserve_pct,False
1905-08-16,24.432000000000002,25.541999999999998,0.4590417310664605,2.5,0.7114675343937594,False,0.03302133913332691,False,d_reserve_pct,False
1905-08-23,23.406,26.169999999999998,0.46783103022935696,2.5,0.5840635680823353,False,0.006872759829222467,False,d_reserve_pct,False
1905-08-30,23.075000000000003,25.438,0.4628120224146714,2.5,0.8234697879268051,False,0.01776620166183222,False,d_reserve_pct,False
1905-09-06,23.932000000000002,24.695,0.4502771497337904,2.5,0.6780282946649564,False,0.034999533796264005,False,d_reserve_pct,False
1905-09-13,23.903999999999996,24.506,0.45626512753677156,3.0,0.40695750591337854,False,0.16366412999462285,False,d_reserve_ratio_pct,False
1905-09-20,25.073999999999998,24.877,0.4489136711419085,3.0,0.5949586941294122,False,0.021106961271216883,False,d_reserve_pct,False
1905-09-27,34.253,23.808,0.4009971030115206,3.0,3.9879398167929234,True,0.24802822310983716,False,d_lending_to_reserve_pct,True
1905-10-04,28.831000000000003,20.977999999999998,0.38652737088423333,4.0,2.9713860237262057,False,0.3997326818578064,False,d_reserve_pct,False
1905-10-11,27.841,20.587,0.41562190862657217,4.0,1.6994478930145367,False,0.06388197779359947,False,d_reserve_ratio_pct,False
1905-10-18,30.097,21.673000000000002,0.4330875447115481,4.0,1.6101945408768248,False,0.07706911350094839,False,d_reserve_pct,False
1905-10-25,32.047000000000004,21.485,0.40231822182274396,4.0,1.0652097244361476,False,0.07796168498223283,False,d_reserve_ratio_pct,False
1905-11-01,34.081999999999994,20.771,0.3855978613993726,4.0,0.8368668620921932,False,0.05781827951276558,False,d_lending_to_reserve_pct,False
1905-11-08,31.72,21.427,0.40123214051645034,4.0,1.0177224748828848,False,0.024109116204064432,False,d_reserve_pct,False
1905-11-15,31.058999999999997,22.409999999999997,0.4202058840074253,4.0,1.1975115677530022,False,0.02447808473359339,False,d_reserve_pct,False
1905-11-22,32.692,22.882,0.41151715703906194,4.0,0.3409730772304497,False,0.0295999161082282,False,d_reserve_pct,False
1905-11-29,32.784,23.293,0.41816419223381146,4.0,0.37000062461193645,False,0.0050447827045845064,False,d_reserve_ratio_pct,False
1905-12-06,31.168,23.169,0.4092884397964952,4.0,0.5380365721290178,False,0.026136457597474537,False,d_lending_to_reserve_pct,False
1905-12-13,29.971,22.197,0.40179929042067913,4.0,1.3372238874881879,False,0.034477448187342434,False,d_reserve_pct,False
1905-12-20,40.989000000000004,19.256,0.36300569317196396,4.0,5.133531308818615,True,0.3715799130072953,False,d_lending_to_reserve_pct,True
1905-12-27,43.07599999999999,17.629,0.338771666858834,4.0,2.355008141565542,False,0.11623546611889843,False,d_reserve_pct,False
1906-01-03,45.877,17.848999999999997,0.29914859383903725,4.0,1.8995332388370083,False,0.13627581049121737,False,d_reserve_ratio_pct,False
1906-01-10,35.883,18.816,0.33562242477213133,4.0,2.463320226414639,False,0.19509716474348257,False,d_lending_to_reserve_pct,False
1906-01-17,34.290000000000006,21.011,0.4299365664006548,4.0,4.973383304507994,True,0.37161906755789265,False,d_reserve_ratio_pct,True
1906-01-24,37.506,22.614,0.41043232059239904,4.0,1.7756102282843667,False,0.12789133785848017,False,d_reserve_pct,False
1906-01-31,34.069,22.738,0.42610048160710606,4.0,1.072718606112514,False,0.02707503790370268,False,d_lending_to_reserve_pct,False
1906-02-07,35.721999999999994,23.791,0.4625629459685416,4.0,1.6946889120410473,False,0.08942736448516933,False,d_reserve_ratio_pct,False
1906-02-14,37.936,24.491000000000003,0.4602187312086591,4.0,0.6120552361672479,False,0.036031699565141136,False,d_reserve_pct,False
1906-02-21,37.309000000000005,26.554,0.44746642400957143,4.0,2.0599783163817267,False,0.08690221411447799,False,d_reserve_pct,False
1906-02-28,40.941,27.448,0.43194586513494376,4.0,1.0506238683296516,False,0.06372007087819556,False,d_crisis_lending_pct,False
1906-03-07,30.793999999999997,27.822,0.47042710763924117,4.0,2.741018747280686,False,0.1592093337739836,False,d_lending_to_reserve_pct,False
1906-03-14,32.184,28.634999999999998,0.4761944356676035,4.0,0.5443087971321332,False,0.02028601452010531,False,d_reserve_pct,False
1906-03-21,32.82,28.988,0.4670512035575033,4.0,0.16971394820356778,False,0.018227132228240215,False,d_crisis_lending_pct,False
1906-03-28,36.179,28.402,0.45170011768822166,4.0,1.3222543704916176,False,0.059283272983743134,False,d_lending_to_reserve_pct,False
1906-04-04,29.847,26.447,0.4533486466564959,4.0,2.229218630219413,False,0.12796135543166587,False,d_crisis_lending_pct,False
1906-04-11,28.561,24.200999999999997,0.4415837970988048,3.5,2.4709851068270976,False,0.2314823816824369,False,d_reserve_pct,False
1906-04-18,28.144,23.37,0.4376650373616495,3.5,1.1346698598166107,False,0.02185250201831008,False,d_reserve_pct,False
1906-04-25,34.907,22.846999999999998,0.3936694465504169,3.5,3.0276392726185004,False,0.17778897695228357,False,d_crisis_lending_pct,False
1906-05-02,34.317,21.893,0.3880980659800394,3.5,1.306826307043099,False,0.031410916549593604,False,d_reserve_pct,False
1906-05-09,30.659000000000002,20.881,0.3940108687448109,4.0,1.4352058522852478,False,0.22511421335961468,False,d_crisis_lending_pct,False
1906-05-16,27.958,21.387,0.41518481130610346,4.0,1.75521153071345,False,0.043429708435179244,False,d_reserve_ratio_pct,False
1906-05-23,26.841,23.187,0.4420613132006406,4.0,2.046801738246248,False,0.07350398172734095,False,d_reserve_ratio_pct,False
1906-05-30,28.69,23.177,0.4395660667210347,4.0,0.9632927352758573,False,0.03610031087573244,False,d_crisis_lending_pct,False
1906-06-06,29.983,23.025000000000002,0.43311011624844814,4.0,0.6019130722617835,False,0.026543512055704075,False,d_crisis_lending_pct,False
1906-06-13,24.988,24.584,0.47467706744415056,4.0,2.875326928165189,False,0.13659343278593003,False,d_reserve_ratio_pct,False
1906-06-20,24.709,26.668,0.49149449860852573,4.0,1.85806794592061,False,0.05537637565929022,False,d_reserve_pct,False
1906-06-27,28.291000000000004,26.648,0.47544961461604335,3.5,1.9626265379107475,False,0.20951527450070334,False,d_crisis_lending_pct,False
1906-07-04,38.824,24.969,0.4129701299990076,3.5,5.153932075505368,True,0.27243195686187355,False,d_lending_to_reserve_pct,True
1906-07-11,24.672,25.746000000000002,0.4851511268561092,3.5,4.965563270297579,True,0.33954923979344176,False,d_reserve_ratio_pct,True
1906-07-18,23.491,25.875,0.49246317231928743,3.5,0.7361930024445068,False,0.009387123742431506,False,d_lending_to_reserve_pct,False
1906-07-25,25.975,25.687,0.4818691729041214,3.5,1.3556836818688525,False,0.05187972820421165,False,d_crisis_lending_pct,False
1906-08-01,25.839,24.628999999999998,0.47465695343817443,3.5,1.0213599155858297,False,0.03451497676532242,False,d_reserve_pct,False
1906-08-08,23.491999999999997,24.735,0.4878217138349275,3.5,1.1541397181511954,False,0.028008974873750668,False,d_lending_to_reserve_pct,False
1906-08-15,24.173000000000002,25.882,0.5013850952131884,3.5,0.9424102819882746,False,0.03305373316015333,False,d_reserve_pct,False
1906-08-22,23.794,26.918,0.5042523697126372,3.5,0.7711473867149619,False,0.009807776636725218,False,d_reserve_pct,False
1906-08-29,24.468,27.758,0.5110370602205571,3.5,0.5853243681730264,False,0.014832076086568233,False,d_reserve_pct,False
1906-09-05,25.704,27.367,0.501521037970972,3.5,0.6344106943365116,False,0.030556509777442422,False,d_lending_to_reserve_pct,False
1906-09-12,25.693,24.761,0.47892690663623533,3.5,2.042213346548661,False,0.10938232740121287,False,d_reserve_pct,False
1906-09-19,28.976,24.784000000000002,0.47624903920061495,4.0,1.4754642797872535,False,0.2065098750352745,False,d_crisis_lending_pct,False
1906-09-26,33.504,23.381,0.4288282009427214,4.0,2.0799663125248284,False,0.1482936604300341,False,d_reserve_ratio_pct,False
1906-10-03,34.536,20.402,0.38550346730155133,4.0,2.684470851995033,False,0.21534698974550656,False,d_reserve_pct,False
1906-10-10,34.455,18.29,0.3549250950865482,4.0,1.9747427142846816,False,0.14211433927148165,False,d_reserve_pct,False
1906-10-17,33.504000000000005,18.862000000000002,0.37739095638255304,5.0,1.5353015952681537,False,0.2614890911280772,False,d_reserve_ratio_pct,False
1906-10-24,37.01,18.188000000000002,0.36608832172617856,6.0,1.3466950345165067,False,0.2737533434991452,False,d_crisis_lending_pct,False
1906-10-31,36.722,18.158,0.3653668155660188,6.0,0.137569792006646,False,0.006751879725828026,False,d_lending_to_reserve_pct,False
1906-11-07,34.82,19.076,0.38371484893591346,6.0,1.404953909546292,False,0.03719399449635791,False,d_reserve_ratio_pct,False
1906-11-14,32.298,20.024,0.40312449669834116,6.0,1.4138856541044125,False,0.047438306183329226,False,d_reserve_ratio_pct,False
1906-11-21,30.982,21.364,0.4036808193035164,6.0,1.0440481594731523,False,0.05226371802208459,False,d_reserve_pct,False
1906-11-28,29.951,23.613,0.44955735364112326,6.0,2.6282487297570967,False,0.13890107539401925,False,d_reserve_ratio_pct,False
1906-12-05,29.573,22.941000000000003,0.4488378462983253,6.0,0.5440972971817587,False,0.015529061787036558,False,d_reserve_pct,False
1906-12-12,27.166,22.747,0.4706503072562123,6.0,1.0110373461435325,False,0.0345245389928764,False,d_reserve_ratio_pct,False
1906-12-19,31.993000000000002,19.713,0.38597693497542734,6.0,3.4218131965511787,False,0.33953667262126785,False,d_reserve_ratio_pct,False
1906-12-24,32.77,18.718999999999998,0.3718809599491417,6.0,0.9236208923102395,False,0.052837931607259775,False,d_reserve_pct,False
1907-01-02,44.158,19.688,0.33527468410476485,6.0,4.77087947269499,True,0.2672814861910768,False,d_crisis_lending_pct,True
1907-01-09,28.982,21.418999999999997,0.4000261467204541,6.0,4.543731236904994,True,0.38999067019114475,False,d_crisis_lending_pct,True
1907-01-16,25.708,22.593,0.45350167606736386,6.0,2.781531332905243,False,0.14273841185904199,False,d_reserve_ratio_pct,False
1907-01-23,28.026000000000003,24.206,0.4897917889156431,5.0,1.6585386636676278,False,0.37492370070080466,False,d_reserve_ratio_pct,False
1907-01-30,30.992999999999995,24.841,0.48365491326103466,5.0,1.390204665126287,False,0.053947100930819065,False,d_crisis_lending_pct,False
1907-02-06,28.153000000000002,25.975,0.49709113177938535,5.0,0.9927143696733834,False,0.047569222506546334,False,d_lending_to_reserve_pct,False
1907-02-13,27.593000000000004,26.192999999999998,0.5034114278026561,5.0,0.3316715703188368,False,0.002163901752921393,False,d_reserve_ratio_pct,False
1907-02-20,27.302,27.503999999999998,0.48097369893676545,5.0,0.8976103668006677,False,0.0657542370482196,False,d_reserve_ratio_pct,False
1907-02-27,29.221999999999998,27.294,0.4728690228690229,5.0,0.8845890165355882,False,0.04213615060048845,False,d_crisis_lending_pct,False
1907-03-06,32.35000000000001,26.407999999999998,0.44860448128832786,5.0,1.2636593543798191,False,0.07606206736971996,False,d_crisis_lending_pct,False
1907-03-13,28.464,26.686999999999998,0.46440442008178884,5.0,1.0551921248853144,False,0.04894164067852416,False,d_crisis_lending_pct,False
1907-03-20,30.977999999999994,26.523,0.44068387997208647,5.0,0.9011881701311656,False,0.06329192360682268,False,d_crisis_lending_pct,False
1907-03-27,33.31999999999999,24.186,0.41018944083577835,5.0,1.3944453051920984,False,0.12029909304833214,False,d_reserve_pct,False
1907-04-03,32.062,23.861,0.41464940481362417,5.0,0.2897416155781838,False,0.008548557602336146,False,d_lending_to_reserve_pct,False
1907-04-10,29.636000000000003,25.135,0.4358494164975984,5.0,0.9015115883081448,False,0.0514228441841869,False,d_reserve_ratio_pct,False
1907-04-17,28.409,25.794999999999998,0.44722424494607993,4.5,0.4465250946681809,False,0.11984487469184507,False,d_reserve_ratio_pct,False
1907-04-24,27.737000000000002,25.904,0.4539544012757829,4.5,0.20249469791308233,False,0.0033168556157523853,False,d_reserve_ratio_pct,False
1907-05-01,26.891000000000002,25.042,0.45256899137946616,4.0,0.6498335549689097,False,0.14291428592173275,False,d_reserve_pct,False
1907-05-08,24.251000000000005,25.076999999999998,0.4675491749790249,4.0,0.8578308417527275,False,0.03461419743338833,False,d_crisis_lending_pct,False
1907-05-15,23.887,24.59,0.4703969392635102,4.0,0.4113215712196104,False,0.011066875228476892,False,d_reserve_pct,False
1907-05-22,24.889,24.68,0.468978622327791,4.0,0.586228783621849,False,0.01921732841067502,False,d_crisis_lending_pct,False
1907-05-29,25.967000000000002,24.864,0.4687606048037405,4.0,0.6833774136622972,False,0.01853529452301197,False,d_crisis_lending_pct,False
1907-06-05,23.95,24.180999999999997,0.46925151850342506,4.0,0.7576061130397158,False,0.03485131687406847,False,d_crisis_lending_pct,False
1907-06-12,24.573999999999998,24.618,0.47024889686920973,4.0,0.4586328530823081,False,0.010721892810644451,False,d_crisis_lending_pct,False
1907-06-19,24.249000000000002,25.298,0.47355908725033224,4.0,0.498154374352847,False,0.006046068772042235,False,d_reserve_pct,False
1907-06-26,32.554,24.784,0.42795966293686966,4.0,4.579430469395756,True,0.22543419905899087,False,d_crisis_lending_pct,True
1907-07-03,42.203,23.681,0.3838336358921162,4.0,3.9792376024892837,True,0.21198381372190633,False,d_crisis_lending_pct,True
1907-07-10,27.249000000000002,24.413,0.43769721744119333,4.0,4.495028537930316,True,0.29753007775063794,False,d_crisis_lending_pct,True
1907-07-17,24.944,25.117,0.4606257335680751,4.0,1.0374176067360699,False,0.04234235980900232,False,d_reserve_ratio_pct,False
1907-07-24,23.903,25.549,0.4721678063204583,4.0,0.47246952366268363,False,0.007679531303320801,False,d_reserve_ratio_pct,False
1907-07-31,24.131,24.367,0.4679482255338762,4.0,1.0630044211734475,False,0.041440108840372976,False,d_reserve_pct,False
1907-08-07,22.686,23.65,0.46905059399853233,4.0,0.6838100536525695,False,0.028615036319510526,False,d_reserve_pct,False
1907-08-14,21.992,24.959,0.5067097062346468,4.0,1.6476074021932994,False,0.05138905894345177,False,d_reserve_ratio_pct,False
1907-08-21,24.997999999999998,26.016000000000002,0.48233156587192705,4.5,1.9308552953954765,False,0.2603192656193949,False,d_crisis_lending_pct,False
1907-08-28,25.185000000000002,26.942999999999998,0.4945303035865056,4.5,0.6494068446607711,False,0.014764124561756454,False,d_reserve_pct,False
1907-09-04,24.893,27.148,0.5008301664022433,4.5,0.22273295941966845,False,0.0034779765591574957,False,d_reserve_ratio_pct,False
1907-09-11,24.135,27.994,0.5133123074666275,4.5,0.4949914243184066,False,0.008225942994569281,False,d_reserve_pct,False
1907-09-18,24.512,28.756,0.5173710440618197,4.5,0.4025929408664326,False,0.011804009794834003,False,d_reserve_pct,False
1907-09-25,24.872,28.039,0.5136665078957975,4.5,0.6898864162059009,False,0.022184034163698983,False,d_reserve_pct,False
1907-10-02,25.936999999999998,25.636000000000003,0.4891899627898102,4.5,1.962806439099599,False,0.11040433899323758,False,d_reserve_pct,False
1907-10-09,24.001000000000005,24.138,0.4655980556680748,4.5,1.391606492969152,False,0.08880073675356964,False,d_reserve_pct,False
1907-10-16,24.159,23.836,0.4947281029472811,4.5,1.2933511848083825,False,0.053015953734975016,False,d_reserve_ratio_pct,False
1907-10-23,23.962,24.018,0.47277666233612853,4.5,1.0194644016195111,False,0.03382608561298821,False,d_reserve_ratio_pct,False
1907-10-30,30.441,20.833,0.3995742069124247,4.5,4.8442956411632005,True,0.3400808634570002,False,d_lending_to_reserve_pct,True
1907-11-06,31.54,17.694000000000003,0.35222454464019115,6.0,3.313976563979854,False,0.5149505628249444,True,d_reserve_pct,True
1907-11-13,29.476,21.113,0.40562920268972136,7.0,3.8898318663719964,True,0.5216222672003098,True,d_reserve_pct,True
1907-11-20,29.531000000000002,19.915,0.38835803432137284,7.0,1.3109325857818077,False,0.05756651364593721,False,d_reserve_pct,False
1907-11-27,27.150999999999996,21.785,0.42889768275156026,7.0,1.8445767813484848,False,0.1266155062045533,False,d_reserve_pct,False
1907-12-04,25.666,21.91,0.4395714629644491,7.0,0.5561681597175366,False,0.011907153181462791,False,d_crisis_lending_pct,False
1907-12-11,23.864000000000004,23.674,0.47008597922995965,7.0,1.5287060278489406,False,0.07765851645735895,False,d_reserve_pct,False
1907-12-18,23.047,22.399,0.45966467606558725,7.0,1.2859169607493983,False,0.04560919014041081,False,d_reserve_pct,False
1907-12-24,29.781999999999996,19.681,0.4005821171968818,7.0,5.049727593294522,True,0.3024595387431395,False,d_lending_to_reserve_pct,True
1908-01-01,46.69,21.473,0.3565995748638236,7.0,7.396231410327866,True,0.42092514047515983,True,d_crisis_lending_pct,True
1908-01-08,21.116,24.273000000000003,0.4820949770601204,6.0,6.825010594752575,True,0.7831061935910202,True,d_crisis_lending_pct,True
1908-01-15,19.747,25.867,0.5276502866001672,6.0,1.4889180541825244,False,0.07948689646290198,False,d_reserve_ratio_pct,False
1908-01-22,18.736,27.523,0.5495587236931432,5.0,1.1832582028305754,False,0.28084966372406056,False,d_reserve_pct,False
1908-01-29,18.677,28.933,0.5674917621214499,4.0,0.8979785836659416,False,0.26261991540517315,False,d_reserve_pct,False
1908-02-05,20.797,27.856,0.5446795197684878,4.0,1.729394437164287,False,0.07478631214036657,False,d_lending_to_reserve_pct,False
1908-02-12,22.514,28.619,0.5352847657345927,4.0,1.2199409641063295,False,0.04897553145496927,False,d_crisis_lending_pct,False
1908-02-19,22.820999999999998,29.610999999999997,0.5352094855944763,4.0,0.5878952786442715,False,0.017812167765696465,False,d_reserve_pct,False
1908-02-26,31.193,29.959999999999997,0.4918974830479255,4.0,4.908541752584588,True,0.22762622578735917,False,d_crisis_lending_pct,True
1908-03-04,28.453000000000003,29.517999999999997,0.49634275529249544,4.0,0.9828102398617451,False,0.028018886252034126,False,d_crisis_lending_pct,False
1908-03-11,29.104000000000003,30.49,0.5005746182892793,3.5,0.5429377709381803,False,0.13128962113176632,False,d_reserve_pct,False
1908-03-18,28.514,31.279,0.5132332430880302,3.5,0.45147930432985817,False,0.00714185338687673,False,d_reserve_ratio_pct,False
1908-03-25,34.726,30.951,0.4870491596903128,3.0,3.218659809806611,False,0.27233854784391953,False,d_crisis_lending_pct,False
1908-04-01,29.863999999999997,29.267000000000003,0.4955133414601111,3.0,1.7315327285563693,False,0.08930360703411301,False,d_crisis_lending_pct,False
1908-04-08,23.717000000000002,28.215999999999998,0.5133448558173382,3.0,2.6247436324434776,False,0.12333095226160276,False,d_crisis_lending_pct,False
1908-04-15,22.89,26.114,0.501392008908857,3.0,1.6927770120304364,False,0.07411563876243334,False,d_reserve_pct,False
1908-04-22,23.328999999999997,26.878,0.505910254479747,3.0,0.4534818762510987,False,0.013303743100327796,False,d_reserve_pct,False
1908-04-29,22.877000000000002,27.154,0.5111341176470588,3.0,0.13869821512598862,False,0.0005317895454359983,False,d_lending_to_reserve_pct,False
1908-05-06,22.702,27.194,0.5096708898718044,3.0,0.1773455536044348,False,0.005725352261712181,False,d_reserve_ratio_pct,False
1908-05-13,21.139,27.027,0.5117490011928881,3.0,0.8270419415626243,False,0.019543015771213874,False,d_crisis_lending_pct,False
1908-05-20,20.177,27.709,0.5183321486026413,3.0,0.5635941358889612,False,0.008837324113695874,False,d_lending_to_reserve_pct,False
1908-05-27,19.790999999999997,27.661,0.5195724858184004,3.0,0.22841026441924198,False,0.0046299878586959315,False,d_reserve_pct,False
1908-06-03,19.689999999999998,27.487,0.5087170565590761,2.5,0.6612876809307235,False,0.13029207360712178,False,d_reserve_ratio_pct,False
1908-06-10,19.611,27.424,0.5070162140176376,2.5,0.22381334539407172,False,0.006018417257008953,False,d_reserve_pct,False
1908-06-17,20.667,28.526,0.5111453555045872,2.5,0.9070570057208865,False,0.031666665211421016,False,d_crisis_lending_pct,False
1908-06-24,20.752000000000002,28.862000000000002,0.5123098496547562,2.5,0.20082923754098556,False,0.0034628807024716926,False,d_crisis_lending_pct,False
1908-07-01,33.662000000000006,27.081,0.4450817651409319,2.5,10.530730378031642,True,0.3959087864491958,False,d_crisis_lending_pct,True
1908-07-08,21.19,26.466,0.49271153309131527,2.5,6.060998709571525,True,0.30072433163292467,False,d_crisis_lending_pct,True
1908-07-15,19.211,26.804000000000002,0.5045268883994957,2.5,1.4289984545755836,False,0.03256633859678755,False,d_crisis_lending_pct,False
1908-07-22,19.014000000000003,26.752000000000002,0.5020267227143073,2.5,0.2106218230338141,False,0.0074334033095073875,False,d_reserve_ratio_pct,False
1908-07-29,19.09,26.037000000000003,0.501589319771138,2.5,0.7012569872983558,False,0.019730893132864354,False,d_reserve_pct,False
1908-08-05,18.884,24.609,0.48611330594184576,2.5,1.2916113553390318,False,0.04687343658939884,False,d_reserve_pct,False
1908-08-12,18.033,25.474999999999998,0.5025348667468881,2.5,0.7982657631817017,False,0.014316421036369213,False,d_lending_to_reserve_pct,False
1908-08-19,17.316,27.634,0.5239169589534554,2.5,1.698199417628482,False,0.0649555636523024,False,d_reserve_pct,False
1908-08-26,16.816,27.929,0.535962387257724,2.5,0.43394656827641864,False,0.005093045122377491,False,d_reserve_ratio_pct,False
1908-09-02,16.316,27.301,0.5322662403493722,2.5,0.5980811330978985,False,0.017947907024258615,False,d_reserve_pct,False
1908-09-09,15.886999999999999,27.506999999999998,0.537099230679111,2.5,0.2925707111170756,False,0.003709607238129415,False,d_crisis_lending_pct,False
1908-09-16,15.794,28.011000000000003,0.5428593577394911,2.5,0.3373580205271784,False,0.001910671154286863,False,d_reserve_pct,False
1908-09-23,15.712,28.218,0.5433643995994762,2.5,0.09889838092269382,False,0.004316548735585556,False,d_crisis_lending_pct,False
1908-09-30,15.673000000000002,26.916999999999998,0.5318724312361681,2.5,1.2556806776530414,False,0.03828353343198872,False,d_reserve_pct,False
1908-10-07,15.634,25.96,0.5096691862177285,2.5,1.1566765678066857,False,0.0374400854662927,False,d_reserve_ratio_pct,False
1908-10-14,15.543,25.924999999999997,0.5108072429216006,2.5,0.18863257967448901,False,0.00535173110550522,False,d_reserve_pct,False
1908-10-21,14.876,26.195,0.5175241030504188,2.5,0.6707256027412968,False,0.005492634834341218,False,d_crisis_lending_pct,False
1908-10-28,14.82,26.267,0.5366526376006211,2.5,0.9238437153673422,False,0.014459637144530881,False,d_reserve_ratio_pct,False
1908-11-04,16.7,25.33,0.5199417041279225,2.5,2.9441034586487085,False,0.07689472097091253,False,d_crisis_lending_pct,False
1908-11-11,14.947000000000001,25.37,0.530686524704012,2.5,2.024063994077062,False,0.040591055257119237,False,d_crisis_lending_pct,False
1908-11-18,15.607999999999999,25.848,0.5273487707844537,2.5,1.1336471746312504,False,0.018585366378829488,False,d_crisis_lending_pct,False
1908-11-25,21.119,25.501,0.4897539802953773,2.5,7.496953839510168,True,0.21714397601156313,False,d_crisis_lending_pct,True
1908-12-02,18.959,24.085,0.4853107116950109,2.5,1.9325392008808893,False,0.07368773344972379,False,d_crisis_lending_pct,False
1908-12-09,17.959000000000003,23.463,0.48720877112836913,2.5,0.9068509672878761,False,0.021208135981631782,False,d_crisis_lending_pct,False
1908-12-16,19.897,22.32,0.45660045414561296,2.5,2.5551801691059812,False,0.09028796204444814,False,d_lending_to_reserve_pct,False
1908-12-23,26.727000000000004,19.357,0.38313243473269604,2.5,8.184441680517699,True,0.3776447382682809,False,d_lending_to_reserve_pct,True
1908-12-30,49.022000000000006,19.431,0.31581257009117947,2.5,16.587596396226154,True,0.5339162829332744,True,d_crisis_lending_pct,True
1909-01-06,30.579,19.991,0.36434716045782606,2.5,7.287876509893588,True,0.33554771466352384,False,d_crisis_lending_pct,True
1909-01-13,21.106,21.013,0.4329007004532345,2.5,7.164541488731664,True,0.330193851818139,False,d_reserve_ratio_pct,True
1909-01-20,19.366999999999997,22.443,0.4601898747154955,3.0,2.3404765554943334,False,0.24231555273676278,False,d_reserve_ratio_pct,False
1909-01-27,19.748,24.05,0.48094228692556895,3.0,2.148026985967057,False,0.05454107286285887,False,d_reserve_pct,False
1909-02-03,20.11,24.009999999999998,0.4737849517532608,3.0,0.6787984679188198,False,0.015818002062024127,False,d_reserve_ratio_pct,False
1909-02-10,18.836,25.787,0.4974919936721071,3.0,2.2218132031266844,False,0.06487585622467057,False,d_reserve_pct,False
1909-02-17,18.845,26.948,0.5063509958662157,3.0,1.333263915308801,False,0.019447312629997528,False,d_reserve_pct,False
1909-02-24,25.137999999999998,27.678,0.48120588337563897,3.0,7.100333901554916,True,0.21696051546447306,False,d_crisis_lending_pct,True
1909-03-03,21.489,27.604999999999997,0.48859271845519386,3.0,2.8205013718984953,False,0.0683259449662302,False,d_crisis_lending_pct,False
1909-03-10,20.717,28.951,0.5066323673526529,3.0,1.347434731566586,False,0.022444923145437404,False,d_reserve_pct,False
1909-03-17,23.133,29.733,0.4944621831969667,3.0,2.490181610790555,False,0.059648392003474146,False,d_crisis_lending_pct,False
1909-03-24,26.378999999999998,30.712,0.4908265677939014,3.0,2.960168587844954,False,0.0736768403316724,False,d_crisis_lending_pct,False
1909-03-31,29.352000000000004,30.754,0.4854387321831642,3.0,2.3688910600739868,False,0.05625682444702504,False,d_crisis_lending_pct,False
1909-04-07,23.543,27.915,0.4725189159909948,2.5,3.790789076072789,True,0.3196740013164635,False,d_crisis_lending_pct,True
1909-04-14,20.509999999999998,27.936,0.4870887311910449,2.5,2.262173904914321,False,0.05304981116388621,False,d_crisis_lending_pct,False
1909-04-21,20.152,28.802,0.49778776356723126,2.5,0.7619987638871805,False,0.00809312527468226,False,d_reserve_pct,False
1909-04-28,19.877,28.953999999999997,0.5036704588943394,2.5,0.3633282830973225,False,0.0012497839149236214,False,d_reserve_ratio_pct,False
1909-05-05,19.853,27.695,0.4957131862034402,2.5,1.1920914348886835,False,0.035855121743694485,False,d_reserve_pct,False
1909-05-12,19.983999999999998,27.415,0.4922875253640754,2.5,0.34230843105713954,False,0.008977724304225764,False,d_reserve_ratio_pct,False
1909-05-19,19.375,27.735999999999997,0.495825810257602,2.5,0.5279890473271868,False,0.003683463586356329,False,d_crisis_lending_pct,False
1909-05-26,22.564,27.219,0.47878627968337734,2.5,3.299083901780327,False,0.08593524752203564,False,d_crisis_lending_pct,False
1909-06-02,25.134,26.163999999999998,0.45636741030158195,2.5,1.98965496335383,False,0.08012602775075883,False,d_crisis_lending_pct,False
1909-06-09,20.633,27.367,0.4871653375106807,2.5,2.380025900978628,False,0.12248695053902872,False,d_crisis_lending_pct,False
1909-06-16,20.580000000000002,29.262,0.5069031822197585,2.5,1.6282588972874223,False,0.036653220025522126,False,d_reserve_pct,False
1909-06-23,20.201,29.931,0.5133962264150944,2.5,0.48327353125046285,False,0.0042417176256126995,False,d_reserve_pct,False
1909-06-30,45.674,29.313000000000002,0.4139903398017118,2.5,21.146060276399577,True,0.7495940897596058,True,d_crisis_lending_pct,True
1909-07-07,23.891000000000002,29.368000000000002,0.48839220381826653,2.5,7.812838234446556,True,0.44733531026530376,True,d_crisis_lending_pct,True
1909-07-14,19.823999999999998,29.540999999999997,0.5227847877254145,2.5,2.7023842942429463,False,0.0949117532922999,False,d_crisis_lending_pct,False
1909-07-21,19.242,29.32,0.5209203162476681,2.5,0.3505249783115028,False,0.00900468757008615,False,d_crisis_lending_pct,False
1909-07-28,19.338,27.857,0.513313309624279,2.5,1.3889195327417163,False,0.04375911020732651,False,d_reserve_pct,False
1909-08-04,19.099999999999998,26.817,0.5072060826146164,2.5,1.060798580565881,False,0.024028917817935144,False,d_reserve_pct,False
1909-08-11,18.45,27.835,0.5193678396835467,2.5,0.9055658562039148,False,0.011206597039778245,False,d_reserve_pct,False
1909-08-18,18.878,28.934,0.5257763805854883,2.5,0.9453052607775783,False,0.02042427237304507,False,d_reserve_pct,False
1909-08-25,18.872,29.249000000000002,0.5314617970382485,2.5,0.2576251124071273,False,0.002458088830709393,False,d_reserve_ratio_pct,False
1909-09-01,20.236,28.927999999999997,0.5228077785006868,2.5,1.0892849518803585,False,0.04201435450816613,False,d_lending_to_reserve_pct,False
1909-09-08,20.211000000000002,29.445999999999998,0.5270071947596378,2.5,0.38636364803213674,False,0.003800169512877203,False,d_reserve_pct,False
1909-09-15,19.919,29.740000000000002,0.5340084751849458,2.5,0.3398774459318648,False,0.001634986283909336,False,d_reserve_ratio_pct,False
1909-09-22,19.148,28.891,0.5281042645365309,2.5,0.7875867187086872,False,0.023616973862637867,False,d_reserve_pct,False
1909-09-29,19.516,25.976000000000003,0.50385025700708,2.5,2.6340352526990793,False,0.1250374367525067,False,d_reserve_pct,False
1909-10-06,19.464,23.636000000000003,0.4523290083055843,2.5,3.505167224978723,True,0.15205518429878265,False,d_reserve_ratio_pct,True
1909-10-13,19.881999999999998,22.950000000000003,0.44118495165228094,3.0,0.7735668462066311,False,0.1787657322229769,False,d_reserve_pct,False
1909-10-20,19.526,22.323,0.4763256161314414,4.0,2.062495165452814,False,0.28464142791400404,False,d_reserve_ratio_pct,False
1909-10-27,23.968,21.973000000000003,0.45842026203788705,5.0,2.8351938338210307,False,0.3540815608549419,False,d_crisis_lending_pct,False
1909-11-03,24.535,21.46,0.4544203282159873,5.0,0.6127164509894364,False,0.02507531664214103,False,d_reserve_pct,False
1909-11-10,20.96,22.843999999999998,0.5073287732077818,5.0,3.1493045600640848,False,0.1458891044753466,False,d_reserve_ratio_pct,False
1909-11-17,21.667,25.363,0.5448666996068658,5.0,2.5320463597838123,False,0.13538709367596133,False,d_reserve_pct,False
1909-11-24,22.339000000000002,26.502000000000002,0.5597043294614573,5.0,0.9485948376142976,False,0.03364606888153189,False,d_reserve_pct,False
1909-12-01,22.339000000000002,25.775,0.5602164793844682,5.0,0.688513947038233,False,0.01939550504032734,False,d_reserve_pct,False
1909-12-08,20.822000000000003,26.006,0.5674325238375771,5.0,1.314094224703061,False,0.016980024649337132,False,d_crisis_lending_pct,False
1909-12-15,20.305,24.654,0.5438542310067943,4.5,1.28551487405555,False,0.1910095855070882,False,d_reserve_pct,False
1909-12-22,21.958999999999996,22.798000000000002,0.44917742094374946,4.5,4.7150544333676985,True,0.23261074908995105,False,d_reserve_ratio_pct,True
1909-12-29,45.99000000000001,22.219,0.3642877051464922,4.5,23.870625962307773,True,0.6887034306376808,True,d_crisis_lending_pct,True
1910-01-05,34.178,23.288,0.3942040761053558,4.5,5.551139807253463,True,0.18552318276902993,False,d_crisis_lending_pct,True
1910-01-12,23.858,24.924,0.47569424563412543,4.0,6.533396272011823,True,0.48447601063098966,True,d_crisis_lending_pct,True
1910-01-19,20.795,26.911,0.5079272205654751,4.0,2.754107907140105,False,0.11099590875644606,False,d_crisis_lending_pct,False
1910-01-26,20.866,27.641000000000002,0.5187972747236247,3.5,0.5354499955205908,False,0.11899285582528824,False,d_reserve_pct,False
1910-02-02,23.574,26.956000000000003,0.504746746559311,3.5,2.594868989654465,False,0.07470963827429247,False,d_crisis_lending_pct,False
1910-02-09,20.766,27.226999999999997,0.5170828981103408,3.5,2.3097237381101725,False,0.04801374874816691,False,d_crisis_lending_pct,False
1910-02-16,20.049,28.247,0.5307890335794953,3.0,0.7878335645584371,False,0.12066491357154967,False,d_reserve_pct,False
1910-02-23,20.288,27.335,0.5190846942650968,3.0,0.8606210496601652,False,0.029250812247638463,False,d_reserve_ratio_pct,False
1910-03-02,20.412,26.136000000000003,0.5074852915477369,3.0,1.0051532182738834,False,0.03636330789418161,False,d_reserve_pct,False
1910-03-09,19.802,25.699,0.5084078499643903,3.0,0.6193611352849245,False,0.011171816426447915,False,d_crisis_lending_pct,False
1910-03-16,21.301000000000002,24.942999999999998,0.4935298773248911,3.0,1.7176325453035934,False,0.05350110261546787,False,d_crisis_lending_pct,False
1910-03-23,21.967,23.591,0.47484954006561864,4.0,1.096577563734115,False,0.2648147418415508,False,d_lending_to_reserve_pct,False
1910-03-30,27.285999999999998,23.299,0.44815249379676464,4.0,5.401540896137794,True,0.14200444639443213,False,d_crisis_lending_pct,True
1910-04-06,30.610999999999997,22.765,0.39565844586961435,4.0,2.911973803324922,False,0.1474478828222322,False,d_reserve_ratio_pct,False
1910-04-13,21.705,23.624,0.4398354154642438,4.0,6.4126614629584315,True,0.22769798919076092,False,d_crisis_lending_pct,True
1910-04-20,18.197,25.642,0.507119689897951,4.0,3.3921845964325867,False,0.2159979897517008,False,d_reserve_ratio_pct,False
1910-04-27,21.81,26.356,0.5073144441022482,4.0,4.068507300329492,True,0.11929956620502749,False,d_crisis_lending_pct,True
1910-05-04,22.572,28.701,0.5270009731734636,4.0,2.1205511833052197,False,0.07964910966917062,False,d_reserve_pct,False
1910-05-11,18.17,28.448,0.5446365324603221,4.0,3.7095358174327573,True,0.09962680398919467,False,d_crisis_lending_pct,True
1910-05-18,19.405,28.326,0.5338082315694256,4.0,1.2912667825334765,False,0.03874506526290503,False,d_crisis_lending_pct,False
1910-05-25,29.787,28.997999999999998,0.490817690966639,4.0,10.14345925701636,True,0.3500067672513014,False,d_crisis_lending_pct,True
1910-06-01,27.512,30.517,0.5073904730235265,4.0,1.4328661867908632,False,0.04395758221193244,False,d_crisis_lending_pct,False
1910-06-08,24.406999999999996,31.941,0.5109006861913977,3.5,2.124370783359797,False,0.19990116736670785,False,d_crisis_lending_pct,False
1910-06-15,22.845,33.137,0.519242220063305,3.0,0.8627286518578335,False,0.13944878313629594,False,d_crisis_lending_pct,False
1910-06-22,24.961000000000002,33.858,0.49874055415617125,3.0,0.9634710337136514,False,0.06360047332303784,False,d_crisis_lending_pct,False
1910-06-29,43.283,32.149,0.42784328338346067,3.0,7.623854409655956,True,0.46371401912363586,True,d_crisis_lending_pct,True
1910-07-06,31.235,31.082,0.46420837253759883,3.0,2.8888119511388686,False,0.19516746555963227,False,d_crisis_lending_pct,False
1910-07-13,21.679,31.263,0.5034785969658905,3.0,3.175255423615621,False,0.20484845915027325,False,d_crisis_lending_pct,False
1910-07-20,20.535,31.233,0.5129329457555304,3.0,0.5463194002595607,False,0.01284555860925402,False,d_crisis_lending_pct,False
1910-07-27,20.156,30.497,0.5130461114008378,3.0,0.4541893366564592,False,0.012758746243295907,False,d_reserve_pct,False
1910-08-03,19.941,28.408,0.5000352038301767,3.0,1.4287681697482997,False,0.06570989803157158,False,d_reserve_pct,False
1910-08-10,19.725,29.173,0.5107496761091074,3.0,0.6520394627786852,False,0.008396826857473866,False,d_reserve_pct,False
1910-08-17,19.179000000000002,29.959,0.5321692482592014,3.0,0.8396589964572061,False,0.014399597685960804,False,d_reserve_ratio_pct,False
1910-08-24,20.621000000000002,30.465,0.5267753704632303,3.0,0.7718403608119091,False,0.039130537344530446,False,d_crisis_lending_pct,False
1910-08-31,21.026,29.755,0.5153808847472893,3.0,0.5139737267905017,False,0.026365180113692616,False,d_reserve_ratio_pct,False
1910-09-07,19.861,29.688000000000002,0.5207416112680009,3.0,0.5061422480544928,False,0.009847039039165966,False,d_crisis_lending_pct,False
1910-09-14,19.261,30.504,0.5344359374178741,3.0,0.6797339910782817,False,0.009209732866933149,False,d_reserve_pct,False
1910-09-21,18.482,29.904999999999998,0.5338081467994715,3.0,0.3686468602162639,False,0.013659586031253232,False,d_reserve_pct,False
1910-09-28,20.678,27.839,0.504046640473647,3.0,1.6440421275296864,False,0.11206812362118264,False,d_lending_to_reserve_pct,False
1910-10-05,19.764,24.686,0.47692277969900115,4.0,2.47740607202328,False,0.34628994026574994,False,d_reserve_pct,False
1910-10-12,20.302,24.354,0.4697644812221515,4.0,0.37994059020517723,False,0.021494375306643318,False,d_crisis_lending_pct,False
1910-10-19,19.936,22.802,0.465176057774695,4.0,1.3617407001923865,False,0.059193172513619406,False,d_reserve_pct,False
1910-10-26,23.85,22.018,0.4614191709627395,5.0,2.0720563534884793,False,0.3424332072065638,False,d_crisis_lending_pct,False
1910-11-02,24.172,22.098,0.49126317193544083,5.0,1.4380976511680421,False,0.046813126081527975,False,d_reserve_ratio_pct,False
1910-11-09,22.943,22.977,0.5192777074670042,5.0,1.2642599739067264,False,0.033227355205814775,False,d_reserve_ratio_pct,False
1910-11-16,21.82,24.892,0.523942831884485,5.0,1.8774665261501071,False,0.07632967790151556,False,d_reserve_pct,False
1910-11-23,25.473999999999997,25.888,0.515071327669565,5.0,1.8200335106500614,False,0.09595475764797967,False,d_crisis_lending_pct,False
1910-11-30,23.904999999999998,25.686,0.5026614481409002,5.0,0.5613847599554898,False,0.03006986544932034,False,d_reserve_ratio_pct,False
1910-12-07,20.353,25.885,0.5060309268273611,4.5,1.2233917640276952,False,0.21319380681109423,False,d_crisis_lending_pct,False
1910-12-14,19.218,25.538,0.5000489514597326,4.5,0.3521867851888215,False,0.023195981418953807,False,d_crisis_lending_pct,False
1910-12-21,19.360999999999997,22.669999999999998,0.4638647896546079,4.5,2.523497636806134,False,0.15659545326155033,False,d_reserve_pct,False
1910-12-28,36.821000000000005,21.195,0.3787323767489234,4.5,9.44911945561387,True,0.6190601596074885,True,d_crisis_lending_pct,True
1911-01-04,43.28399999999999,21.87,0.3541815119518041,4.5,1.9508668118887107,False,0.11954442702792688,False,d_crisis_lending_pct,False
1911-01-11,19.029,23.451,0.4785918367346939,4.5,8.208889390191947,True,0.6604363046196838,True,d_reserve_ratio_pct,True
1911-01-18,17.845,25.695,0.5129766420443201,4.5,2.174263735195341,False,0.09615338838892744,False,d_reserve_pct,False
1911-01-25,19.549999999999997,27.176000000000002,0.5192006419319094,4.5,1.2917360746361186,False,0.08131872089209713,False,d_reserve_pct,False
1911-02-01,20.054,27.216,0.5152593714502084,4.0,0.468283587382967,False,0.13266944576321393,False,d_crisis_lending_pct,False
1911-02-08,18.054000000000002,28.491,0.5325719199207433,4.0,1.1782522367861172,False,0.05449218392212587,False,d_lending_to_reserve_pct,False
1911-02-15,18.275,29.021,0.5275202675682554,4.0,0.4000193071985158,False,0.013481186315603135,False,d_reserve_pct,False
1911-02-22,20.368000000000002,29.537000000000003,0.5188757136583224,3.5,1.2866202146314054,False,0.18363113025757682,False,d_crisis_lending_pct,False
1911-03-01,23.866,29.081,0.4991418076962686,3.5,1.712793399969198,False,0.09230617380194273,False,d_crisis_lending_pct,False
1911-03-08,21.686999999999998,29.847,0.513090715304877,3.5,0.7746610607396333,False,0.03787493762971803,False,d_lending_to_reserve_pct,False
1911-03-15,26.517,31.491,0.4963355241382571,3.0,2.0619844724686702,False,0.30746942123439414,False,d_crisis_lending_pct,False
1911-03-22,32.473,31.403,0.4670841266063779,3.0,2.013440915413527,False,0.1221253847944263,False,d_crisis_lending_pct,False
1911-03-29,31.81,30.3,0.4672608950436418,3.0,0.9365588775389837,False,0.01908169175650574,False,d_reserve_pct,False
1911-04-05,31.239,27.981,0.45238634158960106,3.0,1.8167016855162328,False,0.0727226798261187,False,d_reserve_pct,False
1911-04-12,30.343000000000004,25.874,0.43577997103109106,3.0,1.7449544864192874,False,0.07867120598079157,False,d_reserve_pct,False
1911-04-19,22.624000000000002,26.839,0.47751129772622136,3.0,2.427892502268611,False,0.17844749849685423,False,d_crisis_lending_pct,False
1911-04-26,26.825,27.618,0.4696619277600163,3.0,2.0917952628071284,False,0.1022157869176799,False,d_crisis_lending_pct,False
1911-05-03,23.63,26.914,0.4787519789387552,3.0,0.9466741001562072,False,0.05621144232206422,False,d_crisis_lending_pct,False
1911-05-10,18.538000000000004,27.293000000000003,0.5065892048407454,3.0,1.8617431488823193,False,0.1305715085323599,False,d_lending_to_reserve_pct,False
1911-05-17,19.079,28.278000000000002,0.5129237633999021,3.0,0.6680344246850366,False,0.018000129683590257,False,d_reserve_pct,False
1911-05-24,19.200000000000003,28.807,0.5179903979285418,3.0,0.28630561091686296,False,0.00468174001097623,False,d_crisis_lending_pct,False
1911-05-31,19.743000000000002,28.930999999999997,0.5192211055276381,3.0,0.6158454932516154,False,0.010547308787118626,False,d_crisis_lending_pct,False
1911-06-07,18.613,28.967,0.5256500988985066,3.0,0.5489517409347783,False,0.011996394701091293,False,d_lending_to_reserve_pct,False
1911-06-14,19.201,29.198,0.526488513830286,3.0,0.6514517850777939,False,0.012457423696365997,False,d_crisis_lending_pct,False
1911-06-21,20.523,29.319,0.5251477700161203,3.0,1.1793312448496789,False,0.037351328278955535,False,d_crisis_lending_pct,False
1911-06-28,35.35,29.456,0.4672440595158783,3.0,10.439343013345525,True,0.43782032135256027,True,d_crisis_lending_pct,True
1911-07-05,38.147999999999996,28.712,0.4532066358341357,3.0,1.2736729220665475,False,0.05364227219899035,False,d_crisis_lending_pct,False
1911-07-12,23.891,29.822,0.5214821550352353,3.0,5.14252669039895,True,0.3282185140958477,False,d_crisis_lending_pct,True
1911-07-19,21.089,30.032,0.5340636281187203,3.0,1.5093155678310382,False,0.04508611276477861,False,d_crisis_lending_pct,False
1911-07-26,20.527,30.422,0.5450506136343277,3.0,0.6134917267094449,False,0.0034780213676819743,False,d_reserve_ratio_pct,False
1911-08-02,17.375,28.375999999999998,0.5453776667307322,3.0,1.9447040381541916,False,0.10994597819653569,False,d_crisis_lending_pct,False
1911-08-09,17.307000000000002,27.661,0.5410887893429316,3.0,0.6982982755207581,False,0.016121681150214895,False,d_reserve_pct,False
1911-08-16,16.823999999999998,28.61,0.5595212485087908,3.0,1.0225925507416629,False,0.011273563497791942,False,d_reserve_ratio_pct,False
1911-08-23,16.09,29.503999999999998,0.5715946296762694,3.0,0.6825953576337005,False,0.009546282111569675,False,d_lending_to_reserve_pct,False
1911-08-30,20.139000000000003,30.202,0.5634175916425708,3.0,3.7679798255534815,True,0.1559673354437,False,d_crisis_lending_pct,True
1911-09-06,16.094,30.151,0.5815155547840845,3.0,1.92204871800898,False,0.11188669524798672,False,d_crisis_lending_pct,False
1911-09-13,16.93,31.54,0.5813074810623513,3.0,0.9458735527079203,False,0.03846416060280221,False,d_reserve_pct,False
1911-09-20,19.047,32.573,0.5669306413715082,3.0,1.019846596699985,False,0.06357952883046622,False,d_crisis_lending_pct,False
1911-09-27,20.32,30.945,0.5537561289860778,4.0,1.3496142520316567,False,0.2684520746528678,False,d_reserve_pct,False
1911-10-04,19.245,27.894,0.5147444177892601,4.0,2.493158922366044,False,0.1354510217226292,False,d_reserve_pct,False
1911-10-11,19.143,27.228,0.519429977679849,4.0,0.7175690614268739,False,0.015428356788495103,False,d_reserve_pct,False
1911-10-18,18.205000000000002,27.142,0.5243007263174162,4.0,0.4503426493308348,False,0.00924547784142687,False,d_lending_to_reserve_pct,False
1911-10-25,18.064,27.212,0.5283883495145631,4.0,0.19768155917525074,False,0.002544015770346964,False,d_reserve_ratio_pct,False
1911-11-01,17.939999999999998,25.743,0.5170523017594602,4.0,1.443787733062594,False,0.04512032039700252,False,d_reserve_pct,False
1911-11-08,19.747,24.862,0.49758831181827273,4.0,1.1437976963271839,False,0.06743703453473542,False,d_reserve_ratio_pct,False
1911-11-15,20.545,26.036,0.5055435816780257,4.0,0.9729844266224629,False,0.03439654557632492,False,d_reserve_pct,False
1911-11-22,20.476,26.817999999999998,0.5107704028187792,4.0,0.5951517899791094,False,0.007249184941070485,False,d_reserve_pct,False
1911-11-29,20.823,27.076,0.5133182929834872,4.0,0.21608034508619822,False,0.0067531753041100645,False,d_crisis_lending_pct,False
1911-12-06,18.093,26.758,0.5246563792866806,4.0,1.3381857473312273,False,0.06117776718818152,False,d_crisis_lending_pct,False
1911-12-13,19.429,25.714,0.4940439594220719,4.0,1.805713046434948,False,0.07284129930701182,False,d_reserve_ratio_pct,False
1911-12-20,26.703999999999997,23.304,0.4157938872731814,4.0,4.844522275576597,True,0.32764287091777333,False,d_reserve_ratio_pct,True
1911-12-27,40.272,21.695,0.35494003893787934,4.0,4.7093533065625115,True,0.3598518585790058,False,d_lending_to_reserve_pct,True
1912-01-03,47.06700000000001,23.682,0.35866058852928256,4.0,2.016628321828409,False,0.15854288477535164,False,d_reserve_pct,False
1912-01-10,24.049,25.909,0.4699448596096641,4.0,9.469161070582922,True,0.6098352315510857,True,d_reserve_ratio_pct,True
1912-01-17,23.122999999999998,27.713,0.4896981905569692,4.0,1.5000760475415766,False,0.04243866889279576,False,d_reserve_pct,False
1912-01-24,25.076,28.683,0.48721781522311497,4.0,0.7320058988770465,False,0.05000169584441694,False,d_crisis_lending_pct,False
1912-01-31,26.967,28.527,0.4802767816556392,4.0,0.6455276704092813,False,0.04098585993119551,False,d_crisis_lending_pct,False
1912-02-07,19.310000000000002,29.403,0.5295166402535657,4.0,3.1153034421005574,False,0.2029560183342782,False,d_reserve_ratio_pct,False
1912-02-14,20.607,29.974,0.5126652641661108,3.5,1.0000314912127037,False,0.17559087924280997,False,d_reserve_ratio_pct,False
1912-02-21,23.901999999999997,30.67,0.4867481352166323,3.5,1.5242253896391267,False,0.09816437227820311,False,d_reserve_ratio_pct,False
1912-02-28,29.494999999999997,30.532,0.4598192771084337,3.5,2.030448441406954,False,0.1247886400024049,False,d_crisis_lending_pct,False
1912-03-06,29.701,29.273999999999997,0.4427203847375346,3.5,1.1117981569967503,False,0.04147269682297265,False,d_reserve_ratio_pct,False
1912-03-13,32.153999999999996,28.311,0.42028770356734607,3.5,1.5097096056722645,False,0.06706524656416567,False,d_reserve_ratio_pct,False
1912-03-20,31.193999999999996,28.737,0.4314605729385622,3.5,0.7521005949850943,False,0.006447213044853316,False,d_reserve_ratio_pct,False
1912-03-27,30.750999999999998,28.231,0.4328115657626443,3.5,0.5439151684899536,False,0.009771201109904905,False,d_reserve_pct,False
1912-04-03,34.079,24.889,0.3971754567940637,3.5,3.0244664849281127,False,0.20167464343313884,False,d_reserve_pct,False
1912-04-10,28.546,25.901000000000003,0.4286754605186939,3.5,2.25917812260512,False,0.10780285498683073,False,d_reserve_ratio_pct,False
1912-04-17,27.153000000000006,27.637999999999998,0.45407945322511745,3.5,1.6675493458565034,False,0.05810191697988378,False,d_reserve_ratio_pct,False
1912-04-24,24.942999999999998,29.3,0.48444966187728383,3.5,1.7378366453077931,False,0.06433246995051917,False,d_reserve_ratio_pct,False
1912-05-01,25.726999999999997,29.061,0.48934128106688213,3.5,0.33817119699862164,False,0.01943193052624811,False,d_reserve_pct,False
1912-05-08,21.474,29.212,0.5119882220975883,3.5,1.6808058683714204,False,0.08032009990443206,False,d_crisis_lending_pct,False
1912-05-15,20.612000000000002,29.499,0.5234124097304779,3.0,0.5650040430345691,False,0.12179025965004449,False,d_lending_to_reserve_pct,False
1912-05-22,21.946,29.601999999999997,0.5135402390576479,3.0,0.6378499221598981,False,0.035652000166083456,False,d_reserve_ratio_pct,False
1912-05-29,27.494999999999997,28.856,0.46772023664802653,3.0,2.5335051458556843,False,0.17067163101854313,False,d_reserve_ratio_pct,False
1912-06-05,26.2,30.051,0.48450599767831803,3.0,0.878611915163946,False,0.020735095849548947,False,d_reserve_ratio_pct,False
1912-06-12,24.998,30.753,0.4958801618910944,3.0,0.6303324291444014,False,0.009843294319827287,False,d_lending_to_reserve_pct,False
1912-06-19,26.168000000000003,31.383,0.491072965402851,3.0,0.4929735476325847,False,0.023052645581508477,False,d_crisis_lending_pct,False
1912-06-26,34.013,30.325,0.4543956126286768,3.0,2.965570161070173,False,0.19562980601972288,False,d_crisis_lending_pct,False
1912-07-03,44.75,28.879,0.4139468214720849,3.0,3.1207711613961435,False,0.22425782206721398,False,d_crisis_lending_pct,False
1912-07-10,23.295,29.272,0.5025494875272546,3.0,5.50312680262055,True,0.49250362522764124,True,d_reserve_ratio_pct,True
1912-07-17,21.58,30.068,0.5100074631928897,3.0,0.8252019192396818,False,0.03032830348792898,False,d_lending_to_reserve_pct,False
1912-07-24,22.393,30.282,0.5039356975254198,3.0,0.38093420727374067,False,0.01603539370005165,False,d_reserve_ratio_pct,False
1912-07-31,23.643,29.089000000000002,0.48663343147751614,3.0,1.0458908464800758,False,0.05475252772064411,False,d_reserve_pct,False
1912-08-07,22.57,28.154,0.48821683111658315,3.0,0.8793487237667343,False,0.02265639138859869,False,d_reserve_pct,False
1912-08-14,22.211,29.815,0.49845356515924105,3.0,1.2132096913718038,False,0.027358373383912536,False,d_reserve_pct,False
1912-08-21,22.532,30.108,0.49819637952146145,3.0,0.1382784311760799,False,0.0055295507892468366,False,d_lending_to_reserve_pct,False
1912-08-28,24.433,30.994,0.49471667996807656,3.0,0.7055340110289166,False,0.05016209389397189,False,d_crisis_lending_pct,False
1912-09-04,23.483,31.367,0.49778617110754925,4.0,0.6626909325504439,False,0.2314381828407986,False,d_lending_to_reserve_pct,False
1912-09-11,22.913000000000004,31.66,0.5035868233946779,4.0,0.507699370973599,False,0.002224766523209385,False,d_lending_to_reserve_pct,False
1912-09-18,21.817,31.534,0.5066516709511568,4.0,0.5569098943863433,False,0.009292453449839259,False,d_crisis_lending_pct,False
1912-09-25,21.079,31.315,0.514119192250862,4.0,0.36047636079548145,False,0.006464556976313652,False,d_reserve_pct,False
1912-10-02,21.037,27.802,0.4875747531611161,4.0,3.2560089441249813,False,0.14548463260903266,False,d_reserve_pct,False
1912-10-09,19.948999999999998,27.192,0.48858143922378944,4.0,0.7730787403745977,False,0.020400679528584483,False,d_reserve_pct,False
1912-10-16,20.902,27.387,0.4877036773216989,4.0,0.5414075630942311,False,0.020553123729537572,False,d_crisis_lending_pct,False
1912-10-23,20.083,27.501,0.4955849491818641,5.0,0.49839201323029697,False,0.22668713071690957,False,d_crisis_lending_pct,False
1912-10-30,24.685000000000002,27.198,0.47719138185135807,5.0,2.4502737853694505,False,0.12899647050085597,False,d_crisis_lending_pct,False
1912-11-06,23.797,26.362000000000002,0.4749567598731623,5.0,1.0769863861922186,False,0.022307264980354617,False,d_reserve_pct,False
1912-11-13,19.65,26.776,0.4997666909308099,5.0,1.9248336994058328,False,0.08836558200779648,False,d_crisis_lending_pct,False
1912-11-20,18.334,27.638,0.5069425337955575,5.0,0.7762828923055172,False,0.025887767389835375,False,d_lending_to_reserve_pct,False
1912-11-27,20.174999999999997,27.924,0.5083375810092478,5.0,1.1384159627705823,False,0.05243415725916965,False,d_crisis_lending_pct,False
1912-12-04,18.58,26.261,0.5010111416361417,5.0,1.869761127251029,False,0.07072711569631979,False,d_reserve_pct,False
1912-12-11,18.219,24.322,0.48109979230540995,5.0,2.27010572275861,False,0.07529580797217816,False,d_reserve_pct,False
1912-12-18,21.037000000000003,22.17,0.4301346474719646,5.0,3.102957517156982,False,0.17927070665275488,False,d_reserve_ratio_pct,False
1912-12-24,25.69,19.506,0.3787940576755025,5.0,3.568778037838064,True,0.2638912841217202,False,d_reserve_pct,True
1913-01-01,51.669999999999995,20.549999999999997,0.30616805721096535,5.0,11.368836446315859,True,0.6476103439634571,True,d_crisis_lending_pct,True
1913-01-08,20.279,23.231,0.45019572884771913,5.0,10.84687782671287,True,0.7349033014460956,True,d_reserve_ratio_pct,True
1913-01-15,18.688,25.645,0.4915377685776168,5.0,2.7127099828424686,False,0.1247633275183555,False,d_reserve_pct,False
1913-01-22,17.712000000000003,26.562,0.4987045172918779,5.0,0.802113317031724,False,0.02018953294894735,False,d_reserve_pct,False
1913-01-29,23.955000000000002,27.075,0.47442569521106026,5.0,4.100064168653715,True,0.2264719474540516,False,d_crisis_lending_pct,True
1913-02-05,21.976,26.573999999999998,0.4703029873991222,5.0,0.7194035406002001,False,0.03515714216123218,False,d_crisis_lending_pct,False
1913-02-12,25.169,27.761000000000003,0.4582157299661633,5.0,1.8051442373020914,False,0.08952001442628961,False,d_crisis_lending_pct,False
1913-02-19,24.218,28.374,0.4635062728698379,5.0,0.39745622132953273,False,0.0059205811784494,False,d_reserve_pct,False
1913-02-26,29.991,28.455000000000002,0.4363193081452404,5.0,3.020396258400536,False,0.1327500531131388,False,d_crisis_lending_pct,False
1913-03-05,30.257000000000005,27.814,0.42707981451340477,5.0,0.7895046188090239,False,0.018599852036523406,False,d_reserve_pct,False
1913-03-12,31.948999999999998,27.918000000000003,0.41482912332838046,5.0,0.9279842056704237,False,0.031141365827189536,False,d_reserve_ratio_pct,False
1913-03-19,31.442999999999998,26.828,0.4047432261179169,5.0,1.202696156122709,False,0.029376115389398758,False,d_reserve_pct,False
1913-03-26,35.578,26.74,0.3967005904518886,5.0,1.6524243910103917,False,0.06511769938758082,False,d_crisis_lending_pct,False
1913-04-02,27.232000000000003,25.727,0.41858384042172403,5.0,2.3564412798554284,False,0.16076537297767252,False,d_crisis_lending_pct,False
1913-04-09,23.035999999999994,26.806,0.45040746030412504,5.0,2.2459396537279863,False,0.09954681783655155,False,d_reserve_ratio_pct,False
1913-04-16,20.722,27.929,0.4794678111587983,5.0,1.9025168131080348,False,0.059083468796567486,False,d_reserve_ratio_pct,False
1913-04-23,18.756,28.218,0.4964112307367532,4.5,1.0315640872056915,False,0.1544581530455259,False,d_reserve_ratio_pct,False
1913-04-30,19.361,27.230999999999998,0.492387530739187,4.5,1.0945257985289996,False,0.03735910970021573,False,d_reserve_pct,False
1913-05-07,17.393,26.43,0.4991312887143073,4.5,0.87985244797736,False,0.046906435781393016,False,d_reserve_pct,False
1913-05-14,16.554000000000002,26.211,0.5026464158324704,4.5,0.3071369072121267,False,0.00945432004135661,False,d_reserve_pct,False
1913-05-21,17.416999999999998,27.776,0.5081037573628947,4.5,1.286116588328702,False,0.04868168666067483,False,d_reserve_pct,False
1913-05-28,16.362,27.897,0.5206801299040651,4.5,0.7904569988929883,False,0.014698295444778518,False,d_reserve_ratio_pct,False
1913-06-04,18.372,27.411,0.5229210782349911,4.5,1.5208221031908655,False,0.07822771928176914,False,d_crisis_lending_pct,False
1913-06-11,17.835,27.91,0.5172349888806523,4.5,0.454186915631516,False,0.01429285641164969,False,d_reserve_ratio_pct,False
1913-06-18,19.125999999999998,28.71,0.5123126338329764,4.5,0.9514203131748346,False,0.04579182269592597,False,d_crisis_lending_pct,False
1913-06-25,26.234,28.214000000000002,0.475495483349063,4.5,3.9727112771552235,True,0.2272404508467608,False,d_crisis_lending_pct,True
1913-07-02,38.541,25.868,0.4215088805605344,4.5,5.349519888694749,True,0.32851030381478485,False,d_lending_to_reserve_pct,True
1913-07-09,20.528,26.218999999999998,0.5061485299511592,4.5,7.799559542124984,True,0.4675524672191525,True,d_reserve_ratio_pct,True
1913-07-16,17.942999999999998,27.288,0.533917705296523,4.5,1.9996138118281577,False,0.07094323176758503,False,d_reserve_ratio_pct,False
1913-07-23,16.775000000000002,27.716,0.5371838356429887,4.5,0.544075007145181,False,0.018540854209854796,False,d_lending_to_reserve_pct,False
1913-07-30,17.378,27.875999999999998,0.5385730017967889,4.5,0.6329958824646449,False,0.01625511419256704,False,d_crisis_lending_pct,False
1913-08-06,15.513,27.506999999999998,0.5593923494600694,4.5,1.3304139721700596,False,0.04155201598293888,False,d_reserve_ratio_pct,False
1913-08-13,14.599999999999998,29.944000000000003,0.5808616709666156,4.5,2.3635444583271186,False,0.07229852355381261,False,d_reserve_pct,False
1913-08-20,14.629000000000001,31.404,0.5863768765404437,4.5,1.1918647813471726,False,0.019784283982348955,False,d_reserve_pct,False
1913-08-27,15.047,32.362,0.5948678357413331,4.5,0.6797316591840727,False,0.015545067651075788,False,d_reserve_pct,False
1913-09-03,14.491,32.236,0.5960137558702806,4.5,0.21782724167888648,False,0.00643253893545145,False,d_reserve_pct,False
1913-09-10,14.469999999999999,31.834999999999997,0.6056541673800961,4.5,0.43791486395346607,False,0.010509652695741214,False,d_reserve_pct,False
1913-09-17,14.094,31.762,0.6077804780037889,4.5,0.166823969336092,False,0.004735040647971368,False,d_reserve_pct,False
1913-09-24,15.078999999999999,30.473,0.583706853618358,4.5,1.2417873125420305,False,0.06274915013139504,False,d_reserve_ratio_pct,False
1913-10-01,16.076999999999998,26.412000000000003,0.5327900268291207,5.0,3.6231007528385364,True,0.3451385201456861,False,d_reserve_pct,True
1913-10-08,14.285999999999998,24.931,0.5281096424334858,5.0,1.584886980804947,False,0.0787029301176354,False,d_reserve_pct,False
1913-10-15,13.858999999999998,25.592000000000002,0.5433199583890623,5.0,0.711466525961037,False,0.008309979549631967,False,d_reserve_ratio_pct,False
1913-10-22,13.524999999999999,26.602,0.5627313688574873,5.0,0.8805101160542536,False,0.013629355256145384,False,d_reserve_pct,False
1913-10-29,17.637,27.115,0.5447513812154696,5.0,2.925173984535686,False,0.19719357856493225,False,d_crisis_lending_pct,False
1913-11-05,17.25,26.482,0.5346766540814473,5.0,0.7089427763873972,False,0.019165090314484653,False,d_reserve_pct,False
1913-11-12,15.262,26.649,0.5547945205479452,5.0,0.9167644538832856,False,0.04555165270073138,False,d_reserve_ratio_pct,False
1913-11-19,16.958,26.868,0.5499089215906998,5.0,1.1371028208399983,False,0.05441673635073892,False,d_crisis_lending_pct,False
1913-11-26,19.906,27.456,0.5439740059041468,5.0,1.6781328026089497,False,0.09344125007853771,False,d_crisis_lending_pct,False
1913-12-03,17.7,26.284,0.5515938805061804,5.0,1.1915968182203984,False,0.06656186721513009,False,d_reserve_pct,False
1913-12-10,18.281,26.49,0.5588136022276601,5.0,0.440429251841812,False,0.015086321307526103,False,d_crisis_lending_pct,False
1913-12-17,18.204,25.075,0.5511958146487295,5.0,1.5698906471345524,False,0.04523947206169534,False,d_reserve_pct,False
1913-12-24,28.577,22.187,0.4308657319299336,5.0,7.07034334757686,True,0.5208667426035158,True,d_lending_to_reserve_pct,True
1913-12-31,57.867000000000004,23.825,0.3339500721864794,5.0,9.004921056946918,True,0.676028641070952,True,d_crisis_lending_pct,True
1914-01-07,22.249,26.517,0.4935323568277839,5.0,13.920984433178841,True,0.7290253083206327,True,d_reserve_ratio_pct,True
1914-01-14,18.837999999999997,29.869,0.556085119058701,4.5,3.6079798223092467,True,0.37041375207140204,False,d_reserve_ratio_pct,True
1914-01-21,17.747,32.126,0.5744479213232007,4.5,1.8357264343443846,False,0.061316746710395734,False,d_reserve_pct,False
1914-01-28,19.820999999999998,33.884,0.5539407216073502,4.0,1.2148415215994457,False,0.22898697317467076,False,d_reserve_pct,False
1914-02-04,21.290999999999997,33.366,0.5337193678418325,3.0,1.0740185693989759,False,0.29005384571288917,False,d_reserve_ratio_pct,False
1914-02-11,21.929000000000002,33.494,0.534689186169024,3.0,0.34057882382945776,False,0.012257516453560607,False,d_crisis_lending_pct,False
1914-02-18,22.546999999999997,32.899,0.5207020986989965,3.0,0.7762468618468178,False,0.024864978884835052,False,d_reserve_ratio_pct,False
1914-02-25,23.822000000000003,32.945,0.5141630901287554,3.0,0.537120029301172,False,0.027695913120580565,False,d_lending_to_reserve_pct,False
1914-03-04,22.494,31.738,0.5012476704886446,3.0,1.1023752142838665,False,0.039974920646208126,False,d_reserve_pct,False
1914-03-11,21.915,31.854,0.4910814769135898,3.0,0.6500068033676056,False,0.016646029832125323,False,d_reserve_ratio_pct,False
1914-03-18,25.157,31.185000000000002,0.45931217320863094,3.0,1.8649129086362586,False,0.09090694710142355,False,d_reserve_ratio_pct,False
1914-03-25,28.945999999999998,30.719,0.43783583472299425,3.0,1.6797846375871235,False,0.08368185672307457,False,d_lending_to_reserve_pct,False
1914-04-01,27.579,27.969,0.4144353727384534,3.0,2.5511481680151418,False,0.10620265153064624,False,d_reserve_pct,False
1914-04-08,22.491,25.006,0.40355039134995563,3.0,2.988983815753055,False,0.18832173189842508,False,d_reserve_pct,False
1914-04-15,23.491,25.663,0.420023240969574,3.0,0.9764678372868854,False,0.035002212890761705,False,d_reserve_ratio_pct,False
1914-04-22,22.514,26.712,0.436313743425566,3.0,1.0118323631522057,False,0.016646956451231685,False,d_reserve_pct,False
1914-04-29,27.523999999999994,26.338,0.42380163161536355,3.0,2.448062708016363,False,0.1290679218365574,False,d_lending_to_reserve_pct,False
1914-05-06,21.41,25.583,0.44269670698575847,3.0,1.932693700119521,False,0.13478773305282457,False,d_lending_to_reserve_pct,False
1914-05-13,21.518,25.554,0.44530800731898573,3.0,0.14013996011223878,False,0.004867299213241048,False,d_reserve_pct,False
1914-05-20,22.776,25.721,0.4362079199525142,3.0,0.5479515024193026,False,0.027863628545024253,False,d_crisis_lending_pct,False
1914-05-27,25.825000000000003,25.464,0.42254082039028273,3.0,1.2109510394562304,False,0.0710033644419807,False,d_lending_to_reserve_pct,False
1914-06-03,25.259999999999998,25.448,0.4247492197019011,3.0,0.33021331629436323,False,0.003500958338836804,False,d_reserve_ratio_pct,False
1914-06-10,21.665,26.689999999999998,0.4548708160065444,3.0,1.766076528945695,False,0.09344522776848828,False,d_lending_to_reserve_pct,False
1914-06-17,20.28,28.712999999999997,0.4825227708130272,3.0,2.073813746271149,False,0.06946893867946095,False,d_reserve_pct,False
1914-06-24,25.965,29.675,0.4711065248452136,3.0,2.666176254311643,False,0.17111392872711764,False,d_crisis_lending_pct,False
1914-07-01,49.212,28.747999999999998,0.401385049286532,3.0,8.456925155277396,True,0.5669906186130528,True,d_crisis_lending_pct,True
1914-07-08,20.886000000000003,28.519000000000002,0.5059430882770367,3.0,5.981892971860304,True,0.6039551090042943,True,d_reserve_ratio_pct,True
1914-07-15,19.489,29.19,0.5230714093719201,3.0,0.8104670904494757,False,0.020778357531593825,False,d_lending_to_reserve_pct,False
1914-07-22,19.268,29.297,0.5239091559370529,3.0,0.16501013183677338,False,0.0037461647486882496,False,d_lending_to_reserve_pct,False
1914-07-29,39.857,26.875,0.40033069177143543,3.0,10.395862971046295,True,0.7373611553734641,True,d_lending_to_reserve_pct,True
1914-08-01,72.37,9.966,0.1460241175694882,10.0,29.884870389338765,True,0.975792712154681,True,d_lending_to_reserve_pct,True
1914-08-12,78.659,15.53,0.1702570849092803,5.0,13.975955260973706,True,0.8121866644266658,True,d_reserve_pct,True
1914-08-19,88.977,19.223,0.15786577754418238,5.0,5.947289321117885,True,0.3852679985777265,False,d_reserve_pct,True
1914-08-26,100.83000000000001,26.352,0.17831912302070646,5.0,8.591687586098574,True,0.4973815289912299,True,d_reserve_pct,True
1914-09-02,112.00800000000001,30.935000000000002,0.19037391689641595,5.0,3.718838273786431,True,0.28928899822758747,False,d_reserve_pct,True
1914-09-09,106.681,30.737,0.19816259428792468,5.0,0.9832109575568737,False,0.02282657515823976,False,d_reserve_ratio_pct,False
1914-09-16,103.753,32.548,0.21178384357614602,5.0,1.4715482594497766,False,0.048565104593602686,False,d_reserve_ratio_pct,False
1914-09-23,103.609,35.92,0.2333376640249448,5.0,2.0717136699571292,False,0.11600787118747166,False,d_reserve_ratio_pct,False
1914-09-30,111.616,36.391999999999996,0.22811867285982032,5.0,0.5235777756105411,False,0.039480761817517245,False,d_lending_to_reserve_pct,False
1914-10-07,108.974,40.378,0.24546045872619288,5.0,2.2372921114171462,False,0.1113080379018079,False,d_reserve_pct,False
1914-10-14,103.22999999999999,43.018,0.26462681701023,5.0,1.4525528502262837,False,0.06728738344236766,False,d_reserve_ratio_pct,False
1914-10-21,108.687,43.714,0.2752389467454131,5.0,0.7505193977767022,False,0.03866958686239112,False,d_reserve_ratio_pct,False
1914-10-28,118.07600000000001,45.21,0.2979615240128913,5.0,1.3629455193578703,False,0.1073170789827873,False,d_reserve_ratio_pct,False
1914-11-04,132.487,52.394,0.33426478844485275,5.0,3.0367486811379267,False,0.31096447907903385,False,d_reserve_pct,False
1914-11-11,148.837,52.212,0.33354627689477184,5.0,0.8325082011376953,False,0.06702679992208804,False,d_lending_to_reserve_pct,False
1914-11-18,164.83299999999997,55.707,0.34046363241882155,5.0,1.1177348654070687,False,0.0906635579499482,False,d_reserve_pct,False
1914-11-25,173.61,55.358,0.3160533016659625,5.0,1.1741737980788955,False,0.07395190952217795,False,d_reserve_ratio_pct,False
1914-12-02,181.80700000000002,53.933,0.29871834636772493,5.0,0.8158983806489172,False,0.06208804812149789,False,d_reserve_ratio_pct,False
1914-12-09,185.931,54.152,0.3264016973466903,5.0,1.2207711660713392,False,0.08131557746368333,False,d_reserve_ratio_pct,False
1914-12-16,184.62399999999997,55.272,0.3331565242549908,5.0,0.516226802653154,False,0.004265424017093384,False,d_crisis_lending_pct,False
1914-12-23,163.34300000000002,52.608,0.34414679619271904,5.0,1.488886284171202,False,0.07492472941782735,False,d_crisis_lending_pct,False
1914-12-30,163.47499999999997,51.804,0.33424523188892047,5.0,0.5359536070674596,False,0.022433006102950664,False,d_reserve_ratio_pct,False
1915-01-06,164.637,51.422,0.3272014609594227,5.0,0.39914412532411697,False,0.013057859838479886,False,d_reserve_ratio_pct,False
1915-01-13,163.706,52.636,0.3271592660732932,5.0,0.5063804823940863,False,0.007920729787581935,False,d_reserve_pct,False
1915-01-20,162.35000000000002,53.603,0.32710086469400085,5.0,0.4141146385570096,False,0.005237048319272485,False,d_reserve_pct,False
1915-01-27,160.817,52.912,0.3207021116687274,5.0,0.5029983619172431,False,0.015044597562405433,False,d_reserve_pct,False
1915-02-03,160.256,51.272000000000006,0.31542488726476325,5.0,0.9815795963646948,False,0.02344992849742206,False,d_reserve_pct,False
1915-02-10,156.502,51.239,0.3157521753062683,5.0,0.33848395596539016,False,0.005504590992905217,False,d_crisis_lending_pct,False
1915-02-17,140.462,49.829,0.315505211037522,5.0,1.184582393760985,False,0.04847943354340731,False,d_crisis_lending_pct,False
1915-02-24,140.21499999999997,48.099000000000004,0.3010062956055922,5.0,0.8491346689358775,False,0.04084986947781842,False,d_reserve_pct,False
1915-03-03,141.503,43.909,0.2572079618543295,5.0,2.2784533530045707,False,0.2094629242113829,False,d_reserve_ratio_pct,False
1915-03-10,134.365,44.03,0.24476068708655288,5.0,0.7312475991858843,False,0.05313187454059907,False,d_reserve_ratio_pct,False
1915-03-17,132.668,43.85,0.25590298446490894,5.0,0.6783202652593188,False,0.020288513244491144,False,d_reserve_ratio_pct,False
1915-03-24,131.585,41.532999999999994,0.22434505482633824,5.0,1.912636940701006,False,0.14497177481661752,False,d_reserve_ratio_pct,False
1915-03-31,128.849,37.145,0.18261686102534858,5.0,2.8744861075071864,False,0.29356298499520433,False,d_reserve_ratio_pct,False
1915-04-07,128.623,37.26,0.1836200651491482,5.0,0.03191001154836798,False,0.0025951950092848015,False,d_reserve_ratio_pct,False
1915-04-14,127.556,39.176,0.18914090939814415,5.0,1.0939406214974705,False,0.019498093701536955,False,d_reserve_pct,False
1915-04-21,126.564,39.758,0.18564277843148244,5.0,0.30405957187372645,False,0.01280735902803556,False,d_reserve_ratio_pct,False
1915-04-28,127.052,39.079,0.17836392100302606,5.0,0.6219247870745054,False,0.02778357119665297,False,d_reserve_ratio_pct,False
1915-05-05,122.461,39.809,0.18153255447025454,5.0,0.570196710605337,False,0.0037567322225179785,False,d_lending_to_reserve_pct,False
1915-05-12,115.662,47.076,0.21065066516316971,5.0,4.187631387819673,True,0.3374920559999751,False,d_reserve_pct,True
1915-05-19,110.894,46.154999999999994,0.20512695160595001,5.0,0.5377375499575912,False,0.02586493261796801,False,d_reserve_pct,False
1915-05-26,108.727,47.24,0.2148923491227352,5.0,0.6579105945666965,False,0.016576203267710407,False,d_reserve_ratio_pct,False
1915-06-02,106.615,43.563,0.20188805160859774,5.0,1.8429047862383143,False,0.09804733549964528,False,d_reserve_pct,False
1915-06-09,103.878,44.681999999999995,0.20803225566150177,5.0,0.5114635123926355,False,0.008837438891460563,False,d_reserve_pct,False
1915-06-16,102.138,42.032,0.1956787910670807,5.0,1.469176204224463,False,0.07706782135634435,False,d_reserve_pct,False
1915-06-23,101.494,39.477,0.18875782366919922,5.0,1.485786516288984,False,0.059384754309989275,False,d_reserve_pct,False
1915-06-30,100.797,35.906,0.16161570696181737,5.0,2.1777088577977075,False,0.20740197757223197,False,d_reserve_pct,False
1915-07-07,99.794,36.641,0.1763638463982133,5.0,1.3517727002530349,False,0.06109299236860556,False,d_reserve_ratio_pct,False
1915-07-14,101.81800000000001,37.082,0.17576906669194672,5.0,0.627427090545712,False,0.009933150846510112,False,d_crisis_lending_pct,False
1915-07-21,198.597,44.102,0.18085930932100863,5.0,20.19865751680941,True,0.6570706257856485,True,d_crisis_lending_pct,True
1915-07-28,218.736,45.825,0.1677489969836296,5.0,2.2677305189141177,False,0.11148823755995041,False,d_crisis_lending_pct,False
1915-08-04,228.18200000000002,47.186,0.2040210999654099,5.0,3.2123062833002853,False,0.26677794004439853,False,d_reserve_ratio_pct,False
1915-08-11,207.983,51.724000000000004,0.22717849613492622,5.0,2.3229325920324246,False,0.14461234306733495,False,d_lending_to_reserve_pct,False
1915-08-18,180.97199999999998,53.617999999999995,0.23588985530200043,5.0,2.5958191575684153,False,0.06099604529449948,False,d_crisis_lending_pct,False
1915-08-25,166.327,53.946999999999996,0.2413530840778636,5.0,1.5525761941735083,False,0.02504252844361366,False,d_crisis_lending_pct,False
1915-09-01,151.413,54.559,0.2415643526656247,5.0,1.7252274113558237,False,0.03492841339625893,False,d_crisis_lending_pct,False
1915-09-08,142.85500000000002,54.139,0.25119008954669886,5.0,1.0252707745815053,False,0.02386223755707756,False,d_crisis_lending_pct,False
1915-09-15,139.97500000000002,50.673,0.23931369632053953,5.0,2.0826997025049483,False,0.07225355191066503,False,d_reserve_pct,False
1915-09-22,126.49,49.727,0.25066033551092826,5.0,1.8607764969213845,False,0.049675395275990276,False,d_crisis_lending_pct,False
1915-09-29,136.527,47.659000000000006,0.24705815267539633,5.0,1.8493285107921758,False,0.06557746853930548,False,d_crisis_lending_pct,False
1915-10-06,121.905,46.823,0.26059540174869344,5.0,2.0880230684423933,False,0.06022973144263143,False,d_crisis_lending_pct,False
1915-10-13,114.677,45.845,0.27164670818347186,5.0,1.078446344862793,False,0.03781339516706773,False,d_crisis_lending_pct,False
1915-10-20,96.542,44.762,0.309752333764679,5.0,2.925099505845729,False,0.17719032234220755,False,d_crisis_lending_pct,False
1915-10-27,76.005,41.885999999999996,0.30013972985561244,5.0,3.9793137597747528,True,0.18060174099528067,False,d_crisis_lending_pct,True
1915-11-03,64.755,41.672487999999994,0.29489756060044886,5.0,2.7000223988456638,False,0.08383094931285807,False,d_crisis_lending_pct,False
1915-11-10,61.626000000000005,40.602879,0.29132435731443934,5.0,0.7228371309525327,False,0.02675820836425552,False,d_crisis_lending_pct,False
1915-11-17,66.065,39.005747,0.27496357057999576,5.0,1.951775545284815,False,0.07227649075469018,False,d_lending_to_reserve_pct,False
1915-11-24,57.801,37.605297,0.27489604252826394,5.0,2.1396230238580927,False,0.06744043073403538,False,d_crisis_lending_pct,False
1915-12-01,52.59100000000001,35.413563999999994,0.24612238321040203,5.0,1.9816479202348354,False,0.16966247437325277,False,d_reserve_ratio_pct,False
1915-12-08,51.457,34.567388,0.24264146954272,5.0,0.36139007286378055,False,0.018688485566780162,False,d_lending_to_reserve_pct,False
1915-12-15,46.873000000000005,34.464372,0.2355641984969206,5.0,1.3057218892172164,False,0.053551216157356384,False,d_crisis_lending_pct,False
1915-12-22,48.164,34.443684,0.22679975394463595,5.0,0.8868879888294159,False,0.026736274841251753,False,d_crisis_lending_pct,False
1915-12-29,57.829,34.617152,0.21414895751790067,5.0,4.03055375463124,True,0.10882485756745121,False,d_crisis_lending_pct,True
1916-01-05,52.724000000000004,34.358315000000005,0.20951180866706762,5.0,1.2408900236452494,False,0.041855252809290026,False,d_crisis_lending_pct,False
1916-01-12,55.17699999999999,35.413339,0.2246621798439156,5.0,1.5426819842311854,False,0.0750709452306551,False,d_reserve_ratio_pct,False
1916-01-19,54.799,35.708398,0.22282033157577136,5.0,0.5134140089579542,False,0.009136120618376315,False,d_reserve_pct,False
1916-01-26,59.683,36.845742,0.22489384806035695,5.0,1.5381138026120362,False,0.05392609332244815,False,d_crisis_lending_pct,False
1916-02-02,56.641000000000005,36.938556,0.23553361080923466,5.0,0.9018544727833457,False,0.02239441560471504,False,d_reserve_ratio_pct,False
1916-02-09,74.553,39.864024,0.24437272732856744,5.0,4.639770749205451,True,0.27723186465366084,False,d_crisis_lending_pct,True
1916-02-16,75.462,40.704001999999996,0.27015256285163375,5.0,1.772625116886438,False,0.08746070774193458,False,d_reserve_ratio_pct,False
1916-02-23,74.147,40.929633,0.27467032018377485,5.0,0.30279010233177367,False,0.003175019007510954,False,d_reserve_ratio_pct,False
1916-03-01,71.945,41.253192,0.27024823317679164,5.0,0.24273294913979562,False,0.017923566462114945,False,d_reserve_ratio_pct,False
1916-03-08,74.27699999999999,41.424079000000006,0.27762229689897483,5.0,0.7324787440253666,False,0.023349169436885493,False,d_crisis_lending_pct,False
1916-03-15,72.776,40.665925,0.27536659828828186,5.0,0.6520940127976846,False,0.01332415744002206,False,d_reserve_pct,False
1916-03-22,73.63900000000001,41.516411,0.2836942682366848,5.0,0.6185691477063309,False,0.013253406200604128,False,d_reserve_pct,False
1916-03-29,76.188,41.534064,0.2875800725332962,5.0,0.7524693089589451,False,0.017545064994775275,False,d_lending_to_reserve_pct,False
1916-04-05,72.197,41.041583,0.26031064555837646,5.0,1.9457352383743833,False,0.1173596768015792,False,d_reserve_ratio_pct,False
1916-04-12,79.09700000000001,42.714343,0.2871290493078507,5.0,1.9541092655560357,False,0.14188263255841263,False,d_reserve_ratio_pct,False
1916-04-19,81.393,42.382784,0.29064108578681247,5.0,0.6701575869390339,False,0.016815730520195183,False,d_lending_to_reserve_pct,False
1916-04-26,87.044,43.270778,0.29397119002337196,5.0,1.1696745248506137,False,0.04001566011088781,False,d_crisis_lending_pct,False
1916-05-03,86.609,41.586203000000005,0.3092651147567205,5.0,1.3392990255651038,False,0.07105274430062465,False,d_reserve_pct,False
1916-05-10,94.151,43.386597,0.3137687296077721,5.0,1.4957360973881975,False,0.062369119491174956,False,d_reserve_pct,False
1916-05-17,93.628,43.872882000000004,0.31511445487968753,5.0,0.33901316072441695,False,0.0024845173609640754,False,d_reserve_pct,False
1916-05-24,92.75999999999999,43.738926,0.3224249208060278,5.0,0.2843556160079496,False,0.010664400068378883,False,d_reserve_ratio_pct,False
1916-05-31,90.024,43.275877,0.3172905931122084,5.0,0.6010389366022614,False,0.014919590306611757,False,d_reserve_ratio_pct,False
1916-06-07,87.042,44.536181,0.33590134357577867,5.0,1.0709342660876413,False,0.027584996623745625,False,d_reserve_ratio_pct,False
1916-06-14,79.378,44.672345,0.3195319856758191,5.0,1.3114387110227763,False,0.0823523632156244,False,d_reserve_ratio_pct,False
1916-06-21,72.60499999999999,44.942600999999996,0.31483601555082213,5.0,0.9425343683128341,False,0.04546559619579864,False,d_lending_to_reserve_pct,False
1916-06-28,75.226,43.930498,0.2822389141836322,5.0,2.602844074925326,False,0.11980115203281608,False,d_reserve_ratio_pct,False
1916-07-05,76.685,42.405582,0.2608674661419377,5.0,1.885405976924771,False,0.08398022346217403,False,d_reserve_ratio_pct,False
1916-07-12,68.325,41.858753,0.2839422220193551,5.0,1.7320114615425715,False,0.08063096026576147,False,d_reserve_ratio_pct,False
1916-07-19,67.434,39.440893,0.27292633824019424,6.0,2.017466777374505,False,0.2592637909566055,False,d_reserve_pct,False
1916-07-26,61.232,38.780981000000004,0.28055167333048053,6.0,0.7907546609789347,False,0.03565322448719431,False,d_crisis_lending_pct,False
1916-08-02,61.947,36.676809,0.2686407055230024,6.0,1.8087831050728789,False,0.05734769498689092,False,d_reserve_pct,False
1916-08-09,65.943,38.853992,0.27054267533756093,6.0,2.2865189790814924,False,0.060826264645241025,False,d_reserve_pct,False
1916-08-16,72.805,40.157976000000005,0.27118365984778037,6.0,1.3666026833405804,False,0.05796802589130059,False,d_crisis_lending_pct,False
1916-08-23,56.578,40.060519,0.26152546256863796,6.0,2.4571446942228032,False,0.17886576513912003,False,d_lending_to_reserve_pct,False
1916-08-30,56.535,38.495563000000004,0.24915891891063427,6.0,1.173588304623801,False,0.04823191595661222,False,d_reserve_pct,False
1916-09-06,50.378,37.527683,0.2385542132219103,6.0,1.0420066500442733,False,0.08553167618549473,False,d_crisis_lending_pct,False
1916-09-13,50.128,37.024518,0.23805390262482967,6.0,0.2549488026964492,False,0.007939999520019518,False,d_reserve_pct,False
1916-09-20,39.759,37.05650000000001,0.23576146659213293,6.0,2.336343107213823,False,0.14001608774571928,False,d_lending_to_reserve_pct,False
1916-09-27,36.025,35.46669300000001,0.22903122138376483,6.0,1.3994808319536214,False,0.06897826125103297,False,d_reserve_pct,False
1916-10-04,37.287000000000006,36.016189999999995,0.2123125415591826,6.0,1.641641331758983,False,0.07783728207266413,False,d_reserve_ratio_pct,False
1916-10-11,35.37,37.292359000000005,0.22670697884684735,6.0,1.9233093086268815,False,0.038548457027816854,False,d_reserve_ratio_pct,False
1916-10-18,39.351,38.237291,0.23303339696579015,6.0,1.492844247092376,False,0.07025189146463334,False,d_crisis_lending_pct,False
1916-10-25,42.616,37.827446,0.22965401546407443,6.0,1.1896657287031915,False,0.043566381764541806,False,d_lending_to_reserve_pct,False
1916-11-01,43.394,37.589045,0.22410516213809317,6.0,0.4200495748977645,False,0.01452051133482974,False,d_reserve_ratio_pct,False
1916-11-08,36.596000000000004,37.773066,0.23195139818281416,6.0,1.9386249516033396,False,0.0707805962868758,False,d_lending_to_reserve_pct,False
1916-11-15,40.565,38.031451000000004,0.2254874961281575,6.0,1.4076522480446285,False,0.05540742514719878,False,d_crisis_lending_pct,False
1916-11-22,31.141,37.938443,0.2356448844361924,6.0,2.8101182671875096,False,0.13596835248146377,False,d_crisis_lending_pct,False
1916-11-29,22.14,36.836757,0.22257144430678857,6.0,3.5121662798030773,True,0.26024716853991614,False,d_crisis_lending_pct,True
1916-12-06,24.051000000000002,36.534395,0.21790401696051961,6.0,1.081461940474744,False,0.04405685849567518,False,d_lending_to_reserve_pct,False
1916-12-13,25.720999999999997,35.598584,0.21701427925410932,6.0,1.1953306893962745,False,0.04987234559399309,False,d_reserve_pct,False
1916-12-20,30.402,33.5737,0.20649547042412153,6.0,2.72736191760765,False,0.13388281283915537,False,d_lending_to_reserve_pct,False
1916-12-27,33.515,33.07938,0.18496319661042662,6.0,2.3989358330646433,False,0.12793730320683083,False,d_reserve_ratio_pct,False
