horizon_weeks,held_out_crisis,date,risk
8,1857,1856-01-05,0.5169435655921111
8,1857,1856-01-12,0.5118527473704109
8,1857,1856-01-19,0.7141843107176009
8,1857,1856-01-26,0.6841927914957038
8,1857,1856-02-02,0.6045499376607806
8,1857,1856-02-09,0.3964955831268441
8,1857,1856-02-16,0.08180004967102014
8,1857,1856-02-23,0.1258718753294362
8,1857,1856-03-01,0.21346784196414695
8,1857,1856-03-08,0.50883620809502
8,1857,1856-03-15,0.8885697816598935
8,1857,1856-03-22,0.8760841779405241
8,1857,1856-03-29,0.6283677353792165
8,1857,1856-04-05,0.34255817464095517
8,1857,1856-04-12,0.3340536857685471
8,1857,1856-04-19,0.4784066657546692
8,1857,1856-04-26,0.5370778284064065
8,1857,1856-05-03,0.32900193439399583
8,1857,1856-05-10,0.2582660121945805
8,1857,1856-05-17,0.16990162660782288
8,1857,1856-05-24,0.23245325589101293
8,1857,1856-05-31,0.23504066518653086
8,1857,1856-06-07,0.1712852257742278
8,1857,1856-06-14,0.38086227093530056
8,1857,1856-06-21,0.2994752915786663
8,1857,1856-06-28,0.5334475644286915
8,1857,1856-07-05,0.43465589317570996
8,1857,1856-07-12,0.5150229901951274
8,1857,1856-07-19,0.8684214848212539
8,1857,1856-07-26,0.8453528786727825
8,1857,1856-08-02,0.7131447271101343
8,1857,1856-08-09,0.35908439406258963
8,1857,1856-08-16,0.027292128888552494
8,1857,1856-08-23,0.020274197254123744
8,1857,1856-08-30,0.03449220082216619
8,1857,1856-09-06,0.12590727867407492
8,1857,1856-09-13,0.8566638300334211
8,1857,1856-09-20,0.9358869158576953
8,1857,1856-09-27,0.8498652274947993
8,1857,1856-10-04,0.13240444134189816
8,1857,1856-10-11,0.07919913915612443
8,1857,1856-10-18,0.021598095060003566
8,1857,1856-10-25,0.056615764470917214
8,1857,1856-11-01,0.03944766328690033
8,1857,1856-11-08,0.019723441452403203
8,1857,1856-11-15,0.021930351193536972
8,1857,1856-11-22,0.01987712440508844
8,1857,1856-11-29,0.11557704594474828
8,1857,1856-12-06,0.2782931977351529
8,1857,1856-12-13,0.40622976860794424
8,1857,1856-12-20,0.23328762429500952
8,1857,1856-12-27,0.44882837522559416
8,1857,1857-01-03,0.6658702526894382
8,1857,1857-01-10,0.7974505404060143
8,1857,1857-01-17,0.881061766945709
8,1857,1857-01-24,0.8187638608153098
8,1857,1857-01-31,0.4269924853906562
8,1857,1857-02-07,0.2735912951928568
8,1857,1857-02-14,0.28059136304070825
8,1857,1857-02-21,0.27491216396351126
8,1857,1857-02-28,0.45708092891775826
8,1857,1857-03-07,0.35814922898015283
8,1857,1857-03-14,0.4559295388735887
8,1857,1857-03-21,0.5746562524817004
8,1857,1857-03-28,0.5245074502724026
8,1857,1857-04-04,0.3186343738371273
8,1857,1857-04-11,0.29054465986398725
8,1857,1857-04-18,0.508486982848699
8,1857,1857-04-25,0.37683702695498067
8,1857,1857-05-02,0.2723644704696392
8,1857,1857-05-09,0.2348285670007877
8,1857,1857-05-16,0.13036049021693927
8,1857,1857-05-23,0.27401409815829236
8,1857,1857-05-30,0.3946050087108611
8,1857,1857-06-06,0.4914538651855333
8,1857,1857-06-13,0.7403712797620544
8,1857,1857-06-20,0.6713349449570224
8,1857,1857-06-27,0.6828117408027636
8,1857,1857-07-04,0.7028562774970005
8,1857,1857-07-11,0.588058621282757
8,1857,1857-07-18,0.729575698829681
8,1857,1857-07-25,0.6712397729443184
8,1857,1857-08-01,0.4838021988415682
8,1857,1857-08-08,0.6387025710103255
8,1857,1857-08-15,0.6159674197631922
8,1857,1857-08-22,0.547420366216854
8,1857,1857-08-29,0.6335047720256707
8,1857,1857-09-05,0.30739177970822423
8,1857,1857-09-12,0.2518211819824537
8,1857,1857-09-19,0.31556371355481716
8,1857,1857-09-26,0.3754572687569138
8,1857,1858-02-10,0.36307296284092455
8,1857,1858-02-17,0.15831023856318385
8,1857,1858-02-24,0.16434197982474122
8,1857,1858-03-03,0.414629818658237
8,1857,1858-03-10,0.37788148455881604
8,1857,1858-03-17,0.5093236313473288
8,1857,1858-03-24,0.37832141932769425
8,1857,1858-03-31,0.22152600322367616
8,1857,1858-04-07,0.17387305637524564
8,1857,1858-04-14,0.14904163247938484
8,1857,1858-04-21,0.12287843389814852
8,1857,1858-04-28,0.09455702194145013
8,1857,1858-05-05,0.06794700518381354
8,1857,1858-05-12,0.03591443798703798
8,1857,1858-05-19,0.035546401757450705
8,1857,1858-05-26,0.05513583000143911
8,1857,1858-06-02,0.06594151800508974
8,1857,1858-06-09,0.07785163007296118
8,1857,1858-06-16,0.0858010751641775
8,1857,1858-06-23,0.02958946924557784
8,1857,1858-06-30,0.03528228857018566
8,1857,1858-07-07,0.14188311103388615
8,1857,1858-07-14,0.08675033939732364
8,1857,1858-07-21,0.1497207756730951
8,1857,1858-07-28,0.12281417097616246
8,1857,1858-08-04,0.054936110115602683
8,1857,1858-08-11,0.04293270357424243
8,1857,1858-08-18,0.03719648543151453
8,1857,1858-08-25,0.03838646879508672
8,1857,1858-09-01,0.06091177660317971
8,1857,1858-09-08,0.055302829207513296
8,1857,1858-09-15,0.056094422857992224
8,1857,1858-09-22,0.055329084248348884
8,1857,1858-09-29,0.0380692328672478
8,1857,1858-10-06,0.05196463586939282
8,1857,1858-10-13,0.06455439406942932
8,1857,1858-10-20,0.0665566135776087
8,1857,1858-10-27,0.09618962046661547
8,1857,1858-11-03,0.0807398495360036
8,1857,1858-11-10,0.0912937185735848
8,1857,1858-11-17,0.06250035959693549
8,1857,1858-11-24,0.036176682148518644
8,1857,1858-12-01,0.03366170787139682
8,1857,1858-12-08,0.029592169764383062
8,1857,1858-12-15,0.04673250285946612
8,1857,1858-12-22,0.0825608849654158
8,1857,1858-12-29,0.09859511684451963
8,1857,1859-01-05,0.2240993511010995
8,1857,1859-01-12,0.4352592006146265
8,1857,1859-01-19,0.12528327399929332
8,1857,1859-01-26,0.17986761436937804
8,1857,1859-02-02,0.11847277363977776
8,1857,1859-02-09,0.08895843094059802
8,1857,1859-02-16,0.0597950346872187
8,1857,1859-02-23,0.04735301429861203
8,1857,1859-03-02,0.05095229409842638
8,1857,1859-03-09,0.05608336056716
8,1857,1859-03-16,0.06683031992039298
8,1857,1859-03-23,0.0911253830060864
8,1857,1859-03-30,0.10181700453575811
8,1857,1859-04-06,0.155960333311278
8,1857,1859-04-13,0.24315119237851127
8,1857,1859-04-20,0.17932991430939896
8,1857,1859-04-27,0.20339649928984901
8,1857,1859-05-04,0.17163187729785898
8,1857,1859-05-11,0.2802687611211155
8,1857,1859-05-18,0.23280332010899776
8,1857,1859-05-25,0.10791940518463086
8,1857,1859-06-01,0.13924937929295073
8,1857,1859-06-08,0.10247634006124257
8,1857,1859-06-15,0.1489949311237801
8,1857,1859-06-22,0.16863822468870815
8,1857,1859-06-29,0.1814474955668679
8,1857,1859-07-06,0.3690346036613541
8,1857,1859-07-13,0.3453632875755143
8,1857,1859-07-20,0.32906251174012136
8,1857,1859-07-27,0.3554714019135278
8,1857,1859-08-03,0.2622844964318925
8,1857,1859-08-10,0.2685289252926503
8,1857,1859-08-17,0.25144469404925274
8,1857,1859-08-24,0.18324252225099527
8,1857,1859-08-31,0.21464464738002578
8,1857,1859-09-07,0.21214191167259128
8,1857,1859-09-14,0.19541546620197897
8,1857,1859-09-21,0.1587088571069547
8,1857,1859-09-28,0.1483368990861824
8,1857,1859-10-05,0.13997334737104544
8,1857,1859-10-12,0.20474666489296894
8,1857,1859-10-19,0.28915105529556445
8,1857,1859-10-26,0.2515110606924821
8,1857,1859-11-02,0.2633230394643858
8,1857,1859-11-09,0.22313884925605224
8,1857,1859-11-16,0.07622309250600284
8,1857,1859-11-23,0.10868250647570757
8,1857,1859-11-30,0.11125726215282275
8,1857,1859-12-07,0.10287781818707725
8,1857,1859-12-14,0.31404801165700624
8,1857,1859-12-21,0.2140850848678748
8,1857,1859-12-28,0.22865786653287445
8,1857,1860-01-04,0.28643557514815926
8,1857,1860-01-11,0.3860432940737433
8,1857,1860-01-18,0.3471313188161379
8,1857,1860-01-25,0.357340908000363
8,1857,1860-02-01,0.3103880459264907
8,1857,1860-02-08,0.30900636279453114
8,1857,1860-02-15,0.258340739527604
8,1857,1860-02-22,0.20256206070423802
8,1857,1860-02-29,0.24851341697417575
8,1857,1860-03-07,0.22307646672307485
8,1857,1860-03-14,0.3587107154661992
8,1857,1860-03-21,0.518953064348849
8,1857,1860-03-28,0.5525937998811634
8,1857,1860-04-04,0.6680359515644292
8,1857,1860-04-11,0.5731895439383295
8,1857,1860-04-18,0.7671216640750744
8,1857,1860-04-25,0.6269656182588419
8,1857,1860-05-02,0.4054402695180039
8,1857,1860-05-09,0.2739121259994355
8,1857,1860-05-16,0.05252406758523466
8,1857,1860-05-23,0.1826404318386085
8,1857,1860-05-30,0.26645054249767297
8,1857,1860-06-06,0.3506502624346128
8,1857,1860-06-13,0.6230781021404412
8,1857,1860-06-20,0.5472093653790538
8,1857,1860-06-27,0.613886885196977
8,1857,1860-07-04,0.5955485707319851
8,1857,1860-07-11,0.5964705490684846
8,1857,1860-07-18,0.5201155451801787
8,1857,1860-07-25,0.5779874249361998
8,1857,1860-08-01,0.5523056129058422
8,1857,1860-08-08,0.30176957503338403
8,1857,1860-08-15,0.28453319451656955
8,1857,1860-08-22,0.20447735933531802
8,1857,1860-08-29,0.1984909547113453
8,1857,1860-09-05,0.25410406077252234
8,1857,1860-09-12,0.2799159302600777
8,1857,1860-09-19,0.24457845293179106
8,1857,1860-09-26,0.2637444070333272
8,1857,1860-10-03,0.29442873198927005
8,1857,1860-10-10,0.4626973315466155
8,1857,1860-10-17,0.4408933293156782
8,1857,1860-10-24,0.5917114811331597
8,1857,1860-10-31,0.5134462407913812
8,1857,1860-11-07,0.34763249150720327
8,1857,1860-11-14,0.269425712874231
8,1857,1860-11-21,0.18745904430278085
8,1857,1860-11-28,0.2613416279804123
8,1857,1860-12-05,0.1773461561909086
8,1857,1860-12-12,0.22615431514396458
8,1857,1860-12-19,0.3630903195715545
8,1857,1860-12-26,0.4417331903360346
8,1857,1861-01-02,0.6887562511381603
8,1857,1861-01-09,0.6774327449708166
8,1857,1861-01-16,0.7539127658365418
8,1857,1861-01-23,0.7555643902459587
8,1857,1861-01-30,0.5548573325246562
8,1857,1861-02-06,0.3550373657551276
8,1857,1861-02-13,0.3169066567183245
8,1857,1861-02-20,0.43761236602488573
8,1857,1861-02-27,0.5795170598268365
8,1857,1861-03-06,0.7955925536073807
8,1857,1861-03-13,0.8912070023417794
8,1857,1861-03-20,0.7171071125476645
8,1857,1861-03-27,0.7074028338538251
8,1857,1861-04-03,0.7444520311057035
8,1857,1861-04-10,0.7063464960812632
8,1857,1861-04-17,0.719542624704422
8,1857,1861-04-24,0.6544246930206483
8,1857,1861-05-01,0.47061940135271274
8,1857,1861-05-08,0.49046201169715614
8,1857,1861-05-15,0.4112412923312077
8,1857,1861-05-22,0.4832017023964455
8,1857,1861-05-29,0.674541797077918
8,1857,1861-06-05,0.48784138261110493
8,1857,1861-06-12,0.6231795093129532
8,1857,1861-06-19,0.5029593539397376
8,1857,1861-06-26,0.47418536319492116
8,1857,1861-07-03,0.6057950743203921
8,1857,1861-07-10,0.590330189862662
8,1857,1861-07-17,0.6788087765159648
8,1857,1861-07-24,0.8311310736721021
8,1857,1861-07-31,0.7502591351872923
8,1857,1861-08-07,0.42303120681121914
8,1857,1861-08-14,0.3465696204423063
8,1857,1861-08-21,0.19224577858632766
8,1857,1861-08-28,0.27912046177526656
8,1857,1861-09-04,0.4315415498330862
8,1857,1861-09-11,0.4733257076531642
8,1857,1861-09-18,0.39700098110831333
8,1857,1861-09-25,0.2333709541728276
8,1857,1861-10-02,0.18401089586674874
8,1857,1861-10-09,0.23102255476322373
8,1857,1861-10-16,0.2178251407199762
8,1857,1861-10-23,0.3921358654468791
8,1857,1861-10-30,0.24944158331309518
8,1857,1861-11-06,0.1477610210613293
8,1857,1861-11-13,0.11963381741023507
8,1857,1861-11-20,0.030063364212115987
8,1857,1861-11-27,0.035183021441057574
8,1857,1861-12-04,0.051198161345139055
8,1857,1861-12-11,0.054782879634741155
8,1857,1861-12-18,0.2758428956273893
8,1857,1861-12-25,0.3190835084061335
8,1857,1862-01-01,0.457081072611449
8,1857,1862-01-08,0.6174631418325567
8,1857,1862-01-15,0.40642877119125087
8,1857,1862-01-22,0.21061870372143326
8,1857,1862-01-29,0.21669153281576203
8,1857,1862-02-05,0.08170989636731107
8,1857,1862-02-12,0.08553119504055505
8,1857,1862-02-19,0.08723206675646611
8,1857,1862-02-26,0.06812594880102099
8,1857,1862-03-05,0.16171968656975588
8,1857,1862-03-12,0.28970543704468027
8,1857,1862-03-19,0.273188573320365
8,1857,1862-03-26,0.245628943798355
8,1857,1862-04-02,0.15235760823476308
8,1857,1862-04-09,0.16824668953643102
8,1857,1862-04-16,0.16666580802603695
8,1857,1862-04-23,0.27415839260482505
8,1857,1862-04-30,0.18890395022553158
8,1857,1862-05-07,0.1850782373574679
8,1857,1862-05-14,0.11925338002143483
8,1857,1862-05-21,0.07340351382600516
8,1857,1862-05-28,0.18589793443466782
8,1857,1862-06-04,0.20014281278957732
8,1857,1862-06-11,0.34546724601756446
8,1857,1862-06-18,0.559441108990538
8,1857,1862-06-25,0.37237581724568936
8,1857,1862-07-02,0.4210620583232913
8,1857,1862-07-09,0.38449431227369
8,1857,1862-07-16,0.08694251569979387
8,1857,1862-07-23,0.11793240878147021
8,1857,1862-07-30,0.12055229838619039
8,1857,1862-08-06,0.059768470751407426
8,1857,1862-08-13,0.24940779222031093
8,1857,1862-08-20,0.2033651329345504
8,1857,1862-08-27,0.284492391414141
8,1857,1862-09-03,0.2707469922415837
8,1857,1862-09-10,0.1680450850192318
8,1857,1862-09-17,0.1746531746680742
8,1857,1862-09-24,0.13426985997854432
8,1857,1862-10-01,0.1878922289849514
8,1857,1862-10-08,0.294638746561703
8,1857,1862-10-15,0.2230008266278736
8,1857,1862-10-22,0.24795117388625282
8,1857,1862-10-29,0.2231649201882712
8,1857,1862-11-05,0.21262490930204342
8,1857,1862-11-12,0.22184176527836147
8,1857,1862-11-19,0.08246536092702383
8,1857,1862-11-26,0.09394749250708274
8,1857,1862-12-03,0.08200317571619947
8,1857,1862-12-10,0.13389591506593532
8,1857,1862-12-17,0.3864441486548061
8,1857,1862-12-24,0.3696081664279644
8,1857,1862-12-31,0.5525839855316358
8,1857,1863-01-07,0.48781206798524357
8,1857,1863-01-14,0.4473490429070401
8,1857,1863-01-21,0.5199063689739563
8,1857,1863-01-28,0.40252532476929154
8,1857,1863-02-04,0.34797490665981945
8,1857,1863-02-11,0.2533788579993104
8,1857,1863-02-18,0.21372079080207212
8,1857,1863-02-25,0.21480222583167904
8,1857,1863-03-04,0.25534167562282906
8,1857,1863-03-11,0.4510895925020772
8,1857,1863-03-18,0.47502643867928335
8,1857,1863-03-25,0.6755444791599783
8,1857,1863-04-01,0.6648204296561588
8,1857,1863-04-08,0.5299075137017224
8,1857,1863-04-15,0.4902813516963574
8,1857,1863-04-22,0.2373350499547325
8,1857,1863-04-29,0.19975469246282068
8,1857,1863-05-06,0.15625347666769854
8,1857,1863-05-13,0.17280079816211433
8,1857,1863-05-20,0.3044886602576998
8,1857,1863-05-27,0.3065654940692197
8,1857,1863-06-03,0.3608512274069545
8,1857,1863-06-10,0.48871581177758033
8,1857,1863-06-17,0.5943914299320047
8,1857,1863-06-24,0.6399638301554541
8,1857,1863-07-01,0.8437369787628204
8,1857,1863-07-08,0.8875966961034683
8,1857,1863-07-15,0.49307401318975713
8,1857,1863-07-22,0.485625649704086
8,1857,1863-07-29,0.538863402463465
8,1857,1863-08-05,0.20879920697940715
8,1857,1863-08-12,0.2745978792966427
8,1857,1863-08-19,0.2093016622761115
8,1857,1863-08-26,0.22115365039902937
8,1857,1863-09-02,0.5196153378842278
8,1857,1863-09-09,0.40562860179504756
8,1857,1863-09-16,0.5168418230015669
8,1857,1863-09-23,0.5200561936419651
8,1857,1863-09-30,0.6326595246266585
8,1857,1863-10-07,0.7475601050940526
8,1857,1863-10-14,0.6801159383908448
8,1857,1863-10-21,0.6606110691022155
8,1857,1863-10-28,0.49866697044780295
8,1857,1863-11-04,0.2172561232178197
8,1857,1863-11-11,0.2694835387962969
8,1857,1863-11-18,0.18662756461967758
8,1857,1863-11-25,0.23348197609833773
8,1857,1863-12-02,0.34344642078089915
8,1857,1863-12-09,0.5510389126304291
8,1857,1863-12-16,0.7879744943161548
8,1857,1863-12-23,0.7770714237683741
8,1857,1863-12-30,0.795892956917757
8,1857,1864-01-06,0.7279253163722336
8,1857,1864-01-13,0.7993278492060578
8,1857,1864-01-20,0.8596926995492907
8,1857,1864-01-27,0.9286271921858391
8,1857,1864-02-03,0.8715440999250792
8,1857,1864-02-10,0.8254070065426398
8,1857,1864-02-17,0.6719947136334254
8,1857,1864-02-24,0.5254211806270297
8,1857,1864-03-02,0.6489970762842207
8,1857,1864-03-09,0.688034706482328
8,1857,1864-03-16,0.8257915152874454
8,1857,1864-03-23,0.8561906424285363
8,1857,1864-03-30,0.8794622685398766
8,1857,1864-04-06,0.8391876891204354
8,1857,1864-04-13,0.7716133329973802
8,1857,1864-04-20,0.766405447613441
8,1857,1864-04-27,0.7723158416958672
8,1857,1864-05-04,0.6353772855153459
8,1857,1864-05-11,0.5899430958146904
8,1857,1864-05-18,0.5502564227527172
8,1857,1864-05-25,0.4606806213029076
8,1857,1864-06-01,0.42399648311070864
8,1857,1864-06-08,0.5047176121938075
8,1857,1864-06-15,0.6585841287436647
8,1857,1864-06-22,0.7959592059128215
8,1857,1864-06-29,0.8600400809636337
8,1857,1864-07-06,0.8585391984564823
8,1857,1864-07-13,0.8802891986953729
8,1857,1864-07-20,0.8535562577311121
8,1857,1864-07-27,0.7409308592770611
8,1857,1864-08-03,0.6567961245711607
8,1857,1864-08-10,0.4792822049557513
8,1857,1864-08-17,0.5158170014594701
8,1857,1864-08-24,0.48081663231427324
8,1857,1864-08-31,0.5083067704493145
8,1857,1864-09-07,0.5365918936694433
8,1857,1864-09-14,0.698667907002287
8,1857,1864-09-21,0.8339667531800139
8,1857,1864-09-28,0.9227916871891947
8,1857,1864-10-05,0.8942319878715526
8,1857,1864-10-12,0.9494590964765174
8,1857,1864-10-19,0.9431284677835661
8,1857,1864-10-26,0.9422262035926938
8,1857,1864-11-02,0.9342378972337998
8,1857,1864-11-09,0.8709832517377085
8,1857,1864-11-16,0.7201372614764222
8,1857,1864-11-23,0.743547234663069
8,1857,1864-11-30,0.6449766967411932
8,1857,1864-12-07,0.7185584530423451
8,1857,1864-12-14,0.8893031393941063
8,1857,1864-12-21,0.7221581173529115
8,1857,1864-12-28,0.8136366852202469
8,1857,1865-01-04,0.722521076852761
8,1857,1865-01-11,0.8336907891692101
8,1857,1865-01-18,0.8393781086562299
8,1857,1865-01-25,0.6561219792611134
8,1857,1865-02-01,0.4859505987031243
8,1857,1865-02-08,0.22338906154167656
8,1857,1865-02-15,0.21618318693780628
8,1857,1865-02-22,0.21795907369373954
8,1857,1865-03-01,0.40417994677909236
8,1857,1865-03-08,0.5753437482109316
8,1857,1865-03-15,0.5433598891251562
8,1857,1865-03-22,0.6645898818851945
8,1857,1865-03-29,0.6435127354284126
8,1857,1865-04-05,0.5486885646806706
8,1857,1865-04-12,0.5255074104622095
8,1857,1865-04-19,0.5536714511369226
8,1857,1865-04-26,0.46870094417626623
8,1857,1865-05-03,0.45506553327054367
8,1857,1865-05-10,0.3150751358585459
8,1857,1865-05-17,0.24128580051732273
8,1857,1865-05-24,0.3128081568765043
8,1857,1865-05-31,0.2501468856210398
8,1857,1865-06-07,0.2256193187294343
8,1857,1865-06-14,0.36113762518764986
8,1857,1865-06-21,0.33611651513610596
8,1857,1865-06-28,0.5338659883312065
8,1857,1865-07-05,0.593740561721262
8,1857,1865-07-12,0.5772216520304253
8,1857,1865-07-19,0.6205219078433947
8,1857,1865-07-26,0.4640238608712773
8,1857,1865-08-02,0.3747047855752839
8,1857,1865-08-09,0.1860810686424813
8,1857,1865-08-16,0.12110847000936381
8,1857,1865-08-23,0.11350846016410547
8,1857,1865-08-30,0.10034815430622067
8,1857,1865-09-06,0.11328078400847313
8,1857,1865-09-13,0.197879414821854
8,1857,1865-09-20,0.2192492461541309
8,1857,1865-09-27,0.3254566117473728
8,1857,1865-10-04,0.269732903042211
8,1857,1865-10-11,0.3756446382837649
8,1857,1865-10-18,0.49810004642629224
8,1857,1865-10-25,0.6553650040411153
8,1857,1865-11-01,0.3969370488378395
8,1857,1865-11-08,0.14870920454315584
8,1857,1865-11-15,0.21298921655631015
8,1857,1865-11-22,0.32192153089949166
8,1857,1865-11-29,0.48814847434026043
8,1857,1865-12-06,0.5270407761251413
8,1857,1865-12-13,0.6926107236413125
8,1857,1865-12-20,0.751105043414441
8,1857,1865-12-27,0.8572254013696997
8,1857,1866-01-03,0.7871472124443218
8,1857,1866-01-10,0.8766714036186455
8,1857,1866-01-17,0.7531776730604192
8,1857,1866-01-24,0.5702256443778103
8,1857,1866-01-31,0.3669238183216476
8,1857,1866-02-07,0.17572533041129754
8,1857,1866-02-14,0.49858251293259737
8,1857,1866-02-21,0.6799952956156278
8,1857,1866-02-28,0.739406129352513
8,1857,1866-03-07,0.8714968935425813
8,1857,1866-03-14,0.8291475911045832
8,1857,1866-03-21,0.8032896454171471
8,1857,1866-03-28,0.8604575514300883
8,1857,1866-04-04,0.8543300741591804
8,1857,1866-04-11,0.871276364424036
8,1857,1866-04-18,0.7666498869182518
8,1857,1866-04-25,0.6144256049535293
8,1857,1866-08-08,0.44532332984955114
8,1857,1866-08-15,0.6594554792262596
8,1857,1866-08-22,0.6463687019619339
8,1857,1866-08-29,0.625544196299705
8,1857,1866-09-05,0.1987047506063312
8,1857,1866-09-12,0.19376366762387873
8,1857,1866-09-19,0.1811845586365012
8,1857,1866-09-26,0.21901420217383474
8,1857,1866-10-03,0.20580087938013147
8,1857,1866-10-10,0.37618382810364287
8,1857,1866-10-17,0.5003623369032899
8,1857,1866-10-24,0.6910273404505548
8,1857,1866-10-31,0.6120141898858361
8,1857,1866-11-07,0.33959446551659356
8,1857,1866-11-14,0.2425538069563123
8,1857,1866-11-21,0.1583982333165897
8,1857,1866-11-28,0.18969837228121128
8,1857,1866-12-05,0.21188447344142905
8,1857,1866-12-12,0.42932396508883053
8,1857,1866-12-19,0.3764201263709593
8,1857,1866-12-26,0.4467298487858592
8,1857,1867-01-02,0.5381907821792538
8,1857,1867-01-09,0.6508766140093336
8,1857,1867-01-16,0.5803187483447438
8,1857,1867-01-23,0.471002982192573
8,1857,1867-01-30,0.42766499271524283
8,1857,1867-02-06,0.2113001436522155
8,1857,1867-02-13,0.2097937039569221
8,1857,1867-02-20,0.179106877310933
8,1857,1867-02-27,0.15609242619608124
8,1857,1867-03-06,0.3068979399520702
8,1857,1867-03-13,0.29321262750969534
8,1857,1867-03-20,0.29985021259468625
8,1857,1867-03-27,0.34596843919302084
8,1857,1867-04-03,0.41187143212262417
8,1857,1867-04-10,0.4022104140148059
8,1857,1867-04-17,0.30996962922525506
8,1857,1867-04-24,0.32030946463992827
8,1857,1867-05-01,0.24439454235209415
8,1857,1867-05-08,0.20662338111631892
8,1857,1867-05-15,0.18849113960950967
8,1857,1867-05-22,0.17225960436082424
8,1857,1867-05-29,0.16692577438990389
8,1857,1867-06-05,0.14671147032140655
8,1857,1867-06-12,0.13906667060408565
8,1857,1867-06-19,0.12353780540669118
8,1857,1867-06-26,0.19302833689799875
8,1857,1867-07-03,0.30446148541976653
8,1857,1867-07-10,0.3071819122801736
8,1857,1867-07-17,0.2632710977007646
8,1857,1867-07-24,0.25076819153013047
8,1857,1867-07-31,0.14712485527895877
8,1857,1867-08-07,0.08717553381859151
8,1857,1867-08-14,0.10973674854091625
8,1857,1867-08-21,0.08817224603712069
8,1857,1867-08-28,0.12146383302928175
8,1857,1867-09-04,0.1236587629080448
8,1857,1867-09-11,0.09880067727815262
8,1857,1867-09-18,0.08379367339201346
8,1857,1867-09-25,0.06557688069840845
8,1857,1867-10-02,0.05840217195867017
8,1857,1867-10-09,0.07597062848387766
8,1857,1867-10-16,0.0680217722589028
8,1857,1867-10-23,0.1303512005820643
8,1857,1867-10-30,0.13647328109632947
8,1857,1867-11-06,0.08749534682832884
8,1857,1867-11-13,0.09440387367729995
8,1857,1867-11-20,0.041012583948551354
8,1857,1867-11-27,0.03471643553902667
8,1857,1867-12-04,0.04450863644603515
8,1857,1867-12-11,0.05883116847545195
8,1857,1867-12-18,0.1401222110217614
8,1857,1867-12-26,0.13218280155568268
8,1857,1868-01-01,0.26327082364350135
8,1857,1868-01-08,0.41152074635387986
8,1857,1868-01-15,0.17618913883387113
8,1857,1868-01-22,0.1256599759739274
8,1857,1868-01-29,0.07427270183180289
8,1857,1868-02-05,0.02342012806833405
8,1857,1868-02-12,0.029248717883464986
8,1857,1868-02-19,0.03798611195943328
8,1857,1868-02-26,0.06643419573202129
8,1857,1868-03-04,0.14328935990927769
8,1857,1868-03-11,0.1866843386470238
8,1857,1868-03-18,0.21646368901441151
8,1857,1868-03-25,0.26537885746763473
8,1857,1868-04-01,0.4813028382255668
8,1857,1868-04-08,0.6129783549909541
8,1857,1868-04-15,0.41949934494195734
8,1857,1868-04-22,0.2736991788975259
8,1857,1868-04-29,0.1459808458068696
8,1857,1868-05-06,0.06876554734049097
8,1857,1868-05-13,0.09342076667267203
8,1857,1868-05-20,0.08484263217762864
8,1857,1868-05-27,0.08125287904890752
8,1857,1868-06-03,0.07902841739445657
8,1857,1868-06-10,0.062165908110925594
8,1857,1868-06-17,0.055846290348484436
8,1857,1868-06-24,0.07238202853291559
8,1857,1868-07-01,0.15637864691143383
8,1857,1868-07-08,0.2845166890736035
8,1857,1868-07-15,0.2551492140146121
8,1857,1868-07-22,0.2506731180757222
8,1857,1868-07-29,0.20691691358111172
8,1857,1868-08-05,0.09705267768260625
8,1857,1868-08-12,0.1123158593885516
8,1857,1868-08-19,0.10694529067136269
8,1857,1868-08-26,0.08667328029950552
8,1857,1868-09-02,0.12117397384848651
8,1857,1868-09-09,0.11455984050080988
8,1857,1868-09-16,0.10392531218851418
8,1857,1868-09-23,0.10966333014785791
8,1857,1868-09-30,0.11355009952298255
8,1857,1868-10-07,0.1305302656341297
8,1857,1868-10-14,0.11795015951951296
8,1857,1868-10-21,0.1138334147841173
8,1857,1868-10-28,0.10159246934122852
8,1857,1868-11-04,0.06780519288464519
8,1857,1868-11-11,0.07067927140890079
8,1857,1868-11-18,0.03219673766143689
8,1857,1868-11-25,0.06343295134247902
8,1857,1868-12-02,0.08105188290938317
8,1857,1868-12-09,0.12316375362654616
8,1857,1868-12-16,0.3664697630741127
8,1857,1868-12-23,0.3102306115181597
8,1857,1868-12-30,0.6270602663427252
8,1857,1869-01-06,0.7923503105754826
8,1857,1869-01-13,0.5571526648758778
8,1857,1869-01-20,0.462743658159138
8,1857,1869-01-27,0.3415810321349719
8,1857,1869-02-03,0.2005552150595435
8,1857,1869-02-10,0.24532488795960214
8,1857,1869-02-17,0.10816974167458411
8,1857,1869-02-24,0.10682370630446744
8,1857,1869-03-03,0.23298728352487355
8,1857,1869-03-10,0.38765491167720467
8,1857,1869-03-17,0.6612939490819494
8,1857,1869-03-24,0.689610954666006
8,1857,1869-03-31,0.6135633566033654
8,1857,1869-04-07,0.37354459559607006
8,1857,1869-04-14,0.3058759874461046
8,1857,1869-04-21,0.2811823382103183
8,1857,1869-04-28,0.2622755291906733
8,1857,1869-05-05,0.14957000824769506
8,1857,1869-05-12,0.2922963458627852
8,1857,1869-05-19,0.2683602777601998
8,1857,1869-05-26,0.2434585188306293
8,1857,1869-06-02,0.3262215421678232
8,1857,1869-06-09,0.33498008943758945
8,1857,1869-06-16,0.21777154041695324
8,1857,1869-06-23,0.21628646731795392
8,1857,1869-06-30,0.48004361495968456
8,1857,1869-07-07,0.43716765686174075
8,1857,1869-07-14,0.5263207328733271
8,1857,1869-07-21,0.4981722947502381
8,1857,1869-07-28,0.4308309130148268
8,1857,1869-08-04,0.18934532981652735
8,1857,1869-08-11,0.1443117285791374
8,1857,1869-08-18,0.10304858177845881
8,1857,1869-08-25,0.08330091753107761
8,1857,1869-09-01,0.16773767366561035
8,1857,1869-09-08,0.25771146663217764
8,1857,1869-09-15,0.40434250866289984
8,1857,1869-09-22,0.48377593972028227
8,1857,1869-09-29,0.4819372821931107
8,1857,1869-10-06,0.40401843366258755
8,1857,1869-10-13,0.30483990039544484
8,1857,1869-10-20,0.18952318965396933
8,1857,1869-10-27,0.1841253113524341
8,1857,1869-11-03,0.11667278534057339
8,1857,1869-11-10,0.0763736110740199
8,1857,1869-11-17,0.07163411405443312
8,1857,1869-11-24,0.057808515479128714
8,1857,1869-12-01,0.06816127556454099
8,1857,1869-12-08,0.202058546136278
8,1857,1869-12-15,0.27793772844209574
8,1857,1869-12-22,0.39948937999968936
8,1857,1869-12-29,0.6002814458988482
8,1857,1870-01-05,0.5512312508148971
8,1857,1870-01-12,0.5207516396686172
8,1857,1870-01-19,0.39963499033967687
8,1857,1870-01-26,0.41095292327698457
8,1857,1870-02-02,0.5185222955289238
8,1857,1870-02-09,0.30039648476136516
8,1857,1870-02-16,0.15465948045467762
8,1857,1870-02-23,0.20054753315667773
8,1857,1870-03-02,0.28445193205098757
8,1857,1870-03-09,0.5342593930456835
8,1857,1870-03-16,0.6760461275897531
8,1857,1870-03-23,0.6429416654191993
8,1857,1870-03-30,0.6517942539274612
8,1857,1870-04-06,0.3829527757976125
8,1857,1870-04-13,0.49223045367535795
8,1857,1870-04-20,0.49990446952118267
8,1857,1870-04-27,0.3171168836544963
8,1857,1870-05-04,0.3918978563465575
8,1857,1870-05-11,0.4534930167617871
8,1857,1870-05-18,0.2901312681222975
8,1857,1870-05-25,0.30027045064867797
8,1857,1870-06-01,0.26694204781289765
8,1857,1870-06-08,0.23598427940834465
8,1857,1870-06-15,0.3851833833754569
8,1857,1870-06-22,0.41987415123636845
8,1857,1870-06-29,0.6703348272053343
8,1857,1870-07-06,0.6301673568612811
8,1857,1870-07-13,0.4627538672792293
8,1857,1870-07-20,0.39130425566745547
8,1857,1870-07-27,0.6062482754265389
8,1857,1870-08-03,0.6265579921943544
8,1857,1870-08-10,0.6827174818279638
8,1857,1870-08-17,0.6561920484136073
8,1857,1870-08-24,0.24883178406115206
8,1857,1870-08-31,0.15459492989453066
8,1857,1870-09-07,0.06663131132126213
8,1857,1870-09-14,0.11120216734238077
8,1857,1870-09-21,0.22058329708293398
8,1857,1870-09-28,0.4158147793872262
8,1857,1870-10-05,0.4134671590095332
8,1857,1870-10-12,0.36164649698352863
8,1857,1870-10-19,0.34590677092320593
8,1857,1870-10-26,0.3481939272318164
8,1857,1870-11-02,0.3380899543260451
8,1857,1870-11-09,0.21829540942447134
8,1857,1870-11-16,0.14037078505160266
8,1857,1870-11-23,0.0940243419108058
8,1857,1870-11-30,0.08779580184426428
8,1857,1870-12-07,0.12460642393079191
8,1857,1870-12-14,0.1262044843302501
8,1857,1870-12-21,0.12110878958605596
8,1857,1870-12-28,0.1464412925864541
8,1857,1871-01-04,0.28531495465849316
8,1857,1871-01-11,0.31537213333119357
8,1857,1871-01-18,0.2429264720323339
8,1857,1871-01-25,0.1529753348265744
8,1857,1871-02-01,0.15458224875659599
8,1857,1871-02-08,0.0702283721936589
8,1857,1871-02-15,0.05808796860732837
8,1857,1871-02-22,0.14852095766930679
8,1857,1871-03-01,0.26921478508603264
8,1857,1871-03-08,0.44931509466867825
8,1857,1871-03-15,0.6853464583013821
8,1857,1871-03-22,0.664657862349159
8,1857,1871-03-29,0.5873308754625937
8,1857,1871-04-05,0.12979837127656488
8,1857,1871-04-12,0.335312898622499
8,1857,1871-04-19,0.195695923640923
8,1857,1871-04-26,0.19512473835812963
8,1857,1871-05-03,0.3473564969938143
8,1857,1871-05-10,0.21417295605795236
8,1857,1871-05-17,0.1710040205952571
8,1857,1871-05-24,0.11553862587512934
8,1857,1871-05-31,0.1495290054336613
8,1857,1871-06-07,0.17631868074805593
8,1857,1871-06-14,0.18070632909585396
8,1857,1871-06-21,0.17932109247298814
8,1857,1871-06-28,0.3927481115943045
8,1857,1871-07-05,0.4323559735717722
8,1857,1871-07-12,0.35673279203783753
8,1857,1871-07-19,0.25707094618391113
8,1857,1871-07-26,0.19935222695186441
8,1857,1871-08-02,0.06185103337574885
8,1857,1871-08-09,0.032765789962822464
8,1857,1871-08-16,0.04441786102895845
8,1857,1871-08-23,0.03152319345774893
8,1857,1871-08-30,0.07824780031615344
8,1857,1871-09-06,0.1145196507877676
8,1857,1871-09-13,0.07380011810512029
8,1857,1871-09-20,0.1513236586073224
8,1857,1871-09-27,0.31946528827235815
8,1857,1871-10-04,0.7791217559426444
8,1857,1871-10-11,0.7300258040684537
8,1857,1871-10-18,0.62953451222277
8,1857,1871-10-25,0.4814708296716283
8,1857,1871-11-01,0.07620444389194829
8,1857,1871-11-08,0.023977347742707614
8,1857,1871-11-15,0.010879793178620666
8,1857,1871-11-22,0.015311311173264452
8,1857,1871-11-29,0.1284807931634808
8,1857,1871-12-06,0.23054701651366122
8,1857,1871-12-13,0.3672171222703416
8,1857,1871-12-20,0.4592661648520203
8,1857,1871-12-27,0.44637104867954275
8,1857,1872-01-03,0.739208080142503
8,1857,1872-01-10,0.6952395013619185
8,1857,1872-01-17,0.362275839591605
8,1857,1872-01-24,0.3041982578912781
8,1857,1872-01-31,0.3020339444614929
8,1857,1872-02-07,0.14408259343970434
8,1857,1872-02-14,0.28751364144723796
8,1857,1872-02-21,0.4378236115758323
8,1857,1872-02-28,0.4226955900752862
8,1857,1872-03-06,0.40080687266510057
8,1857,1872-03-13,0.7993864065905839
8,1857,1872-03-20,0.8698745221515265
8,1857,1872-03-27,0.9711062691898236
8,1857,1872-04-03,0.9001592338838269
8,1857,1872-04-10,0.9454807842209613
8,1857,1872-04-17,0.7380367693806147
8,1857,1872-04-24,0.5221747142475646
8,1857,1872-05-01,0.21734459959110633
8,1857,1872-05-08,0.294089852384394
8,1857,1872-05-15,0.21067269177755546
8,1857,1872-05-22,0.26861457717555204
8,1857,1872-05-29,0.5688190372306858
8,1857,1872-06-05,0.3739285723259122
8,1857,1872-06-12,0.2691803154082497
8,1857,1872-06-19,0.24183429246036708
8,1857,1872-06-26,0.30917004487371724
8,1857,1872-07-03,0.5177511357471076
8,1857,1872-07-10,0.4614454785631688
8,1857,1872-07-17,0.667689782020562
8,1857,1872-07-24,0.7717112650833758
8,1857,1872-07-31,0.8800251472460174
8,1857,1872-08-07,0.7986622434915369
8,1857,1872-08-14,0.6031854677647535
8,1857,1872-08-21,0.2037433525468186
8,1857,1872-08-28,0.14901025232095846
8,1857,1872-09-04,0.11334070185736667
8,1857,1872-09-11,0.19090448027807075
8,1857,1872-09-18,0.41147398572804106
8,1857,1872-09-25,0.5825363440036908
8,1857,1872-10-02,0.6416145853372724
8,1857,1872-10-09,0.5671568311319771
8,1857,1872-10-16,0.517271739543364
8,1857,1872-10-23,0.5834264237006292
8,1857,1872-10-30,0.5223101234401469
8,1857,1872-11-06,0.26019104311422797
8,1857,1872-11-13,0.41663676529416027
8,1857,1872-11-20,0.5006588966226998
8,1857,1872-11-27,0.41690793772627777
8,1857,1872-12-04,0.315745188480567
8,1857,1872-12-11,0.41493233598916734
8,1857,1872-12-18,0.23216140286684872
8,1857,1872-12-24,0.4248574338182923
8,1857,1873-01-01,0.9434810948630512
8,1857,1873-01-08,0.775910185846983
8,1857,1873-01-15,0.8771952598574797
8,1857,1873-01-22,0.7097022728997894
8,1857,1873-01-29,0.3878953962542303
8,1857,1873-02-05,0.20412141921890467
8,1857,1873-02-12,0.49158730765686093
8,1857,1873-02-19,0.6353495350456484
8,1857,1873-02-26,0.5633709192936672
8,1857,1873-03-05,0.5943070690524873
8,1857,1873-03-12,0.6424163294876735
8,1857,1873-03-19,0.49985184470699884
8,1857,1873-03-26,0.810866051988208
8,1857,1873-04-02,0.8938775435156622
8,1857,1873-04-09,0.793782578375307
8,1857,1873-04-16,0.6213536501016587
8,1857,1873-04-23,0.5934316437823779
8,1857,1873-04-30,0.36851865703391734
8,1857,1873-05-07,0.2571078736993484
8,1857,1873-05-14,0.26015242077366635
8,1857,1873-05-21,0.2583697665332565
8,1857,1873-05-28,0.4411359474713036
8,1857,1873-06-04,0.6588011130865707
8,1857,1873-06-11,0.7646242849603783
8,1857,1873-06-18,0.7114703167636731
8,1857,1873-06-25,0.6825586299756652
8,1857,1873-07-02,0.8311753030213211
8,1857,1873-07-09,0.6820946793955877
8,1857,1873-07-16,0.7383228208111807
8,1857,1873-07-23,0.7334838184630605
8,1857,1873-07-30,0.5634795399404007
8,1857,1873-08-06,0.42196252500500797
8,1857,1873-08-13,0.511504716484858
8,1857,1873-08-20,0.324861437070603
8,1857,1873-08-27,0.34520839706511985
8,1857,1873-09-03,0.45920333726832896
8,1857,1873-09-10,0.32525722477152547
8,1857,1873-09-17,0.44005379557626345
8,1857,1873-09-24,0.48790797380514545
8,1857,1873-10-01,0.488367316033445
8,1857,1873-10-08,0.7449413874517696
8,1857,1873-10-15,0.6574670300968325
8,1857,1873-10-22,0.7229839553409643
8,1857,1873-10-29,0.6744895196818339
8,1857,1873-11-05,0.40925794095891344
8,1857,1873-11-12,0.44462193983923387
8,1857,1873-11-19,0.3817951485569614
8,1857,1873-11-26,0.44644721471726784
8,1857,1873-12-03,0.5761659259356521
8,1857,1873-12-10,0.5925629560214207
8,1857,1873-12-17,0.4306207334005399
8,1857,1873-12-24,0.5705562101828352
8,1857,1873-12-31,0.9126591312945324
8,1857,1874-01-07,0.573893097371443
8,1857,1874-01-14,0.5446357119759679
8,1857,1874-01-21,0.36805802216111905
8,1857,1874-01-28,0.13914607323980327
8,1857,1874-02-04,0.07574920171577831
8,1857,1874-02-11,0.1531547296762003
8,1857,1874-02-18,0.14372896814575642
8,1857,1874-02-25,0.1405301516804405
8,1857,1874-03-04,0.24911434221626128
8,1857,1874-03-11,0.2677795284628913
8,1857,1874-03-18,0.46153855107008596
8,1857,1874-03-25,0.5761581805485124
8,1857,1874-04-01,0.7242014558750596
8,1857,1874-04-08,0.8659376842126854
8,1857,1874-04-15,0.606372566495826
8,1857,1874-04-22,0.4504619344986217
8,1857,1874-04-29,0.6812885626762102
8,1857,1874-05-06,0.8670484752541964
8,1857,1874-05-13,0.31845052399464163
8,1857,1874-05-20,0.21824652235232
8,1857,1874-05-27,0.20642111795525392
8,1857,1874-06-03,0.10108803439279147
8,1857,1874-06-10,0.15489769883167698
8,1857,1874-06-17,0.22393976318447517
8,1857,1874-06-24,0.20299831792561823
8,1857,1874-07-01,0.635553813660219
8,1857,1874-07-08,0.2864517932996973
8,1857,1874-07-15,0.3074123345261867
8,1857,1874-07-22,0.35830673249388895
8,1857,1874-07-29,0.24873615102700966
8,1857,1874-08-05,0.0905113519404114
8,1857,1874-08-12,0.20954649251557725
8,1857,1874-08-19,0.14642524305683807
8,1857,1874-08-26,0.12193154779432244
8,1857,1874-09-02,0.17607614425474777
8,1857,1874-09-09,0.07837563752283407
8,1857,1874-09-16,0.13317936769337202
8,1857,1874-09-23,0.22985474010280235
8,1857,1874-09-30,0.22704705783391022
8,1857,1874-10-07,0.33644273684725784
8,1857,1874-10-14,0.4338833807220167
8,1857,1874-10-21,0.46538016848781705
8,1857,1874-10-28,0.47993504399152276
8,1857,1874-11-04,0.2508641657568172
8,1857,1874-11-11,0.10540442785686426
8,1857,1874-11-18,0.07282638854565943
8,1857,1874-11-25,0.12346750022662746
8,1857,1874-12-02,0.21004038105324604
8,1857,1874-12-09,0.6129778667278073
8,1857,1874-12-16,0.6663482229712324
8,1857,1874-12-23,0.6792375459063683
8,1857,1874-12-30,0.8437582320749532
8,1857,1875-01-06,0.8405913003077231
8,1857,1875-01-13,0.6292486484981916
8,1857,1875-01-20,0.460527986601576
8,1857,1875-01-27,0.3413134263098669
8,1857,1875-02-03,0.1215496376974102
8,1857,1875-02-10,0.16242477974436603
8,1857,1875-02-17,0.16277657290405004
8,1857,1875-02-24,0.17702954617025907
8,1857,1875-03-03,0.32927021052767824
8,1857,1875-03-10,0.4896347728441947
8,1857,1875-03-17,0.7998146057382507
8,1857,1875-03-24,0.7640920078293654
8,1857,1875-03-31,0.8997486771591225
8,1857,1875-04-07,0.6971542288659838
8,1857,1875-04-14,0.4936518605140425
8,1857,1875-04-21,0.30411577340532453
8,1857,1875-04-28,0.20124479141524154
8,1857,1875-05-05,0.160234931259817
8,1857,1875-05-12,0.23527071842733233
8,1857,1875-05-19,0.16726922879911602
8,1857,1875-05-26,0.2797194146763839
8,1857,1875-06-02,0.3520465679434762
8,1857,1875-06-09,0.3522000354456161
8,1857,1875-06-16,0.34960669340710204
8,1857,1875-06-23,0.3545560448407021
8,1857,1875-06-30,0.7861632130644834
8,1857,1875-07-07,0.39985984393805746
8,1857,1875-07-14,0.2348820137350558
8,1857,1875-07-21,0.2733902314273165
8,1857,1875-07-28,0.13460695012615712
8,1857,1875-08-04,0.11253012617053015
8,1857,1875-08-11,0.11808315509020259
8,1857,1875-08-18,0.09611747149580749
8,1857,1875-08-25,0.14323311543861547
8,1857,1875-09-01,0.2647244361220081
8,1857,1875-09-08,0.19751369439931643
8,1857,1875-09-15,0.24906325272386784
8,1857,1875-09-22,0.21726604668651373
8,1857,1875-09-29,0.20527273185402045
8,1857,1875-10-06,0.19132726600241404
8,1857,1875-10-13,0.24969050317838673
8,1857,1875-10-20,0.32245428941220766
8,1857,1875-10-27,0.4218651349292798
8,1857,1875-11-03,0.32543753951405924
8,1857,1875-11-10,0.1229199609089069
8,1857,1875-11-17,0.054419478466593056
8,1857,1875-11-24,0.07072796965652046
8,1857,1875-12-01,0.14225566569446485
8,1857,1875-12-08,0.3791186636264662
8,1857,1875-12-15,0.637976403759191
8,1857,1875-12-22,0.44837833798167753
8,1857,1875-12-29,0.34754053757271064
8,1857,1876-01-05,0.37156253428761693
8,1857,1876-01-12,0.2740355459710191
8,1857,1876-01-19,0.24778690562864977
8,1857,1876-01-26,0.1625978838938565
8,1857,1876-02-02,0.08622365270759788
8,1857,1876-02-09,0.06079358639373903
8,1857,1876-02-16,0.15239019379744492
8,1857,1876-02-23,0.2931244081845931
8,1857,1876-03-01,0.4659272247786636
8,1857,1876-03-08,0.59896836861003
8,1857,1876-03-15,0.8807739656422859
8,1857,1876-03-22,0.8972447816180291
8,1857,1876-03-29,0.6658989290266998
8,1857,1876-04-05,0.35000057327767414
8,1857,1876-04-12,0.1830412215158448
8,1857,1876-04-19,0.1702407823694177
8,1857,1876-04-26,0.21557440938979894
8,1857,1876-05-03,0.13144976358282734
8,1857,1876-05-10,0.18323638840849127
8,1857,1876-05-17,0.10887378951095354
8,1857,1876-05-24,0.0958968519065384
8,1857,1876-05-31,0.07835348601155337
8,1857,1876-06-07,0.0772617531444051
8,1857,1876-06-14,0.12788570988680728
8,1857,1876-06-21,0.09744354157489617
8,1857,1876-06-28,0.09709550176681266
8,1857,1876-07-05,0.10834675754407312
8,1857,1876-07-12,0.09748119947387801
8,1857,1876-07-19,0.15645765001616663
8,1857,1876-07-26,0.1287295982674427
8,1857,1876-08-02,0.08946516576875148
8,1857,1876-08-09,0.07194590506422974
8,1857,1876-08-16,0.04721031342087732
8,1857,1876-08-23,0.04253540314549795
8,1857,1876-08-30,0.05787141586900167
8,1857,1876-09-06,0.06987002008407961
8,1857,1876-09-13,0.07560776838571429
8,1857,1876-09-20,0.06016635347269339
8,1857,1876-09-27,0.04865861045386143
8,1857,1876-10-04,0.05082741443350865
8,1857,1876-10-11,0.054738110529054355
8,1857,1876-10-18,0.07790306190679168
8,1857,1876-10-25,0.08985327742768882
8,1857,1876-11-01,0.07137848988071219
8,1857,1876-11-08,0.055965982834283855
8,1857,1876-11-15,0.022425087062258594
8,1857,1876-11-22,0.021615636578056836
8,1857,1876-11-29,0.02858629209560031
8,1857,1876-12-06,0.041844644791796066
8,1857,1876-12-13,0.13708812361180317
8,1857,1876-12-20,0.14156577626517095
8,1857,1876-12-27,0.13674504909082127
8,1857,1877-01-03,0.2700823341645258
8,1857,1877-01-10,0.3474044247933438
8,1857,1877-01-17,0.12361970935197368
8,1857,1877-01-24,0.11877010313675264
8,1857,1877-01-31,0.09055273346819642
8,1857,1877-02-07,0.06952492457171035
8,1857,1877-02-14,0.048920387047955795
8,1857,1877-02-21,0.05436853309652732
8,1857,1877-02-28,0.07192895603330211
8,1857,1877-03-07,0.049368320014069565
8,1857,1877-03-14,0.22388551653212502
8,1857,1877-03-21,0.2690701851251134
8,1857,1877-03-28,0.5700939774180945
8,1857,1877-04-04,0.9233222596956324
8,1857,1877-04-11,0.6508144749322939
8,1857,1877-04-18,0.4115731782464776
8,1857,1877-04-25,0.2540174165818229
8,1857,1877-05-02,0.13018282325464425
8,1857,1877-05-09,0.4116947389519408
8,1857,1877-05-16,0.19964487718688673
8,1857,1877-05-23,0.20170194571070843
8,1857,1877-05-30,0.1324022570571699
8,1857,1877-06-06,0.07001997624021433
8,1857,1877-06-13,0.15172043164333873
8,1857,1877-06-20,0.1385903131986021
8,1857,1877-06-27,0.11444722771833458
8,1857,1877-07-04,0.2252198397198893
8,1857,1877-07-11,0.2228292541302946
8,1857,1877-07-18,0.16479302354792594
8,1857,1877-07-25,0.20942374448458176
8,1857,1877-08-01,0.22903359442850585
8,1857,1877-08-08,0.216774580239318
8,1857,1877-08-15,0.1970987197220459
8,1857,1877-08-22,0.15117251927652056
8,1857,1877-08-29,0.1837634098159035
8,1857,1877-09-05,0.16335758278791254
8,1857,1877-09-12,0.28647020260128886
8,1857,1877-09-19,0.30759454148883475
8,1857,1877-09-26,0.2538752389240295
8,1857,1877-10-03,0.20509047631052044
8,1857,1877-10-10,0.40965972306182336
8,1857,1877-10-17,0.4365624687336568
8,1857,1877-10-24,0.4587580894726943
8,1857,1877-10-31,0.35920057468839234
8,1857,1877-11-07,0.12972085999540203
8,1857,1877-11-14,0.11071547130797284
8,1857,1877-11-21,0.12857628490636777
8,1857,1877-11-28,0.14807939372444553
8,1857,1877-12-05,0.1807866916825162
8,1857,1877-12-12,0.3327559629809204
8,1857,1877-12-19,0.4013581768612717
8,1857,1877-12-24,0.4975411568799321
8,1857,1878-01-02,0.81031107455603
8,1857,1878-01-09,0.6144750778221911
8,1857,1878-01-16,0.4627467705727501
8,1857,1878-01-23,0.22337845156499
8,1857,1878-01-30,0.13690708079369285
8,1857,1878-02-06,0.0716544358549664
8,1857,1878-02-13,0.01591519826350116
8,1857,1878-02-20,0.015311960100358131
8,1857,1878-02-27,0.0290398289323289
8,1857,1878-03-06,0.05611063480493051
8,1857,1878-03-13,0.8403752275410434
8,1857,1878-03-20,0.9483102865662921
8,1857,1878-03-27,0.9931732099403894
8,1857,1878-04-03,0.9961938397959195
8,1857,1878-04-10,0.9675462457258025
8,1857,1878-04-17,0.6130428074616601
8,1857,1878-04-24,0.41514092207712977
8,1857,1878-05-01,0.09687340305867181
8,1857,1878-05-08,0.1502180688874374
8,1857,1878-05-15,0.08828128197908061
8,1857,1878-05-22,0.06381744654739055
8,1857,1878-05-29,0.13757689133360843
8,1857,1878-06-05,0.08135399567602557
8,1857,1878-06-12,0.19737656757837718
8,1857,1878-06-19,0.3183201403856373
8,1857,1878-06-26,0.2851373415105161
8,1857,1878-07-03,0.5194591599474767
8,1857,1878-07-10,0.4139403540423819
8,1857,1878-07-17,0.39449122748529236
8,1857,1878-07-24,0.4669949791699683
8,1857,1878-07-31,0.2741019670737532
8,1857,1878-08-07,0.49694989135016704
8,1857,1878-08-14,0.43308910942404
8,1857,1878-08-21,0.39424580927262187
8,1857,1878-08-28,0.30420934835616864
8,1857,1878-09-04,0.43438981204950644
8,1857,1878-09-11,0.7558507075473521
8,1857,1878-09-18,0.5667734799635737
8,1857,1878-09-25,0.6074259420889978
8,1857,1878-10-02,0.47227161980474247
8,1857,1878-10-09,0.8032507701161701
8,1857,1878-10-16,0.8838636130898533
8,1857,1878-10-23,0.9919648185268378
8,1857,1878-10-30,0.9890506592485032
8,1857,1878-11-06,0.7900760789172756
8,1857,1878-11-13,0.6654997612009271
8,1857,1878-11-20,0.26409511217411336
8,1857,1878-11-27,0.3546008690594912
8,1857,1878-12-04,0.21141424407874704
8,1857,1878-12-11,0.6982342794691652
8,1857,1878-12-18,0.9473976099210409
8,1857,1878-12-24,0.9751455923261739
8,1857,1879-01-01,0.9764390498890532
8,1857,1879-01-08,0.8906251137204609
8,1857,1879-01-15,0.6198597992253669
8,1857,1879-01-22,0.4105569161698472
8,1857,1879-01-29,0.35693737412057075
8,1857,1879-02-05,0.2909548555432652
8,1857,1879-02-12,0.21254260466012134
8,1857,1879-02-19,0.1958644986056193
8,1857,1879-02-26,0.11491155446891868
8,1857,1879-03-05,0.2632356746507986
8,1857,1879-03-12,0.47187356227242677
8,1857,1879-03-19,0.5937886504918772
8,1857,1879-03-26,0.5660287610380845
8,1857,1879-04-02,0.5559690012959582
8,1857,1879-04-09,0.5319897239874625
8,1857,1879-04-16,0.576798628403322
8,1857,1879-04-23,0.4256469478164554
8,1857,1879-04-30,0.30541942290968005
8,1857,1879-05-07,0.2585391858975315
8,1857,1879-05-14,0.16093891743914518
8,1857,1879-05-21,0.1556711547952287
8,1857,1879-05-28,0.15348217671992379
8,1857,1879-06-04,0.11388850455858192
8,1857,1879-06-11,0.1458591980066655
8,1857,1879-06-18,0.14293979199761128
8,1857,1879-06-25,0.10719770709737096
8,1857,1879-07-02,0.16574234432283688
8,1857,1879-07-09,0.09474136496495851
8,1857,1879-07-16,0.09428883646018522
8,1857,1879-07-23,0.1124813189942475
8,1857,1879-07-30,0.12374479996751027
8,1857,1879-08-06,0.10924703081232352
8,1857,1879-08-13,0.060951854137531306
8,1857,1879-08-20,0.044225829819693224
8,1857,1879-08-27,0.03364026443783471
8,1857,1879-09-03,0.034850926418598126
8,1857,1879-09-10,0.0739302850318026
8,1857,1879-09-17,0.07734048091522991
8,1857,1879-09-24,0.0921737278427037
8,1857,1879-10-01,0.08189371746105296
8,1857,1879-10-08,0.09118233975706609
8,1857,1879-10-15,0.1259844828672375
8,1857,1879-10-22,0.13623666263247208
8,1857,1879-10-29,0.13609291813594074
8,1857,1879-11-05,0.11344632593952403
8,1857,1879-11-12,0.09932640519728192
8,1857,1879-11-19,0.12227424011078684
8,1857,1879-11-26,0.10579160533583133
8,1857,1879-12-03,0.1043797241867222
8,1857,1879-12-10,0.33721160634250286
8,1857,1879-12-17,0.3704080119027176
8,1857,1879-12-24,0.5137477688107062
8,1857,1879-12-31,0.8763135915856411
8,1857,1880-01-07,0.8325306670260879
8,1857,1880-01-14,0.5734469358588902
8,1857,1880-01-21,0.36695049346626973
8,1857,1880-01-28,0.21216405290923487
8,1857,1880-02-04,0.07624885365338424
8,1857,1880-02-11,0.0468433411828797
8,1857,1880-02-18,0.05765845407179629
8,1857,1880-02-25,0.10694378018082354
8,1857,1880-03-03,0.3157954845024195
8,1857,1880-03-10,0.6787583122248814
8,1857,1880-03-17,0.8317387381849396
8,1857,1880-03-24,0.8875476403420643
8,1857,1880-03-31,0.8652332237863201
8,1857,1880-04-07,0.7503630491460018
8,1857,1880-04-14,0.5104512801911226
8,1857,1880-04-21,0.27718628054387906
8,1857,1880-04-28,0.24044529903560638
8,1857,1880-05-05,0.24276079531150083
8,1857,1880-05-12,0.2068788217743391
8,1857,1880-05-19,0.22211826474870064
8,1857,1880-05-26,0.2706184521679267
8,1857,1880-06-02,0.28241621719360804
8,1857,1880-06-09,0.34036984323112807
8,1857,1880-06-16,0.3054817529004299
8,1857,1880-06-23,0.1660488129823393
8,1857,1880-06-30,0.3725405212105275
8,1857,1880-07-07,0.38777626160126044
8,1857,1880-07-14,0.21406431568360007
8,1857,1880-07-21,0.23359349879995348
8,1857,1880-07-28,0.20696461956816417
8,1857,1880-08-04,0.09308741627696952
8,1857,1880-08-11,0.15144567306792855
8,1857,1880-08-18,0.12706016495413014
8,1857,1880-08-25,0.11788956734459186
8,1857,1880-09-01,0.19569800674226034
8,1857,1880-09-08,0.11687244175927222
8,1857,1880-09-15,0.11643571567202068
8,1857,1880-09-22,0.12841914680140118
8,1857,1880-09-29,0.17476540921239359
8,1857,1880-10-06,0.23054080808494498
8,1857,1880-10-13,0.40697329332876303
8,1857,1880-10-20,0.30563433706259624
8,1857,1880-10-27,0.2699308764078748
8,1857,1880-11-03,0.1348720795430649
8,1857,1880-11-10,0.03636122621926942
8,1857,1880-11-17,0.0746936799142576
8,1857,1880-11-24,0.15209286323661622
8,1857,1880-12-01,0.10097718581604771
8,1857,1880-12-08,0.36857284927683165
8,1857,1880-12-15,0.6543109277251296
8,1857,1880-12-22,0.6943624653012234
8,1857,1880-12-29,0.8593476936185477
8,1857,1881-01-05,0.9777532614920169
8,1857,1881-01-12,0.95237913012343
8,1857,1881-01-19,0.4546805753967943
8,1857,1881-01-26,0.37024213078511214
8,1857,1881-02-02,0.23627526032223123
8,1857,1881-02-09,0.11797627830141239
8,1857,1881-02-16,0.11147012175001064
8,1857,1881-02-23,0.15249711319471998
8,1857,1881-03-02,0.2663507350983236
8,1857,1881-03-09,0.277528642127018
8,1857,1881-03-16,0.3278815131600365
8,1857,1881-03-23,0.30360550525668484
8,1857,1881-03-30,0.3562965495544621
8,1857,1881-04-06,0.36313348553267627
8,1857,1881-04-13,0.3813209106625497
8,1857,1881-04-20,0.4789933932516118
8,1857,1881-04-27,0.1996716470045644
8,1857,1881-05-04,0.137282633202127
8,1857,1881-05-11,0.10101813819218838
8,1857,1881-05-18,0.0733033902864112
8,1857,1881-05-25,0.13580714279302128
8,1857,1881-06-01,0.12916625191150718
8,1857,1881-06-08,0.12501571009621473
8,1857,1881-06-15,0.22695716588637554
8,1857,1881-06-22,0.08395507202484943
8,1857,1881-06-29,0.18294983495119813
8,1857,1881-07-06,0.3194622495141931
8,1857,1881-07-13,0.20873333238959055
8,1857,1881-07-20,0.24076717593188493
8,1857,1881-07-27,0.23604508938465477
8,1857,1881-08-03,0.14628330174574045
8,1857,1881-08-10,0.15924687834512274
8,1857,1881-08-17,0.11465764613760411
8,1857,1881-08-24,0.15475184891259383
8,1857,1881-08-31,0.19056273973043797
8,1857,1881-09-07,0.2087650400826932
8,1857,1881-09-14,0.36196901424057365
8,1857,1881-09-21,0.3640629415974308
8,1857,1881-09-28,0.2820121661090169
8,1857,1881-10-05,0.4426687812487265
8,1857,1881-10-12,0.6990044103725349
8,1857,1881-10-19,0.671048942777793
8,1857,1881-10-26,0.6444011405279372
8,1857,1881-11-02,0.46978907632850253
8,1857,1881-11-09,0.16459112629803618
8,1857,1881-11-16,0.20636625497269145
8,1857,1881-11-23,0.301699566820427
8,1857,1881-11-30,0.5358564083508283
8,1857,1881-12-07,0.741455784039747
8,1857,1881-12-14,0.7781313912890359
8,1857,1881-12-21,0.6812505102167925
8,1857,1881-12-28,0.7516858758674351
8,1857,1882-01-04,0.9565349305399643
8,1857,1882-01-11,0.9445083058981633
8,1857,1882-01-18,0.8495588337378025
8,1857,1882-01-25,0.8640880948527403
8,1857,1882-02-01,0.5844825042608552
8,1857,1882-02-08,0.8833459545000901
8,1857,1882-02-15,0.8412807209816993
8,1857,1882-02-22,0.7834537595093158
8,1857,1882-03-01,0.7405587021199629
8,1857,1882-03-08,0.12305994459653107
8,1857,1882-03-15,0.5197279505828701
8,1857,1882-03-22,0.6566583090577893
8,1857,1882-03-29,0.5580597682977284
8,1857,1882-04-05,0.5457337310470042
8,1857,1882-04-12,0.052260341453497734
8,1857,1882-04-19,0.44355799206478025
8,1857,1882-04-26,0.49295485004908807
8,1857,1882-05-03,0.2565926740569918
8,1857,1882-05-10,0.794227062382643
8,1857,1882-05-17,0.14126753182592974
8,1857,1882-05-24,0.1209479154213757
8,1857,1882-05-31,0.17800366284074842
8,1857,1882-06-07,0.18575680914188858
8,1857,1882-06-14,0.12733805144635263
8,1857,1882-06-21,0.10630395395075336
8,1857,1882-06-28,0.14847803323234915
8,1857,1882-07-05,0.5022699027852376
8,1857,1882-07-12,0.6305252323446855
8,1857,1882-07-19,0.5055176884691881
8,1857,1882-07-26,0.5525171161372188
8,1857,1882-08-02,0.4090167506007312
8,1857,1882-08-09,0.4671741624135151
8,1857,1882-08-16,0.5726076838625225
8,1857,1882-08-23,0.6545185363097572
8,1857,1882-08-30,0.4226305030760719
8,1857,1882-09-06,0.35159701076079575
8,1857,1882-09-13,0.4411831685392114
8,1857,1882-09-20,0.5365872793482144
8,1857,1882-09-27,0.7208874436247003
8,1857,1882-10-04,0.7555886581407936
8,1857,1882-10-11,0.7905460197516314
8,1857,1882-10-18,0.7010839135072959
8,1857,1882-10-25,0.6964448331531331
8,1857,1882-11-01,0.6025135312651627
8,1857,1882-11-08,0.5405129577429191
8,1857,1882-11-15,0.27913785998081886
8,1857,1882-11-22,0.37672841431431653
8,1857,1882-11-29,0.337712075742647
8,1857,1882-12-06,0.26633310628006907
8,1857,1882-12-13,0.6489383025292244
8,1857,1882-12-20,0.6825388587255414
8,1857,1882-12-27,0.8081467742183104
8,1857,1883-01-03,0.9635691323627987
8,1857,1883-01-10,0.7729692111829845
8,1857,1883-01-17,0.5767773319225176
8,1857,1883-01-24,0.37164970027377836
8,1857,1883-01-31,0.11123921817489019
8,1857,1883-02-07,0.05014901492570863
8,1857,1883-02-14,0.14531276349403421
8,1857,1883-02-21,0.35358754405373916
8,1857,1883-02-28,0.46109273202707474
8,1857,1883-03-07,0.42272345067553635
8,1857,1883-03-14,0.735339809955415
8,1857,1883-03-21,0.6542961233582164
8,1857,1883-03-28,0.8140864293741349
8,1857,1883-04-04,0.9627847103344045
8,1857,1883-04-11,0.6551230814675912
8,1857,1883-04-18,0.2927592407488874
8,1857,1883-04-25,0.17890514547475062
8,1857,1883-05-02,0.15873844941748508
8,1857,1883-05-09,0.13615346645669968
8,1857,1883-05-16,0.17739966138023117
8,1857,1883-05-23,0.17997863308661785
8,1857,1883-05-30,0.2399117325199623
8,1857,1883-06-06,0.2092476441787756
8,1857,1883-06-13,0.25464761185094315
8,1857,1883-06-20,0.25233681229267585
8,1857,1883-06-27,0.27482537055544093
8,1857,1883-07-04,0.4928459513817745
8,1857,1883-07-11,0.6034834613285501
8,1857,1883-07-18,0.6267698609904051
8,1857,1883-07-25,0.6961073268810699
8,1857,1883-08-01,0.565931707174571
8,1857,1883-08-08,0.36719322270053284
8,1857,1883-08-15,0.5004399959713469
8,1857,1883-08-22,0.44530601809533266
8,1857,1883-08-29,0.5292186204022555
8,1857,1883-09-05,0.4769682472880608
8,1857,1883-09-12,0.3374863474537125
8,1857,1883-09-19,0.33711911109257214
8,1857,1883-09-26,0.32018666252407274
8,1857,1883-10-03,0.26985573996567247
8,1857,1883-10-10,0.3879772145631875
8,1857,1883-10-17,0.27506949852175844
8,1857,1883-10-24,0.2048594419553791
8,1857,1883-10-31,0.17225426730803012
8,1857,1883-11-07,0.09428407896513162
8,1857,1883-11-14,0.1081521373117947
8,1857,1883-11-21,0.11248941440763933
8,1857,1883-11-28,0.0995033197642585
8,1857,1883-12-05,0.08896356054123629
8,1857,1883-12-12,0.19107661101593618
8,1857,1883-12-19,0.16848686967989657
8,1857,1883-12-24,0.24252283229572397
8,1857,1884-01-02,0.6862587614019878
8,1857,1884-01-09,0.7200228212342091
8,1857,1884-01-16,0.6910214597011347
8,1857,1884-01-23,0.5120922203940668
8,1857,1884-01-30,0.335295169477363
8,1857,1884-02-06,0.23152195507351525
8,1857,1884-02-13,0.38830559351513666
8,1857,1884-02-20,0.6357677617957658
8,1857,1884-02-27,0.5273870116479888
8,1857,1884-03-05,0.46704764116440134
8,1857,1884-03-12,0.5068669452721715
8,1857,1884-03-19,0.6617431535085573
8,1857,1884-03-26,0.5344975280468083
8,1857,1884-04-02,0.6454105296329599
8,1857,1884-04-09,0.462303925712313
8,1857,1884-04-16,0.2861040504461574
8,1857,1884-04-23,0.31879019454383395
8,1857,1884-04-30,0.2588226730972049
8,1857,1884-05-07,0.22742401273359494
8,1857,1884-05-14,0.10636560248484862
8,1857,1884-05-21,0.0886367506690453
8,1857,1884-05-28,0.09518850820799593
8,1857,1884-06-04,0.10126479091463617
8,1857,1884-06-11,0.15150174051392729
8,1857,1884-06-18,0.12874093564271424
8,1857,1884-06-25,0.12957031050474271
8,1857,1884-07-02,0.18380153671271326
8,1857,1884-07-09,0.3349085317299388
8,1857,1884-07-16,0.3155486494796222
8,1857,1884-07-23,0.24241602210774957
8,1857,1884-07-30,0.2022489071489917
8,1857,1884-08-06,0.14780098019011487
8,1857,1884-08-13,0.20233657116585488
8,1857,1884-08-20,0.2592634527634095
8,1857,1884-08-27,0.2328560062799967
8,1857,1884-09-03,0.15812453682484168
8,1857,1884-09-10,0.10931234308096331
8,1857,1884-09-17,0.10294044738702822
8,1857,1884-09-24,0.13592868775302613
8,1857,1884-10-01,0.1957544554123472
8,1857,1884-10-08,0.4175408093213051
8,1857,1884-10-15,0.4697958415668384
8,1857,1884-10-22,0.29299237966629926
8,1857,1884-10-29,0.23268556400987175
8,1857,1884-11-05,0.15371818880356225
8,1857,1884-11-12,0.10804951795082557
8,1857,1884-11-19,0.1843222798006985
8,1857,1884-11-26,0.1711652884589454
8,1857,1884-12-03,0.20116405048667885
8,1857,1884-12-10,0.425481387198488
8,1857,1884-12-17,0.6740997197974233
8,1857,1884-12-24,0.7599140531581463
8,1857,1884-12-31,0.9379614433204593
8,1857,1885-01-07,0.9388228758451825
8,1857,1885-01-14,0.8572818726768429
8,1857,1885-01-21,0.6434828215250242
8,1857,1885-01-28,0.42609991445727186
8,1857,1885-02-04,0.1464810887241611
8,1857,1885-02-11,0.09320893602733842
8,1857,1885-02-18,0.19838608502227606
8,1857,1885-02-25,0.3328551686004152
8,1857,1885-03-04,0.41626547105837186
8,1857,1885-03-11,0.5008557416363613
8,1857,1885-03-18,0.5311922972649624
8,1857,1885-03-25,0.5490917763998843
8,1857,1885-04-01,0.7408460876862739
8,1857,1885-04-08,0.8480856811639406
8,1857,1885-04-15,0.5792762351554677
8,1857,1885-04-22,0.5109519061061825
8,1857,1885-04-29,0.28568701593143264
8,1857,1885-05-06,0.1253624997621195
8,1857,1885-05-13,0.1455667726910347
8,1857,1885-05-20,0.13348724354696553
8,1857,1885-05-27,0.13919183673914454
8,1857,1885-06-03,0.17840490025325206
8,1857,1885-06-10,0.1730727163103159
8,1857,1885-06-17,0.1866373541214035
8,1857,1885-06-24,0.13540978961386974
8,1857,1885-07-01,0.19186827992730512
8,1857,1885-07-08,0.256627022099163
8,1857,1885-07-15,0.341304936951318
8,1857,1885-07-22,0.3045432201576561
8,1857,1885-07-29,0.2532341347998339
8,1857,1885-08-05,0.17068200350672577
8,1857,1885-08-12,0.08423170117066027
8,1857,1885-08-19,0.09049936534607728
8,1857,1885-08-26,0.058490596167494184
8,1857,1885-09-02,0.057914613530173895
8,1857,1885-09-09,0.13181161662271504
8,1857,1885-09-16,0.20130096769099634
8,1857,1885-09-23,0.3060040278112619
8,1857,1885-09-30,0.21920374094596973
8,1857,1885-10-07,0.34057834526931546
8,1857,1885-10-14,0.31949628737425684
8,1857,1885-10-21,0.26545417220677714
8,1857,1885-10-28,0.3290863745919171
8,1857,1885-11-04,0.1373477182221575
8,1857,1885-11-11,0.04952472225244502
8,1857,1885-11-18,0.05800124850411231
8,1857,1885-11-25,0.06268468426267268
8,1857,1885-12-02,0.21322947085046945
8,1857,1885-12-09,0.4067116029299229
8,1857,1885-12-16,0.4751160709134503
8,1857,1885-12-23,0.7189159956754491
8,1857,1885-12-30,0.6934454907508995
8,1857,1886-01-06,0.5710964271654736
8,1857,1886-01-13,0.6153381544491573
8,1857,1886-01-20,0.38419664584378116
8,1857,1886-01-27,0.3217579452756584
8,1857,1886-02-03,0.1284727077246909
8,1857,1886-02-10,0.03302742976770442
8,1857,1886-02-17,0.02335129754823083
8,1857,1886-02-24,0.02757112577803163
8,1857,1886-03-03,0.05482872166702292
8,1857,1886-03-10,0.37763435305120113
8,1857,1886-03-17,0.6815720170905583
8,1857,1886-03-24,0.809275127158913
8,1857,1886-03-31,0.6706949987890346
8,1857,1886-04-07,0.43742454954385934
8,1857,1886-04-14,0.22684450367886774
8,1857,1886-04-21,0.1265169442181787
8,1857,1886-04-28,0.13861943224090464
8,1857,1886-05-05,0.15283382351758817
8,1857,1886-05-12,0.18308015067114114
8,1857,1886-05-19,0.13975068951070607
8,1857,1886-05-26,0.10466651442108475
8,1857,1886-06-02,0.12532691462606488
8,1857,1886-06-09,0.16203659663164705
8,1857,1886-06-16,0.1379559701368989
8,1857,1886-06-23,0.15487893061847752
8,1857,1886-06-30,0.1624358317443472
8,1857,1886-07-07,0.20485132656473734
8,1857,1886-07-14,0.3421213135362375
8,1857,1886-07-21,0.23936209187852664
8,1857,1886-07-28,0.32245658822565687
8,1857,1886-08-04,0.2503107641063771
8,1857,1886-08-11,0.22352521866756803
8,1857,1886-08-18,0.2250250235425357
8,1857,1886-08-25,0.15594451102375426
8,1857,1886-09-01,0.19710737808135068
8,1857,1886-09-08,0.3436879185854972
8,1857,1886-09-15,0.487039254288203
8,1857,1886-09-22,0.4661246992785278
8,1857,1886-09-29,0.5302901229505719
8,1857,1886-10-06,0.6950499823544248
8,1857,1886-10-13,0.5879948842613706
8,1857,1886-10-20,0.5628532198836151
8,1857,1886-10-27,0.5743114883414178
8,1857,1886-11-03,0.3644159459324362
8,1857,1886-11-10,0.08446482290178225
8,1857,1886-11-17,0.03937048925178756
8,1857,1886-11-24,0.05183857768132372
8,1857,1886-12-01,0.11302833411581073
8,1857,1886-12-08,0.3660248781594542
8,1857,1886-12-15,0.46231244696050955
8,1857,1886-12-22,0.3979321227382247
8,1857,1886-12-29,0.7115359392167647
8,1857,1887-01-05,0.7974746150759646
8,1857,1887-01-12,0.8170182414793646
8,1857,1887-01-19,0.5947959348417091
8,1857,1887-01-26,0.389804141660542
8,1857,1887-02-02,0.1266955267795022
8,1857,1887-02-09,0.041958397749361075
8,1857,1887-02-16,0.07385906402278417
8,1857,1887-02-23,0.18199065795424785
8,1857,1887-03-02,0.43506978214354647
8,1857,1887-03-09,0.6621161594289978
8,1857,1887-03-16,0.8628625572407369
8,1857,1887-03-23,0.8895670344017531
8,1857,1887-03-30,0.8141664141218369
8,1857,1887-04-06,0.7783680308736949
8,1857,1887-04-13,0.6868491941829273
8,1857,1887-04-20,0.1658600979039127
8,1857,1887-04-27,0.1291780967471848
8,1857,1887-05-04,0.11207597550153434
8,1857,1887-05-11,0.07248678269019794
8,1857,1887-05-18,0.0921309160740951
8,1857,1887-05-25,0.07077446432468217
8,1857,1887-06-01,0.07109238686591257
8,1857,1887-06-08,0.07341564811307157
8,1857,1887-06-15,0.06489956447375972
8,1857,1887-06-22,0.06057447286311984
8,1857,1887-06-29,0.08419548519646369
8,1857,1887-07-06,0.2142631057494474
8,1857,1887-07-13,0.3210282893065451
8,1857,1887-07-20,0.26840853871501064
8,1857,1887-07-27,0.2183721143555896
8,1857,1887-08-03,0.203240728452102
8,1857,1887-08-10,0.1747147336475026
8,1857,1887-08-17,0.15959414005891626
8,1857,1887-08-24,0.17652219268765004
8,1857,1887-08-31,0.10263717914866814
8,1857,1887-09-07,0.15985683153965566
8,1857,1887-09-14,0.4933670684276376
8,1857,1887-09-21,0.521373766273139
8,1857,1887-09-28,0.5822471653994546
8,1857,1887-10-05,0.5997345331339002
8,1857,1887-10-12,0.64837412228501
8,1857,1887-10-19,0.6048375100003772
8,1857,1887-10-26,0.5721123546370079
8,1857,1887-11-02,0.5435535407120246
8,1857,1887-11-09,0.25043048499905834
8,1857,1887-11-16,0.1603266205771258
8,1857,1887-11-23,0.21266768950571172
8,1857,1887-11-30,0.21490903329488015
8,1857,1887-12-07,0.3777239913767446
8,1857,1887-12-14,0.37059321039300613
8,1857,1887-12-21,0.2887868378986549
8,1857,1887-12-28,0.29041721383144087
8,1857,1888-01-04,0.5107786771029869
8,1857,1888-01-11,0.4719446520310359
8,1857,1888-01-18,0.16604056755274615
8,1857,1888-01-25,0.11098833491182143
8,1857,1888-02-01,0.04861577382560317
8,1857,1888-02-08,0.046624875765323676
8,1857,1888-02-15,0.07264033904367401
8,1857,1888-02-22,0.09340415803838897
8,1857,1888-02-29,0.19123315084839712
8,1857,1888-03-07,0.14810391718942673
8,1857,1888-03-14,0.5996114213996407
8,1857,1888-03-21,0.5856770794091611
8,1857,1888-03-28,0.616588072134336
8,1857,1888-04-04,0.9579354848761714
8,1857,1888-04-11,0.9227085883286469
8,1857,1888-04-18,0.6605553976367913
8,1857,1888-04-25,0.31703476356797433
8,1857,1888-05-02,0.07997552985110036
8,1857,1888-05-09,0.0875880498436553
8,1857,1888-05-16,0.10104302380952501
8,1857,1888-05-23,0.17783840543785098
8,1857,1888-05-30,0.1973013118977614
8,1857,1888-06-06,0.15155427465221388
8,1857,1888-06-13,0.1063650644922925
8,1857,1888-06-20,0.15319315365854916
8,1857,1888-06-27,0.19705135292482265
8,1857,1888-07-04,0.20517097798298
8,1857,1888-07-11,0.34419110597117597
8,1857,1888-07-18,0.3612212771340862
8,1857,1888-07-25,0.37423630683168935
8,1857,1888-08-01,0.3741352484603545
8,1857,1888-08-08,0.2544163338510677
8,1857,1888-08-15,0.19622696996240097
8,1857,1888-08-22,0.27047195041649974
8,1857,1888-08-29,0.24227535557978638
8,1857,1888-09-05,0.2195720378607565
8,1857,1888-09-12,0.4052958149591364
8,1857,1888-09-19,0.4768846447236433
8,1857,1888-09-26,0.7589789341188293
8,1857,1888-10-03,0.8362019676939241
8,1857,1888-10-10,0.9097025044207424
8,1857,1888-10-17,0.7461615368142228
8,1857,1888-10-24,0.4778611544205065
8,1857,1888-10-31,0.3416016717491004
8,1857,1888-11-07,0.09605143249382019
8,1857,1888-11-14,0.15626552039268532
8,1857,1888-11-21,0.1853740175821116
8,1857,1888-11-28,0.2760715844481132
8,1857,1888-12-05,0.44966040794762974
8,1857,1888-12-12,0.7504093176564259
8,1857,1888-12-19,0.8520246183404394
8,1857,1888-12-24,0.8758571212231626
8,1857,1889-01-09,0.974000800679019
8,1857,1889-01-16,0.6731316752438603
8,1857,1889-01-23,0.5071570600899158
8,1857,1889-02-06,0.05300943561777516
8,1857,1889-02-13,0.20048354249885214
8,1857,1889-02-20,0.19645182779417328
8,1857,1889-03-06,0.72518844671276
8,1857,1889-03-13,0.8454041808627496
8,1857,1889-03-20,0.8213798931320401
8,1857,1889-03-27,0.7999793118446283
8,1857,1889-04-03,0.7877266715372484
8,1857,1889-04-10,0.7401769923155481
8,1857,1889-04-17,0.36100691100289617
8,1857,1889-04-24,0.3584835392440108
8,1857,1889-05-01,0.3685682744486507
8,1857,1889-05-08,0.2427825178566637
8,1857,1889-05-15,0.6613249035863944
8,1857,1889-05-22,0.35266098807892604
8,1857,1889-05-29,0.2832494456978197
8,1857,1889-06-05,0.21714628541609596
8,1857,1889-06-12,0.3646434389401166
8,1857,1889-06-19,0.39915115228569376
8,1857,1889-06-26,0.48553040280315535
8,1857,1889-07-03,0.4772208369492205
8,1857,1889-07-10,0.2599275894754902
8,1857,1889-07-17,0.3109369373811242
8,1857,1889-07-24,0.29497750083608115
8,1857,1889-07-31,0.24473531021464626
8,1857,1889-08-07,0.35565602175589617
8,1857,1889-08-14,0.16408181305472083
8,1857,1889-08-21,0.12891832782892967
8,1857,1889-08-28,0.12273724522922702
8,1857,1889-09-04,0.10193414856714125
8,1857,1889-09-11,0.40372376111279995
8,1857,1889-09-18,0.5725293180795344
8,1857,1889-09-25,0.7776851785495984
8,1857,1889-10-02,0.8444997643595792
8,1857,1889-10-09,0.8208328177981923
8,1857,1889-10-16,0.8090956875263923
8,1857,1889-10-23,0.6405771693609069
8,1857,1889-10-30,0.5498834088711713
8,1857,1889-11-06,0.23847077167795794
8,1857,1889-11-13,0.19608009332056173
8,1857,1889-11-20,0.22549328146757763
8,1857,1889-11-27,0.3096599563882768
8,1857,1889-12-04,0.6674312765759475
8,1857,1889-12-11,0.8159875412521977
8,1857,1889-12-18,0.78045261280784
8,1857,1889-12-24,0.752059492923722
8,1857,1890-01-01,0.9633249106748245
8,1857,1890-01-08,0.9281102998263716
8,1857,1890-01-15,0.8864300879000088
8,1857,1890-01-22,0.754761522399708
8,1857,1890-01-29,0.5402690125216904
8,1857,1890-02-05,0.31974447123511024
8,1857,1890-02-12,0.4833558383121285
8,1857,1890-02-19,0.7392002550413536
8,1857,1890-02-26,0.848617915831153
8,1857,1890-03-05,0.8070769824130805
8,1857,1890-03-12,0.8939627138197165
8,1857,1890-03-19,0.8641828013319197
8,1857,1890-03-26,0.9028339363372648
8,1857,1890-04-02,0.8630994294029543
8,1857,1890-04-09,0.7648590826931264
8,1857,1890-04-16,0.7150771399260059
8,1857,1890-04-23,0.4923280626103004
8,1857,1890-04-30,0.40304271865421365
8,1857,1890-05-07,0.1836660813855503
8,1857,1890-05-14,0.17521842343531102
8,1857,1890-05-21,0.1732932199468304
8,1857,1890-05-28,0.228398326256113
8,1857,1890-06-04,0.3226690531298975
8,1857,1890-06-11,0.37843367654150656
8,1857,1890-06-18,0.3583676163994895
8,1857,1890-06-25,0.5181057329106088
8,1857,1890-07-02,0.6781520008639
8,1857,1890-07-09,0.7538956045155596
8,1857,1890-07-16,0.7463500457379021
8,1857,1890-07-23,0.5697744589499837
8,1857,1890-07-30,0.41254954955058093
8,1857,1890-08-06,0.4567467438088273
8,1857,1890-08-13,0.5124001028273764
8,1857,1890-08-20,0.44688259083011017
8,1857,1890-08-27,0.6015062823533822
8,1857,1890-09-03,0.46606010085108013
8,1857,1890-09-10,0.4941565540801495
8,1857,1890-09-17,0.7168765795158717
8,1857,1890-09-24,0.7847034122795006
8,1857,1890-10-01,0.8652874950546654
8,1857,1890-10-08,0.7909342487645646
8,1857,1890-10-15,0.7966625897251164
8,1857,1890-10-22,0.7386261879029118
8,1857,1890-10-29,0.4954015744754094
8,1857,1891-02-11,0.6188333916005516
8,1857,1891-02-18,0.8346309212353322
8,1857,1891-02-25,0.9159692285509976
8,1857,1891-03-04,0.9388003525481979
8,1857,1891-03-11,0.9293577899659883
8,1857,1891-03-18,0.6651944887762432
8,1857,1891-03-25,0.5960466522118947
8,1857,1891-04-01,0.5133447777801675
8,1857,1891-04-08,0.2691712100782588
8,1857,1891-04-15,0.5960316357793223
8,1857,1891-04-22,0.7089285043830362
8,1857,1891-04-29,0.5025434824665925
8,1857,1891-05-06,0.38836307910900103
8,1857,1891-05-13,0.4669818388547875
8,1857,1891-05-20,0.6431412369490227
8,1857,1891-05-27,0.8666403941984235
8,1857,1891-06-03,0.7664118041214731
8,1857,1891-06-10,0.5956581888027241
8,1857,1891-06-17,0.5186133024643478
8,1857,1891-06-24,0.586431991055768
8,1857,1891-07-01,0.8016216848784686
8,1857,1891-07-08,0.8769684323906636
8,1857,1891-07-15,0.862364567072347
8,1857,1891-07-22,0.8993552463948957
8,1857,1891-07-29,0.7077387939341273
8,1857,1891-08-05,0.4485119351586936
8,1857,1891-08-12,0.24633548799412786
8,1857,1891-08-19,0.1925115593204019
8,1857,1891-08-26,0.3152924959125686
8,1857,1891-09-02,0.43523824486414525
8,1857,1891-09-09,0.6404917584063728
8,1857,1891-09-16,0.6541437068771462
8,1857,1891-09-23,0.5657361758842976
8,1857,1891-09-30,0.5619676786519839
8,1857,1891-10-07,0.35986879675360783
8,1857,1891-10-14,0.48649276770444155
8,1857,1891-10-21,0.4211449035052726
8,1857,1891-10-28,0.37021178632013535
8,1857,1891-11-04,0.24742929112629378
8,1857,1891-11-11,0.16383915301866958
8,1857,1891-11-18,0.1468531490751175
8,1857,1891-11-25,0.18472241941379178
8,1857,1891-12-02,0.22949367266096543
8,1857,1891-12-09,0.42804931361956555
8,1857,1891-12-16,0.6297143910923902
8,1857,1891-12-23,0.641818829678658
8,1857,1891-12-30,0.7447968515765511
8,1857,1892-01-06,0.639108029032567
8,1857,1892-01-13,0.5055191449931268
8,1857,1892-01-20,0.41465363998507127
8,1857,1892-01-27,0.14640860259857832
8,1857,1892-02-03,0.19689594567404572
8,1857,1892-02-10,0.12097490686619339
8,1857,1892-02-17,0.18357558178517905
8,1857,1892-02-24,0.41423355729018574
8,1857,1892-03-02,0.39119573039389083
8,1857,1892-03-09,0.6949421221636858
8,1857,1892-03-16,0.7062168901725137
8,1857,1892-03-23,0.6577443728464129
8,1857,1892-03-30,0.652869581706083
8,1857,1892-04-06,0.2926945875968436
8,1857,1892-04-13,0.22678851458108587
8,1857,1892-04-20,0.3143075854481093
8,1857,1892-04-27,0.30098449147253264
8,1857,1892-05-04,0.26371518647659886
8,1857,1892-05-11,0.17269031279593744
8,1857,1892-05-18,0.13992062379154357
8,1857,1892-05-25,0.18986043209776235
8,1857,1892-06-01,0.24101575768866196
8,1857,1892-06-08,0.22469030046004343
8,1857,1892-06-15,0.2579061480649047
8,1857,1892-06-22,0.2727926499889974
8,1857,1892-06-29,0.28808580711694864
8,1857,1892-07-06,0.2741137806615136
8,1857,1892-07-13,0.2562121344445004
8,1857,1892-07-20,0.30586986256448195
8,1857,1892-07-27,0.3061086891120209
8,1857,1892-08-03,0.22019747244193183
8,1857,1892-08-10,0.11572292205155718
8,1857,1892-08-17,0.17646156719699163
8,1857,1892-08-24,0.14900198595380115
8,1857,1892-08-31,0.17290515351740174
8,1857,1892-09-07,0.2911557912406634
8,1857,1892-09-14,0.20568576918042794
8,1857,1892-09-21,0.39981244258962584
8,1857,1892-09-28,0.4242530641533433
8,1857,1892-10-05,0.33632690291445144
8,1857,1892-10-12,0.3348172400997913
8,1857,1892-10-19,0.170224241914375
8,1857,1892-10-26,0.17443774237533996
8,1857,1892-11-02,0.17011799837669353
8,1857,1892-11-09,0.05930785269682621
8,1857,1892-11-16,0.08668003681172483
8,1857,1892-11-23,0.06680972591637864
8,1857,1892-11-30,0.07591355147224908
8,1857,1892-12-07,0.3767351177566621
8,1857,1892-12-14,0.44035294714956646
8,1857,1892-12-21,0.6212519605542243
8,1857,1892-12-28,0.7325530459781426
8,1857,1893-01-04,0.5911299776721197
8,1857,1893-01-11,0.49218028210482845
8,1857,1893-01-18,0.3476110295025976
8,1857,1893-01-25,0.1646253802415969
8,1857,1893-02-01,0.17170142478216333
8,1857,1893-02-08,0.04388988754967769
8,1857,1893-02-15,0.09996885458760442
8,1857,1893-02-22,0.2024367565323122
8,1857,1893-03-01,0.28486543209604415
8,1857,1893-03-08,0.7247287781483038
8,1857,1893-03-15,0.6168864214180694
8,1857,1893-03-22,0.602174639712848
8,1857,1893-03-29,0.48078680790998524
8,1857,1893-04-05,0.3293445549754621
8,1857,1893-04-12,0.3665262556641701
8,1857,1893-04-19,0.29010738486897236
8,1857,1893-04-26,0.24429630601185354
8,1857,1893-05-03,0.1034068512954888
8,1857,1893-05-10,0.08548695322711992
8,1857,1893-05-17,0.1377678846745358
8,1857,1893-05-24,0.2265591111561118
8,1857,1893-05-31,0.43759277953522296
8,1857,1893-06-07,0.23073790634918676
8,1857,1893-06-14,0.11910659327221404
8,1857,1893-06-21,0.034895556927071004
8,1857,1893-06-28,0.0600536836275061
8,1857,1893-07-05,0.21765533388272992
8,1857,1893-07-12,0.46810843251035467
8,1857,1893-07-19,0.6564606859824571
8,1857,1893-07-26,0.591934326425847
8,1857,1893-08-02,0.4348437211476496
8,1857,1893-08-09,0.12790036557006973
8,1857,1893-08-16,0.24026164608878042
8,1857,1893-08-23,0.28868558231204033
8,1857,1893-08-30,0.3512521769130047
8,1857,1893-09-06,0.5359212390690514
8,1857,1893-09-13,0.28960534458146686
8,1857,1893-09-20,0.35248471936725917
8,1857,1893-09-27,0.309101585863381
8,1857,1893-10-04,0.4110014255238049
8,1857,1893-10-11,0.7379715985509918
8,1857,1893-10-18,0.761463946645179
8,1857,1893-10-25,0.6790523645997331
8,1857,1893-11-01,0.47521712520271797
8,1857,1893-11-08,0.10254216896442622
8,1857,1893-11-15,0.08184965867334634
8,1857,1893-11-22,0.08490917502483514
8,1857,1893-11-29,0.07850902197544199
8,1857,1893-12-06,0.28316691952411294
8,1857,1893-12-13,0.3279975284390558
8,1857,1893-12-20,0.3521400687233762
8,1857,1893-12-27,0.5202006511347671
8,1857,1894-01-03,0.5906682878004664
8,1857,1894-01-10,0.5475247280956509
8,1857,1894-01-17,0.5138081736397168
8,1857,1894-01-24,0.23919114094538563
8,1857,1894-01-31,0.12280882217913375
8,1857,1894-02-07,0.043516741737995086
8,1857,1894-02-14,0.06752726147356336
8,1857,1894-02-21,0.17826567895517417
8,1857,1894-02-28,0.43188132947737556
8,1857,1894-03-07,0.6332230058333074
8,1857,1894-03-14,0.626920172327942
8,1857,1894-03-21,0.50122484943031
8,1857,1894-03-28,0.4739793042027823
8,1857,1894-04-04,0.24638268655492568
8,1857,1894-04-11,0.23911653262671198
8,1857,1894-04-18,0.21786630189249268
8,1857,1894-04-25,0.09185269492511383
8,1857,1894-05-02,0.11105876090099692
8,1857,1894-05-09,0.06537954754668249
8,1857,1894-05-16,0.12622055588101777
8,1857,1894-05-23,0.2726900873217339
8,1857,1894-05-30,0.36752270874195764
8,1857,1894-06-06,0.20066625522408965
8,1857,1894-06-13,0.1003222247316746
8,1857,1894-06-20,0.0855792952717158
8,1857,1894-06-27,0.06845264345987118
8,1857,1894-07-04,0.10227699204935728
8,1857,1894-07-11,0.16431195822615377
8,1857,1894-07-18,0.16152823924274415
8,1857,1894-07-25,0.15907194946039158
8,1857,1894-08-01,0.1274328023212234
8,1857,1894-08-08,0.042477538415314244
8,1857,1894-08-15,0.054335116371373754
8,1857,1894-08-22,0.0617219871108477
8,1857,1894-08-29,0.054036142905172155
8,1857,1894-09-05,0.16076747542900813
8,1857,1894-09-12,0.14769961872913012
8,1857,1894-09-19,0.1762494524880328
8,1857,1894-09-26,0.19287251675748832
8,1857,1894-10-03,0.20643985827351588
8,1857,1894-10-10,0.1802617674552837
8,1857,1894-10-17,0.1758942894104434
8,1857,1894-10-24,0.1587087758629972
8,1857,1894-10-31,0.11326775109874446
8,1857,1894-11-07,0.08859418855319633
8,1857,1894-11-14,0.024660417623270276
8,1857,1894-11-21,0.02302978154586094
8,1857,1894-11-28,0.026030767921333967
8,1857,1894-12-05,0.03405665845399339
8,1857,1894-12-12,0.1928449398691267
8,1857,1894-12-19,0.2091865310889906
8,1857,1894-12-24,0.21217823190961693
8,1857,1895-01-02,0.346331150731242
8,1857,1895-01-09,0.21510588178092413
8,1857,1895-01-16,0.17844253766500312
8,1857,1895-01-23,0.08111288665689402
8,1857,1895-01-30,0.06053738340340015
8,1857,1895-02-06,0.018051562127694123
8,1857,1895-02-13,0.023896562117575324
8,1857,1895-02-20,0.044875936555121586
8,1857,1895-02-27,0.06542757046356701
8,1857,1895-03-06,0.46767377497842644
8,1857,1895-03-13,0.4937585730498506
8,1857,1895-03-20,0.36487213950876646
8,1857,1895-03-27,0.27820263243341475
8,1857,1895-04-03,0.20057426423286745
8,1857,1895-04-10,0.11485714432146359
8,1857,1895-04-17,0.10249069514760364
8,1857,1895-04-24,0.1052329619018738
8,1857,1895-05-01,0.061146850419487545
8,1857,1895-05-08,0.06741928637115967
8,1857,1895-05-15,0.06317885675791758
8,1857,1895-05-22,0.060504835409090706
8,1857,1895-05-29,0.06773746073464774
8,1857,1895-06-05,0.049331916972822236
8,1857,1895-06-12,0.04930993981683241
8,1857,1895-06-19,0.04340022731039904
8,1857,1895-06-26,0.051446825191214726
8,1857,1895-07-03,0.06627988042440001
8,1857,1895-07-10,0.06902290150450718
8,1857,1895-07-17,0.10697324253659077
8,1857,1895-07-24,0.12678896083719238
8,1857,1895-07-31,0.10872777392948485
8,1857,1895-08-07,0.11045633377963136
8,1857,1895-08-14,0.09103258300854432
8,1857,1895-08-21,0.07891744391851911
8,1857,1895-08-28,0.07800547741943678
8,1857,1895-09-04,0.07615986191564846
8,1857,1895-09-11,0.09869681674227182
8,1857,1895-09-18,0.13532486620079498
8,1857,1895-09-25,0.1406086347195378
8,1857,1895-10-02,0.14467656556665043
8,1857,1895-10-09,0.1630376775564213
8,1857,1895-10-16,0.19362801934911666
8,1857,1895-10-23,0.21570325153416123
8,1857,1895-10-30,0.21796614532241654
8,1857,1895-11-06,0.15140127323159727
8,1857,1895-11-13,0.10640902150714295
8,1857,1895-11-20,0.11862784775494598
8,1857,1895-11-27,0.11924684334317065
8,1857,1895-12-04,0.13290351524105695
8,1857,1895-12-11,0.1847272174018931
8,1857,1895-12-18,0.17029819451599984
8,1857,1895-12-24,0.14566696285727468
8,1857,1896-01-01,0.46380534346951524
8,1857,1896-01-08,0.4415458765694725
8,1857,1896-01-15,0.23504976084841842
8,1857,1896-01-22,0.20141049691521787
8,1857,1896-01-29,0.10902661802177271
8,1857,1896-02-05,0.055859703342528585
8,1857,1896-02-12,0.12159144285627677
8,1857,1896-02-19,0.1586988010280508
8,1857,1896-02-26,0.2124565886240684
8,1857,1896-03-04,0.2989035852936164
8,1857,1896-03-11,0.20937046981126878
8,1857,1896-03-18,0.18873950631829384
8,1857,1896-03-25,0.17230437349087224
8,1857,1896-04-01,0.17623378949477952
8,1857,1896-04-08,0.20244397975452239
8,1857,1896-04-15,0.20766899818558032
8,1857,1896-04-22,0.18810633193761944
8,1857,1896-04-29,0.1591450663989141
8,1857,1896-05-06,0.12673137599964496
8,1857,1896-05-13,0.14033634410466872
8,1857,1896-05-20,0.18096609112261117
8,1857,1896-05-27,0.18842145607478966
8,1857,1896-06-03,0.206466375805001
8,1857,1896-06-10,0.2045740076653538
8,1857,1896-06-17,0.2037514593460855
8,1857,1896-06-24,0.19239077777486177
8,1857,1896-07-01,0.36402577709636463
8,1857,1896-07-08,0.3764281813256876
8,1857,1896-07-15,0.263600900124395
8,1857,1896-07-22,0.25463821371645057
8,1857,1896-07-29,0.2209266678270569
8,1857,1896-08-05,0.14118791665307182
8,1857,1896-08-12,0.22063749851484346
8,1857,1896-08-19,0.21788466039739746
8,1857,1896-08-26,0.20242561890208488
8,1857,1896-09-02,0.23330296166951137
8,1857,1896-09-09,0.2073673603426504
8,1857,1896-09-16,0.23878895865679733
8,1857,1896-09-23,0.2612136097367327
8,1857,1896-09-30,0.2791885008059147
8,1857,1896-10-07,0.22653367793656784
8,1857,1896-10-14,0.19513887551793085
8,1857,1896-10-21,0.2439614318341841
8,1857,1896-10-28,0.2980890082270319
8,1857,1896-11-04,0.3130076516301442
8,1857,1896-11-11,0.2598357760254808
8,1857,1896-11-18,0.21214635641835977
8,1857,1896-11-25,0.24466990632526653
8,1857,1896-12-02,0.43540585176584873
8,1857,1896-12-09,0.6116730709697907
8,1857,1896-12-16,0.6314744811582411
8,1857,1896-12-23,0.6409228092323713
8,1857,1896-12-30,0.7876185934364102
8,1857,1897-01-06,0.7338466537250774
8,1857,1897-01-13,0.7008413843193376
8,1857,1897-01-20,0.5774955380171428
8,1857,1897-01-27,0.26297968907678976
8,1857,1897-02-03,0.14243834277047257
8,1857,1897-02-10,0.13895734595925943
8,1857,1897-02-17,0.21994671818294728
8,1857,1897-02-24,0.3589466944060175
8,1857,1897-03-03,0.4763780392676121
8,1857,1897-03-10,0.45868206544727574
8,1857,1897-03-17,0.3312913548656826
8,1857,1897-03-24,0.33218563587112193
8,1857,1897-03-31,0.3596502217531802
8,1857,1897-04-07,0.4547640064827574
8,1857,1897-04-14,0.4154150000285492
8,1857,1897-04-21,0.48612602094067126
8,1857,1897-04-28,0.44449886234034824
8,1857,1897-05-05,0.2849169424323826
8,1857,1897-05-12,0.25018837775415065
8,1857,1897-05-19,0.14697835690054176
8,1857,1897-05-26,0.12434449351000712
8,1857,1897-06-02,0.15161100849890632
8,1857,1897-06-09,0.17673472698059667
8,1857,1897-06-16,0.2315214673002118
8,1857,1897-06-23,0.20512603583383493
8,1857,1897-06-30,0.3406524396189831
8,1857,1897-07-07,0.30268836623575396
8,1857,1897-07-14,0.20386157130695096
8,1857,1897-07-21,0.22046058707089153
8,1857,1897-07-28,0.19687695559161034
8,1857,1897-08-04,0.10857496681778712
8,1857,1897-08-11,0.2265455742074462
8,1857,1897-08-18,0.240359873490437
8,1857,1897-08-25,0.24061820444354848
8,1857,1897-09-01,0.3386562587185899
8,1857,1897-09-08,0.22376616221018164
8,1857,1897-09-15,0.2620104856208263
8,1857,1897-09-22,0.32224298534976187
8,1857,1897-09-29,0.36448358376265266
8,1857,1897-10-06,0.3454710216395199
8,1857,1897-10-13,0.30807471327379266
8,1857,1897-10-20,0.2545365509904906
8,1857,1897-10-27,0.2202027377196245
8,1857,1897-11-03,0.20395242092964666
8,1857,1897-11-10,0.11684392235008433
8,1857,1897-11-17,0.10174567835710756
8,1857,1897-11-24,0.3118586130183826
8,1857,1897-12-01,0.3187649998777857
8,1857,1897-12-08,0.6085696372053514
8,1857,1897-12-15,0.6864025143202231
8,1857,1897-12-22,0.44121434860299663
8,1857,1897-12-29,0.4634125953668691
8,1857,1898-01-05,0.36248658557541535
8,1857,1898-01-12,0.4812117097961743
8,1857,1898-01-19,0.3668822361292961
8,1857,1898-01-26,0.1529842161662284
8,1857,1898-02-02,0.11680115768421082
8,1857,1898-02-09,0.05419775445015227
8,1857,1898-02-16,0.11806386203173033
8,1857,1898-02-23,0.3214592077371307
8,1857,1898-03-02,0.4387352596916734
8,1857,1898-03-09,0.6337025953704092
8,1857,1898-03-16,0.5804600270651802
8,1857,1898-03-23,0.5883899021052496
8,1857,1898-03-30,0.5438108447086555
8,1857,1898-04-06,0.4201363771360505
8,1857,1898-04-13,0.5046366135154399
8,1857,1898-04-20,0.4399420924473121
8,1857,1898-04-27,0.43989926388977096
8,1857,1898-05-04,0.2934080119804236
8,1857,1898-05-11,0.2569861282792649
8,1857,1898-05-18,0.29232450972772206
8,1857,1898-05-25,0.3124648256017883
8,1857,1898-06-01,0.3911863360061873
8,1857,1898-06-08,0.5994563778198928
8,1857,1898-06-15,0.5404507168367249
8,1857,1898-06-22,0.6419789957551779
8,1857,1898-06-29,0.5807644550189351
8,1857,1898-07-06,0.5013070758053529
8,1857,1898-07-13,0.5595875453516369
8,1857,1898-07-20,0.5127169624540246
8,1857,1898-07-27,0.44388835091900475
8,1857,1898-08-03,0.404463416174123
8,1857,1898-08-10,0.2603767514031564
8,1857,1898-08-17,0.2387686259837835
8,1857,1898-08-24,0.2119310642385271
8,1857,1898-08-31,0.1945034521979011
8,1857,1898-09-07,0.20306859990149137
8,1857,1898-09-14,0.23045455487927977
8,1857,1898-09-21,0.32315587521133654
8,1857,1898-09-28,0.47302540553403477
8,1857,1898-10-05,0.4044175195998433
8,1857,1898-10-12,0.5303355308932259
8,1857,1898-10-19,0.5226537726464129
8,1857,1898-10-26,0.6400198526439483
8,1857,1898-11-02,0.4911666753078235
8,1857,1898-11-09,0.2895852323690702
8,1857,1898-11-16,0.3349287423758582
8,1857,1898-11-23,0.3718902713107058
8,1857,1898-11-30,0.4303606559392527
8,1857,1898-12-07,0.6753266028555167
8,1857,1898-12-14,0.7265560400151239
8,1857,1898-12-21,0.6136859889050459
8,1857,1898-12-28,0.6427191369643541
8,1857,1899-01-04,0.47752342628494127
8,1857,1899-01-11,0.32523255402868667
8,1857,1899-01-18,0.31902153357491847
8,1857,1899-01-25,0.15819667442891724
8,1857,1899-02-01,0.11080095836686674
8,1857,1899-02-08,0.06900816280383078
8,1857,1899-02-15,0.06756862412273501
8,1857,1899-02-22,0.1797114380012872
8,1857,1899-03-01,0.26451199045883295
8,1857,1899-03-08,0.5747692685800606
8,1857,1899-03-15,0.6059553742017575
8,1857,1899-03-22,0.5239465749459329
8,1857,1899-03-29,0.6244286881268575
8,1857,1899-04-05,0.4397601034399296
8,1857,1899-04-12,0.40869800485968244
8,1857,1899-04-19,0.357323996975002
8,1857,1899-04-26,0.293858806184674
8,1857,1899-05-03,0.09847342124536046
8,1857,1899-05-10,0.16537867506879858
8,1857,1899-05-17,0.20272833483081112
8,1857,1899-05-24,0.26606594393950495
8,1857,1899-05-31,0.5436667272310571
8,1857,1899-06-07,0.34027281125168857
8,1857,1899-06-14,0.3466586913505993
8,1857,1899-06-21,0.27461807544700245
8,1857,1899-06-28,0.3172857056511101
8,1857,1899-07-05,0.26598081129056234
8,1857,1899-07-12,0.31375263739490944
8,1857,1899-07-19,0.42546679983542307
8,1857,1899-07-26,0.4501268745442561
8,1857,1899-08-02,0.27544610498148797
8,1857,1899-08-09,0.36377069233654497
8,1857,1899-08-16,0.34730200776267783
8,1857,1899-08-23,0.4131342173472014
8,1857,1899-08-30,0.5126220827672762
8,1857,1899-09-06,0.3559401718501288
8,1857,1899-09-13,0.3801462837430386
8,1857,1899-09-20,0.40676600803610774
8,1857,1899-09-27,0.4352565099325901
8,1857,1899-10-04,0.5392602229622275
8,1857,1899-10-11,0.7386771208822471
8,1857,1899-10-18,0.686898935204566
8,1857,1899-10-25,0.6596971103795817
8,1857,1899-11-01,0.40442805834717754
8,1857,1899-11-08,0.13332011411199238
8,1857,1899-11-15,0.15942181589492194
8,1857,1899-11-22,0.2232364483980537
8,1857,1899-11-29,0.4074443052581788
8,1857,1899-12-06,0.7747552706515317
8,1857,1899-12-13,0.7288832621385621
8,1857,1899-12-20,0.7478273627994435
8,1857,1899-12-27,0.7291586512929534
8,1857,1900-01-03,0.7086062398326411
8,1857,1900-01-10,0.771083443817255
8,1857,1900-01-17,0.6458739672601581
8,1857,1900-01-24,0.2559280516348974
8,1857,1900-01-31,0.2089809120410207
8,1857,1900-02-07,0.19095359783845803
8,1857,1900-02-14,0.2537897937010028
8,1857,1900-02-21,0.46868435360963684
8,1857,1900-02-28,0.5468465161042892
8,1857,1900-03-07,0.6320376103769437
8,1857,1900-03-14,0.8716014512226479
8,1857,1900-03-21,0.8067694000363044
8,1857,1900-03-28,0.8012619052649472
8,1857,1900-04-04,0.6494049108932711
8,1857,1900-04-11,0.587527975643292
8,1857,1900-04-18,0.5523366237554732
8,1857,1900-04-25,0.6960739320561716
8,1857,1900-05-02,0.5881248428173276
8,1857,1900-05-09,0.5003074691849818
8,1857,1900-05-16,0.46127929071847346
8,1857,1900-05-23,0.2611740884392539
8,1857,1900-05-30,0.2454877046013352
8,1857,1900-06-06,0.2541649625567901
8,1857,1900-06-13,0.43879680903628454
8,1857,1900-06-20,0.43621330192120095
8,1857,1900-06-27,0.420364730125692
8,1857,1900-07-04,0.3499304766269796
8,1857,1900-07-11,0.3504789383566619
8,1857,1900-07-18,0.3560427796154133
8,1857,1900-07-25,0.3754690758015629
8,1857,1900-08-01,0.39824393405936137
8,1857,1900-08-08,0.18988804101203022
8,1857,1900-08-15,0.21399035788362408
8,1857,1900-08-22,0.2906801950835952
8,1857,1900-08-29,0.2664282673990548
8,1857,1900-09-05,0.33768090366844894
8,1857,1900-09-12,0.33733414326945327
8,1857,1900-09-19,0.34816605926994626
8,1857,1900-09-26,0.5587454297801551
8,1857,1900-10-03,0.6434020783259612
8,1857,1900-10-10,0.8391506360348513
8,1857,1900-10-17,0.8943624035272627
8,1857,1900-10-24,0.8592153298519286
8,1857,1900-10-31,0.7436522440140908
8,1857,1900-11-07,0.21517332069430833
8,1857,1900-11-14,0.09073561233384077
8,1857,1900-11-21,0.061720206704704295
8,1857,1900-11-28,0.04433048148427015
8,1857,1900-12-05,0.26338323372071315
8,1857,1900-12-12,0.5610948646046546
8,1857,1900-12-19,0.5665557137751649
8,1857,1900-12-24,0.6456704708051206
8,1857,1901-01-02,0.6676995499589067
8,1857,1901-01-09,0.5537696486070574
8,1857,1901-01-16,0.6370788781424374
8,1857,1901-01-23,0.39746123222555996
8,1857,1901-01-30,0.23481098080329552
8,1857,1901-02-06,0.1251197853588756
8,1857,1901-02-13,0.3390274383924004
8,1857,1901-02-20,0.5152701915315756
8,1857,1901-02-27,0.7680142791630677
8,1857,1901-03-06,0.8743436013141445
8,1857,1901-03-13,0.8603692356643737
8,1857,1901-03-20,0.7835413084178585
8,1857,1901-03-27,0.8119844328385982
8,1857,1901-04-03,0.5682262502883578
8,1857,1901-04-10,0.6185185795192356
8,1857,1901-04-17,0.5010599832334605
8,1857,1901-04-24,0.4122704453918222
8,1857,1901-05-01,0.4292650611712902
8,1857,1901-05-08,0.25053081405732663
8,1857,1901-05-15,0.34588519777416643
8,1857,1901-05-22,0.35457282150202135
8,1857,1901-05-29,0.3861874588066714
8,1857,1901-06-05,0.36398520373522086
8,1857,1901-06-12,0.43089042308119785
8,1857,1901-06-19,0.17168508133783622
8,1857,1901-06-26,0.32061826959507417
8,1857,1901-07-03,0.5004467210785302
8,1857,1901-07-10,0.39145152749564743
8,1857,1901-07-17,0.5188008210458898
8,1857,1901-07-24,0.34983707603649444
8,1857,1901-07-31,0.3021091405544522
8,1857,1901-08-07,0.13554589815658113
8,1857,1901-08-14,0.1551858420540597
8,1857,1901-08-21,0.15339582712701744
8,1857,1901-08-28,0.19614796473599097
8,1857,1901-09-04,0.21698514486208015
8,1857,1901-09-11,0.26678406807312127
8,1857,1901-09-18,0.36614526302570116
8,1857,1901-09-25,0.2826987627370118
8,1857,1901-10-02,0.3493532450798279
8,1857,1901-10-09,0.36254855182446294
8,1857,1901-10-16,0.3691260199361421
8,1857,1901-10-23,0.3421464201166347
8,1857,1901-10-30,0.4004026230037205
8,1857,1901-11-06,0.2813116785528247
8,1857,1901-11-13,0.2788121066262693
8,1857,1901-11-20,0.33068103587101116
8,1857,1901-11-27,0.3588791522982324
8,1857,1901-12-04,0.3901161698609527
8,1857,1901-12-11,0.5167137553205245
8,1857,1901-12-18,0.44530586532576827
8,1857,1901-12-24,0.5221996175482538
8,1857,1902-01-01,0.8648379982558619
8,1857,1902-01-08,0.661614524296404
8,1857,1902-01-15,0.5185433910484835
8,1857,1902-01-22,0.3569509702897102
8,1857,1902-01-29,0.1301057433325797
8,1857,1902-02-05,0.0420101128552132
8,1857,1902-02-12,0.13048530546464387
8,1857,1902-02-19,0.2698930671544435
8,1857,1902-02-26,0.6755613815403887
8,1857,1902-03-05,0.7449169988674428
8,1857,1902-03-12,0.8182338582033676
8,1857,1902-03-19,0.7611950302012629
8,1857,1902-03-26,0.6701485941668779
8,1857,1902-04-02,0.6374706333626478
8,1857,1902-04-09,0.5131530819345229
8,1857,1902-04-16,0.3806076276221041
8,1857,1902-04-23,0.3678479349678912
8,1857,1902-04-30,0.24407254335225856
8,1857,1902-05-07,0.20208018711237585
8,1857,1902-05-14,0.3219507622556197
8,1857,1902-05-21,0.39423959921484136
8,1857,1902-05-28,0.696892627099732
8,1857,1902-06-04,0.3458914889461002
8,1857,1902-06-11,0.30638328398722203
8,1857,1902-06-18,0.19785359683079623
8,1857,1902-06-25,0.3230524428409415
8,1857,1902-07-02,0.4829687645845399
8,1857,1902-07-09,0.3086987496516096
8,1857,1902-07-16,0.41052700397398195
8,1857,1902-07-23,0.38358552760606535
8,1857,1902-07-30,0.18699425090434899
8,1857,1902-08-06,0.09678760790377337
8,1857,1902-08-13,0.17787862554824002
8,1857,1902-08-20,0.21928507548218434
8,1857,1902-08-27,0.48132859970114916
8,1857,1902-09-03,0.3276851748499034
8,1857,1902-09-10,0.3214469164548907
8,1857,1902-09-17,0.2506845089644893
8,1857,1902-09-24,0.30544939356930223
8,1857,1902-10-01,0.3613136178273471
8,1857,1902-10-08,0.46665228407622356
8,1857,1902-10-15,0.4826561604421837
8,1857,1902-10-22,0.4443816901135267
8,1857,1902-10-29,0.4280724699239277
8,1857,1902-11-05,0.10443931488513993
8,1857,1902-11-12,0.07975005628898421
8,1857,1902-11-19,0.09538273752507298
8,1857,1902-11-26,0.15008945452453928
8,1857,1902-12-03,0.3991410744720408
8,1857,1902-12-10,0.5528676846091386
8,1857,1902-12-17,0.4476353007216899
8,1857,1902-12-24,0.4215999022403629
8,1857,1902-12-31,0.7362885162938626
8,1857,1903-01-07,0.47280303462908113
8,1857,1903-01-14,0.4648066379044719
8,1857,1903-01-21,0.426964189209205
8,1857,1903-01-28,0.135336811694647
8,1857,1903-02-04,0.06403929131007755
8,1857,1903-02-11,0.16938517821864837
8,1857,1903-02-18,0.38896888265048307
8,1857,1903-02-25,0.6650306118398479
8,1857,1903-03-04,0.8587419755760581
8,1857,1903-03-11,0.8618796917556936
8,1857,1903-03-18,0.8158150213435555
8,1857,1903-03-25,0.8021385133798461
8,1857,1903-04-01,0.6553331922814235
8,1857,1903-04-08,0.4041652602112182
8,1857,1903-04-15,0.38419420286516265
8,1857,1903-04-22,0.48034942081221826
8,1857,1903-04-29,0.4355376208809247
8,1857,1903-05-06,0.2835263516199168
8,1857,1903-05-13,0.7425103325855534
8,1857,1903-05-20,0.1409140003671445
8,1857,1903-05-27,0.3727403100350395
8,1857,1903-06-03,0.4112008743441987
8,1857,1903-06-10,0.3970688434675859
8,1857,1903-06-17,0.09200493425657369
8,1857,1903-06-24,0.3041473249224968
8,1857,1903-07-01,0.4504338046664442
8,1857,1903-07-08,0.3165944673714717
8,1857,1903-07-15,0.7470255014302176
8,1857,1903-07-22,0.34035138512521984
8,1857,1903-07-29,0.2850594857834078
8,1857,1903-08-05,0.10674625097485804
8,1857,1903-08-12,0.25194674849662974
8,1857,1903-08-19,0.18856070103219164
8,1857,1903-08-26,0.23230525167741514
8,1857,1903-09-02,0.38253815346301107
8,1857,1903-09-09,0.20009380029079676
8,1857,1903-09-16,0.2695587241129776
8,1857,1903-09-23,0.1600386693744828
8,1857,1903-09-30,0.22832111600007096
8,1857,1903-10-07,0.25612603720505467
8,1857,1903-10-14,0.38562595960229823
8,1857,1903-10-21,0.759775622678181
8,1857,1903-10-28,0.7435698801701629
8,1857,1903-11-04,0.273617708323611
8,1857,1903-11-11,0.14493164795821997
8,1857,1903-11-18,0.08335162249373793
8,1857,1903-11-25,0.10067895914772641
8,1857,1903-12-02,0.4316440311466147
8,1857,1903-12-09,0.600680259354323
8,1857,1903-12-16,0.5939377672910736
8,1857,1903-12-23,0.5871100356281496
8,1857,1903-12-30,0.6373301024911608
8,1857,1904-01-06,0.20530574515605868
8,1857,1904-01-13,0.186259113049278
8,1857,1904-01-20,0.1059291274850963
8,1857,1904-01-27,0.03173110010118168
8,1857,1904-02-03,0.046922875323854425
8,1857,1904-02-10,0.11488650377468794
8,1857,1904-02-17,0.2660101295327325
8,1857,1904-02-24,0.4978443017518197
8,1857,1904-03-02,0.6612555675006392
8,1857,1904-03-09,0.6384005917629725
8,1857,1904-03-16,0.5347978379131797
8,1857,1904-03-23,0.5566386479705798
8,1857,1904-03-30,0.46244317214407094
8,1857,1904-04-06,0.544569829657032
8,1857,1904-04-13,0.5450142509286282
8,1857,1904-04-20,0.5876713435358665
8,1857,1904-04-27,0.39920467111092633
8,1857,1904-05-04,0.1984734847345821
8,1857,1904-05-11,0.19118130982524328
8,1857,1904-05-18,0.23748828131731461
8,1857,1904-05-25,0.28812760485370825
8,1857,1904-06-01,0.5130303212798909
8,1857,1904-06-08,0.49929852605058145
8,1857,1904-06-15,0.38389544853914986
8,1857,1904-06-22,0.2031088332790399
8,1857,1904-06-29,0.34515904463480124
8,1857,1904-07-06,0.24068503078645548
8,1857,1904-07-13,0.31161514772225796
8,1857,1904-07-20,0.3937391118954776
8,1857,1904-07-27,0.42916029165783043
8,1857,1904-08-03,0.19407922069490038
8,1857,1904-08-10,0.2763635657741991
8,1857,1904-08-17,0.2195156161860316
8,1857,1904-08-24,0.24346959030917117
8,1857,1904-08-31,0.3567148942562593
8,1857,1904-09-07,0.2596959593188898
8,1857,1904-09-14,0.2800295870661956
8,1857,1904-09-21,0.2983087277026343
8,1857,1904-09-28,0.39101389070255105
8,1857,1904-10-05,0.21369272622030486
8,1857,1904-10-12,0.2909238152442571
8,1857,1904-10-19,0.3011951414089441
8,1857,1904-10-26,0.2805951061565676
8,1857,1904-11-02,0.25809249272497686
8,1857,1904-11-09,0.10415441480298052
8,1857,1904-11-16,0.10838294075967146
8,1857,1904-11-23,0.1490486786313752
8,1857,1904-11-30,0.12925313165898536
8,1857,1904-12-07,0.3259555390527371
8,1857,1904-12-14,0.2136725002148896
8,1857,1904-12-21,0.1486326962900314
8,1857,1904-12-28,0.22014544584972318
8,1857,1905-01-04,0.2485810301979123
8,1857,1905-01-11,0.2234664982948453
8,1857,1905-01-18,0.10128975932198725
8,1857,1905-01-25,0.058660259696430475
8,1857,1905-02-01,0.06436957943757295
8,1857,1905-02-08,0.03896749865796456
8,1857,1905-02-15,0.12405819550536148
8,1857,1905-02-22,0.21562633681753482
8,1857,1905-03-01,0.3568534695524826
8,1857,1905-03-08,0.6283235171231408
8,1857,1905-03-15,0.6343077684773291
8,1857,1905-03-22,0.6716906946490127
8,1857,1905-03-29,0.600074683764218
8,1857,1905-04-05,0.3568398441220318
8,1857,1905-04-12,0.33082239258908636
8,1857,1905-04-19,0.1425209189835596
8,1857,1905-04-26,0.22429941710041962
8,1857,1905-05-03,0.17849436203318367
8,1857,1905-05-10,0.18351990725897893
8,1857,1905-05-17,0.21088580341687008
8,1857,1905-05-24,0.13010037573689276
8,1857,1905-05-31,0.16133918082936927
8,1857,1905-06-07,0.13029161112553925
8,1857,1905-06-14,0.16416272622830805
8,1857,1905-06-21,0.21393465159292044
8,1857,1905-06-28,0.28966715046658936
8,1857,1905-07-05,0.3581642854679684
8,1857,1905-07-12,0.3163281145270179
8,1857,1905-07-19,0.21712815558275556
8,1857,1905-07-26,0.21038560638364007
8,1857,1905-08-02,0.12616362261856767
8,1857,1905-08-09,0.092218440355408
8,1857,1905-08-16,0.17342632750831014
8,1857,1905-08-23,0.16215964139278274
8,1857,1905-08-30,0.1679785754486882
8,1857,1905-09-06,0.22172838928530592
8,1857,1905-09-13,0.17441745730873162
8,1857,1905-09-20,0.20716257927679993
8,1857,1905-09-27,0.2741430476707905
8,1857,1905-10-04,0.2443190643219365
8,1857,1905-10-11,0.3666604221762993
8,1857,1905-10-18,0.5370823555849822
8,1857,1905-10-25,0.46089897384248874
8,1857,1905-11-01,0.40191519370571593
8,1857,1905-11-08,0.3780901826917981
8,1857,1905-11-15,0.4387077064128188
8,1857,1905-11-22,0.5407803548586582
8,1857,1905-11-29,0.436242410980794
8,1857,1905-12-06,0.4378440094127546
8,1857,1905-12-13,0.2935904788714981
8,1857,1905-12-20,0.3450700890378428
8,1857,1905-12-27,0.4918292022742203
8,1857,1906-01-03,0.5765782249228368
8,1857,1906-01-10,0.45439363965674756
8,1857,1906-01-17,0.5059516914388843
8,1857,1906-01-24,0.33766643540180913
8,1857,1906-01-31,0.1626027457319605
8,1857,1906-02-07,0.1832691689727792
8,1857,1906-02-14,0.2832005621291084
8,1857,1906-02-21,0.5251339032774788
8,1857,1906-02-28,0.48970556399278437
8,1857,1906-03-07,0.5769275442736045
8,1857,1906-03-14,0.7918929174844983
8,1857,1906-03-21,0.3417843312034724
8,1857,1906-03-28,0.4699358297009559
8,1857,1906-04-04,0.3116480540410869
8,1857,1906-04-11,0.2096462465446045
8,1857,1906-04-18,0.28467316255495917
8,1857,1906-04-25,0.4633015102863053
8,1857,1906-05-02,0.44678642203010943
8,1857,1906-05-09,0.3377703627640338
8,1857,1906-05-16,0.236167828182926
8,1857,1906-05-23,0.2810803002768165
8,1857,1906-05-30,0.17203085924850126
8,1857,1906-06-06,0.19233980997458594
8,1857,1906-06-13,0.24024775687360506
8,1857,1906-06-20,0.2697190779026456
8,1857,1906-06-27,0.4477449790644019
8,1857,1906-07-04,0.501052369421599
8,1857,1906-07-11,0.44501150023870384
8,1857,1906-07-18,0.48322492857235777
8,1857,1906-07-25,0.5226197893219793
8,1857,1906-08-01,0.41259583653010706
8,1857,1906-08-08,0.2497885099874092
8,1857,1906-08-15,0.38501037084089407
8,1857,1906-08-22,0.3273385715734122
8,1857,1906-08-29,0.30934083339018614
8,1857,1906-09-05,0.38993761525419696
8,1857,1906-09-12,0.24654533599698236
8,1857,1906-09-19,0.4827014483024694
8,1857,1906-09-26,0.4812861625859989
8,1857,1906-10-03,0.524676220274272
8,1857,1906-10-10,0.5439885203776791
8,1857,1906-10-17,0.46691798546584845
8,1857,1906-10-24,0.6115834081403889
8,1857,1906-10-31,0.44052072720766516
8,1857,1906-11-07,0.2652754689484915
8,1857,1906-11-14,0.19349275956049697
8,1857,1906-11-21,0.21324607057688064
8,1857,1906-11-28,0.415221936507018
8,1857,1906-12-05,0.4193890182492998
8,1857,1906-12-12,0.6268681637748055
8,1857,1906-12-19,0.5047973706160253
8,1857,1906-12-24,0.620505271009826
8,1857,1907-01-02,0.8905827651026106
8,1857,1907-01-09,0.7502338066945883
8,1857,1907-01-16,0.8110328344656862
8,1857,1907-01-23,0.5830920815019449
8,1857,1907-01-30,0.2462401060128658
8,1857,1907-02-06,0.16974435898013052
8,1857,1907-02-13,0.21310389336210994
8,1857,1907-02-20,0.6388250980927295
8,1857,1907-02-27,0.753554432297558
8,1857,1907-03-06,0.8452098456687779
8,1857,1907-03-13,0.8438282289540471
8,1857,1907-03-20,0.7137025629885282
8,1857,1907-03-27,0.3741016994510461
8,1857,1907-04-03,0.4117085089221686
8,1857,1907-04-10,0.3797069890672221
8,1857,1907-04-17,0.33084676949562714
8,1857,1907-04-24,0.39149723374640616
8,1857,1907-05-01,0.2230147916747457
8,1857,1907-05-08,0.26742260261384254
8,1857,1907-05-15,0.32279092136806076
8,1857,1907-05-22,0.455867353059913
8,1857,1907-05-29,0.5775875693757584
8,1857,1907-06-05,0.4478382532558098
8,1857,1907-06-12,0.4871398859102622
8,1857,1907-06-19,0.4501464258449207
8,1857,1907-06-26,0.46885971073147614
8,1857,1907-07-03,0.6078925926887697
8,1857,1907-07-10,0.5094619485267952
8,1857,1907-07-17,0.4261082280671025
8,1857,1907-07-24,0.3804191779312911
8,1857,1907-07-31,0.21901977441306833
8,1857,1907-08-07,0.15726878702256875
8,1857,1907-08-14,0.31335868594526683
8,1857,1907-08-21,0.36065958174868573
8,1857,1907-08-28,0.5117945154602208
8,1857,1907-09-04,0.5513041861804295
8,1857,1907-09-11,0.4614580031491991
8,1857,1907-09-18,0.5549558775219561
8,1857,1907-09-25,0.47435152204481623
8,1857,1907-10-02,0.5069795305067629
8,1857,1907-10-09,0.5798046245424616
8,1857,1907-10-16,0.5679574049766627
8,1857,1907-10-23,0.6327246573007885
8,1857,1907-10-30,0.5071088000822223
8,1857,1907-11-06,0.43756506657395894
8,1857,1907-11-13,0.5790350198353268
8,1857,1907-11-20,0.5505654651625151
8,1857,1907-11-27,0.5521442790923585
8,1857,1907-12-04,0.2614462643063688
8,1857,1907-12-11,0.3054162247981343
8,1857,1907-12-18,0.3042510178793159
8,1857,1907-12-24,0.37919097043603717
8,1857,1908-01-01,0.9203095127995501
8,1857,1908-01-08,0.8543249530878718
8,1857,1908-01-15,0.8315205190398295
8,1857,1908-01-22,0.7509288257745969
8,1857,1908-01-29,0.28063177933451927
8,1857,1908-02-05,0.12621031750379844
8,1857,1908-02-12,0.4105365221659792
8,1857,1908-02-19,0.6382586947949098
8,1857,1908-02-26,0.750584423556302
8,1857,1908-03-04,0.7710997415484631
8,1857,1908-03-11,0.6936893149125433
8,1857,1908-03-18,0.5019878131796595
8,1857,1908-03-25,0.5068142444256392
8,1857,1908-04-01,0.37814393976535443
8,1857,1908-04-08,0.24900407102634176
8,1857,1908-04-15,0.1924398273920204
8,1857,1908-04-22,0.3149547545689185
8,1857,1908-04-29,0.26942362285592536
8,1857,1908-05-06,0.26006783827281704
8,1857,1908-05-13,0.23247733421327976
8,1857,1908-05-20,0.15069679807868677
8,1857,1908-05-27,0.18986636767435663
8,1857,1908-06-03,0.1690208569148483
8,1857,1908-06-10,0.15448322614663126
8,1857,1908-06-17,0.19016490218271617
8,1857,1908-06-24,0.17151909451190986
8,1857,1908-07-01,0.2216000423477668
8,1857,1908-07-08,0.17296884794245496
8,1857,1908-07-15,0.1593868155950225
8,1857,1908-07-22,0.16997723268060502
8,1857,1908-07-29,0.1775466149655727
8,1857,1908-08-05,0.10607526546079066
8,1857,1908-08-12,0.20460953793338335
8,1857,1908-08-19,0.1912380045026584
8,1857,1908-08-26,0.13757761169917596
8,1857,1908-09-02,0.18831110365952308
8,1857,1908-09-09,0.10773985283870963
8,1857,1908-09-16,0.134988512742545
8,1857,1908-09-23,0.19364506258736855
8,1857,1908-09-30,0.18713894501135964
8,1857,1908-10-07,0.2151856250731809
8,1857,1908-10-14,0.23078870646289776
8,1857,1908-10-21,0.21820239216714504
8,1857,1908-10-28,0.1934826362635709
8,1857,1908-11-04,0.16105378717626334
8,1857,1908-11-11,0.1320687025653585
8,1857,1908-11-18,0.11446968075493286
8,1857,1908-11-25,0.13596857212076713
8,1857,1908-12-02,0.245406727197205
8,1857,1908-12-09,0.3208511399965898
8,1857,1908-12-16,0.30572203129967823
8,1857,1908-12-23,0.34605639298086527
8,1857,1908-12-30,0.6420345431917771
8,1857,1909-01-06,0.611358852110981
8,1857,1909-01-13,0.42329985667299636
8,1857,1909-01-20,0.1689529150175357
8,1857,1909-01-27,0.04864985032188202
8,1857,1909-02-03,0.021831361175550325
8,1857,1909-02-10,0.04883573192878905
8,1857,1909-02-17,0.10980501732629416
8,1857,1909-02-24,0.30156672000242596
8,1857,1909-03-03,0.4284935775360874
8,1857,1909-03-10,0.41161080692391666
8,1857,1909-03-17,0.32927646444973285
8,1857,1909-03-24,0.3966032615269941
8,1857,1909-03-31,0.3575656967790157
8,1857,1909-04-07,0.24505414984666574
8,1857,1909-04-14,0.30484845939910626
8,1857,1909-04-21,0.255145394697178
8,1857,1909-04-28,0.22794685996736763
8,1857,1909-05-05,0.24680622595059984
8,1857,1909-05-12,0.13592375458585707
8,1857,1909-05-19,0.1643576377705452
8,1857,1909-05-26,0.17965322547007953
8,1857,1909-06-02,0.18528956141899877
8,1857,1909-06-09,0.29576162183437454
8,1857,1909-06-16,0.27094674866669666
8,1857,1909-06-23,0.20196812551959517
8,1857,1909-06-30,0.36951377599703783
8,1857,1909-07-07,0.40491620414070156
8,1857,1909-07-14,0.2168849265925535
8,1857,1909-07-21,0.24465528237561623
8,1857,1909-07-28,0.24269323367994217
8,1857,1909-08-04,0.1254942843580229
8,1857,1909-08-11,0.2688772615930736
8,1857,1909-08-18,0.2721466800423199
8,1857,1909-08-25,0.2281727853009796
8,1857,1909-09-01,0.3676672532556473
8,1857,1909-09-08,0.20379274254929133
8,1857,1909-09-15,0.17776004760816227
8,1857,1909-09-22,0.1979618656623945
8,1857,1909-09-29,0.20212028869979703
8,1857,1909-10-06,0.21334445360774293
8,1857,1909-10-13,0.3002290451515114
8,1857,1909-10-20,0.4144664044025547
8,1857,1909-10-27,0.43243714244407994
8,1857,1909-11-03,0.3787641202340952
8,1857,1909-11-10,0.21282510616816896
8,1857,1909-11-17,0.1839733275664129
8,1857,1909-11-24,0.33870950672746464
8,1857,1909-12-01,0.39445011645273326
8,1857,1909-12-08,0.6495246038274384
8,1857,1909-12-15,0.7611356003656898
8,1857,1909-12-22,0.6514754796110857
8,1857,1909-12-29,0.9088626016037399
8,1857,1910-01-05,0.8861445082100049
8,1857,1910-01-12,0.7841724049278744
8,1857,1910-01-19,0.3013449900939311
8,1857,1910-01-26,0.03577252395326926
8,1857,1910-02-02,0.011208930492135194
8,1857,1910-02-09,0.02097207119872028
8,1857,1910-02-16,0.07937120235908757
8,1857,1910-02-23,0.41508525085551884
8,1857,1910-03-02,0.6060782635108553
8,1857,1910-03-09,0.5871532815138334
8,1857,1910-03-16,0.3499985235331351
8,1857,1910-03-23,0.36425816329318356
8,1857,1910-03-30,0.3899630680780585
8,1857,1910-04-06,0.3024432532391629
8,1857,1910-04-13,0.34521841629048844
8,1857,1910-04-20,0.25231949692149336
8,1857,1910-04-27,0.2126939973731022
8,1857,1910-05-04,0.23918132259409242
8,1857,1910-05-11,0.06979674067721858
8,1857,1910-05-18,0.09860879479061674
8,1857,1910-05-25,0.41373558484584705
8,1857,1910-06-01,0.48646431782673016
8,1857,1910-06-08,0.7103883078219406
8,1857,1910-06-15,0.6347739857182185
8,1857,1910-06-22,0.354228765430206
8,1857,1910-06-29,0.38821643388859867
8,1857,1910-07-06,0.46025390550715606
8,1857,1910-07-13,0.3564878688725232
8,1857,1910-07-20,0.20833307069385612
8,1857,1910-07-27,0.15850319687089515
8,1857,1910-08-03,0.0627800896310195
8,1857,1910-08-10,0.16876760238952326
8,1857,1910-08-17,0.23510808941845746
8,1857,1910-08-24,0.31428396517870966
8,1857,1910-08-31,0.4166624517608487
8,1857,1910-09-07,0.25167765097687117
8,1857,1910-09-14,0.28744471201580724
8,1857,1910-09-21,0.29853995592151883
8,1857,1910-09-28,0.2889765064845465
8,1857,1910-10-05,0.3236515711558549
8,1857,1910-10-12,0.4291385273791383
8,1857,1910-10-19,0.3795062168951555
8,1857,1910-10-26,0.468706081656872
8,1857,1910-11-02,0.5378605827978725
8,1857,1910-11-09,0.4713321249632199
8,1857,1910-11-16,0.35677957869112875
8,1857,1910-11-23,0.32695398643634627
8,1857,1910-11-30,0.41482895292055655
8,1857,1910-12-07,0.6133121333042788
8,1857,1910-12-14,0.6513152703048775
8,1857,1910-12-21,0.5999685028287517
8,1857,1910-12-28,0.7169846454251783
8,1857,1911-01-04,0.6518836213851551
8,1857,1911-01-11,0.31856930013627194
8,1857,1911-01-18,0.24838183598948724
8,1857,1911-01-25,0.1021754241706018
8,1857,1911-02-01,0.0454863551049078
8,1857,1911-02-08,0.04874338445374954
8,1857,1911-02-15,0.19510259851042497
8,1857,1911-02-22,0.42487849776914827
8,1857,1911-03-01,0.5964577419953153
8,1857,1911-03-08,0.6545658314113522
8,1857,1911-03-15,0.5222048922321675
8,1857,1911-03-22,0.4836478780656788
8,1857,1911-03-29,0.4309205770696577
8,1857,1911-04-05,0.37987496666710363
8,1857,1911-04-12,0.48394046044925565
8,1857,1911-04-19,0.5089173760875866
8,1857,1911-04-26,0.30007464951798235
8,1857,1911-05-03,0.24902048274878094
8,1857,1911-05-10,0.16418235754400173
8,1857,1911-05-17,0.10272592650538546
8,1857,1911-05-24,0.19986337727458808
8,1857,1911-05-31,0.19224903397584517
8,1857,1911-06-07,0.20995717091470362
8,1857,1911-06-14,0.3076426153149387
8,1857,1911-06-21,0.29742145070090525
8,1857,1911-06-28,0.4526323662077962
8,1857,1911-07-05,0.5456042739342863
8,1857,1911-07-12,0.6246621811976686
8,1857,1911-07-19,0.35347474785175315
8,1857,1911-07-26,0.31984085434345433
8,1857,1911-08-02,0.14779826759456324
8,1857,1911-08-09,0.1252380008132474
8,1857,1911-08-16,0.29046337583385984
8,1857,1911-08-23,0.2543836832153694
8,1857,1911-08-30,0.42080600405689583
8,1857,1911-09-06,0.2942009551497852
8,1857,1911-09-13,0.16720959123366136
8,1857,1911-09-20,0.19986681418382296
8,1857,1911-09-27,0.20860424596554464
8,1857,1911-10-04,0.3141141024963286
8,1857,1911-10-11,0.4422614528976245
8,1857,1911-10-18,0.411476582277354
8,1857,1911-10-25,0.3711771587161371
8,1857,1911-11-01,0.25765429612750107
8,1857,1911-11-08,0.18155593201198866
8,1857,1911-11-15,0.25071446846921225
8,1857,1911-11-22,0.24565193617394104
8,1857,1911-11-29,0.24397077549799043
8,1857,1911-12-06,0.3414915771075996
8,1857,1911-12-13,0.2094853203876438
8,1857,1911-12-20,0.2894426926084022
8,1857,1911-12-27,0.5920873334171951
8,1857,1912-01-03,0.9008578594740453
8,1857,1912-01-10,0.7337694917954326
8,1857,1912-01-17,0.34288363423133084
8,1857,1912-01-24,0.1202112034283519
8,1857,1912-01-31,0.05413108812458774
8,1857,1912-02-07,0.09144839014669422
8,1857,1912-02-14,0.22498954090701045
8,1857,1912-02-21,0.4864416289907232
8,1857,1912-02-28,0.6370425031748095
8,1857,1912-03-06,0.5590683929912208
8,1857,1912-03-13,0.5424393007510236
8,1857,1912-03-20,0.49688015415686343
8,1857,1912-03-27,0.38073300883890177
8,1857,1912-04-03,0.29140550727008824
8,1857,1912-04-10,0.3960701504692523
8,1857,1912-04-17,0.2846385938311259
8,1857,1912-04-24,0.3066435486828454
8,1857,1912-05-01,0.2616835886967863
8,1857,1912-05-08,0.17208582895468744
8,1857,1912-05-15,0.2800779837972715
8,1857,1912-05-22,0.32176603951879246
8,1857,1912-05-29,0.4468493688572746
8,1857,1912-06-05,0.5845194270116754
8,1857,1912-06-12,0.5262762726237777
8,1857,1912-06-19,0.4457589666194541
8,1857,1912-06-26,0.40269874779257486
8,1857,1912-07-03,0.3984490405162426
8,1857,1912-07-10,0.46280357261680544
8,1857,1912-07-17,0.2302401296807723
8,1857,1912-07-24,0.21056005358171695
8,1857,1912-07-31,0.20709982725719783
8,1857,1912-08-07,0.12379655944284818
8,1857,1912-08-14,0.29586626921799947
8,1857,1912-08-21,0.2793787650037288
8,1857,1912-08-28,0.33760765541018106
8,1857,1912-09-04,0.3357093511086962
8,1857,1912-09-11,0.20441921907771826
8,1857,1912-09-18,0.2491565459072134
8,1857,1912-09-25,0.26077525556072945
8,1857,1912-10-02,0.25017548328514533
8,1857,1912-10-09,0.41504827641615133
8,1857,1912-10-16,0.4545264061197266
8,1857,1912-10-23,0.48130143613017623
8,1857,1912-10-30,0.5641868404792427
8,1857,1912-11-06,0.4332752348861809
8,1857,1912-11-13,0.4000224434510118
8,1857,1912-11-20,0.38107996375936803
8,1857,1912-11-27,0.4421806497550366
8,1857,1912-12-04,0.4491684571345888
8,1857,1912-12-11,0.4332551728231233
8,1857,1912-12-18,0.49334757287397024
8,1857,1912-12-24,0.5586982460319198
8,1857,1913-01-01,0.8500844126453202
8,1857,1913-01-08,0.6353856102856752
8,1857,1913-01-15,0.477921172531196
8,1857,1913-01-22,0.20998954548130094
8,1857,1913-01-29,0.07861723386395097
8,1857,1913-02-05,0.06333891542520904
8,1857,1913-02-12,0.42183895024279017
8,1857,1913-02-19,0.6894210481207523
8,1857,1913-02-26,0.7479371025478436
8,1857,1913-03-05,0.8065413599864715
8,1857,1913-03-12,0.7245908383723151
8,1857,1913-03-19,0.6613926107387096
8,1857,1913-03-26,0.791966252692202
8,1857,1913-04-02,0.5079258266309752
8,1857,1913-04-09,0.5219225055064352
8,1857,1913-04-16,0.4107541280071549
8,1857,1913-04-23,0.2822786535748701
8,1857,1913-04-30,0.2748685291689216
8,1857,1913-05-07,0.34517150177409944
8,1857,1913-05-14,0.5370389350112325
8,1857,1913-05-21,0.7232246639353959
8,1857,1913-05-28,0.6814888572696621
8,1857,1913-06-04,0.6355631728997014
8,1857,1913-06-11,0.5408333155621179
8,1857,1913-06-18,0.45371010725199823
8,1857,1913-06-25,0.5273746890660114
8,1857,1913-07-02,0.6997924807412116
8,1857,1913-07-09,0.8481210737958128
8,1857,1913-07-16,0.6408232464303628
8,1857,1913-07-23,0.5126724158641482
8,1857,1913-07-30,0.37258966848810676
8,1857,1913-08-06,0.14186872323514413
8,1857,1913-08-13,0.39181561387404285
8,1857,1913-08-20,0.40583060379422886
8,1857,1913-08-27,0.43703591066642056
8,1857,1913-09-03,0.5272951271597129
8,1857,1913-09-10,0.33343002884678186
8,1857,1913-09-17,0.37600200112726145
8,1857,1913-09-24,0.4219013539431976
8,1857,1913-10-01,0.4488925636946683
8,1857,1913-10-08,0.5422196153261359
8,1857,1913-10-15,0.6004576587729943
8,1857,1913-10-22,0.5892525425862117
8,1857,1913-10-29,0.42661306277633626
8,1857,1913-11-05,0.2886417236115503
8,1857,1913-11-12,0.1935881508184663
8,1857,1913-11-19,0.2212312657727104
8,1857,1913-11-26,0.41333248680946
8,1857,1913-12-03,0.5941599535394085
8,1857,1913-12-10,0.654022742115268
8,1857,1913-12-17,0.6314413251688881
8,1857,1913-12-24,0.5670533696505574
8,1857,1913-12-31,0.9201078503337883
8,1857,1914-01-07,0.9438698931587066
8,1857,1914-01-14,0.7118327900673818
8,1857,1914-01-21,0.3810572541190171
8,1857,1914-01-28,0.04165159235318644
8,1857,1914-02-04,0.009654489586337736
8,1857,1914-02-11,0.07997031491651257
8,1857,1914-02-18,0.17000628980571503
8,1857,1914-02-25,0.5369393184169379
8,1857,1914-03-04,0.7694167225435371
8,1857,1914-03-11,0.2812389084047443
8,1857,1914-03-18,0.18052693950750012
8,1857,1914-03-25,0.22028909478918854
8,1857,1914-04-01,0.24247485144373487
8,1857,1914-04-08,0.17708764892361803
8,1857,1914-04-15,0.1920205619895859
8,1857,1914-04-22,0.16220559740015147
8,1857,1914-04-29,0.13817036469473837
8,1857,1914-05-06,0.1117589470085156
8,1857,1914-05-13,0.08609507737653116
8,1857,1914-05-20,0.17108350821489476
8,1857,1914-05-27,0.26252773041455574
8,1857,1914-06-03,0.3750537392959778
8,1857,1914-06-10,0.5180281379151479
8,1857,1914-06-17,0.36882843715818375
8,1857,1914-06-24,0.30121777548832906
8,1857,1914-07-01,0.4592182680485886
8,1857,1914-07-08,0.4743010133523191
8,1857,1914-07-15,0.28115783251267795
8,1857,1914-07-22,0.3725926977968293
8,1857,1914-11-04,0.9810073387559117
8,1857,1914-11-11,0.98016174938555
8,1857,1914-11-18,0.991640724747227
8,1857,1914-11-25,0.9851461258414257
8,1857,1914-12-02,0.9871513069394298
8,1857,1914-12-09,0.9956328923335821
8,1857,1914-12-16,0.9937120938106527
8,1857,1914-12-23,0.9621241752895042
8,1857,1914-12-30,0.9205492454977162
8,1857,1915-01-06,0.7426899725451325
8,1857,1915-01-13,0.722785805479178
8,1857,1915-01-20,0.6381177468967665
8,1857,1915-01-27,0.6743466436003523
8,1857,1915-02-03,0.6387515020028663
8,1857,1915-02-10,0.3598970417268545
8,1857,1915-02-17,0.19526714966557604
8,1857,1915-02-24,0.26326899487188227
8,1857,1915-03-03,0.19164223037845082
8,1857,1915-03-10,0.15848390700757103
8,1857,1915-03-17,0.21331272029951542
8,1857,1915-03-24,0.13945678888234309
8,1857,1915-03-31,0.07224236285784034
8,1857,1915-04-07,0.045234285290734144
8,1857,1915-04-14,0.04092340049605982
8,1857,1915-04-21,0.05804807536630768
8,1857,1915-04-28,0.038773867646241196
8,1857,1915-05-05,0.034551400422099136
8,1857,1915-05-12,0.09414475485267902
8,1857,1915-05-19,0.055665694054117906
8,1857,1915-05-26,0.12848508570777006
8,1857,1915-06-02,0.15190205818790833
8,1857,1915-06-09,0.2144290546267375
8,1857,1915-06-16,0.30021083351023614
8,1857,1915-06-23,0.3092117263646835
8,1857,1915-06-30,0.3157472550432182
8,1857,1915-07-07,0.34575525622255615
8,1857,1915-07-14,0.3449756336761748
8,1857,1915-07-21,0.9456690555709992
8,1857,1915-07-28,0.21747080558082865
8,1857,1915-08-04,0.11256923391282074
8,1857,1915-08-11,0.0718386332637942
8,1857,1915-08-18,0.06916744625891764
8,1857,1915-08-25,0.29955241974871644
8,1857,1915-09-01,0.3225307423058564
8,1857,1915-09-08,0.4611625370430024
8,1857,1915-09-15,0.5358959112526767
8,1857,1915-09-22,0.1911632623050135
8,1857,1915-09-29,0.41794554799490236
8,1857,1915-10-06,0.10206351273500827
8,1857,1915-10-13,0.15689323315823314
8,1857,1915-10-20,0.14402740569691436
8,1857,1915-10-27,0.17178985852146642
8,1857,1915-11-03,0.35570225187907356
8,1857,1915-11-10,0.4479334945330104
8,1857,1915-11-17,0.5641843895400849
8,1857,1915-11-24,0.5662957141309469
8,1857,1915-12-01,0.44996770269972497
8,1857,1915-12-08,0.43278053883187323
8,1857,1915-12-15,0.33505291581750873
8,1857,1915-12-22,0.1783411988262182
8,1857,1915-12-29,0.2504968673136667
8,1857,1916-01-05,0.1435932906866771
8,1857,1916-01-12,0.21046633219168376
8,1857,1916-01-19,0.15618468438695407
8,1857,1916-01-26,0.2031798165963056
8,1857,1916-02-02,0.33616064102407334
8,1857,1916-02-09,0.45249856018007706
8,1857,1916-02-16,0.588983637113246
8,1857,1916-02-23,0.5630140636313906
8,1857,1916-03-01,0.4772136297259458
8,1857,1916-03-08,0.6586882830934435
8,1857,1916-03-15,0.6569615045002615
8,1857,1916-03-22,0.8131151753439483
8,1857,1916-03-29,0.7707128814454156
8,1857,1916-04-05,0.6646270235861803
8,1857,1916-04-12,0.6251019129601686
8,1857,1916-04-19,0.3502713567981187
8,1857,1916-04-26,0.4170180987527178
8,1857,1916-05-03,0.4481360447037187
8,1857,1916-05-10,0.3265262808624731
8,1857,1916-05-17,0.41505983528122403
8,1857,1916-05-24,0.38813376906962577
8,1857,1916-05-31,0.3468683889499308
8,1857,1916-06-07,0.6718025786180822
8,1857,1916-06-14,0.4197196944173217
8,1857,1916-06-21,0.3970254120032845
8,1857,1916-06-28,0.3834431018911136
8,1857,1916-07-05,0.22669245180650008
8,1857,1916-07-12,0.25773647394700955
8,1857,1916-07-19,0.2324486942384666
8,1857,1916-07-26,0.21749949682978503
8,1857,1916-08-02,0.17677670487809566
8,1857,1916-08-09,0.1252036696331814
8,1857,1916-08-16,0.2507692731157269
8,1857,1916-08-23,0.18960909870378653
8,1857,1916-08-30,0.43568333998295605
8,1857,1916-09-06,0.45546461580675907
8,1857,1916-09-13,0.48100935299263414
8,1857,1916-09-20,0.5098954460939908
8,1857,1916-09-27,0.44515975402355634
8,1857,1916-10-04,0.46455278411511275
8,1857,1916-10-11,0.40020551490223516
8,1857,1916-10-18,0.3880808323371275
8,1857,1916-10-25,0.4400260320319949
8,1857,1916-11-01,0.3896097100832258
8,1857,1916-11-08,0.4389034287354683
8,1857,1916-11-15,0.5473941598478551
8,1857,1916-11-22,0.7242244313576544
8,1857,1916-11-29,0.7454079883798078
8,1857,1916-12-06,0.8312325161750316
8,1857,1916-12-13,0.817917384106891
8,1857,1916-12-20,0.7708632252430515
8,1857,1916-12-27,0.7399369438429083
8,1866,1856-01-05,0.21360291543631482
8,1866,1856-01-12,0.11490343997938696
8,1866,1856-01-19,0.15919315475241896
8,1866,1856-01-26,0.19146099571742267
8,1866,1856-02-02,0.2525356855470651
8,1866,1856-02-09,0.22031084868562625
8,1866,1856-02-16,0.1121302553148972
8,1866,1856-02-23,0.16915325501934927
8,1866,1856-03-01,0.16578031705325386
8,1866,1856-03-08,0.33562069722904464
8,1866,1856-03-15,0.6430677055686219
8,1866,1856-03-22,0.6588377078451139
8,1866,1856-03-29,0.36696322580499824
8,1866,1856-04-05,0.08111892826449879
8,1866,1856-04-12,0.05539675400370819
8,1866,1856-04-19,0.08792674268250804
8,1866,1856-04-26,0.0923257855675221
8,1866,1856-05-03,0.06299265189843106
8,1866,1856-05-10,0.08188389970065499
8,1866,1856-05-17,0.08588810385805744
8,1866,1856-05-24,0.3659642809382942
8,1866,1856-05-31,0.28832860625688794
8,1866,1856-06-07,0.10418985172203213
8,1866,1856-06-14,0.25445520199822436
8,1866,1856-06-21,0.27918751274488357
8,1866,1856-06-28,0.7718789470471507
8,1866,1856-07-05,0.7791023544351755
8,1866,1856-07-12,0.4620012918049743
8,1866,1856-07-19,0.5234393531981225
8,1866,1856-07-26,0.49595669368090617
8,1866,1856-08-02,0.46187626531564485
8,1866,1856-08-09,0.37571787871095713
8,1866,1856-08-16,0.1928920625771339
8,1866,1856-08-23,0.28154340539505945
8,1866,1856-08-30,0.16285522782076894
8,1866,1856-09-06,0.23633086251146124
8,1866,1856-09-13,0.7507436083209799
8,1866,1856-09-20,0.8364652920704524
8,1866,1856-09-27,0.6165231763875963
8,1866,1856-10-04,0.014608912161766659
8,1866,1856-10-11,0.009107519895390269
8,1866,1856-10-18,0.0012743729702948288
8,1866,1856-10-25,0.008489452574086759
8,1866,1856-11-01,0.003629361378398872
8,1866,1856-11-08,0.04283864864733781
8,1866,1856-11-15,0.08624163265779418
8,1866,1856-11-22,0.09618553562400002
8,1866,1856-11-29,0.4162548113895347
8,1866,1856-12-06,0.4001360343703371
8,1866,1856-12-13,0.4735490706156377
8,1866,1856-12-20,0.7328877244020151
8,1866,1856-12-27,0.5607300234300783
8,1866,1857-01-03,0.5909632824486157
8,1866,1857-01-10,0.6499612186661087
8,1866,1857-01-17,0.5803762671012548
8,1866,1857-01-24,0.6702303290910506
8,1866,1857-01-31,0.38294774221023037
8,1866,1857-02-07,0.3045628748455071
8,1866,1857-02-14,0.2743900196616308
8,1866,1857-02-21,0.34088704760756344
8,1866,1857-02-28,0.4479675808478421
8,1866,1857-03-07,0.4804072899116431
8,1866,1857-03-14,0.6142576280940492
8,1866,1857-03-21,0.6923318045092347
8,1866,1857-03-28,0.47093958887480414
8,1866,1857-04-04,0.06884047926767582
8,1866,1857-04-11,0.047986607460918713
8,1866,1857-04-18,0.1986983141569959
8,1866,1857-04-25,0.19421315294994654
8,1866,1857-05-02,0.16894393303546118
8,1866,1857-05-09,0.18535646778086
8,1866,1857-05-16,0.11397375430633065
8,1866,1857-05-23,0.23884046321832728
8,1866,1857-05-30,0.3567169211078854
8,1866,1857-06-06,0.6263542178573119
8,1866,1857-06-13,0.8687881935520408
8,1866,1857-06-20,0.8675073440058089
8,1866,1857-06-27,0.7886600092784527
8,1866,1857-07-04,0.7923672406112982
8,1866,1857-07-11,0.6099660371630821
8,1866,1857-07-18,0.7438037629763957
8,1866,1857-07-25,0.6719660624657842
8,1866,1857-08-01,0.4034202757825333
8,1866,1857-08-08,0.49694774937768627
8,1866,1857-08-15,0.4031342213252083
8,1866,1857-08-22,0.5071139033667575
8,1866,1857-08-29,0.5535204416646107
8,1866,1857-09-05,0.4820053538700198
8,1866,1857-09-12,0.5435804411975174
8,1866,1857-09-19,0.565397248265839
8,1866,1857-09-26,0.5621162540855962
8,1866,1858-02-10,0.515158667586195
8,1866,1858-02-17,0.5855630235474281
8,1866,1858-02-24,0.2003890489718061
8,1866,1858-03-03,0.41923632244705406
8,1866,1858-03-10,0.482118104149635
8,1866,1858-03-17,0.49438660302045007
8,1866,1858-03-24,0.4113612331991181
8,1866,1858-03-31,0.2088019412530708
8,1866,1858-04-07,0.1731573853675387
8,1866,1858-04-14,0.12720051691729822
8,1866,1858-04-21,0.12427034116998892
8,1866,1858-04-28,0.09808587974396392
8,1866,1858-05-05,0.07752210521622074
8,1866,1858-05-12,0.07026465506863257
8,1866,1858-05-19,0.044086464417742596
8,1866,1858-05-26,0.03459822812894002
8,1866,1858-06-02,0.03826358363933937
8,1866,1858-06-09,0.05179789396423127
8,1866,1858-06-16,0.03752796141949987
8,1866,1858-06-23,0.03164546878736602
8,1866,1858-06-30,0.03628838574888955
8,1866,1858-07-07,0.23118748976160935
8,1866,1858-07-14,0.18085355737792827
8,1866,1858-07-21,0.12147834721842488
8,1866,1858-07-28,0.09713125158878891
8,1866,1858-08-04,0.05607164119210651
8,1866,1858-08-11,0.048432456687396326
8,1866,1858-08-18,0.047293312988862156
8,1866,1858-08-25,0.044515721438945305
8,1866,1858-09-01,0.052288396706387595
8,1866,1858-09-08,0.05809007905918449
8,1866,1858-09-15,0.07131419346958459
8,1866,1858-09-22,0.06180550279109153
8,1866,1858-09-29,0.04382678077133703
8,1866,1858-10-06,0.058622604305110695
8,1866,1858-10-13,0.05883640485519811
8,1866,1858-10-20,0.04903662989377428
8,1866,1858-10-27,0.056551603602027156
8,1866,1858-11-03,0.04344943743585826
8,1866,1858-11-10,0.04978937182022537
8,1866,1858-11-17,0.043027399281767284
8,1866,1858-11-24,0.028116192344826017
8,1866,1858-12-01,0.027935903060478412
8,1866,1858-12-08,0.029596312958038915
8,1866,1858-12-15,0.05122861373965703
8,1866,1858-12-22,0.05783792632704841
8,1866,1858-12-29,0.10938227476075178
8,1866,1859-01-05,0.2784001169546242
8,1866,1859-01-12,0.5430983371247137
8,1866,1859-01-19,0.13628314910030434
8,1866,1859-01-26,0.14019823706918144
8,1866,1859-02-02,0.10708914210381132
8,1866,1859-02-09,0.08753383416674189
8,1866,1859-02-16,0.06063441469011808
8,1866,1859-02-23,0.04730732051867835
8,1866,1859-03-02,0.04611544811788471
8,1866,1859-03-09,0.05705072093572319
8,1866,1859-03-16,0.06370198555218881
8,1866,1859-03-23,0.08812052900561715
8,1866,1859-03-30,0.09210118027663546
8,1866,1859-04-06,0.1565545853450525
8,1866,1859-04-13,0.22595780052488493
8,1866,1859-04-20,0.1049504345839424
8,1866,1859-04-27,0.09882027864832757
8,1866,1859-05-04,0.0995667772797292
8,1866,1859-05-11,0.41152829378552697
8,1866,1859-05-18,0.7420480730109446
8,1866,1859-05-25,0.6375393186140407
8,1866,1859-06-01,0.6553153165250156
8,1866,1859-06-08,0.5057323359175914
8,1866,1859-06-15,0.17581018831575848
8,1866,1859-06-22,0.1113031217369251
8,1866,1859-06-29,0.10887307467223267
8,1866,1859-07-06,0.21078897107760108
8,1866,1859-07-13,0.3691727023673039
8,1866,1859-07-20,0.4098094423045728
8,1866,1859-07-27,0.25628266316925086
8,1866,1859-08-03,0.18755882013186084
8,1866,1859-08-10,0.23508555774889392
8,1866,1859-08-17,0.21318283727512038
8,1866,1859-08-24,0.21819369167520236
8,1866,1859-08-31,0.24156049274702462
8,1866,1859-09-07,0.2817645158200669
8,1866,1859-09-14,0.304528467935774
8,1866,1859-09-21,0.29146281657578177
8,1866,1859-09-28,0.3063101965278174
8,1866,1859-10-05,0.31556240829734966
8,1866,1859-10-12,0.3565014566269907
8,1866,1859-10-19,0.3921333683573325
8,1866,1859-10-26,0.3085345577768222
8,1866,1859-11-02,0.3068758783014664
8,1866,1859-11-09,0.3054064749401791
8,1866,1859-11-16,0.22490555650994243
8,1866,1859-11-23,0.21355232606332938
8,1866,1859-11-30,0.20918019463614923
8,1866,1859-12-07,0.24386560898330964
8,1866,1859-12-14,0.44445762402178346
8,1866,1859-12-21,0.4436939227727306
8,1866,1859-12-28,0.43355147082441753
8,1866,1860-01-04,0.49404292326117305
8,1866,1860-01-11,0.519747390909375
8,1866,1860-01-18,0.3908147484565078
8,1866,1860-01-25,0.33351504885253025
8,1866,1860-02-01,0.3196970936066129
8,1866,1860-02-08,0.7150282415887802
8,1866,1860-02-15,0.7076644335445359
8,1866,1860-02-22,0.6574506153410739
8,1866,1860-02-29,0.5395461539881378
8,1866,1860-03-07,0.346873840171133
8,1866,1860-03-14,0.5290420149116555
8,1866,1860-03-21,0.7148578852699323
8,1866,1860-03-28,0.7365794916204693
8,1866,1860-04-04,0.7603334951257584
8,1866,1860-04-11,0.5870267086214765
8,1866,1860-04-18,0.6626497891654718
8,1866,1860-04-25,0.7460638263133444
8,1866,1860-05-02,0.651557352711114
8,1866,1860-05-09,0.543507349215639
8,1866,1860-05-16,0.2489534219279762
8,1866,1860-05-23,0.2349345567291696
8,1866,1860-05-30,0.31454866498399187
8,1866,1860-06-06,0.29568044638291135
8,1866,1860-06-13,0.6745096449006489
8,1866,1860-06-20,0.5719611561312572
8,1866,1860-06-27,0.629883254304882
8,1866,1860-07-04,0.7722724401391721
8,1866,1860-07-11,0.6546079915581858
8,1866,1860-07-18,0.4505689101347911
8,1866,1860-07-25,0.4261751971141653
8,1866,1860-08-01,0.41640329585064956
8,1866,1860-08-08,0.3345505468456373
8,1866,1860-08-15,0.27780804557060734
8,1866,1860-08-22,0.2351213184273607
8,1866,1860-08-29,0.2555944352623656
8,1866,1860-09-05,0.3142322765422463
8,1866,1860-09-12,0.3756223343804738
8,1866,1860-09-19,0.34887564830124185
8,1866,1860-09-26,0.3473400148517331
8,1866,1860-10-03,0.32613756929654386
8,1866,1860-10-10,0.44686876243426704
8,1866,1860-10-17,0.31168401028651915
8,1866,1860-10-24,0.381434640413303
8,1866,1860-10-31,0.3162091001673589
8,1866,1860-11-07,0.2654832859887982
8,1866,1860-11-14,0.15475133126962587
8,1866,1860-11-21,0.2844452368252319
8,1866,1860-11-28,0.6959705295936263
8,1866,1860-12-05,0.7351918643563503
8,1866,1860-12-12,0.47493872764716166
8,1866,1860-12-19,0.4416105626614303
8,1866,1860-12-26,0.26103751969334227
8,1866,1861-01-02,0.2694621384164206
8,1866,1861-01-09,0.5698811747497979
8,1866,1861-01-16,0.8462454968709112
8,1866,1861-01-23,0.8253970269161047
8,1866,1861-01-30,0.717105279672814
8,1866,1861-02-06,0.538942336516642
8,1866,1861-02-13,0.31048211418083
8,1866,1861-02-20,0.23647636633332766
8,1866,1861-02-27,0.5962130152461668
8,1866,1861-03-06,0.7805747228438444
8,1866,1861-03-13,0.8721591769281988
8,1866,1861-03-20,0.8080004499695942
8,1866,1861-03-27,0.7339606961444147
8,1866,1861-04-03,0.4849403781637843
8,1866,1861-04-10,0.4960331691716371
8,1866,1861-04-17,0.28191588622033215
8,1866,1861-04-24,0.08994846425724362
8,1866,1861-05-01,0.10218715456120601
8,1866,1861-05-08,0.12220482784533154
8,1866,1861-05-15,0.19919242548454083
8,1866,1861-05-22,0.2880598941318218
8,1866,1861-05-29,0.7612010964670045
8,1866,1861-06-05,0.6297488037407735
8,1866,1861-06-12,0.7724222571439755
8,1866,1861-06-19,0.750152436860713
8,1866,1861-06-26,0.5434597865881531
8,1866,1861-07-03,0.5854320960597065
8,1866,1861-07-10,0.4530617483963931
8,1866,1861-07-17,0.4735945242470254
8,1866,1861-07-24,0.6402325362064839
8,1866,1861-07-31,0.5675906554281889
8,1866,1861-08-07,0.5446835130932964
8,1866,1861-08-14,0.19258182352673048
8,1866,1861-08-21,0.1145656256638695
8,1866,1861-08-28,0.0755406157504851
8,1866,1861-09-04,0.13168945229741835
8,1866,1861-09-11,0.26515516326814564
8,1866,1861-09-18,0.26794435688195345
8,1866,1861-09-25,0.3169873718941961
8,1866,1861-10-02,0.1219238961248238
8,1866,1861-10-09,0.24901359285044405
8,1866,1861-10-16,0.13166616451314617
8,1866,1861-10-23,0.20137264851138134
8,1866,1861-10-30,0.18702057563341654
8,1866,1861-11-06,0.17744063400200996
8,1866,1861-11-13,0.16821336664145906
8,1866,1861-11-20,0.08583101555180077
8,1866,1861-11-27,0.09556105192441271
8,1866,1861-12-04,0.1351443622279352
8,1866,1861-12-11,0.13022506113096896
8,1866,1861-12-18,0.3801211466196448
8,1866,1861-12-25,0.34421110077807643
8,1866,1862-01-01,0.531757357515258
8,1866,1862-01-08,0.7216395856496562
8,1866,1862-01-15,0.5728400014741692
8,1866,1862-01-22,0.18005520470127512
8,1866,1862-01-29,0.18767393614542419
8,1866,1862-02-05,0.11014555439079537
8,1866,1862-02-12,0.16779730635408527
8,1866,1862-02-19,0.22443163927843152
8,1866,1862-02-26,0.18094846881151633
8,1866,1862-03-05,0.2153927350382519
8,1866,1862-03-12,0.3390488736565267
8,1866,1862-03-19,0.32787947180020377
8,1866,1862-03-26,0.29595153244186645
8,1866,1862-04-02,0.2318180099764273
8,1866,1862-04-09,0.3337774297656939
8,1866,1862-04-16,0.2716707550104411
8,1866,1862-04-23,0.29313069778850126
8,1866,1862-04-30,0.2158461012270568
8,1866,1862-05-07,0.2774501760500856
8,1866,1862-05-14,0.20877725642970185
8,1866,1862-05-21,0.16730616500495282
8,1866,1862-05-28,0.2561314099828819
8,1866,1862-06-04,0.3900175427025986
8,1866,1862-06-11,0.5019046709277772
8,1866,1862-06-18,0.6530276278790377
8,1866,1862-06-25,0.5504978772629006
8,1866,1862-07-02,0.5178432914391544
8,1866,1862-07-09,0.5100717984955984
8,1866,1862-07-16,0.29519358296114356
8,1866,1862-07-23,0.2376581308659087
8,1866,1862-07-30,0.2727551974880604
8,1866,1862-08-06,0.10580756202325337
8,1866,1862-08-13,0.24513368367733085
8,1866,1862-08-20,0.2631631068372961
8,1866,1862-08-27,0.32341232885358995
8,1866,1862-09-03,0.43002537731024526
8,1866,1862-09-10,0.3123850946892198
8,1866,1862-09-17,0.29689918811895794
8,1866,1862-09-24,0.26409791210987876
8,1866,1862-10-01,0.2991077553503545
8,1866,1862-10-08,0.47111385817961965
8,1866,1862-10-15,0.29703089647411807
8,1866,1862-10-22,0.2887851427690735
8,1866,1862-10-29,0.27448476409188965
8,1866,1862-11-05,0.19552238834091423
8,1866,1862-11-12,0.48924667421560497
8,1866,1862-11-19,0.38969841201601574
8,1866,1862-11-26,0.41813852725386735
8,1866,1862-12-03,0.45625997461222867
8,1866,1862-12-10,0.27899313426771644
8,1866,1862-12-17,0.5124783181753376
8,1866,1862-12-24,0.5451450778309971
8,1866,1862-12-31,0.7018638799307125
8,1866,1863-01-07,0.659841753923043
8,1866,1863-01-14,0.529331831942898
8,1866,1863-01-21,0.3767075286337797
8,1866,1863-01-28,0.4522538348207084
8,1866,1863-02-04,0.7524466237112859
8,1866,1863-02-11,0.7265821369626072
8,1866,1863-02-18,0.6919880383398929
8,1866,1863-02-25,0.5430264018492915
8,1866,1863-03-04,0.13708074449025484
8,1866,1863-03-11,0.2849055742169647
8,1866,1863-03-18,0.38118262490412136
8,1866,1863-03-25,0.5633043892822687
8,1866,1863-04-01,0.7811992005498782
8,1866,1863-04-08,0.6037084756025446
8,1866,1863-04-15,0.46516682548293775
8,1866,1863-04-22,0.21790899439135036
8,1866,1863-04-29,0.22411043516247114
8,1866,1863-05-06,0.18173597853687767
8,1866,1863-05-13,0.11560591953369559
8,1866,1863-05-20,0.16497848742214433
8,1866,1863-05-27,0.3328664842159974
8,1866,1863-06-03,0.7011850820386951
8,1866,1863-06-10,0.8646099695998182
8,1866,1863-06-17,0.8646710455123202
8,1866,1863-06-24,0.8236878158388673
8,1866,1863-07-01,0.9175021311310014
8,1866,1863-07-08,0.8885956999129119
8,1866,1863-07-15,0.5306220139065672
8,1866,1863-07-22,0.4654107792661363
8,1866,1863-07-29,0.5196728620972093
8,1866,1863-08-05,0.3402014633931566
8,1866,1863-08-12,0.36826779246794017
8,1866,1863-08-19,0.24763314657799404
8,1866,1863-08-26,0.25798896299746243
8,1866,1863-09-02,0.4359118547557169
8,1866,1863-09-09,0.416211818482328
8,1866,1863-09-16,0.5660654221402432
8,1866,1863-09-23,0.6368790545665179
8,1866,1863-09-30,0.7382783092550418
8,1866,1863-10-07,0.819025861646768
8,1866,1863-10-14,0.6158808182487607
8,1866,1863-10-21,0.4649568015727045
8,1866,1863-10-28,0.32887194721437896
8,1866,1863-11-04,0.11786804036723761
8,1866,1863-11-11,0.3017750262502867
8,1866,1863-11-18,0.5916702514377504
8,1866,1863-11-25,0.6845187066550927
8,1866,1863-12-02,0.6027163962105866
8,1866,1863-12-09,0.7980399318833641
8,1866,1863-12-16,0.9488409877630254
8,1866,1863-12-23,0.9563088406765731
8,1866,1863-12-30,0.9759297494993647
8,1866,1864-01-06,0.7770817693385921
8,1866,1864-01-13,0.48430232860348604
8,1866,1864-01-20,0.3057385600942634
8,1866,1864-01-27,0.7151198623379468
8,1866,1864-02-03,0.8644148611220805
8,1866,1864-02-10,0.834937943608886
8,1866,1864-02-17,0.803250635838474
8,1866,1864-02-24,0.2491498640044012
8,1866,1864-03-02,0.41182359701413307
8,1866,1864-03-09,0.24332596140364832
8,1866,1864-03-16,0.39309879300013284
8,1866,1864-03-23,0.7487138514163225
8,1866,1864-03-30,0.7347302141258274
8,1866,1864-04-06,0.8038974803676581
8,1866,1864-04-13,0.5109389788545674
8,1866,1864-04-20,0.3144721377218235
8,1866,1864-04-27,0.5807106468720613
8,1866,1864-05-04,0.35215950198355883
8,1866,1864-05-11,0.6630788251585981
8,1866,1864-05-18,0.8922539729747991
8,1866,1864-05-25,0.8548119803077622
8,1866,1864-06-01,0.6770038001652177
8,1866,1864-06-08,0.28469087375081653
8,1866,1864-06-15,0.2991061665636471
8,1866,1864-06-22,0.5981560685815656
8,1866,1864-06-29,0.5797657026357742
8,1866,1864-07-06,0.7910374594575706
8,1866,1864-07-13,0.5684900603320232
8,1866,1864-07-20,0.3448994209549457
8,1866,1864-07-27,0.28745639224063896
8,1866,1864-08-03,0.5374309504333518
8,1866,1864-08-10,0.35730952363655366
8,1866,1864-08-17,0.7191440159045052
8,1866,1864-08-24,0.747597815398027
8,1866,1864-08-31,0.5716433302529427
8,1866,1864-09-07,0.6280723986555591
8,1866,1864-09-14,0.4999717364779063
8,1866,1864-09-21,0.8937156952060534
8,1866,1864-09-28,0.9388983677081812
8,1866,1864-10-05,0.907251014463259
8,1866,1864-10-12,0.9247664749781288
8,1866,1864-10-19,0.7582612460619059
8,1866,1864-10-26,0.7558610750999352
8,1866,1864-11-02,0.7487366877002454
8,1866,1864-11-09,0.7035016019020238
8,1866,1864-11-16,0.7211027184911202
8,1866,1864-11-23,0.41572149047108176
8,1866,1864-11-30,0.38169169488485366
8,1866,1864-12-07,0.24297588712804521
8,1866,1864-12-14,0.45990296520734714
8,1866,1864-12-21,0.7090990538913002
8,1866,1864-12-28,0.4368569276255478
8,1866,1865-01-04,0.5633571019945802
8,1866,1865-01-11,0.5438863939050268
8,1866,1865-01-18,0.44104471993153543
8,1866,1865-01-25,0.3471118647279512
8,1866,1865-02-01,0.37658734494875207
8,1866,1865-02-08,0.18747973904075096
8,1866,1865-02-15,0.15298921976749674
8,1866,1865-02-22,0.20200456564543304
8,1866,1865-03-01,0.28481379610294183
8,1866,1865-03-08,0.6575674383169748
8,1866,1865-03-15,0.5359843119011998
8,1866,1865-03-22,0.7382632908927704
8,1866,1865-03-29,0.7177608740651125
8,1866,1865-04-05,0.6532992079656822
8,1866,1865-04-12,0.45390777692138407
8,1866,1865-04-19,0.4178294432481038
8,1866,1865-04-26,0.3178828681707686
8,1866,1865-05-03,0.2787865376193309
8,1866,1865-05-10,0.3553668853400801
8,1866,1865-05-17,0.4258474288063312
8,1866,1865-05-24,0.49804514932625304
8,1866,1865-05-31,0.5316393882585494
8,1866,1865-06-07,0.4727392637857947
8,1866,1865-06-14,0.39717765733413096
8,1866,1865-06-21,0.49469988514490076
8,1866,1865-06-28,0.5294462096987089
8,1866,1865-07-05,0.6889642758173025
8,1866,1865-07-12,0.4972497885547164
8,1866,1865-07-19,0.38199632576730674
8,1866,1865-07-26,0.3398887281947002
8,1866,1865-08-02,0.1926724444660942
8,1866,1865-08-09,0.23610839581753848
8,1866,1865-08-16,0.2814628531405559
8,1866,1865-08-23,0.29256311593092715
8,1866,1865-08-30,0.3447103877810691
8,1866,1865-09-06,0.2599020030404419
8,1866,1865-09-13,0.3022568499611779
8,1866,1865-09-20,0.3719545340693322
8,1866,1865-09-27,0.4463332172222321
8,1866,1865-10-04,0.12989267732490484
8,1866,1865-10-11,0.10543195580734657
8,1866,1865-10-18,0.6797393417649499
8,1866,1865-10-25,0.869870685038158
8,1866,1865-11-01,0.8336878677927237
8,1866,1865-11-08,0.5152029150645685
8,1866,1865-11-15,0.2358886805394518
8,1866,1865-11-22,0.3202324780526287
8,1866,1865-11-29,0.5237897787101697
8,1866,1865-12-06,0.41793348177797335
8,1866,1865-12-13,0.6394000253438947
8,1866,1865-12-20,0.718831309196894
8,1866,1865-12-27,0.6800801299909516
8,1866,1866-01-03,0.5290638266549998
8,1866,1866-01-10,0.6707102211653165
8,1866,1866-01-17,0.8102874003638039
8,1866,1866-01-24,0.7661851840471462
8,1866,1866-01-31,0.6971643813813712
8,1866,1866-02-07,0.368389773720767
8,1866,1866-02-14,0.3767355678111846
8,1866,1866-02-21,0.5247401188016553
8,1866,1866-02-28,0.653009150646745
8,1866,1866-03-07,0.6374991500463674
8,1866,1866-03-14,0.6212642001794271
8,1866,1866-03-21,0.7038100644428422
8,1866,1866-03-28,0.3532556989103494
8,1866,1866-04-04,0.5058041721386689
8,1866,1866-04-11,0.41193468251585513
8,1866,1866-04-18,0.22384072777186717
8,1866,1866-04-25,0.2725894957303341
8,1866,1866-08-08,0.06526086568846876
8,1866,1866-08-15,0.18866966292744386
8,1866,1866-08-22,0.48532690681848095
8,1866,1866-08-29,0.15438463935445731
8,1866,1866-09-05,0.03745977740414322
8,1866,1866-09-12,0.03206704882660124
8,1866,1866-09-19,0.054842479601673814
8,1866,1866-09-26,0.3552868118793455
8,1866,1866-10-03,0.7747033473357118
8,1866,1866-10-10,0.7066865250594481
8,1866,1866-10-17,0.7247843667647375
8,1866,1866-10-24,0.7101562475008891
8,1866,1866-10-31,0.5917706459750912
8,1866,1866-11-07,0.5624557866535698
8,1866,1866-11-14,0.5720874574628714
8,1866,1866-11-21,0.3359934469116512
8,1866,1866-11-28,0.3369082908342683
8,1866,1866-12-05,0.4165411169877254
8,1866,1866-12-12,0.6236702597139693
8,1866,1866-12-19,0.7647139066938173
8,1866,1866-12-26,0.8273705617547413
8,1866,1867-01-02,0.8153883375274253
8,1866,1867-01-09,0.8405272204666205
8,1866,1867-01-16,0.6977955829027738
8,1866,1867-01-23,0.5153488060368494
8,1866,1867-01-30,0.5488528836091533
8,1866,1867-02-06,0.4332389260904656
8,1866,1867-02-13,0.43512113730884455
8,1866,1867-02-20,0.22697304452836292
8,1866,1867-02-27,0.1764111719712132
8,1866,1867-03-06,0.2826514126713984
8,1866,1867-03-13,0.2961030285220606
8,1866,1867-03-20,0.4258559294717662
8,1866,1867-03-27,0.5292288091698184
8,1866,1867-04-03,0.6124702923883586
8,1866,1867-04-10,0.5573784244397629
8,1866,1867-04-17,0.38043006069090995
8,1866,1867-04-24,0.3502883304398961
8,1866,1867-05-01,0.318756016246973
8,1866,1867-05-08,0.3297398330838744
8,1866,1867-05-15,0.3162889331094132
8,1866,1867-05-22,0.33263085875250553
8,1866,1867-05-29,0.3231558764238475
8,1866,1867-06-05,0.3654476701878602
8,1866,1867-06-12,0.25158341319978306
8,1866,1867-06-19,0.2480837502782612
8,1866,1867-06-26,0.37399455568909573
8,1866,1867-07-03,0.5105546733904063
8,1866,1867-07-10,0.5508680483063763
8,1866,1867-07-17,0.39718294016002076
8,1866,1867-07-24,0.3139912409501391
8,1866,1867-07-31,0.25796795741832146
8,1866,1867-08-07,0.11419997713874701
8,1866,1867-08-14,0.09890681600027802
8,1866,1867-08-21,0.06862046104574758
8,1866,1867-08-28,0.07995273715682709
8,1866,1867-09-04,0.13196328107790645
8,1866,1867-09-11,0.11512213903149744
8,1866,1867-09-18,0.10029303673501344
8,1866,1867-09-25,0.09319159141486312
8,1866,1867-10-02,0.07130186771093627
8,1866,1867-10-09,0.09474659346719182
8,1866,1867-10-16,0.06702084233525928
8,1866,1867-10-23,0.10042115823245341
8,1866,1867-10-30,0.0990238711493804
8,1866,1867-11-06,0.07605198985472435
8,1866,1867-11-13,0.08727450251607152
8,1866,1867-11-20,0.057674529070998265
8,1866,1867-11-27,0.04904456106481072
8,1866,1867-12-04,0.061777954779281996
8,1866,1867-12-11,0.08857063271604862
8,1866,1867-12-18,0.15031737025027342
8,1866,1867-12-26,0.1563963252203697
8,1866,1868-01-01,0.36226070719665876
8,1866,1868-01-08,0.558225981118156
8,1866,1868-01-15,0.215825715333814
8,1866,1868-01-22,0.16121080618811726
8,1866,1868-01-29,0.10174271868692884
8,1866,1868-02-05,0.05393628692519361
8,1866,1868-02-12,0.06788473430617364
8,1866,1868-02-19,0.07513082407069135
8,1866,1868-02-26,0.1042234764299602
8,1866,1868-03-04,0.17198020985972545
8,1866,1868-03-11,0.2841327893430764
8,1866,1868-03-18,0.31721897256694714
8,1866,1868-03-25,0.3788656453788267
8,1866,1868-04-01,0.6473430739902483
8,1866,1868-04-08,0.6388424338083475
8,1866,1868-04-15,0.3921647673326622
8,1866,1868-04-22,0.24836538964854618
8,1866,1868-04-29,0.15300811566744105
8,1866,1868-05-06,0.11690511770499369
8,1866,1868-05-13,0.16101194381724726
8,1866,1868-05-20,0.1728760515625337
8,1866,1868-05-27,0.19642315605380906
8,1866,1868-06-03,0.20572988724569155
8,1866,1868-06-10,0.23015182579533086
8,1866,1868-06-17,0.20659860710391448
8,1866,1868-06-24,0.21650213657252165
8,1866,1868-07-01,0.40422945976190955
8,1866,1868-07-08,0.5279472166571568
8,1866,1868-07-15,0.3495186965365497
8,1866,1868-07-22,0.25908514335365185
8,1866,1868-07-29,0.18267669147612042
8,1866,1868-08-05,0.11762379992403235
8,1866,1868-08-12,0.1606056515915643
8,1866,1868-08-19,0.15040474025225564
8,1866,1868-08-26,0.12190692231483245
8,1866,1868-09-02,0.12340191060242102
8,1866,1868-09-09,0.1270668070513172
8,1866,1868-09-16,0.11873690392919117
8,1866,1868-09-23,0.09300922289167395
8,1866,1868-09-30,0.1000533550867497
8,1866,1868-10-07,0.13825997086052785
8,1866,1868-10-14,0.10241869070546004
8,1866,1868-10-21,0.09627586435996986
8,1866,1868-10-28,0.1119471336747891
8,1866,1868-11-04,0.08406430805170033
8,1866,1868-11-11,0.10471802899575067
8,1866,1868-11-18,0.09650761749090998
8,1866,1868-11-25,0.1434315396054146
8,1866,1868-12-02,0.280169210309925
8,1866,1868-12-09,0.32388754041882534
8,1866,1868-12-16,0.7314574694948369
8,1866,1868-12-23,0.7081458471963469
8,1866,1868-12-30,0.8576800854877147
8,1866,1869-01-06,0.9406804640702583
8,1866,1869-01-13,0.6639200688046675
8,1866,1869-01-20,0.43767229989634565
8,1866,1869-01-27,0.3727319638689666
8,1866,1869-02-03,0.32239615973500446
8,1866,1869-02-10,0.34037761468512934
8,1866,1869-02-17,0.2656304187280157
8,1866,1869-02-24,0.2781071514938999
8,1866,1869-03-03,0.33183584590489584
8,1866,1869-03-10,0.4884820028457284
8,1866,1869-03-17,0.7034551031212896
8,1866,1869-03-24,0.681130725790714
8,1866,1869-03-31,0.6338809307401786
8,1866,1869-04-07,0.3454141376363702
8,1866,1869-04-14,0.5416013337517537
8,1866,1869-04-21,0.49225412554636466
8,1866,1869-04-28,0.46718251131789607
8,1866,1869-05-05,0.4210515273625614
8,1866,1869-05-12,0.3379079055653116
8,1866,1869-05-19,0.5350225686172793
8,1866,1869-05-26,0.5448038542199685
8,1866,1869-06-02,0.5660406104800327
8,1866,1869-06-09,0.6061181022451636
8,1866,1869-06-16,0.48346786702534905
8,1866,1869-06-23,0.2948310273402573
8,1866,1869-06-30,0.7422447772821689
8,1866,1869-07-07,0.5964709131360226
8,1866,1869-07-14,0.41850752500149485
8,1866,1869-07-21,0.4524618769263003
8,1866,1869-07-28,0.2293757464125073
8,1866,1869-08-04,0.2228796012431333
8,1866,1869-08-11,0.16429969143570536
8,1866,1869-08-18,0.1113134775472126
8,1866,1869-08-25,0.16246659303202873
8,1866,1869-09-01,0.10954275825553733
8,1866,1869-09-08,0.12369447666870803
8,1866,1869-09-15,0.17145699385912322
8,1866,1869-09-22,0.215851830235429
8,1866,1869-09-29,0.3606286648035164
8,1866,1869-10-06,0.3926581289907273
8,1866,1869-10-13,0.2654114381016416
8,1866,1869-10-20,0.12099888005812669
8,1866,1869-10-27,0.12120529674693435
8,1866,1869-11-03,0.08416615165264588
8,1866,1869-11-10,0.11013627844454767
8,1866,1869-11-17,0.21753205169838982
8,1866,1869-11-24,0.21192402624827109
8,1866,1869-12-01,0.183311870240441
8,1866,1869-12-08,0.3296795638022383
8,1866,1869-12-15,0.35687580973835714
8,1866,1869-12-22,0.5188687911774443
8,1866,1869-12-29,0.7684224572854914
8,1866,1870-01-05,0.782057202531525
8,1866,1870-01-12,0.6705841584901323
8,1866,1870-01-19,0.436182730439047
8,1866,1870-01-26,0.5478650240782265
8,1866,1870-02-02,0.7479197376288906
8,1866,1870-02-09,0.5867382890105682
8,1866,1870-02-16,0.43066854983979524
8,1866,1870-02-23,0.5347796002634971
8,1866,1870-03-02,0.5133373599452384
8,1866,1870-03-09,0.711430372991001
8,1866,1870-03-16,0.8268623389186164
8,1866,1870-03-23,0.7948098174531557
8,1866,1870-03-30,0.8268076146620547
8,1866,1870-04-06,0.578462856722475
8,1866,1870-04-13,0.5877867720636621
8,1866,1870-04-20,0.5308075324801292
8,1866,1870-04-27,0.376535063605521
8,1866,1870-05-04,0.4089218604982235
8,1866,1870-05-11,0.48394097824594734
8,1866,1870-05-18,0.38006300253411285
8,1866,1870-05-25,0.3894325068903412
8,1866,1870-06-01,0.37235560202654316
8,1866,1870-06-08,0.4424382753581849
8,1866,1870-06-15,0.6682888103715028
8,1866,1870-06-22,0.6695062557351159
8,1866,1870-06-29,0.897408047827669
8,1866,1870-07-06,0.8690450342545731
8,1866,1870-07-13,0.5992528983044628
8,1866,1870-07-20,0.5103455044553417
8,1866,1870-07-27,0.49416178410966466
8,1866,1870-08-03,0.7225357329794843
8,1866,1870-08-10,0.847571619853521
8,1866,1870-08-17,0.9560769506552302
8,1866,1870-08-24,0.861622580453297
8,1866,1870-08-31,0.4122650065519477
8,1866,1870-09-07,0.09918683058432363
8,1866,1870-09-14,0.03942462907483115
8,1866,1870-09-21,0.09641281433109654
8,1866,1870-09-28,0.19928660830466502
8,1866,1870-10-05,0.3131562628089638
8,1866,1870-10-12,0.19837309678710532
8,1866,1870-10-19,0.1156042654945731
8,1866,1870-10-26,0.1440447081337772
8,1866,1870-11-02,0.11167069552417251
8,1866,1870-11-09,0.19332000102201846
8,1866,1870-11-16,0.12616831131415057
8,1866,1870-11-23,0.11772871470713742
8,1866,1870-11-30,0.08892870907388012
8,1866,1870-12-07,0.1242372111150299
8,1866,1870-12-14,0.13577264416414947
8,1866,1870-12-21,0.12255287053649272
8,1866,1870-12-28,0.1663895817696299
8,1866,1871-01-04,0.37503178825915356
8,1866,1871-01-11,0.2983302882643755
8,1866,1871-01-18,0.18021735741184394
8,1866,1871-01-25,0.10617938543781869
8,1866,1871-02-01,0.14955715847387108
8,1866,1871-02-08,0.08607860790351032
8,1866,1871-02-15,0.14368301799025543
8,1866,1871-02-22,0.330934797138223
8,1866,1871-03-01,0.6395489381035343
8,1866,1871-03-08,0.620773667790526
8,1866,1871-03-15,0.8859723279243308
8,1866,1871-03-22,0.8377320018458582
8,1866,1871-03-29,0.788700322568888
8,1866,1871-04-05,0.5900405329626485
8,1866,1871-04-12,0.5818611269484194
8,1866,1871-04-19,0.4111191985206502
8,1866,1871-04-26,0.23268283870803266
8,1866,1871-05-03,0.3599423875755035
8,1866,1871-05-10,0.25893128676001026
8,1866,1871-05-17,0.21096492156515786
8,1866,1871-05-24,0.2018283873443505
8,1866,1871-05-31,0.1976965192596227
8,1866,1871-06-07,0.2116520856170109
8,1866,1871-06-14,0.19701650627634182
8,1866,1871-06-21,0.20802099511614294
8,1866,1871-06-28,0.45630765211900204
8,1866,1871-07-05,0.6424257117360639
8,1866,1871-07-12,0.5336122806338938
8,1866,1871-07-19,0.26103783971281
8,1866,1871-07-26,0.16230502429821955
8,1866,1871-08-02,0.05766246526797994
8,1866,1871-08-09,0.0534923653400823
8,1866,1871-08-16,0.058132771203664314
8,1866,1871-08-23,0.05828616932902326
8,1866,1871-08-30,0.06952081141761286
8,1866,1871-09-06,0.09213543080411124
8,1866,1871-09-13,0.06452961372651976
8,1866,1871-09-20,0.10812038356388592
8,1866,1871-09-27,0.24278875026246818
8,1866,1871-10-04,0.8606656059188994
8,1866,1871-10-11,0.808458087039194
8,1866,1871-10-18,0.9157885801494476
8,1866,1871-10-25,0.874748511205025
8,1866,1871-11-01,0.4607726306054111
8,1866,1871-11-08,0.13235671447010572
8,1866,1871-11-15,0.041839563869599306
8,1866,1871-11-22,0.07775073296194743
8,1866,1871-11-29,0.0968731565842153
8,1866,1871-12-06,0.29220418796541886
8,1866,1871-12-13,0.24010071496643576
8,1866,1871-12-20,0.2624386806091439
8,1866,1871-12-27,0.3058067441937366
8,1866,1872-01-03,0.8082306703304801
8,1866,1872-01-10,0.6957586229868975
8,1866,1872-01-17,0.2665304701897655
8,1866,1872-01-24,0.24297273717301582
8,1866,1872-01-31,0.2652254716181829
8,1866,1872-02-07,0.17531601044259051
8,1866,1872-02-14,0.3944549467184162
8,1866,1872-02-21,0.632710736557219
8,1866,1872-02-28,0.7316344455008572
8,1866,1872-03-06,0.5381050416478499
8,1866,1872-03-13,0.8803472392141682
8,1866,1872-03-20,0.8928391910225508
8,1866,1872-03-27,0.9814131914974866
8,1866,1872-04-03,0.9329367085525031
8,1866,1872-04-10,0.9197867548284991
8,1866,1872-04-17,0.7559304682721194
8,1866,1872-04-24,0.7119784978218132
8,1866,1872-05-01,0.618300275159834
8,1866,1872-05-08,0.6391457144687931
8,1866,1872-05-15,0.3546659844433285
8,1866,1872-05-22,0.5487669747963682
8,1866,1872-05-29,0.7668432201875386
8,1866,1872-06-05,0.7958492561178078
8,1866,1872-06-12,0.489716581606305
8,1866,1872-06-19,0.29177208801383187
8,1866,1872-06-26,0.33082784961761835
8,1866,1872-07-03,0.4430956684084266
8,1866,1872-07-10,0.4647845507107839
8,1866,1872-07-17,0.5083474410045947
8,1866,1872-07-24,0.6475571301258554
8,1866,1872-07-31,0.9483445065333922
8,1866,1872-08-07,0.8880766947949468
8,1866,1872-08-14,0.7332107582203795
8,1866,1872-08-21,0.3307033359910707
8,1866,1872-08-28,0.19129067345368403
8,1866,1872-09-04,0.25308595648656024
8,1866,1872-09-11,0.4261662569976828
8,1866,1872-09-18,0.5348529802569505
8,1866,1872-09-25,0.7917159466764959
8,1866,1872-10-02,0.7121253527929235
8,1866,1872-10-09,0.6194868597719959
8,1866,1872-10-16,0.5829759083371845
8,1866,1872-10-23,0.8222992005966047
8,1866,1872-10-30,0.8200732995912572
8,1866,1872-11-06,0.6078304474065199
8,1866,1872-11-13,0.6203252625396736
8,1866,1872-11-20,0.7401143959497423
8,1866,1872-11-27,0.6750980009298247
8,1866,1872-12-04,0.719431789209632
8,1866,1872-12-11,0.540865901812563
8,1866,1872-12-18,0.3466947219378485
8,1866,1872-12-24,0.19840799993793853
8,1866,1873-01-01,0.8706941464901637
8,1866,1873-01-08,0.814890151959622
8,1866,1873-01-15,0.7630037100865038
8,1866,1873-01-22,0.5270819392911547
8,1866,1873-01-29,0.2439056483686204
8,1866,1873-02-05,0.19026224567363298
8,1866,1873-02-12,0.21670101617574095
8,1866,1873-02-19,0.4378306640999637
8,1866,1873-02-26,0.5274557028214684
8,1866,1873-03-05,0.5949450474810585
8,1866,1873-03-12,0.8076153345404019
8,1866,1873-03-19,0.7356718592048681
8,1866,1873-03-26,0.8472181902742332
8,1866,1873-04-02,0.9501435770442453
8,1866,1873-04-09,0.8795603008747085
8,1866,1873-04-16,0.7364488244269188
8,1866,1873-04-23,0.7009660192754767
8,1866,1873-04-30,0.46532407767419065
8,1866,1873-05-07,0.34906741774705435
8,1866,1873-05-14,0.4825280651306054
8,1866,1873-05-21,0.49725782267837193
8,1866,1873-05-28,0.8768747627122095
8,1866,1873-06-04,0.9189795261833491
8,1866,1873-06-11,0.9750213986591243
8,1866,1873-06-18,0.9733447772571486
8,1866,1873-06-25,0.7567075549550225
8,1866,1873-07-02,0.8931150953134075
8,1866,1873-07-09,0.45249188876375745
8,1866,1873-07-16,0.5163718803920173
8,1866,1873-07-23,0.4437959319845014
8,1866,1873-07-30,0.2013352774336268
8,1866,1873-08-06,0.13365950538574106
8,1866,1873-08-13,0.049196394717569085
8,1866,1873-08-20,0.05944775058048931
8,1866,1873-08-27,0.11405045401611012
8,1866,1873-09-03,0.1613255483506191
8,1866,1873-09-10,0.3168691561606535
8,1866,1873-09-17,0.49230713761874134
8,1866,1873-09-24,0.4994615916001557
8,1866,1873-10-01,0.33225618761759895
8,1866,1873-10-08,0.9164858602974162
8,1866,1873-10-15,0.7247144977433416
8,1866,1873-10-22,0.8778132975907977
8,1866,1873-10-29,0.9622514078823781
8,1866,1873-11-05,0.6445455733689606
8,1866,1873-11-12,0.8871698147287483
8,1866,1873-11-19,0.8943793887569697
8,1866,1873-11-26,0.8051206090919917
8,1866,1873-12-03,0.7486545903140147
8,1866,1873-12-10,0.16238209999093073
8,1866,1873-12-17,0.0274666573973399
8,1866,1873-12-24,0.02128951686806387
8,1866,1873-12-31,0.41130267603005405
8,1866,1874-01-07,0.5777529488645013
8,1866,1874-01-14,0.48400103374225595
8,1866,1874-01-21,0.25324414182099114
8,1866,1874-01-28,0.05735552204593172
8,1866,1874-02-04,0.042525153415038035
8,1866,1874-02-11,0.08712670293492991
8,1866,1874-02-18,0.15998918931550954
8,1866,1874-02-25,0.23093736062826387
8,1866,1874-03-04,0.2703988263663727
8,1866,1874-03-11,0.3610058473069714
8,1866,1874-03-18,0.5015781719384743
8,1866,1874-03-25,0.5978915801557343
8,1866,1874-04-01,0.7144786578408595
8,1866,1874-04-08,0.8411181795178809
8,1866,1874-04-15,0.4444609739525464
8,1866,1874-04-22,0.30341447688182294
8,1866,1874-04-29,0.783401613863329
8,1866,1874-05-06,0.7313108499593262
8,1866,1874-05-13,0.5213224608214739
8,1866,1874-05-20,0.4428501466228128
8,1866,1874-05-27,0.3908526743139785
8,1866,1874-06-03,0.37443612631096207
8,1866,1874-06-10,0.2240481844582832
8,1866,1874-06-17,0.17390795207464912
8,1866,1874-06-24,0.16557126153106527
8,1866,1874-07-01,0.452101303083491
8,1866,1874-07-08,0.4005910756151912
8,1866,1874-07-15,0.2501419007197924
8,1866,1874-07-22,0.18558900590183222
8,1866,1874-07-29,0.17983730664533493
8,1866,1874-08-05,0.08821454726982446
8,1866,1874-08-12,0.18905783532342904
8,1866,1874-08-19,0.4256426961325026
8,1866,1874-08-26,0.4576048027000466
8,1866,1874-09-02,0.3294063604622993
8,1866,1874-09-09,0.11723759982289185
8,1866,1874-09-16,0.06893487824978897
8,1866,1874-09-23,0.09069127212837691
8,1866,1874-09-30,0.1609695289357989
8,1866,1874-10-07,0.3717128792437478
8,1866,1874-10-14,0.38013322486632883
8,1866,1874-10-21,0.2604244059547833
8,1866,1874-10-28,0.5655506838094083
8,1866,1874-11-04,0.32494819308549705
8,1866,1874-11-11,0.38575891927627143
8,1866,1874-11-18,0.2269821347078366
8,1866,1874-11-25,0.3797321075855831
8,1866,1874-12-02,0.3751813394781729
8,1866,1874-12-09,0.9006289204194123
8,1866,1874-12-16,0.8956106801613414
8,1866,1874-12-23,0.7724928768371245
8,1866,1874-12-30,0.9405826525966626
8,1866,1875-01-06,0.6786941204317433
8,1866,1875-01-13,0.4922442194820339
8,1866,1875-01-20,0.17606427854134518
8,1866,1875-01-27,0.04165905648161627
8,1866,1875-02-03,0.04260375189616268
8,1866,1875-02-10,0.02200748662665518
8,1866,1875-02-17,0.08768044905004474
8,1866,1875-02-24,0.21523178916799116
8,1866,1875-03-03,0.3514207058564898
8,1866,1875-03-10,0.7003634136490277
8,1866,1875-03-17,0.8630372827292215
8,1866,1875-03-24,0.8118069487646649
8,1866,1875-03-31,0.868228993051478
8,1866,1875-04-07,0.6339210112197131
8,1866,1875-04-14,0.40425070065116714
8,1866,1875-04-21,0.24888075966531537
8,1866,1875-04-28,0.20657781729541588
8,1866,1875-05-05,0.2154383199641182
8,1866,1875-05-12,0.28440846831265054
8,1866,1875-05-19,0.24551206822472307
8,1866,1875-05-26,0.42570313749025057
8,1866,1875-06-02,0.5926572219837557
8,1866,1875-06-09,0.647139525672376
8,1866,1875-06-16,0.5493417436787656
8,1866,1875-06-23,0.6485506353623559
8,1866,1875-06-30,0.9570817915638298
8,1866,1875-07-07,0.7367322556039416
8,1866,1875-07-14,0.5492257455254286
8,1866,1875-07-21,0.41202314955928326
8,1866,1875-07-28,0.23587970409896433
8,1866,1875-08-04,0.3140745724304061
8,1866,1875-08-11,0.1539958928752838
8,1866,1875-08-18,0.22832065017445685
8,1866,1875-08-25,0.11119539808286744
8,1866,1875-09-01,0.10694097870660549
8,1866,1875-09-08,0.14872701011891115
8,1866,1875-09-15,0.14315896074115816
8,1866,1875-09-22,0.15679121652978828
8,1866,1875-09-29,0.143374328676436
8,1866,1875-10-06,0.15479052927764964
8,1866,1875-10-13,0.1616030477075996
8,1866,1875-10-20,0.26712893662796416
8,1866,1875-10-27,0.6585320741612876
8,1866,1875-11-03,0.656358136500834
8,1866,1875-11-10,0.6891736587738825
8,1866,1875-11-17,0.4805120366529068
8,1866,1875-11-24,0.32421893199615237
8,1866,1875-12-01,0.06363983437276369
8,1866,1875-12-08,0.1331912367739056
8,1866,1875-12-15,0.2378806925336436
8,1866,1875-12-22,0.15563842418017285
8,1866,1875-12-29,0.3830339883462035
8,1866,1876-01-05,0.3805513029495405
8,1866,1876-01-12,0.4099718302065787
8,1866,1876-01-19,0.5951601385249026
8,1866,1876-01-26,0.5618414347577444
8,1866,1876-02-02,0.5893946070937982
8,1866,1876-02-09,0.16854884689167335
8,1866,1876-02-16,0.1956530565744049
8,1866,1876-02-23,0.3795077850410957
8,1866,1876-03-01,0.5912906387735952
8,1866,1876-03-08,0.8429443500973625
8,1866,1876-03-15,0.9264757528315447
8,1866,1876-03-22,0.8988078807828058
8,1866,1876-03-29,0.7281096437332206
8,1866,1876-04-05,0.3300209750449117
8,1866,1876-04-12,0.2125177298676075
8,1866,1876-04-19,0.09838513725991124
8,1866,1876-04-26,0.1433484096090466
8,1866,1876-05-03,0.048423378999951854
8,1866,1876-05-10,0.0817542080749125
8,1866,1876-05-17,0.09190618674980898
8,1866,1876-05-24,0.07787619124339543
8,1866,1876-05-31,0.14425598833503714
8,1866,1876-06-07,0.13785193402865867
8,1866,1876-06-14,0.2122704728376388
8,1866,1876-06-21,0.1764824140407461
8,1866,1876-06-28,0.1511731302674591
8,1866,1876-07-05,0.18147877389935252
8,1866,1876-07-12,0.2128160524544605
8,1866,1876-07-19,0.25685801627966887
8,1866,1876-07-26,0.19265311002506672
8,1866,1876-08-02,0.13677588880294073
8,1866,1876-08-09,0.11746799892663347
8,1866,1876-08-16,0.07674431199000772
8,1866,1876-08-23,0.05094072349411488
8,1866,1876-08-30,0.06100745323273715
8,1866,1876-09-06,0.07217361085998919
8,1866,1876-09-13,0.07305186171988372
8,1866,1876-09-20,0.0469470534951959
8,1866,1876-09-27,0.03398995519168954
8,1866,1876-10-04,0.031695701218656246
8,1866,1876-10-11,0.027582504714050864
8,1866,1876-10-18,0.04015951896994931
8,1866,1876-10-25,0.048330422287171514
8,1866,1876-11-01,0.037240186102648294
8,1866,1876-11-08,0.03513494303728213
8,1866,1876-11-15,0.037684624236776515
8,1866,1876-11-22,0.03456852372917029
8,1866,1876-11-29,0.037674750580751495
8,1866,1876-12-06,0.057552864991156465
8,1866,1876-12-13,0.10651977433582864
8,1866,1876-12-20,0.09073837899119706
8,1866,1876-12-27,0.0921355028886093
8,1866,1877-01-03,0.26121660703607963
8,1866,1877-01-10,0.36743058437728965
8,1866,1877-01-17,0.1129682408564631
8,1866,1877-01-24,0.1273028092053921
8,1866,1877-01-31,0.09246343246595196
8,1866,1877-02-07,0.06463231908280792
8,1866,1877-02-14,0.10482829753157753
8,1866,1877-02-21,0.12302215091592443
8,1866,1877-02-28,0.14721420599383248
8,1866,1877-03-07,0.12085510940319999
8,1866,1877-03-14,0.27463224484067966
8,1866,1877-03-21,0.37139735818145186
8,1866,1877-03-28,0.7737869997013702
8,1866,1877-04-04,0.9634186259650265
8,1866,1877-04-11,0.8406331354835755
8,1866,1877-04-18,0.4220534026914298
8,1866,1877-04-25,0.2686154480082352
8,1866,1877-05-02,0.15779823171295693
8,1866,1877-05-09,0.24608699605208964
8,1866,1877-05-16,0.4337068233284718
8,1866,1877-05-23,0.4505116319398493
8,1866,1877-05-30,0.36957313498956973
8,1866,1877-06-06,0.2619601963341987
8,1866,1877-06-13,0.22968705245511703
8,1866,1877-06-20,0.21642172734761977
8,1866,1877-06-27,0.18016035966874858
8,1866,1877-07-04,0.4459724410557043
8,1866,1877-07-11,0.49795846083951306
8,1866,1877-07-18,0.21072087765384723
8,1866,1877-07-25,0.1263875535599071
8,1866,1877-08-01,0.12127219149453147
8,1866,1877-08-08,0.09394610050519354
8,1866,1877-08-15,0.16468230348597937
8,1866,1877-08-22,0.1993928126756799
8,1866,1877-08-29,0.14101922781478954
8,1866,1877-09-05,0.38817082570370853
8,1866,1877-09-12,0.5512400874260955
8,1866,1877-09-19,0.574543608930253
8,1866,1877-09-26,0.5423750570715651
8,1866,1877-10-03,0.18651380800444609
8,1866,1877-10-10,0.1963570530783171
8,1866,1877-10-17,0.3294293617934166
8,1866,1877-10-24,0.6524068005842731
8,1866,1877-10-31,0.5467377846773681
8,1866,1877-11-07,0.468044951726178
8,1866,1877-11-14,0.2873754505902059
8,1866,1877-11-21,0.19679728589379272
8,1866,1877-11-28,0.199399598546099
8,1866,1877-12-05,0.3627406717218444
8,1866,1877-12-12,0.2207214989894883
8,1866,1877-12-19,0.26174834213762327
8,1866,1877-12-24,0.22102278046415164
8,1866,1878-01-02,0.6113584042292924
8,1866,1878-01-09,0.5976222456079555
8,1866,1878-01-16,0.35369017767158295
8,1866,1878-01-23,0.06751929383049166
8,1866,1878-01-30,0.041977930389948605
8,1866,1878-02-06,0.04556675786709721
8,1866,1878-02-13,0.013502970630542382
8,1866,1878-02-20,0.03210094853973178
8,1866,1878-02-27,0.08971473390771971
8,1866,1878-03-06,0.2851041064863923
8,1866,1878-03-13,0.9701447059808868
8,1866,1878-03-20,0.9953371856364549
8,1866,1878-03-27,0.9989088538772416
8,1866,1878-04-03,0.9799455533271423
8,1866,1878-04-10,0.9471518313543662
8,1866,1878-04-17,0.6191061470947158
8,1866,1878-04-24,0.5582729470432636
8,1866,1878-05-01,0.32469564666547657
8,1866,1878-05-08,0.21232181153837482
8,1866,1878-05-15,0.18574544498285117
8,1866,1878-05-22,0.150295009886676
8,1866,1878-05-29,0.2117133165143885
8,1866,1878-06-05,0.17003969715705858
8,1866,1878-06-12,0.21724369251404813
8,1866,1878-06-19,0.34064645291419376
8,1866,1878-06-26,0.3811136556853137
8,1866,1878-07-03,0.6343822532459913
8,1866,1878-07-10,0.7311620747409814
8,1866,1878-07-17,0.6546629595377453
8,1866,1878-07-24,0.6458966210779785
8,1866,1878-07-31,0.4799142654034466
8,1866,1878-08-07,0.48737300237261716
8,1866,1878-08-14,0.5808582871017386
8,1866,1878-08-21,0.7455006956115064
8,1866,1878-08-28,0.7063049818282657
8,1866,1878-09-04,0.8112062457848193
8,1866,1878-09-11,0.8287471028625035
8,1866,1878-09-18,0.5098046670765828
8,1866,1878-09-25,0.5628760116862218
8,1866,1878-10-02,0.5342881500746491
8,1866,1878-10-09,0.7435110978250513
8,1866,1878-10-16,0.8075820188537648
8,1866,1878-10-23,0.9901664063581453
8,1866,1878-10-30,0.9934178840224168
8,1866,1878-11-06,0.8755735100741595
8,1866,1878-11-13,0.8733313492206936
8,1866,1878-11-20,0.4405051395200777
8,1866,1878-11-27,0.6048170450735625
8,1866,1878-12-04,0.22608303781146702
8,1866,1878-12-11,0.5711856805912839
8,1866,1878-12-18,0.8866159001664972
8,1866,1878-12-24,0.9364146892490663
8,1866,1879-01-01,0.9803070206762691
8,1866,1879-01-08,0.9138881037898917
8,1866,1879-01-15,0.6740411094031376
8,1866,1879-01-22,0.7200165520421267
8,1866,1879-01-29,0.32924750185883583
8,1866,1879-02-05,0.4997875943641002
8,1866,1879-02-12,0.39629003756620634
8,1866,1879-02-19,0.49685635166890935
8,1866,1879-02-26,0.5402545922557334
8,1866,1879-03-05,0.6022588952819949
8,1866,1879-03-12,0.868708063636232
8,1866,1879-03-19,0.8839701225867959
8,1866,1879-03-26,0.7854199233104622
8,1866,1879-04-02,0.7295990889053373
8,1866,1879-04-09,0.6736022382711334
8,1866,1879-04-16,0.6663515609495679
8,1866,1879-04-23,0.5124181981217553
8,1866,1879-04-30,0.3521217798302204
8,1866,1879-05-07,0.27519843880676126
8,1866,1879-05-14,0.18739829095302124
8,1866,1879-05-21,0.24157129773898137
8,1866,1879-05-28,0.21933287823454772
8,1866,1879-06-04,0.15019116600790952
8,1866,1879-06-11,0.18989192029104648
8,1866,1879-06-18,0.190825604856567
8,1866,1879-06-25,0.15045122523370835
8,1866,1879-07-02,0.25262686644069476
8,1866,1879-07-09,0.16747423115561602
8,1866,1879-07-16,0.10741787698920975
8,1866,1879-07-23,0.08996230902716579
8,1866,1879-07-30,0.09130152292641189
8,1866,1879-08-06,0.073055769045652
8,1866,1879-08-13,0.07415809432330224
8,1866,1879-08-20,0.059245112732246044
8,1866,1879-08-27,0.04757222200505594
8,1866,1879-09-03,0.04718861856025526
8,1866,1879-09-10,0.07413849031504964
8,1866,1879-09-17,0.07746381770185089
8,1866,1879-09-24,0.07550219142343512
8,1866,1879-10-01,0.056196250371427746
8,1866,1879-10-08,0.05285054027835136
8,1866,1879-10-15,0.09026541133114052
8,1866,1879-10-22,0.09610679005895668
8,1866,1879-10-29,0.09055143319448102
8,1866,1879-11-05,0.0937205014657421
8,1866,1879-11-12,0.12415178439637357
8,1866,1879-11-19,0.3881707913107044
8,1866,1879-11-26,0.3874245396134435
8,1866,1879-12-03,0.4105914136581578
8,1866,1879-12-10,0.6246263453635202
8,1866,1879-12-17,0.42621254251208723
8,1866,1879-12-24,0.5422877142347039
8,1866,1879-12-31,0.9220128114735311
8,1866,1880-01-07,0.8397555718544899
8,1866,1880-01-14,0.47532444942426505
8,1866,1880-01-21,0.2671327316158298
8,1866,1880-01-28,0.1776691246017397
8,1866,1880-02-04,0.1360716165872931
8,1866,1880-02-11,0.16068715800420774
8,1866,1880-02-18,0.17329359704718836
8,1866,1880-02-25,0.29924515346670616
8,1866,1880-03-03,0.514733626888725
8,1866,1880-03-10,0.832165736822058
8,1866,1880-03-17,0.9306834880980542
8,1866,1880-03-24,0.9366108139587782
8,1866,1880-03-31,0.9043095971763612
8,1866,1880-04-07,0.738622168921344
8,1866,1880-04-14,0.42163076597742916
8,1866,1880-04-21,0.25600491341778303
8,1866,1880-04-28,0.2549863818003683
8,1866,1880-05-05,0.2750393720299402
8,1866,1880-05-12,0.2805772850008361
8,1866,1880-05-19,0.26570388502924813
8,1866,1880-05-26,0.3517973741359939
8,1866,1880-06-02,0.3042339340672118
8,1866,1880-06-09,0.4180926096864782
8,1866,1880-06-16,0.34946882226846293
8,1866,1880-06-23,0.24463870775096327
8,1866,1880-06-30,0.5140017855671547
8,1866,1880-07-07,0.5019742287990429
8,1866,1880-07-14,0.1680523370687888
8,1866,1880-07-21,0.16264310444130603
8,1866,1880-07-28,0.1889559944357259
8,1866,1880-08-04,0.1069317342672676
8,1866,1880-08-11,0.10793996767531246
8,1866,1880-08-18,0.09806371917661873
8,1866,1880-08-25,0.09286357018635397
8,1866,1880-09-01,0.13072634966619248
8,1866,1880-09-08,0.1757631514308838
8,1866,1880-09-15,0.16656226661158435
8,1866,1880-09-22,0.17025469674652707
8,1866,1880-09-29,0.22825750683251111
8,1866,1880-10-06,0.24721084848224495
8,1866,1880-10-13,0.2920255373570658
8,1866,1880-10-20,0.2053193836592825
8,1866,1880-10-27,0.1945535240302654
8,1866,1880-11-03,0.08528685169970164
8,1866,1880-11-10,0.0650371830283116
8,1866,1880-11-17,0.1472810564809508
8,1866,1880-11-24,0.28258294505165316
8,1866,1880-12-01,0.14475402886837704
8,1866,1880-12-08,0.4960086427922199
8,1866,1880-12-15,0.7518962129927651
8,1866,1880-12-22,0.7532315558227106
8,1866,1880-12-29,0.9381255125002159
8,1866,1881-01-05,0.9876057556639666
8,1866,1881-01-12,0.9172214568849489
8,1866,1881-01-19,0.3559043931363251
8,1866,1881-01-26,0.4818993177407357
8,1866,1881-02-02,0.40723402706847567
8,1866,1881-02-09,0.4153845098102041
8,1866,1881-02-16,0.2995496417682087
8,1866,1881-02-23,0.32325193812139547
8,1866,1881-03-02,0.36369141502589164
8,1866,1881-03-09,0.4072248848908621
8,1866,1881-03-16,0.506529753046937
8,1866,1881-03-23,0.5588790496859913
8,1866,1881-03-30,0.5772629103064405
8,1866,1881-04-06,0.47992888614411416
8,1866,1881-04-13,0.44867444460680134
8,1866,1881-04-20,0.40351087896282284
8,1866,1881-04-27,0.17233305859254636
8,1866,1881-05-04,0.12370952097882726
8,1866,1881-05-11,0.05518869919055724
8,1866,1881-05-18,0.04519330511934411
8,1866,1881-05-25,0.0730807497818487
8,1866,1881-06-01,0.07986029833082349
8,1866,1881-06-08,0.1790244379339077
8,1866,1881-06-15,0.3482663643739387
8,1866,1881-06-22,0.18937617973756213
8,1866,1881-06-29,0.390467676678595
8,1866,1881-07-06,0.5321591352183576
8,1866,1881-07-13,0.2455080242194562
8,1866,1881-07-20,0.20530192588384996
8,1866,1881-07-27,0.22150239591181725
8,1866,1881-08-03,0.1164768763879524
8,1866,1881-08-10,0.1737144241775383
8,1866,1881-08-17,0.16040433754522318
8,1866,1881-08-24,0.1618652317188002
8,1866,1881-08-31,0.259321160886201
8,1866,1881-09-07,0.6779908425658838
8,1866,1881-09-14,0.6986607671441407
8,1866,1881-09-21,0.6811521253994893
8,1866,1881-09-28,0.4537845324192902
8,1866,1881-10-05,0.3173006220331557
8,1866,1881-10-12,0.4342975175298776
8,1866,1881-10-19,0.7359374617744252
8,1866,1881-10-26,0.7308534577453816
8,1866,1881-11-02,0.5732102455115501
8,1866,1881-11-09,0.46076187523608847
8,1866,1881-11-16,0.2739701135939374
8,1866,1881-11-23,0.24392056191005446
8,1866,1881-11-30,0.4989133569934131
8,1866,1881-12-07,0.7489628347970256
8,1866,1881-12-14,0.7300517325711557
8,1866,1881-12-21,0.6886002208175417
8,1866,1881-12-28,0.8672369882025246
8,1866,1882-01-04,0.9393217657301487
8,1866,1882-01-11,0.8962548498815769
8,1866,1882-01-18,0.7821025340318742
8,1866,1882-01-25,0.7712620940317441
8,1866,1882-02-01,0.4817188111125013
8,1866,1882-02-08,0.9089517244497138
8,1866,1882-02-15,0.9470379683476048
8,1866,1882-02-22,0.9322713568927117
8,1866,1882-03-01,0.9578811589095634
8,1866,1882-03-08,0.038650523985608615
8,1866,1882-03-15,0.661206351050297
8,1866,1882-03-22,0.33948079315079127
8,1866,1882-03-29,0.4634924090490096
8,1866,1882-04-05,0.5354071487622496
8,1866,1882-04-12,0.8353314270635412
8,1866,1882-04-19,0.24567840727391932
8,1866,1882-04-26,0.23637044613269623
8,1866,1882-05-03,0.21696696323241385
8,1866,1882-05-10,0.5692597870443957
8,1866,1882-05-17,0.13255283316383976
8,1866,1882-05-24,0.12961712751451304
8,1866,1882-05-31,0.18616711845938935
8,1866,1882-06-07,0.26532727834194403
8,1866,1882-06-14,0.17581471954387248
8,1866,1882-06-21,0.16013240618468344
8,1866,1882-06-28,0.248214566488967
8,1866,1882-07-05,0.7498035475709373
8,1866,1882-07-12,0.8800455290857645
8,1866,1882-07-19,0.6794726145081023
8,1866,1882-07-26,0.6823320578955809
8,1866,1882-08-02,0.46184812721017554
8,1866,1882-08-09,0.4841137771775291
8,1866,1882-08-16,0.5836329388282383
8,1866,1882-08-23,0.5036327227954901
8,1866,1882-08-30,0.6843984928685245
8,1866,1882-09-06,0.6482828923816706
8,1866,1882-09-13,0.7713422541881934
8,1866,1882-09-20,0.6707862513054407
8,1866,1882-09-27,0.8653189999133774
8,1866,1882-10-04,0.8630820566531404
8,1866,1882-10-11,0.8359558221185364
8,1866,1882-10-18,0.7375601164380619
8,1866,1882-10-25,0.5158063434028551
8,1866,1882-11-01,0.3559172010208446
8,1866,1882-11-08,0.4264752253892021
8,1866,1882-11-15,0.383133654816345
8,1866,1882-11-22,0.4558169967526951
8,1866,1882-11-29,0.4355779835636628
8,1866,1882-12-06,0.3895523553254089
8,1866,1882-12-13,0.5764825819312636
8,1866,1882-12-20,0.5942760201276924
8,1866,1882-12-27,0.7404885168250449
8,1866,1883-01-03,0.9638964236495933
8,1866,1883-01-10,0.6412152948288693
8,1866,1883-01-17,0.5061740520169653
8,1866,1883-01-24,0.352312943965592
8,1866,1883-01-31,0.2075155627391877
8,1866,1883-02-07,0.06913335353500642
8,1866,1883-02-14,0.15039678458389652
8,1866,1883-02-21,0.41219321427298217
8,1866,1883-02-28,0.4913361747741297
8,1866,1883-03-07,0.8310563443571138
8,1866,1883-03-14,0.677470193374566
8,1866,1883-03-21,0.6090425576749975
8,1866,1883-03-28,0.7964076433217815
8,1866,1883-04-04,0.925150003038781
8,1866,1883-04-11,0.5854755846376353
8,1866,1883-04-18,0.27716386571848467
8,1866,1883-04-25,0.1781030118445948
8,1866,1883-05-02,0.19088850798267445
8,1866,1883-05-09,0.17709440359728845
8,1866,1883-05-16,0.1872861802512688
8,1866,1883-05-23,0.49217372769050255
8,1866,1883-05-30,0.585542509732808
8,1866,1883-06-06,0.5641402440512101
8,1866,1883-06-13,0.6454845349342971
8,1866,1883-06-20,0.394743128512839
8,1866,1883-06-27,0.42934014461331854
8,1866,1883-07-04,0.731106423707496
8,1866,1883-07-11,0.7246367694201463
8,1866,1883-07-18,0.7124499882442487
8,1866,1883-07-25,0.7405468984440969
8,1866,1883-08-01,0.609933581849757
8,1866,1883-08-08,0.4157791364436312
8,1866,1883-08-15,0.41595936283766927
8,1866,1883-08-22,0.39074699637547355
8,1866,1883-08-29,0.47635680402245867
8,1866,1883-09-05,0.47680248288575455
8,1866,1883-09-12,0.3728139632012487
8,1866,1883-09-19,0.41911471528978284
8,1866,1883-09-26,0.24253510401929784
8,1866,1883-10-03,0.20869484632669105
8,1866,1883-10-10,0.1507014412073966
8,1866,1883-10-17,0.13263471120199716
8,1866,1883-10-24,0.1382226631936628
8,1866,1883-10-31,0.09845309158609564
8,1866,1883-11-07,0.11045274900165604
8,1866,1883-11-14,0.1216525594271294
8,1866,1883-11-21,0.12898293296370886
8,1866,1883-11-28,0.1180507079209045
8,1866,1883-12-05,0.11864091816711742
8,1866,1883-12-12,0.2164643405010432
8,1866,1883-12-19,0.25793077631771844
8,1866,1883-12-24,0.4234833011616365
8,1866,1884-01-02,0.9035703417844342
8,1866,1884-01-09,0.944203584942257
8,1866,1884-01-16,0.8085680384841766
8,1866,1884-01-23,0.5640320273814562
8,1866,1884-01-30,0.32437315129655897
8,1866,1884-02-06,0.3000851384930474
8,1866,1884-02-13,0.48092442460600743
8,1866,1884-02-20,0.8490776706413522
8,1866,1884-02-27,0.8832091632774615
8,1866,1884-03-05,0.9320901877810738
8,1866,1884-03-12,0.9375383157966649
8,1866,1884-03-19,0.8878890215686092
8,1866,1884-03-26,0.6598188741817421
8,1866,1884-04-02,0.7022704422918625
8,1866,1884-04-09,0.5251055063729972
8,1866,1884-04-16,0.17188276270346692
8,1866,1884-04-23,0.19976754129297555
8,1866,1884-04-30,0.14111894478428214
8,1866,1884-05-07,0.13460027758226786
8,1866,1884-05-14,0.1188469022400862
8,1866,1884-05-21,0.09632056206123599
8,1866,1884-05-28,0.11375062198162592
8,1866,1884-06-04,0.11836069081305725
8,1866,1884-06-11,0.19625552749469033
8,1866,1884-06-18,0.1833169933365654
8,1866,1884-06-25,0.22579362467388553
8,1866,1884-07-02,0.2179266497515386
8,1866,1884-07-09,0.42319730584923443
8,1866,1884-07-16,0.34517001426338234
8,1866,1884-07-23,0.2686685117056173
8,1866,1884-07-30,0.2972471807279938
8,1866,1884-08-06,0.19746415709748263
8,1866,1884-08-13,0.2268930549836734
8,1866,1884-08-20,0.3096533915739056
8,1866,1884-08-27,0.2872476802563559
8,1866,1884-09-03,0.22739948990322523
8,1866,1884-09-10,0.20399162763620418
8,1866,1884-09-17,0.1842134741236479
8,1866,1884-09-24,0.16803867337542325
8,1866,1884-10-01,0.2317852350938646
8,1866,1884-10-08,0.45898941530917864
8,1866,1884-10-15,0.2780383995650008
8,1866,1884-10-22,0.4362260722887432
8,1866,1884-10-29,0.3684215214363332
8,1866,1884-11-05,0.20881985688770782
8,1866,1884-11-12,0.4544678837084028
8,1866,1884-11-19,0.7245270750451248
8,1866,1884-11-26,0.6617868463691177
8,1866,1884-12-03,0.7503111053642799
8,1866,1884-12-10,0.7380096401382223
8,1866,1884-12-17,0.7001274619853136
8,1866,1884-12-24,0.7858982262628349
8,1866,1884-12-31,0.9747257610347345
8,1866,1885-01-07,0.9543370799001388
8,1866,1885-01-14,0.8380903468932335
8,1866,1885-01-21,0.5374698873969934
8,1866,1885-01-28,0.3797010728092184
8,1866,1885-02-04,0.2997548143616956
8,1866,1885-02-11,0.09444813491172398
8,1866,1885-02-18,0.14246803550327725
8,1866,1885-02-25,0.3485679521340179
8,1866,1885-03-04,0.5284493144794846
8,1866,1885-03-11,0.8293896966447345
8,1866,1885-03-18,0.795872593699762
8,1866,1885-03-25,0.7996605818448828
8,1866,1885-04-01,0.7303702818017773
8,1866,1885-04-08,0.7295055516978003
8,1866,1885-04-15,0.3962107972945334
8,1866,1885-04-22,0.3314101743941694
8,1866,1885-04-29,0.2657462604502717
8,1866,1885-05-06,0.13755794172011696
8,1866,1885-05-13,0.16485225444721074
8,1866,1885-05-20,0.1232264349756261
8,1866,1885-05-27,0.07501588531866014
8,1866,1885-06-03,0.11718817598904478
8,1866,1885-06-10,0.07953850150651412
8,1866,1885-06-17,0.11768860360308561
8,1866,1885-06-24,0.13920803866305856
8,1866,1885-07-01,0.1866042131445105
8,1866,1885-07-08,0.37082032365333256
8,1866,1885-07-15,0.4835745516790486
8,1866,1885-07-22,0.36446160403008176
8,1866,1885-07-29,0.29190262530612976
8,1866,1885-08-05,0.14706056533915723
8,1866,1885-08-12,0.15649977684520724
8,1866,1885-08-19,0.15236090627266316
8,1866,1885-08-26,0.12192623032061742
8,1866,1885-09-02,0.1266618221773572
8,1866,1885-09-09,0.26984659543630324
8,1866,1885-09-16,0.35371541902392195
8,1866,1885-09-23,0.4070882539639123
8,1866,1885-09-30,0.2682738452219948
8,1866,1885-10-07,0.34063252173800446
8,1866,1885-10-14,0.31890408256534053
8,1866,1885-10-21,0.2452529703865337
8,1866,1885-10-28,0.3656853065470734
8,1866,1885-11-04,0.2534697079331836
8,1866,1885-11-11,0.21696570422036945
8,1866,1885-11-18,0.15342924582996603
8,1866,1885-11-25,0.36320008748326515
8,1866,1885-12-02,0.40400432634884204
8,1866,1885-12-09,0.5827505221493028
8,1866,1885-12-16,0.6300861419050932
8,1866,1885-12-23,0.4608979573813191
8,1866,1885-12-30,0.8485022565721441
8,1866,1886-01-06,0.7480410610911827
8,1866,1886-01-13,0.7362161378341676
8,1866,1886-01-20,0.45746809001425925
8,1866,1886-01-27,0.30438130779461586
8,1866,1886-02-03,0.06450969777461579
8,1866,1886-02-10,0.06837603250153715
8,1866,1886-02-17,0.05498541527535995
8,1866,1886-02-24,0.08915879108713713
8,1866,1886-03-03,0.06678097929654987
8,1866,1886-03-10,0.22601899972952033
8,1866,1886-03-17,0.5712385095564485
8,1866,1886-03-24,0.8874641738873601
8,1866,1886-03-31,0.9111994185226172
8,1866,1886-04-07,0.7319051271598224
8,1866,1886-04-14,0.35688262902569057
8,1866,1886-04-21,0.13542445055673602
8,1866,1886-04-28,0.1481797647802681
8,1866,1886-05-05,0.16396223624962045
8,1866,1886-05-12,0.10754115911105733
8,1866,1886-05-19,0.3276231254674642
8,1866,1886-05-26,0.2943958876565687
8,1866,1886-06-02,0.2977887787210361
8,1866,1886-06-09,0.3998993808486013
8,1866,1886-06-16,0.24724787126237516
8,1866,1886-06-23,0.18068409009009398
8,1866,1886-06-30,0.24144709938514858
8,1866,1886-07-07,0.3498821876018623
8,1866,1886-07-14,0.402072062504006
8,1866,1886-07-21,0.3147772102732497
8,1866,1886-07-28,0.4084612051266868
8,1866,1886-08-04,0.3253864159430018
8,1866,1886-08-11,0.38310509368762624
8,1866,1886-08-18,0.42567078743814374
8,1866,1886-08-25,0.26994407234727874
8,1866,1886-09-01,0.19710688994715353
8,1866,1886-09-08,0.5962125696031189
8,1866,1886-09-15,0.6509067569010433
8,1866,1886-09-22,0.6591259317742398
8,1866,1886-09-29,0.8020164623566932
8,1866,1886-10-06,0.7862635951830735
8,1866,1886-10-13,0.48236643132795537
8,1866,1886-10-20,0.2619285362109142
8,1866,1886-10-27,0.23478868437409878
8,1866,1886-11-03,0.24917849078699758
8,1866,1886-11-10,0.21192391813800676
8,1866,1886-11-17,0.15255443609062905
8,1866,1886-11-24,0.12320766916031944
8,1866,1886-12-01,0.11208816128857751
8,1866,1886-12-08,0.30164555460008985
8,1866,1886-12-15,0.41507294787876525
8,1866,1886-12-22,0.32944821413549147
8,1866,1886-12-29,0.8796104175993235
8,1866,1887-01-05,0.9257297841891075
8,1866,1887-01-12,0.8575615355471691
8,1866,1887-01-19,0.5436908725545728
8,1866,1887-01-26,0.27405943809905725
8,1866,1887-02-02,0.12516692470678
8,1866,1887-02-09,0.2004582511004615
8,1866,1887-02-16,0.11076551795370847
8,1866,1887-02-23,0.2834278503454154
8,1866,1887-03-02,0.6007287051913577
8,1866,1887-03-09,0.7657389050061013
8,1866,1887-03-16,0.9190622181319995
8,1866,1887-03-23,0.8507326900450036
8,1866,1887-03-30,0.7757163960542157
8,1866,1887-04-06,0.5310465549692248
8,1866,1887-04-13,0.35589266781072126
8,1866,1887-04-20,0.11090215631001912
8,1866,1887-04-27,0.04863278131014694
8,1866,1887-05-04,0.06473473165527895
8,1866,1887-05-11,0.029038465394769588
8,1866,1887-05-18,0.038289518358411656
8,1866,1887-05-25,0.05240169943979692
8,1866,1887-06-01,0.04479473300445293
8,1866,1887-06-08,0.09910526210066427
8,1866,1887-06-15,0.11115269720718171
8,1866,1887-06-22,0.0994953857718062
8,1866,1887-06-29,0.1550796203331605
8,1866,1887-07-06,0.40377365588430086
8,1866,1887-07-13,0.45311718980947324
8,1866,1887-07-20,0.28714089675729293
8,1866,1887-07-27,0.2480868939949914
8,1866,1887-08-03,0.1826234274061344
8,1866,1887-08-10,0.15947995997596
8,1866,1887-08-17,0.44199166470991497
8,1866,1887-08-24,0.4532565141265913
8,1866,1887-08-31,0.3441351943663676
8,1866,1887-09-07,0.30682746365486907
8,1866,1887-09-14,0.6474741133699545
8,1866,1887-09-21,0.6642640423966754
8,1866,1887-09-28,0.7539994844573005
8,1866,1887-10-05,0.8102253237432494
8,1866,1887-10-12,0.5953502409900983
8,1866,1887-10-19,0.40383426375451376
8,1866,1887-10-26,0.3893433873368948
8,1866,1887-11-02,0.3290468465221544
8,1866,1887-11-09,0.27021713331373887
8,1866,1887-11-16,0.2003046015596235
8,1866,1887-11-23,0.2152372801536935
8,1866,1887-11-30,0.20429113895647621
8,1866,1887-12-07,0.25759617738854645
8,1866,1887-12-14,0.23936023097798062
8,1866,1887-12-21,0.15916481678152117
8,1866,1887-12-28,0.1663252965808463
8,1866,1888-01-04,0.42218684359397807
8,1866,1888-01-11,0.4109533201101374
8,1866,1888-01-18,0.21546257376942804
8,1866,1888-01-25,0.1474789563426362
8,1866,1888-02-01,0.03693884908457103
8,1866,1888-02-08,0.03104332469107089
8,1866,1888-02-15,0.08636300331895548
8,1866,1888-02-22,0.18950624231764346
8,1866,1888-02-29,0.34761020242674656
8,1866,1888-03-07,0.459215924958972
8,1866,1888-03-14,0.7961898567762927
8,1866,1888-03-21,0.7956426793441375
8,1866,1888-03-28,0.8592716554107509
8,1866,1888-04-04,0.9524300944621634
8,1866,1888-04-11,0.8481362871250295
8,1866,1888-04-18,0.4327170446279005
8,1866,1888-04-25,0.31711618611243514
8,1866,1888-05-02,0.13945204059066474
8,1866,1888-05-09,0.13980353532381234
8,1866,1888-05-16,0.09868097272005238
8,1866,1888-05-23,0.3951500792090271
8,1866,1888-05-30,0.4528930774782347
8,1866,1888-06-06,0.41679100028745764
8,1866,1888-06-13,0.47102028715485866
8,1866,1888-06-20,0.1781112211519989
8,1866,1888-06-27,0.2428741169984365
8,1866,1888-07-04,0.27647299292627797
8,1866,1888-07-11,0.3421607463772302
8,1866,1888-07-18,0.4477364005947246
8,1866,1888-07-25,0.44093794813225684
8,1866,1888-08-01,0.39038913706863626
8,1866,1888-08-08,0.2639742467358045
8,1866,1888-08-15,0.2723340219957723
8,1866,1888-08-22,0.5408482342516637
8,1866,1888-08-29,0.5134078781971247
8,1866,1888-09-05,0.5080366229624348
8,1866,1888-09-12,0.6451157668797948
8,1866,1888-09-19,0.38790865888236226
8,1866,1888-09-26,0.8549300557902936
8,1866,1888-10-03,0.8999275300080056
8,1866,1888-10-10,0.8253065359158184
8,1866,1888-10-17,0.858241804192957
8,1866,1888-10-24,0.5452519648556711
8,1866,1888-10-31,0.39461302131564097
8,1866,1888-11-07,0.20889209841615228
8,1866,1888-11-14,0.2628437602123847
8,1866,1888-11-21,0.3087262738170147
8,1866,1888-11-28,0.36412845785718395
8,1866,1888-12-05,0.5043780231104309
8,1866,1888-12-12,0.7634348115299556
8,1866,1888-12-19,0.8457258849272768
8,1866,1888-12-24,0.8675164838276054
8,1866,1889-01-09,0.8875720116130156
8,1866,1889-01-16,0.6572259116318058
8,1866,1889-01-23,0.2523305449665973
8,1866,1889-02-06,0.09604727436325673
8,1866,1889-02-13,0.19033576640014033
8,1866,1889-02-20,0.379836898251565
8,1866,1889-03-06,0.8580913785916046
8,1866,1889-03-13,0.9368029028179103
8,1866,1889-03-20,0.8880907091173943
8,1866,1889-03-27,0.8985767046708572
8,1866,1889-04-03,0.8777142821706666
8,1866,1889-04-10,0.7364874303130434
8,1866,1889-04-17,0.5036968907284031
8,1866,1889-04-24,0.5310128952264583
8,1866,1889-05-01,0.4877314006477479
8,1866,1889-05-08,0.288726274920499
8,1866,1889-05-15,0.8393028827628093
8,1866,1889-05-22,0.5462327592593038
8,1866,1889-05-29,0.5731722997362788
8,1866,1889-06-05,0.4442971930087254
8,1866,1889-06-12,0.6353380360591862
8,1866,1889-06-19,0.6894822969065313
8,1866,1889-06-26,0.732886987447749
8,1866,1889-07-03,0.7440992548239913
8,1866,1889-07-10,0.3740626176623702
8,1866,1889-07-17,0.2853251966186221
8,1866,1889-07-24,0.2766416376659624
8,1866,1889-07-31,0.20490368674283316
8,1866,1889-08-07,0.3373464332040995
8,1866,1889-08-14,0.3005418535766724
8,1866,1889-08-21,0.48286076337085015
8,1866,1889-08-28,0.5160094462987884
8,1866,1889-09-04,0.3456854965341389
8,1866,1889-09-11,0.7999221189479223
8,1866,1889-09-18,0.8042137007192989
8,1866,1889-09-25,0.847641020417286
8,1866,1889-10-02,0.8360594277685465
8,1866,1889-10-09,0.7876872051439824
8,1866,1889-10-16,0.7553307562135673
8,1866,1889-10-23,0.6513673500398369
8,1866,1889-10-30,0.6122381279455082
8,1866,1889-11-06,0.25324746264540104
8,1866,1889-11-13,0.32204214241336654
8,1866,1889-11-20,0.36662912732390684
8,1866,1889-11-27,0.429247478143709
8,1866,1889-12-04,0.7324825062431486
8,1866,1889-12-11,0.7996604054710982
8,1866,1889-12-18,0.6326766302337912
8,1866,1889-12-24,0.5720521997380275
8,1866,1890-01-01,0.9118930694218501
8,1866,1890-01-08,0.8736391783569479
8,1866,1890-01-15,0.9131811183419287
8,1866,1890-01-22,0.8873979579099339
8,1866,1890-01-29,0.819388716830422
8,1866,1890-02-05,0.4875613614969119
8,1866,1890-02-12,0.6830288070136052
8,1866,1890-02-19,0.8257911127112177
8,1866,1890-02-26,0.9728919145612173
8,1866,1890-03-05,0.8533611278462878
8,1866,1890-03-12,0.8814804301999889
8,1866,1890-03-19,0.7902087724922702
8,1866,1890-03-26,0.7206132099050937
8,1866,1890-04-02,0.7569848458069407
8,1866,1890-04-09,0.5095137851462996
8,1866,1890-04-16,0.5658773398586838
8,1866,1890-04-23,0.35458386498195554
8,1866,1890-04-30,0.2733299593432922
8,1866,1890-05-07,0.15042228038144248
8,1866,1890-05-14,0.16174766292714043
8,1866,1890-05-21,0.21579211256022107
8,1866,1890-05-28,0.3471913857442539
8,1866,1890-06-04,0.43742056441216065
8,1866,1890-06-11,0.5496730072256606
8,1866,1890-06-18,0.5285215906450245
8,1866,1890-06-25,0.7089524030541774
8,1866,1890-07-02,0.7749029281837329
8,1866,1890-07-09,0.8955940952108754
8,1866,1890-07-16,0.8897485217379095
8,1866,1890-07-23,0.8025606599518533
8,1866,1890-07-30,0.7547241414303296
8,1866,1890-08-06,0.4597291625798232
8,1866,1890-08-13,0.7942042905113349
8,1866,1890-08-20,0.7458229459897201
8,1866,1890-08-27,0.9019292418655539
8,1866,1890-09-03,0.657550652235096
8,1866,1890-09-10,0.4016168189201532
8,1866,1890-09-17,0.5362479792401994
8,1866,1890-09-24,0.6491269055272131
8,1866,1890-10-01,0.771710995441702
8,1866,1890-10-08,0.7554331309102839
8,1866,1890-10-15,0.7617145585063962
8,1866,1890-10-22,0.750951421306395
8,1866,1890-10-29,0.6507666690755056
8,1866,1891-02-11,0.5800091117178923
8,1866,1891-02-18,0.8457133798643439
8,1866,1891-02-25,0.9381867424922085
8,1866,1891-03-04,0.9626081149726631
8,1866,1891-03-11,0.9645218865159443
8,1866,1891-03-18,0.9147277115410437
8,1866,1891-03-25,0.9087134617944504
8,1866,1891-04-01,0.8430657688077638
8,1866,1891-04-08,0.5537986025733073
8,1866,1891-04-15,0.7634432464571447
8,1866,1891-04-22,0.8121421157354793
8,1866,1891-04-29,0.8155120966156282
8,1866,1891-05-06,0.6619750492873585
8,1866,1891-05-13,0.7169831675497744
8,1866,1891-05-20,0.8390556960573674
8,1866,1891-05-27,0.978079532582537
8,1866,1891-06-03,0.9783316125544103
8,1866,1891-06-10,0.9849374925455453
8,1866,1891-06-17,0.9086991780807556
8,1866,1891-06-24,0.8883995554283189
8,1866,1891-07-01,0.812219628327803
8,1866,1891-07-08,0.8107462570253491
8,1866,1891-07-15,0.7745442063025152
8,1866,1891-07-22,0.7994484909215817
8,1866,1891-07-29,0.7844333233173304
8,1866,1891-08-05,0.6340921187992622
8,1866,1891-08-12,0.6535961250508013
8,1866,1891-08-19,0.5869393083171696
8,1866,1891-08-26,0.6634971093168017
8,1866,1891-09-02,0.6941158775115949
8,1866,1891-09-09,0.7975609690629667
8,1866,1891-09-16,0.8087692280413111
8,1866,1891-09-23,0.6996277624404825
8,1866,1891-09-30,0.6063591755182244
8,1866,1891-10-07,0.4196948850037359
8,1866,1891-10-14,0.49279171738683725
8,1866,1891-10-21,0.41383066412700675
8,1866,1891-10-28,0.4223041570173632
8,1866,1891-11-04,0.18278714674502206
8,1866,1891-11-11,0.4882677387488726
8,1866,1891-11-18,0.5583950977856861
8,1866,1891-11-25,0.6779425138904055
8,1866,1891-12-02,0.593582719222726
8,1866,1891-12-09,0.5618557537471583
8,1866,1891-12-16,0.7495403989925117
8,1866,1891-12-23,0.45764219544172047
8,1866,1891-12-30,0.4884368425760716
8,1866,1892-01-06,0.48132104488859256
8,1866,1892-01-13,0.2984837420703167
8,1866,1892-01-20,0.4737529320363064
8,1866,1892-01-27,0.34843367278598475
8,1866,1892-02-03,0.3079051868588283
8,1866,1892-02-10,0.3813963956890395
8,1866,1892-02-17,0.4090469328903124
8,1866,1892-02-24,0.6619294577963354
8,1866,1892-03-02,0.6885488212018601
8,1866,1892-03-09,0.760135278163487
8,1866,1892-03-16,0.7658498419277128
8,1866,1892-03-23,0.7485901374707623
8,1866,1892-03-30,0.8067895048942071
8,1866,1892-04-06,0.5046829575618714
8,1866,1892-04-13,0.34303834776092756
8,1866,1892-04-20,0.2746520615318674
8,1866,1892-04-27,0.2971777373982239
8,1866,1892-05-04,0.3622156178070596
8,1866,1892-05-11,0.16975296456527475
8,1866,1892-05-18,0.21354118333596725
8,1866,1892-05-25,0.27446298355226634
8,1866,1892-06-01,0.28049600736382535
8,1866,1892-06-08,0.43705103291069525
8,1866,1892-06-15,0.5433225087380273
8,1866,1892-06-22,0.5842889069515034
8,1866,1892-06-29,0.6065539103506373
8,1866,1892-07-06,0.5127346727412048
8,1866,1892-07-13,0.384517586709433
8,1866,1892-07-20,0.40700594147536556
8,1866,1892-07-27,0.39458400033793656
8,1866,1892-08-03,0.3698133919852558
8,1866,1892-08-10,0.33923034323468265
8,1866,1892-08-17,0.38997642524606185
8,1866,1892-08-24,0.39295468963612734
8,1866,1892-08-31,0.4029352681189772
8,1866,1892-09-07,0.496504143177786
8,1866,1892-09-14,0.38411871379444534
8,1866,1892-09-21,0.5022750270145234
8,1866,1892-09-28,0.4644063567652681
8,1866,1892-10-05,0.27657011539498927
8,1866,1892-10-12,0.2564074845235317
8,1866,1892-10-19,0.1578255846600703
8,1866,1892-10-26,0.10701520203314595
8,1866,1892-11-02,0.3008104787823346
8,1866,1892-11-09,0.3431941234282605
8,1866,1892-11-16,0.4609360947571105
8,1866,1892-11-23,0.46693027174364937
8,1866,1892-11-30,0.23160433587946466
8,1866,1892-12-07,0.4429340494135413
8,1866,1892-12-14,0.45810846610491834
8,1866,1892-12-21,0.4975995474434588
8,1866,1892-12-28,0.5199608363438283
8,1866,1893-01-04,0.4901334827961686
8,1866,1893-01-11,0.3649477291430601
8,1866,1893-01-18,0.3565010649223329
8,1866,1893-01-25,0.3340730120359335
8,1866,1893-02-01,0.4068686712964553
8,1866,1893-02-08,0.2581355083503413
8,1866,1893-02-15,0.29783753186736517
8,1866,1893-02-22,0.42943629269665284
8,1866,1893-03-01,0.4270532922331301
8,1866,1893-03-08,0.7176217929242009
8,1866,1893-03-15,0.6794295550125931
8,1866,1893-03-22,0.6411265826654167
8,1866,1893-03-29,0.5511297828747641
8,1866,1893-04-05,0.36283786252089634
8,1866,1893-04-12,0.33780972098206213
8,1866,1893-04-19,0.2737832562335868
8,1866,1893-04-26,0.2648858709384687
8,1866,1893-05-03,0.16186592299691685
8,1866,1893-05-10,0.08102272717445556
8,1866,1893-05-17,0.11394763762689653
8,1866,1893-05-24,0.20462594392163377
8,1866,1893-05-31,0.6259311981778886
8,1866,1893-06-07,0.6608180952968279
8,1866,1893-06-14,0.6732300352987612
8,1866,1893-06-21,0.17123672828223868
8,1866,1893-06-28,0.09774781285659716
8,1866,1893-07-05,0.2216454711711013
8,1866,1893-07-12,0.2943632783411213
8,1866,1893-07-19,0.6466276915765722
8,1866,1893-07-26,0.7049718265740557
8,1866,1893-08-02,0.4393592744014987
8,1866,1893-08-09,0.15189319372844737
8,1866,1893-08-16,0.20077003557586748
8,1866,1893-08-23,0.5603152338520242
8,1866,1893-08-30,0.5196553711130704
8,1866,1893-09-06,0.8809294776876719
8,1866,1893-09-13,0.7326863089194756
8,1866,1893-09-20,0.7024930807966553
8,1866,1893-09-27,0.37009818181244003
8,1866,1893-10-04,0.07837356199156052
8,1866,1893-10-11,0.22707134006692334
8,1866,1893-10-18,0.14102968504916055
8,1866,1893-10-25,0.26882295458120914
8,1866,1893-11-01,0.2010063986882289
8,1866,1893-11-08,0.14817106306805605
8,1866,1893-11-15,0.17126784614556564
8,1866,1893-11-22,0.22222834269585362
8,1866,1893-11-29,0.19225969964962206
8,1866,1893-12-06,0.3748236481958972
8,1866,1893-12-13,0.38962752221931873
8,1866,1893-12-20,0.3074911986981462
8,1866,1893-12-27,0.3238604501981831
8,1866,1894-01-03,0.38967251609586395
8,1866,1894-01-10,0.3269654157705043
8,1866,1894-01-17,0.41426498241837
8,1866,1894-01-24,0.3424330136540518
8,1866,1894-01-31,0.2969455771124237
8,1866,1894-02-07,0.29819363547728356
8,1866,1894-02-14,0.210559142463931
8,1866,1894-02-21,0.36535532208429217
8,1866,1894-02-28,0.5863696181123582
8,1866,1894-03-07,0.5198214650398136
8,1866,1894-03-14,0.5324795705204544
8,1866,1894-03-21,0.48374095470850065
8,1866,1894-03-28,0.5032622953072116
8,1866,1894-04-04,0.4314587283669972
8,1866,1894-04-11,0.3108512045604769
8,1866,1894-04-18,0.26229985566091846
8,1866,1894-04-25,0.1907666032841785
8,1866,1894-05-02,0.20864377490878008
8,1866,1894-05-09,0.1362112492932731
8,1866,1894-05-16,0.1457533731879223
8,1866,1894-05-23,0.2205101004747027
8,1866,1894-05-30,0.24632148389852418
8,1866,1894-06-06,0.20166075518757376
8,1866,1894-06-13,0.14341337821044145
8,1866,1894-06-20,0.13338604756664185
8,1866,1894-06-27,0.12693107767897738
8,1866,1894-07-04,0.11633351619986475
8,1866,1894-07-11,0.17285318929642648
8,1866,1894-07-18,0.1393017345311641
8,1866,1894-07-25,0.14192270972309273
8,1866,1894-08-01,0.09819611799728402
8,1866,1894-08-08,0.09423737155365747
8,1866,1894-08-15,0.10153958884705429
8,1866,1894-08-22,0.10760457593899585
8,1866,1894-08-29,0.09941482582627346
8,1866,1894-09-05,0.1648238155422796
8,1866,1894-09-12,0.1665900954324249
8,1866,1894-09-19,0.1619478884902587
8,1866,1894-09-26,0.157207925741568
8,1866,1894-10-03,0.12107803230799273
8,1866,1894-10-10,0.07231190933434653
8,1866,1894-10-17,0.07865018882182119
8,1866,1894-10-24,0.07608707983613969
8,1866,1894-10-31,0.04916433277513609
8,1866,1894-11-07,0.06576647249957908
8,1866,1894-11-14,0.06029179904457053
8,1866,1894-11-21,0.06101101368007619
8,1866,1894-11-28,0.06206658048705515
8,1866,1894-12-05,0.06403910533844397
8,1866,1894-12-12,0.13562659645401764
8,1866,1894-12-19,0.16707808401507454
8,1866,1894-12-24,0.1299799762978835
8,1866,1895-01-02,0.21339684228430938
8,1866,1895-01-09,0.23569528449349372
8,1866,1895-01-16,0.14449612155733507
8,1866,1895-01-23,0.070101571937993
8,1866,1895-01-30,0.05550030684903878
8,1866,1895-02-06,0.06906015205138116
8,1866,1895-02-13,0.08672829677742154
8,1866,1895-02-20,0.0986417723031699
8,1866,1895-02-27,0.11423760162284324
8,1866,1895-03-06,0.29594285139160126
8,1866,1895-03-13,0.26321977930847706
8,1866,1895-03-20,0.17918889456006043
8,1866,1895-03-27,0.18916573627141953
8,1866,1895-04-03,0.17532466291413074
8,1866,1895-04-10,0.08901373873892798
8,1866,1895-04-17,0.06228509571167358
8,1866,1895-04-24,0.0611485903245475
8,1866,1895-05-01,0.046095812879563436
8,1866,1895-05-08,0.044936609865602176
8,1866,1895-05-15,0.03973650969439197
8,1866,1895-05-22,0.04083720308268058
8,1866,1895-05-29,0.04755393141008901
8,1866,1895-06-05,0.0428475315847019
8,1866,1895-06-12,0.06336581883617012
8,1866,1895-06-19,0.06703632797448533
8,1866,1895-06-26,0.07394713465442287
8,1866,1895-07-03,0.09956721986223367
8,1866,1895-07-10,0.10213234017193953
8,1866,1895-07-17,0.1170048858827699
8,1866,1895-07-24,0.14271093069679888
8,1866,1895-07-31,0.11449542378544801
8,1866,1895-08-07,0.14548187986406028
8,1866,1895-08-14,0.14303679250166007
8,1866,1895-08-21,0.14540403738642776
8,1866,1895-08-28,0.1537345392504916
8,1866,1895-09-04,0.15656775439180862
8,1866,1895-09-11,0.1937591311638204
8,1866,1895-09-18,0.23571365662056679
8,1866,1895-09-25,0.25773605350159623
8,1866,1895-10-02,0.22243810387780943
8,1866,1895-10-09,0.21101233334087333
8,1866,1895-10-16,0.22758608899972727
8,1866,1895-10-23,0.2561915155832784
8,1866,1895-10-30,0.2358009768919749
8,1866,1895-11-06,0.19006028021256022
8,1866,1895-11-13,0.20882043743187145
8,1866,1895-11-20,0.2265556294197512
8,1866,1895-11-27,0.21355563078618983
8,1866,1895-12-04,0.23198232949926656
8,1866,1895-12-11,0.2570739661160428
8,1866,1895-12-18,0.2384239817106933
8,1866,1895-12-24,0.21578011057119284
8,1866,1896-01-01,0.689742131316011
8,1866,1896-01-08,0.6481664787979953
8,1866,1896-01-15,0.331962444035134
8,1866,1896-01-22,0.3065736942766964
8,1866,1896-01-29,0.198174763060668
8,1866,1896-02-05,0.14947729850149893
8,1866,1896-02-12,0.17510624557293478
8,1866,1896-02-19,0.21533655869516144
8,1866,1896-02-26,0.2872350910810768
8,1866,1896-03-04,0.30749764680977887
8,1866,1896-03-11,0.2657951962151011
8,1866,1896-03-18,0.2262520833387307
8,1866,1896-03-25,0.19691723762918698
8,1866,1896-04-01,0.18273426007223623
8,1866,1896-04-08,0.22755037038127568
8,1866,1896-04-15,0.23619687201754402
8,1866,1896-04-22,0.2170982388614476
8,1866,1896-04-29,0.1888360872216343
8,1866,1896-05-06,0.17485862970490154
8,1866,1896-05-13,0.2060658426612294
8,1866,1896-05-20,0.25438812863113497
8,1866,1896-05-27,0.27250646217359237
8,1866,1896-06-03,0.2980359326413423
8,1866,1896-06-10,0.2987027134695033
8,1866,1896-06-17,0.2869867434036639
8,1866,1896-06-24,0.27984424077951636
8,1866,1896-07-01,0.5524394472021451
8,1866,1896-07-08,0.5178150776886793
8,1866,1896-07-15,0.3400368778584054
8,1866,1896-07-22,0.30646878536327193
8,1866,1896-07-29,0.27502217459197664
8,1866,1896-08-05,0.22004152389321582
8,1866,1896-08-12,0.2669236298043726
8,1866,1896-08-19,0.2567668338062143
8,1866,1896-08-26,0.24304025701481025
8,1866,1896-09-02,0.22549432356525273
8,1866,1896-09-09,0.21995604918448988
8,1866,1896-09-16,0.19335438444052142
8,1866,1896-09-23,0.3217955424749773
8,1866,1896-09-30,0.28339986491367153
8,1866,1896-10-07,0.3578683269924408
8,1866,1896-10-14,0.31271625431116634
8,1866,1896-10-21,0.25777548476951434
8,1866,1896-10-28,0.24800081119881556
8,1866,1896-11-04,0.4743399413308798
8,1866,1896-11-11,0.535994791929731
8,1866,1896-11-18,0.4563738098558131
8,1866,1896-11-25,0.4796387290622488
8,1866,1896-12-02,0.297574971797916
8,1866,1896-12-09,0.3999697880081414
8,1866,1896-12-16,0.4737158002858478
8,1866,1896-12-23,0.5523530385272287
8,1866,1896-12-30,0.7987574641189678
8,1866,1897-01-06,0.7853264532807863
8,1866,1897-01-13,0.6742058525494287
8,1866,1897-01-20,0.4759215203817785
8,1866,1897-01-27,0.3363213013335806
8,1866,1897-02-03,0.1657040829149419
8,1866,1897-02-10,0.23355571362126207
8,1866,1897-02-17,0.1617307757102765
8,1866,1897-02-24,0.28376618664416464
8,1866,1897-03-03,0.48398127417335673
8,1866,1897-03-10,0.46998765160027495
8,1866,1897-03-17,0.4510430878535242
8,1866,1897-03-24,0.4496535802242826
8,1866,1897-03-31,0.4565605294295018
8,1866,1897-04-07,0.4524332868246136
8,1866,1897-04-14,0.41543891283311174
8,1866,1897-04-21,0.29605590326577647
8,1866,1897-04-28,0.264944635681825
8,1866,1897-05-05,0.17706185501773877
8,1866,1897-05-12,0.17159382889576166
8,1866,1897-05-19,0.2358835418371884
8,1866,1897-05-26,0.12804305602017527
8,1866,1897-06-02,0.13701979125023406
8,1866,1897-06-09,0.1647580823499876
8,1866,1897-06-16,0.22576736576940964
8,1866,1897-06-23,0.3025038937472629
8,1866,1897-06-30,0.5665432754509134
8,1866,1897-07-07,0.5073376899423998
8,1866,1897-07-14,0.34721111697412754
8,1866,1897-07-21,0.32945153647647824
8,1866,1897-07-28,0.30700370914222974
8,1866,1897-08-04,0.24098388197120155
8,1866,1897-08-11,0.33634648332038963
8,1866,1897-08-18,0.36613276401000033
8,1866,1897-08-25,0.3647571513830882
8,1866,1897-09-01,0.40717545311220676
8,1866,1897-09-08,0.3486410085610549
8,1866,1897-09-15,0.330001997177921
8,1866,1897-09-22,0.29006208612765616
8,1866,1897-09-29,0.24140928076890192
8,1866,1897-10-06,0.3287712858117788
8,1866,1897-10-13,0.3408771171101364
8,1866,1897-10-20,0.3067629775095535
8,1866,1897-10-27,0.5394006748970086
8,1866,1897-11-03,0.4101656601236633
8,1866,1897-11-10,0.3888328249643697
8,1866,1897-11-17,0.33137653708956305
8,1866,1897-11-24,0.35270263512982125
8,1866,1897-12-01,0.2731605204505802
8,1866,1897-12-08,0.5344121664985761
8,1866,1897-12-15,0.638861334243492
8,1866,1897-12-22,0.48805739796011705
8,1866,1897-12-29,0.4785391385280413
8,1866,1898-01-05,0.41510498090894693
8,1866,1898-01-12,0.37870084952376865
8,1866,1898-01-19,0.34930581523696225
8,1866,1898-01-26,0.2832990220314465
8,1866,1898-02-02,0.27425601134671584
8,1866,1898-02-09,0.26580360304127526
8,1866,1898-02-16,0.39203197099430026
8,1866,1898-02-23,0.7050467244114494
8,1866,1898-03-02,0.712605106349436
8,1866,1898-03-09,0.8012019993656071
8,1866,1898-03-16,0.7113081819395255
8,1866,1898-03-23,0.6652888044345184
8,1866,1898-03-30,0.6701451925740449
8,1866,1898-04-06,0.268409642598479
8,1866,1898-04-13,0.6013989630906078
8,1866,1898-04-20,0.6402198597735311
8,1866,1898-04-27,0.6862847067145217
8,1866,1898-05-04,0.652856309526678
8,1866,1898-05-11,0.4802177528604504
8,1866,1898-05-18,0.48424827869994613
8,1866,1898-05-25,0.5902040253445423
8,1866,1898-06-01,0.45943965472906895
8,1866,1898-06-08,0.7722352530352778
8,1866,1898-06-15,0.6297762659594087
8,1866,1898-06-22,0.6492527442209535
8,1866,1898-06-29,0.6450964708423285
8,1866,1898-07-06,0.5782126201469788
8,1866,1898-07-13,0.5269135494449116
8,1866,1898-07-20,0.46152617787122724
8,1866,1898-07-27,0.38177377526781514
8,1866,1898-08-03,0.3280778701920734
8,1866,1898-08-10,0.3405595252075955
8,1866,1898-08-17,0.33201088563319375
8,1866,1898-08-24,0.32666405614983346
8,1866,1898-08-31,0.3185511594370134
8,1866,1898-09-07,0.3291808759454184
8,1866,1898-09-14,0.35493499759640984
8,1866,1898-09-21,0.41514329082450485
8,1866,1898-09-28,0.485371454469125
8,1866,1898-10-05,0.4487432421365087
8,1866,1898-10-12,0.5573520172545351
8,1866,1898-10-19,0.4422646967734606
8,1866,1898-10-26,0.7980006578102206
8,1866,1898-11-02,0.5746969961478032
8,1866,1898-11-09,0.5926855871599896
8,1866,1898-11-16,0.5562062089730216
8,1866,1898-11-23,0.32205352910605317
8,1866,1898-11-30,0.33826817225466915
8,1866,1898-12-07,0.45823309770719517
8,1866,1898-12-14,0.4488738424381021
8,1866,1898-12-21,0.3308719786138507
8,1866,1898-12-28,0.3606088000705557
8,1866,1899-01-04,0.2433220135203503
8,1866,1899-01-11,0.2272992684975797
8,1866,1899-01-18,0.2586679262653001
8,1866,1899-01-25,0.22979491076501796
8,1866,1899-02-01,0.1221668929443008
8,1866,1899-02-08,0.2548101430390975
8,1866,1899-02-15,0.16183315053517963
8,1866,1899-02-22,0.26177074755570134
8,1866,1899-03-01,0.45449437042646196
8,1866,1899-03-08,0.5733302965939611
8,1866,1899-03-15,0.7055802703325801
8,1866,1899-03-22,0.6455924546999149
8,1866,1899-03-29,0.7642343978937645
8,1866,1899-04-05,0.4043886464542318
8,1866,1899-04-12,0.40340776846292
8,1866,1899-04-19,0.3837760136634125
8,1866,1899-04-26,0.3683392087472609
8,1866,1899-05-03,0.23455484948118727
8,1866,1899-05-10,0.2589989342370472
8,1866,1899-05-17,0.27943253040235894
8,1866,1899-05-24,0.32352770488555405
8,1866,1899-05-31,0.536068105277182
8,1866,1899-06-07,0.4388261848331861
8,1866,1899-06-14,0.4720726691763092
8,1866,1899-06-21,0.38946230539247484
8,1866,1899-06-28,0.516527844967831
8,1866,1899-07-05,0.3869702549894941
8,1866,1899-07-12,0.42209051945875914
8,1866,1899-07-19,0.46602651219599156
8,1866,1899-07-26,0.6611482535925759
8,1866,1899-08-02,0.5440984058092796
8,1866,1899-08-09,0.573784195241324
8,1866,1899-08-16,0.5872779102202896
8,1866,1899-08-23,0.5005760138224012
8,1866,1899-08-30,0.5508206079059029
8,1866,1899-09-06,0.46667896012900684
8,1866,1899-09-13,0.4746554079405893
8,1866,1899-09-20,0.439899494232516
8,1866,1899-09-27,0.4195658709322536
8,1866,1899-10-04,0.2704468980656926
8,1866,1899-10-11,0.6490759156858192
8,1866,1899-10-18,0.7288116214259013
8,1866,1899-10-25,0.7631218807240437
8,1866,1899-11-01,0.6067399012733473
8,1866,1899-11-08,0.27676717489821556
8,1866,1899-11-15,0.22053805002917995
8,1866,1899-11-22,0.27280630385823995
8,1866,1899-11-29,0.3198506500581361
8,1866,1899-12-06,0.4045994623331471
8,1866,1899-12-13,0.6670299614824013
8,1866,1899-12-20,0.7208773855064327
8,1866,1899-12-27,0.7195240777596786
8,1866,1900-01-03,0.7475140950053176
8,1866,1900-01-10,0.5405712696584524
8,1866,1900-01-17,0.5754298606839269
8,1866,1900-01-24,0.148912500679979
8,1866,1900-01-31,0.11625932886203179
8,1866,1900-02-07,0.08720690037168358
8,1866,1900-02-14,0.14965346931153453
8,1866,1900-02-21,0.49673813834044755
8,1866,1900-02-28,0.7001817795407881
8,1866,1900-03-07,0.7581052677588053
8,1866,1900-03-14,0.9412062745518296
8,1866,1900-03-21,0.9066869627324837
8,1866,1900-03-28,0.8322778097117403
8,1866,1900-04-04,0.6018582163878191
8,1866,1900-04-11,0.48665913115367193
8,1866,1900-04-18,0.5220081525450009
8,1866,1900-04-25,0.49907015483635
8,1866,1900-05-02,0.3882539299695724
8,1866,1900-05-09,0.3937648747219417
8,1866,1900-05-16,0.4075231399917862
8,1866,1900-05-23,0.2752002338230173
8,1866,1900-05-30,0.3203610287632458
8,1866,1900-06-06,0.21399505611186959
8,1866,1900-06-13,0.3643966927116781
8,1866,1900-06-20,0.4196075358109475
8,1866,1900-06-27,0.2493840868034515
8,1866,1900-07-04,0.22225521104271972
8,1866,1900-07-11,0.2219770114791182
8,1866,1900-07-18,0.22219960846622655
8,1866,1900-07-25,0.24593920160329438
8,1866,1900-08-01,0.5484258016780791
8,1866,1900-08-08,0.4920173832272476
8,1866,1900-08-15,0.611942736246128
8,1866,1900-08-22,0.6834402116868215
8,1866,1900-08-29,0.4544898104917996
8,1866,1900-09-05,0.5074178062508188
8,1866,1900-09-12,0.5643645696792053
8,1866,1900-09-19,0.612972307484731
8,1866,1900-09-26,0.7557905539683519
8,1866,1900-10-03,0.5876822801596835
8,1866,1900-10-10,0.6229459104010268
8,1866,1900-10-17,0.5819320188894619
8,1866,1900-10-24,0.40129188306004876
8,1866,1900-10-31,0.23647602587437083
8,1866,1900-11-07,0.21736540954463676
8,1866,1900-11-14,0.16640617419410034
8,1866,1900-11-21,0.16705021956679697
8,1866,1900-11-28,0.15522257696115344
8,1866,1900-12-05,0.30725106026167964
8,1866,1900-12-12,0.41900178447928105
8,1866,1900-12-19,0.4059175324559871
8,1866,1900-12-24,0.3441760590356552
8,1866,1901-01-02,0.38265716940971134
8,1866,1901-01-09,0.28457653107775566
8,1866,1901-01-16,0.784901112033187
8,1866,1901-01-23,0.6605410253585492
8,1866,1901-01-30,0.5470657558810682
8,1866,1901-02-06,0.5713672259724586
8,1866,1901-02-13,0.69925767636651
8,1866,1901-02-20,0.5986544381427562
8,1866,1901-02-27,0.8498836494284719
8,1866,1901-03-06,0.7527415643697095
8,1866,1901-03-13,0.6452047889024394
8,1866,1901-03-20,0.5628861187858569
8,1866,1901-03-27,0.6125824545118292
8,1866,1901-04-03,0.5449995302600469
8,1866,1901-04-10,0.4727177182378392
8,1866,1901-04-17,0.41543403513292093
8,1866,1901-04-24,0.4099637432583496
8,1866,1901-05-01,0.35972124184812804
8,1866,1901-05-08,0.21182338473023452
8,1866,1901-05-15,0.39749429912771744
8,1866,1901-05-22,0.3168807575438745
8,1866,1901-05-29,0.33321940219543544
8,1866,1901-06-05,0.3624403845351841
8,1866,1901-06-12,0.4729401744068007
8,1866,1901-06-19,0.225307387085985
8,1866,1901-06-26,0.20428529527564065
8,1866,1901-07-03,0.39553044001446963
8,1866,1901-07-10,0.19979586764280455
8,1866,1901-07-17,0.31525987602108196
8,1866,1901-07-24,0.3786104229407928
8,1866,1901-07-31,0.3606947819656553
8,1866,1901-08-07,0.20997727869502572
8,1866,1901-08-14,0.2587198180042681
8,1866,1901-08-21,0.284971170640562
8,1866,1901-08-28,0.259161271105763
8,1866,1901-09-04,0.260930227899932
8,1866,1901-09-11,0.2986685203803506
8,1866,1901-09-18,0.3584428643999168
8,1866,1901-09-25,0.32072407666497527
8,1866,1901-10-02,0.30218234730482085
8,1866,1901-10-09,0.33758580860826803
8,1866,1901-10-16,0.342907459770716
8,1866,1901-10-23,0.181676233250732
8,1866,1901-10-30,0.49115567161781143
8,1866,1901-11-06,0.47442629230244227
8,1866,1901-11-13,0.5973047986336857
8,1866,1901-11-20,0.5579288533220176
8,1866,1901-11-27,0.41528255195136365
8,1866,1901-12-04,0.41135131440514877
8,1866,1901-12-11,0.44192208344217093
8,1866,1901-12-18,0.3649103193504197
8,1866,1901-12-24,0.33874188300772945
8,1866,1902-01-01,0.7933915889521918
8,1866,1902-01-08,0.3906510181372861
8,1866,1902-01-15,0.3664152816604356
8,1866,1902-01-22,0.34579116146524314
8,1866,1902-01-29,0.2880470059630684
8,1866,1902-02-05,0.12116780592075577
8,1866,1902-02-12,0.3242741131711519
8,1866,1902-02-19,0.3558414295267912
8,1866,1902-02-26,0.7165407886871172
8,1866,1902-03-05,0.7629340660248346
8,1866,1902-03-12,0.8258678649155536
8,1866,1902-03-19,0.8262469215034501
8,1866,1902-03-26,0.809898981359004
8,1866,1902-04-02,0.7172183182591129
8,1866,1902-04-09,0.46101468007950447
8,1866,1902-04-16,0.3820329592203795
8,1866,1902-04-23,0.4106449845524027
8,1866,1902-04-30,0.4257753538284484
8,1866,1902-05-07,0.2490358181198271
8,1866,1902-05-14,0.2986228435610031
8,1866,1902-05-21,0.3167219639873027
8,1866,1902-05-28,0.6251197403128322
8,1866,1902-06-04,0.3854169292051431
8,1866,1902-06-11,0.3695595670138996
8,1866,1902-06-18,0.2920729722629682
8,1866,1902-06-25,0.4881984232697067
8,1866,1902-07-02,0.6265257669959972
8,1866,1902-07-09,0.27278869397212724
8,1866,1902-07-16,0.37531596829244185
8,1866,1902-07-23,0.34323092606067945
8,1866,1902-07-30,0.3358518096790268
8,1866,1902-08-06,0.16507453903489402
8,1866,1902-08-13,0.2871524472828368
8,1866,1902-08-20,0.2666523434133374
8,1866,1902-08-27,0.4576631711665389
8,1866,1902-09-03,0.3442165427097395
8,1866,1902-09-10,0.3594010438315153
8,1866,1902-09-17,0.2656295625490895
8,1866,1902-09-24,0.28104801820837355
8,1866,1902-10-01,0.27655224566036596
8,1866,1902-10-08,0.18884248273745588
8,1866,1902-10-15,0.4571221594301344
8,1866,1902-10-22,0.40874567886659713
8,1866,1902-10-29,0.45989938568006133
8,1866,1902-11-05,0.25193423139118026
8,1866,1902-11-12,0.1496929088370294
8,1866,1902-11-19,0.11472302608890089
8,1866,1902-11-26,0.20528295411793487
8,1866,1902-12-03,0.28969289710176377
8,1866,1902-12-10,0.4186139693667407
8,1866,1902-12-17,0.34002133910541715
8,1866,1902-12-24,0.32749475440855097
8,1866,1902-12-31,0.7643807582038343
8,1866,1903-01-07,0.21480456898428607
8,1866,1903-01-14,0.3617636321769489
8,1866,1903-01-21,0.35066858286822267
8,1866,1903-01-28,0.2530171170263964
8,1866,1903-02-04,0.2638904763188247
8,1866,1903-02-11,0.4219110572510823
8,1866,1903-02-18,0.5946868202306838
8,1866,1903-02-25,0.8627070604996084
8,1866,1903-03-04,0.8610579061409102
8,1866,1903-03-11,0.8469061098302577
8,1866,1903-03-18,0.7950926623103376
8,1866,1903-03-25,0.796701116428025
8,1866,1903-04-01,0.6712864705083763
8,1866,1903-04-08,0.27871024510586784
8,1866,1903-04-15,0.2650753293738399
8,1866,1903-04-22,0.31134362952339256
8,1866,1903-04-29,0.34874491763687815
8,1866,1903-05-06,0.24087870998482439
8,1866,1903-05-13,0.8079496849904572
8,1866,1903-05-20,0.14711836497343533
8,1866,1903-05-27,0.2906983483943864
8,1866,1903-06-03,0.20807949157307065
8,1866,1903-06-10,0.2491212803725967
8,1866,1903-06-17,0.2448625950387536
8,1866,1903-06-24,0.27514195273066083
8,1866,1903-07-01,0.4710014590759264
8,1866,1903-07-08,0.23095183098465527
8,1866,1903-07-15,0.36198319808524565
8,1866,1903-07-22,0.20308314545916048
8,1866,1903-07-29,0.28201333361191894
8,1866,1903-08-05,0.1931929290641831
8,1866,1903-08-12,0.22511081905601057
8,1866,1903-08-19,0.13761755155350178
8,1866,1903-08-26,0.18556437253735839
8,1866,1903-09-02,0.25352023381497896
8,1866,1903-09-09,0.12322968182875679
8,1866,1903-09-16,0.439671102896776
8,1866,1903-09-23,0.4664695362736831
8,1866,1903-09-30,0.5021240278366187
8,1866,1903-10-07,0.4134096907051678
8,1866,1903-10-14,0.2044167424435547
8,1866,1903-10-21,0.30588581252476793
8,1866,1903-10-28,0.39100610213641546
8,1866,1903-11-04,0.24774378794142587
8,1866,1903-11-11,0.25743741261831327
8,1866,1903-11-18,0.17807489202384355
8,1866,1903-11-25,0.1990953156648151
8,1866,1903-12-02,0.22516263357843178
8,1866,1903-12-09,0.2840018405313916
8,1866,1903-12-16,0.25651133676734766
8,1866,1903-12-23,0.18698279403342968
8,1866,1903-12-30,0.3646843829430507
8,1866,1904-01-06,0.14615628616532944
8,1866,1904-01-13,0.214990107087279
8,1866,1904-01-20,0.15655239332898266
8,1866,1904-01-27,0.10811530904280368
8,1866,1904-02-03,0.13870500945497144
8,1866,1904-02-10,0.25946620778520824
8,1866,1904-02-17,0.3811666564494631
8,1866,1904-02-24,0.6810611318266021
8,1866,1904-03-02,0.6213384022809435
8,1866,1904-03-09,0.6089720116187164
8,1866,1904-03-16,0.5064161955377829
8,1866,1904-03-23,0.48674989738138136
8,1866,1904-03-30,0.4277168792020178
8,1866,1904-04-06,0.42377958077401995
8,1866,1904-04-13,0.41923266356826944
8,1866,1904-04-20,0.5905442406880366
8,1866,1904-04-27,0.32506682482595
8,1866,1904-05-04,0.1291978990813811
8,1866,1904-05-11,0.12832000373131108
8,1866,1904-05-18,0.11843276997167981
8,1866,1904-05-25,0.16477541733273357
8,1866,1904-06-01,0.3927360060266813
8,1866,1904-06-08,0.3928548045410299
8,1866,1904-06-15,0.34689458141734336
8,1866,1904-06-22,0.21911505829128994
8,1866,1904-06-29,0.5152588973989103
8,1866,1904-07-06,0.2758161461918735
8,1866,1904-07-13,0.3157922547708241
8,1866,1904-07-20,0.3244973573415863
8,1866,1904-07-27,0.44841021648302093
8,1866,1904-08-03,0.282414909549719
8,1866,1904-08-10,0.3560964622274767
8,1866,1904-08-17,0.28010641616299553
8,1866,1904-08-24,0.2804162487203864
8,1866,1904-08-31,0.3438827394422771
8,1866,1904-09-07,0.3209003332535958
8,1866,1904-09-14,0.28448983077351314
8,1866,1904-09-21,0.2562112791630656
8,1866,1904-09-28,0.3150749514744121
8,1866,1904-10-05,0.16239476082950477
8,1866,1904-10-12,0.19700678447679829
8,1866,1904-10-19,0.1893642659438407
8,1866,1904-10-26,0.20173329511466762
8,1866,1904-11-02,0.15297854221773474
8,1866,1904-11-09,0.14071527419658972
8,1866,1904-11-16,0.10459315302759344
8,1866,1904-11-23,0.09870215920163218
8,1866,1904-11-30,0.08900568120249261
8,1866,1904-12-07,0.17954347303283896
8,1866,1904-12-14,0.1492050545838841
8,1866,1904-12-21,0.11138885079181299
8,1866,1904-12-28,0.2534573890793381
8,1866,1905-01-04,0.3121746975341932
8,1866,1905-01-11,0.2541590428942067
8,1866,1905-01-18,0.14511506464215992
8,1866,1905-01-25,0.11766445860705123
8,1866,1905-02-01,0.18813068874694522
8,1866,1905-02-08,0.20433202736514747
8,1866,1905-02-15,0.3075330489364275
8,1866,1905-02-22,0.5653944839366731
8,1866,1905-03-01,0.6576308228991797
8,1866,1905-03-08,0.663764765541775
8,1866,1905-03-15,0.7380492425384937
8,1866,1905-03-22,0.5796290186611448
8,1866,1905-03-29,0.5091882607649543
8,1866,1905-04-05,0.2687287387853123
8,1866,1905-04-12,0.21011316576883093
8,1866,1905-04-19,0.15315650916225382
8,1866,1905-04-26,0.190362356327068
8,1866,1905-05-03,0.20060417109611256
8,1866,1905-05-10,0.2008388336287801
8,1866,1905-05-17,0.2046111970768649
8,1866,1905-05-24,0.17071984722195793
8,1866,1905-05-31,0.16517152543088381
8,1866,1905-06-07,0.18061803392369527
8,1866,1905-06-14,0.22265134370550058
8,1866,1905-06-21,0.28595834492289024
8,1866,1905-06-28,0.43509701679437557
8,1866,1905-07-05,0.5385549563202421
8,1866,1905-07-12,0.39084561525912126
8,1866,1905-07-19,0.25656840237389195
8,1866,1905-07-26,0.25371778054138927
8,1866,1905-08-02,0.1785289389856616
8,1866,1905-08-09,0.16586324531935254
8,1866,1905-08-16,0.21504440478208817
8,1866,1905-08-23,0.22205494181274055
8,1866,1905-08-30,0.1985286654411351
8,1866,1905-09-06,0.23123327094834975
8,1866,1905-09-13,0.19059310737880833
8,1866,1905-09-20,0.3691353522809607
8,1866,1905-09-27,0.5006917945344672
8,1866,1905-10-04,0.2605172833177504
8,1866,1905-10-11,0.6787773040000495
8,1866,1905-10-18,0.6862372792338359
8,1866,1905-10-25,0.6093009976732848
8,1866,1905-11-01,0.5785413478435043
8,1866,1905-11-08,0.38537127531686205
8,1866,1905-11-15,0.37093123234223324
8,1866,1905-11-22,0.3708400959709894
8,1866,1905-11-29,0.4024620022695704
8,1866,1905-12-06,0.41913696987367893
8,1866,1905-12-13,0.3283312735303545
8,1866,1905-12-20,0.3692601730388772
8,1866,1905-12-27,0.3397128121244387
8,1866,1906-01-03,0.32338886849035137
8,1866,1906-01-10,0.27667596246960985
8,1866,1906-01-17,0.5621550381534532
8,1866,1906-01-24,0.33346202924226465
8,1866,1906-01-31,0.18052286184585023
8,1866,1906-02-07,0.40306603383342937
8,1866,1906-02-14,0.5260076112065586
8,1866,1906-02-21,0.539255969835677
8,1866,1906-02-28,0.7318640983400512
8,1866,1906-03-07,0.6595006111278585
8,1866,1906-03-14,0.7227099016954734
8,1866,1906-03-21,0.40238691991396064
8,1866,1906-03-28,0.5720945834746756
8,1866,1906-04-04,0.38023348375626753
8,1866,1906-04-11,0.3069712841964626
8,1866,1906-04-18,0.1866076720777742
8,1866,1906-04-25,0.26850030228447097
8,1866,1906-05-02,0.21342831599691073
8,1866,1906-05-09,0.12673405047358247
8,1866,1906-05-16,0.249376616403973
8,1866,1906-05-23,0.3078884565043434
8,1866,1906-05-30,0.28181170915034304
8,1866,1906-06-06,0.3179439374999947
8,1866,1906-06-13,0.28888453081391996
8,1866,1906-06-20,0.3344071299950918
8,1866,1906-06-27,0.5245570539544933
8,1866,1906-07-04,0.45439789113813583
8,1866,1906-07-11,0.369481245877927
8,1866,1906-07-18,0.3519281005873856
8,1866,1906-07-25,0.36017753280467396
8,1866,1906-08-01,0.38405319909370245
8,1866,1906-08-08,0.32516251932071005
8,1866,1906-08-15,0.3733558794523602
8,1866,1906-08-22,0.3031793659505811
8,1866,1906-08-29,0.3010878542301327
8,1866,1906-09-05,0.344870689792071
8,1866,1906-09-12,0.22828984226279686
8,1866,1906-09-19,0.3316751948712439
8,1866,1906-09-26,0.48456577011370694
8,1866,1906-10-03,0.4237708682168954
8,1866,1906-10-10,0.3307837440481587
8,1866,1906-10-17,0.21655257285100427
8,1866,1906-10-24,0.28225709414732014
8,1866,1906-10-31,0.5068918887473411
8,1866,1906-11-07,0.472823971819287
8,1866,1906-11-14,0.4933680283566572
8,1866,1906-11-21,0.2704769483716547
8,1866,1906-11-28,0.27284345281745054
8,1866,1906-12-05,0.28419067275052246
8,1866,1906-12-12,0.4634003021039502
8,1866,1906-12-19,0.2618098354102407
8,1866,1906-12-24,0.38008671515761255
8,1866,1907-01-02,0.6416922533708177
8,1866,1907-01-09,0.3844165944005545
8,1866,1907-01-16,0.48905922639160637
8,1866,1907-01-23,0.6358155576183334
8,1866,1907-01-30,0.14110715693995124
8,1866,1907-02-06,0.13862592994964837
8,1866,1907-02-13,0.17865934095270072
8,1866,1907-02-20,0.34106785006833373
8,1866,1907-02-27,0.6158589966672261
8,1866,1907-03-06,0.6445289776323804
8,1866,1907-03-13,0.6158867224194112
8,1866,1907-03-20,0.4756923797167595
8,1866,1907-03-27,0.3339210024749736
8,1866,1907-04-03,0.31795594144067646
8,1866,1907-04-10,0.30839314281953306
8,1866,1907-04-17,0.3564656510602461
8,1866,1907-04-24,0.2537344337145596
8,1866,1907-05-01,0.2030295284948392
8,1866,1907-05-08,0.12606953074380658
8,1866,1907-05-15,0.13963857013917805
8,1866,1907-05-22,0.2649252178567728
8,1866,1907-05-29,0.36610942152142545
8,1866,1907-06-05,0.3631432142425416
8,1866,1907-06-12,0.3753566263429979
8,1866,1907-06-19,0.336075063593901
8,1866,1907-06-26,0.3772188481902059
8,1866,1907-07-03,0.5526588231282406
8,1866,1907-07-10,0.42098395425437446
8,1866,1907-07-17,0.3547429400925074
8,1866,1907-07-24,0.33358289929018586
8,1866,1907-07-31,0.24037530345150554
8,1866,1907-08-07,0.21929165421323596
8,1866,1907-08-14,0.36166839595578154
8,1866,1907-08-21,0.27829384194180307
8,1866,1907-08-28,0.5573156309543412
8,1866,1907-09-04,0.5601440017501922
8,1866,1907-09-11,0.5205792158984069
8,1866,1907-09-18,0.5068330647986942
8,1866,1907-09-25,0.39385783023547005
8,1866,1907-10-02,0.3803558702433556
8,1866,1907-10-09,0.353362928122117
8,1866,1907-10-16,0.3914338762225523
8,1866,1907-10-23,0.3302629419570003
8,1866,1907-10-30,0.20478501757845402
8,1866,1907-11-06,0.05772719518075616
8,1866,1907-11-13,0.4598548228431119
8,1866,1907-11-20,0.5781872580287039
8,1866,1907-11-27,0.7367322555945365
8,1866,1907-12-04,0.6149813997883317
8,1866,1907-12-11,0.38302300527534067
8,1866,1907-12-18,0.16978207134814016
8,1866,1907-12-24,0.17348325910184692
8,1866,1908-01-01,0.7490379284321664
8,1866,1908-01-08,0.7612479061519779
8,1866,1908-01-15,0.3746116209876002
8,1866,1908-01-22,0.477503474283403
8,1866,1908-01-29,0.10158934598353356
8,1866,1908-02-05,0.02580012542184504
8,1866,1908-02-12,0.10297116506528273
8,1866,1908-02-19,0.1611808738302529
8,1866,1908-02-26,0.5530432243360532
8,1866,1908-03-04,0.7254862019657524
8,1866,1908-03-11,0.687214101955582
8,1866,1908-03-18,0.42124517563715336
8,1866,1908-03-25,0.5355823946099244
8,1866,1908-04-01,0.2342786915250092
8,1866,1908-04-08,0.14562162337116744
8,1866,1908-04-15,0.13760700433399906
8,1866,1908-04-22,0.18626318302030945
8,1866,1908-04-29,0.2374266028123599
8,1866,1908-05-06,0.21830737056000143
8,1866,1908-05-13,0.17925156594115177
8,1866,1908-05-20,0.13013557559815125
8,1866,1908-05-27,0.13945832735606922
8,1866,1908-06-03,0.1681685318270637
8,1866,1908-06-10,0.10410478962552555
8,1866,1908-06-17,0.16216579710649084
8,1866,1908-06-24,0.15659375075560725
8,1866,1908-07-01,0.2366946956466313
8,1866,1908-07-08,0.3142406919710984
8,1866,1908-07-15,0.22194954340201128
8,1866,1908-07-22,0.1981526959587587
8,1866,1908-07-29,0.20402403248413137
8,1866,1908-08-05,0.1445970133785085
8,1866,1908-08-12,0.2139191178472773
8,1866,1908-08-19,0.2151701483463294
8,1866,1908-08-26,0.17438042849260288
8,1866,1908-09-02,0.17800273430536634
8,1866,1908-09-09,0.15166974175925646
8,1866,1908-09-16,0.1678844147814589
8,1866,1908-09-23,0.2080086763495402
8,1866,1908-09-30,0.181219635871289
8,1866,1908-10-07,0.19451026048112785
8,1866,1908-10-14,0.20670185994710633
8,1866,1908-10-21,0.17615065208108305
8,1866,1908-10-28,0.1805383339233463
8,1866,1908-11-04,0.158173321868929
8,1866,1908-11-11,0.1820195863905423
8,1866,1908-11-18,0.15226873615356462
8,1866,1908-11-25,0.18319278927547045
8,1866,1908-12-02,0.25580232458706365
8,1866,1908-12-09,0.250397913355698
8,1866,1908-12-16,0.22324422737812655
8,1866,1908-12-23,0.21567376938073313
8,1866,1908-12-30,0.5778939034688645
8,1866,1909-01-06,0.5681023347024293
8,1866,1909-01-13,0.4046183391105371
8,1866,1909-01-20,0.16685379199725026
8,1866,1909-01-27,0.16884582036319276
8,1866,1909-02-03,0.14385229485441967
8,1866,1909-02-10,0.23385591757162155
8,1866,1909-02-17,0.2956298960649358
8,1866,1909-02-24,0.48654458779292414
8,1866,1909-03-03,0.5261609904490436
8,1866,1909-03-10,0.5318513616674151
8,1866,1909-03-17,0.4915399215016953
8,1866,1909-03-24,0.5902891293107406
8,1866,1909-03-31,0.5528994639710303
8,1866,1909-04-07,0.4600337112094075
8,1866,1909-04-14,0.2713390863589282
8,1866,1909-04-21,0.23500050722169066
8,1866,1909-04-28,0.1946641220922092
8,1866,1909-05-05,0.18037145957905745
8,1866,1909-05-12,0.2002664779126482
8,1866,1909-05-19,0.21432886969263984
8,1866,1909-05-26,0.21727912170014357
8,1866,1909-06-02,0.22843981012910933
8,1866,1909-06-09,0.3523238632945858
8,1866,1909-06-16,0.34305798075802396
8,1866,1909-06-23,0.28371975071034544
8,1866,1909-06-30,0.6217335600949998
8,1866,1909-07-07,0.531512455365758
8,1866,1909-07-14,0.3444247015241368
8,1866,1909-07-21,0.2929628187975196
8,1866,1909-07-28,0.2791784341063816
8,1866,1909-08-04,0.25641783306224103
8,1866,1909-08-11,0.30736882779881314
8,1866,1909-08-18,0.2624423749258214
8,1866,1909-08-25,0.245114095044886
8,1866,1909-09-01,0.2859980677101911
8,1866,1909-09-08,0.23396218294130847
8,1866,1909-09-15,0.23162770800986557
8,1866,1909-09-22,0.21913296541621496
8,1866,1909-09-29,0.19328802951453436
8,1866,1909-10-06,0.14842283473376816
8,1866,1909-10-13,0.1465634129277774
8,1866,1909-10-20,0.2262108652334312
8,1866,1909-10-27,0.40246252882280853
8,1866,1909-11-03,0.7128179406715771
8,1866,1909-11-10,0.7590966789534557
8,1866,1909-11-17,0.6898056452103422
8,1866,1909-11-24,0.47321228481660627
8,1866,1909-12-01,0.27687205585062824
8,1866,1909-12-08,0.42349099653908645
8,1866,1909-12-15,0.4539833615564798
8,1866,1909-12-22,0.1310692008174283
8,1866,1909-12-29,0.5193700767718347
8,1866,1910-01-05,0.44711446636341906
8,1866,1910-01-12,0.4157563118734855
8,1866,1910-01-19,0.11961304252912455
8,1866,1910-01-26,0.08387254745434085
8,1866,1910-02-02,0.030095378764348348
8,1866,1910-02-09,0.041424433751584194
8,1866,1910-02-16,0.13917320861561855
8,1866,1910-02-23,0.21269100714664152
8,1866,1910-03-02,0.3491450299485504
8,1866,1910-03-09,0.2994502635087874
8,1866,1910-03-16,0.19205514250634706
8,1866,1910-03-23,0.14812617194413366
8,1866,1910-03-30,0.45419930727521124
8,1866,1910-04-06,0.390648503911189
8,1866,1910-04-13,0.42910271744121875
8,1866,1910-04-20,0.37394241042671594
8,1866,1910-04-27,0.18290657132326055
8,1866,1910-05-04,0.2598235183649454
8,1866,1910-05-11,0.15868827746514363
8,1866,1910-05-18,0.19128343959051144
8,1866,1910-05-25,0.4816363274573822
8,1866,1910-06-01,0.5443246051800701
8,1866,1910-06-08,0.6707741574673228
8,1866,1910-06-15,0.5576683098191598
8,1866,1910-06-22,0.21355294673511205
8,1866,1910-06-29,0.37915245065014325
8,1866,1910-07-06,0.3000837409378472
8,1866,1910-07-13,0.31296907063290885
8,1866,1910-07-20,0.29103511402184334
8,1866,1910-07-27,0.25131168745732047
8,1866,1910-08-03,0.14899509989126417
8,1866,1910-08-10,0.2097564970487134
8,1866,1910-08-17,0.2561274830498001
8,1866,1910-08-24,0.27462825736237634
8,1866,1910-08-31,0.31036581432741245
8,1866,1910-09-07,0.24515862605213798
8,1866,1910-09-14,0.2748457285631794
8,1866,1910-09-21,0.22645830951939294
8,1866,1910-09-28,0.20845398760539793
8,1866,1910-10-05,0.13533935980343004
8,1866,1910-10-12,0.43435651454202706
8,1866,1910-10-19,0.3669829973822016
8,1866,1910-10-26,0.32508754341477114
8,1866,1910-11-02,0.7494845466285612
8,1866,1910-11-09,0.5709760403051951
8,1866,1910-11-16,0.47699653143899845
8,1866,1910-11-23,0.47310562876572626
8,1866,1910-11-30,0.2150753764264421
8,1866,1910-12-07,0.2883608235162154
8,1866,1910-12-14,0.14620873209939433
8,1866,1910-12-21,0.1403190522477505
8,1866,1910-12-28,0.26948473570085874
8,1866,1911-01-04,0.3857397742272232
8,1866,1911-01-11,0.33730982020727523
8,1866,1911-01-18,0.21880727476730596
8,1866,1911-01-25,0.13541357980951063
8,1866,1911-02-01,0.11603819004222991
8,1866,1911-02-08,0.09063783855841526
8,1866,1911-02-15,0.12688116854867845
8,1866,1911-02-22,0.34663007775869287
8,1866,1911-03-01,0.33309496259344035
8,1866,1911-03-08,0.4723677052482266
8,1866,1911-03-15,0.5409160441013028
8,1866,1911-03-22,0.440120150602661
8,1866,1911-03-29,0.503027901765138
8,1866,1911-04-05,0.3591281786793521
8,1866,1911-04-12,0.36511728244093705
8,1866,1911-04-19,0.4217283081968487
8,1866,1911-04-26,0.35299527867030334
8,1866,1911-05-03,0.26304346684487745
8,1866,1911-05-10,0.18409268056896397
8,1866,1911-05-17,0.13549043802773597
8,1866,1911-05-24,0.18225992974349717
8,1866,1911-05-31,0.18842707674278836
8,1866,1911-06-07,0.2119973135311852
8,1866,1911-06-14,0.3145463407470504
8,1866,1911-06-21,0.32054607151435494
8,1866,1911-06-28,0.5492823842281978
8,1866,1911-07-05,0.7391122253780974
8,1866,1911-07-12,0.7335706050571572
8,1866,1911-07-19,0.3776743963977387
8,1866,1911-07-26,0.3145309862745538
8,1866,1911-08-02,0.16474321717559814
8,1866,1911-08-09,0.15872913657956114
8,1866,1911-08-16,0.22105285739508768
8,1866,1911-08-23,0.20196648470770923
8,1866,1911-08-30,0.28337011904275483
8,1866,1911-09-06,0.23528197854766647
8,1866,1911-09-13,0.15068316921033706
8,1866,1911-09-20,0.16536134604524183
8,1866,1911-09-27,0.11140356907182661
8,1866,1911-10-04,0.29268234685387284
8,1866,1911-10-11,0.4474091277249576
8,1866,1911-10-18,0.4125665223648447
8,1866,1911-10-25,0.38925294267805577
8,1866,1911-11-01,0.12506965556443844
8,1866,1911-11-08,0.13473599774248957
8,1866,1911-11-15,0.17347155964979538
8,1866,1911-11-22,0.16732908193547028
8,1866,1911-11-29,0.17544705693091053
8,1866,1911-12-06,0.2244941399842248
8,1866,1911-12-13,0.13235934608916777
8,1866,1911-12-20,0.14967194477547507
8,1866,1911-12-27,0.41245953876019986
8,1866,1912-01-03,0.838966694491973
8,1866,1912-01-10,0.7410130536240475
8,1866,1912-01-17,0.34908621898515063
8,1866,1912-01-24,0.22055462880432541
8,1866,1912-01-31,0.14916695193962717
8,1866,1912-02-07,0.19992021410121696
8,1866,1912-02-14,0.28625603102790464
8,1866,1912-02-21,0.3559889232488291
8,1866,1912-02-28,0.5555470090445385
8,1866,1912-03-06,0.4154706764184935
8,1866,1912-03-13,0.43711784890184646
8,1866,1912-03-20,0.5565090161279557
8,1866,1912-03-27,0.4584281039320444
8,1866,1912-04-03,0.33197653190691606
8,1866,1912-04-10,0.41314426309760555
8,1866,1912-04-17,0.383670886298531
8,1866,1912-04-24,0.38087738562827994
8,1866,1912-05-01,0.3313065509112731
8,1866,1912-05-08,0.23443231437915912
8,1866,1912-05-15,0.3690111198294704
8,1866,1912-05-22,0.23730658231008447
8,1866,1912-05-29,0.2949930031643345
8,1866,1912-06-05,0.4527843071782691
8,1866,1912-06-12,0.4149087800676417
8,1866,1912-06-19,0.44129060693378025
8,1866,1912-06-26,0.46749830897422934
8,1866,1912-07-03,0.6270156507918895
8,1866,1912-07-10,0.5045193822674009
8,1866,1912-07-17,0.27362868902482423
8,1866,1912-07-24,0.26367506374756905
8,1866,1912-07-31,0.25657979267699704
8,1866,1912-08-07,0.19378725144978307
8,1866,1912-08-14,0.2602748170879761
8,1866,1912-08-21,0.25924668180158467
8,1866,1912-08-28,0.3323458888146775
8,1866,1912-09-04,0.22386857824055859
8,1866,1912-09-11,0.4288707580383398
8,1866,1912-09-18,0.4513586551533503
8,1866,1912-09-25,0.44997868068253205
8,1866,1912-10-02,0.3801279181302675
8,1866,1912-10-09,0.30541657283854834
8,1866,1912-10-16,0.3099894501084878
8,1866,1912-10-23,0.21414730679731656
8,1866,1912-10-30,0.5489829683360047
8,1866,1912-11-06,0.47929871682296643
8,1866,1912-11-13,0.4468320349809028
8,1866,1912-11-20,0.38372755777783174
8,1866,1912-11-27,0.2402523426769155
8,1866,1912-12-04,0.22715623923540104
8,1866,1912-12-11,0.19218342098256744
8,1866,1912-12-18,0.17489675327732981
8,1866,1912-12-24,0.2064260295679648
8,1866,1913-01-01,0.6180432545493154
8,1866,1913-01-08,0.52813626737167
8,1866,1913-01-15,0.31149864343822575
8,1866,1913-01-22,0.16365215430348554
8,1866,1913-01-29,0.09830405593422223
8,1866,1913-02-05,0.12278368476348084
8,1866,1913-02-12,0.37536947622410516
8,1866,1913-02-19,0.589710082308634
8,1866,1913-02-26,0.7594056974124136
8,1866,1913-03-05,0.7071022090018365
8,1866,1913-03-12,0.673573230211553
8,1866,1913-03-19,0.5606476375962629
8,1866,1913-03-26,0.7056440804980731
8,1866,1913-04-02,0.3815729550952622
8,1866,1913-04-09,0.4116347610787275
8,1866,1913-04-16,0.36125883407875103
8,1866,1913-04-23,0.33530109178061923
8,1866,1913-04-30,0.18470955985563794
8,1866,1913-05-07,0.1861870374949744
8,1866,1913-05-14,0.23520395260638824
8,1866,1913-05-21,0.34452940153488093
8,1866,1913-05-28,0.4160190116497252
8,1866,1913-06-04,0.41137328249811633
8,1866,1913-06-11,0.3402627492919913
8,1866,1913-06-18,0.3029208684317572
8,1866,1913-06-25,0.4031994277744664
8,1866,1913-07-02,0.6919461612321748
8,1866,1913-07-09,0.724650336002322
8,1866,1913-07-16,0.46183468529912786
8,1866,1913-07-23,0.316949641662949
8,1866,1913-07-30,0.2604721565361445
8,1866,1913-08-06,0.16308787375887382
8,1866,1913-08-13,0.22198389689924275
8,1866,1913-08-20,0.1933866334704508
8,1866,1913-08-27,0.2327298971643869
8,1866,1913-09-03,0.2786198731506393
8,1866,1913-09-10,0.19310890418059265
8,1866,1913-09-17,0.21129397642701345
8,1866,1913-09-24,0.20818147242723037
8,1866,1913-10-01,0.12580929989608586
8,1866,1913-10-08,0.28072073899538874
8,1866,1913-10-15,0.2551108958735484
8,1866,1913-10-22,0.2520638880678092
8,1866,1913-10-29,0.2063191891592439
8,1866,1913-11-05,0.1324546183336149
8,1866,1913-11-12,0.12271077829655684
8,1866,1913-11-19,0.11680403992239925
8,1866,1913-11-26,0.22132680554705508
8,1866,1913-12-03,0.30378782666773935
8,1866,1913-12-10,0.3934369380738944
8,1866,1913-12-17,0.34253749025337116
8,1866,1913-12-24,0.19933858695155415
8,1866,1913-12-31,0.8013418740158521
8,1866,1914-01-07,0.875498434896237
8,1866,1914-01-14,0.47130717058968
8,1866,1914-01-21,0.12751740637441417
8,1866,1914-01-28,0.0536959373383999
8,1866,1914-02-04,0.06368621652656278
8,1866,1914-02-11,0.034412549074573064
8,1866,1914-02-18,0.08313710507585342
8,1866,1914-02-25,0.2754686142763749
8,1866,1914-03-04,0.43857241125916835
8,1866,1914-03-11,0.33444581709724647
8,1866,1914-03-18,0.21556595290778582
8,1866,1914-03-25,0.27889172661764167
8,1866,1914-04-01,0.21310085743351426
8,1866,1914-04-08,0.13830020994586134
8,1866,1914-04-15,0.2020252177619329
8,1866,1914-04-22,0.21605125290039354
8,1866,1914-04-29,0.23306503881144316
8,1866,1914-05-06,0.19229014970331082
8,1866,1914-05-13,0.18188153573703683
8,1866,1914-05-20,0.21984573102404645
8,1866,1914-05-27,0.2967227430765874
8,1866,1914-06-03,0.35389176235618447
8,1866,1914-06-10,0.5294729319549241
8,1866,1914-06-17,0.4300110904755025
8,1866,1914-06-24,0.4343880309216713
8,1866,1914-07-01,0.7718804317710923
8,1866,1914-07-08,0.6235471602315057
8,1866,1914-07-15,0.4088863508802271
8,1866,1914-07-22,0.43201328341832274
8,1866,1914-11-04,0.9995121116757673
8,1866,1914-11-11,0.9997839015172255
8,1866,1914-11-18,0.9999131992409466
8,1866,1914-11-25,0.999688032006641
8,1866,1914-12-02,0.99937105358084
8,1866,1914-12-09,0.9992460149490141
8,1866,1914-12-16,0.9974007960831975
8,1866,1914-12-23,0.9616760168383093
8,1866,1914-12-30,0.963370863146012
8,1866,1915-01-06,0.8812654699953756
8,1866,1915-01-13,0.7903244512163096
8,1866,1915-01-20,0.6980990940067763
8,1866,1915-01-27,0.6359456862293914
8,1866,1915-02-03,0.5780841973671773
8,1866,1915-02-10,0.35461280550599894
8,1866,1915-02-17,0.13939854507969057
8,1866,1915-02-24,0.24752908795832299
8,1866,1915-03-03,0.12600368637488663
8,1866,1915-03-10,0.06619586575876091
8,1866,1915-03-17,0.10475801138526933
8,1866,1915-03-24,0.05347189327354213
8,1866,1915-03-31,0.01809628229991506
8,1866,1915-04-07,0.019404128587675602
8,1866,1915-04-14,0.027132203138559324
8,1866,1915-04-21,0.03286422211240902
8,1866,1915-04-28,0.033816325939862536
8,1866,1915-05-05,0.03894851768973402
8,1866,1915-05-12,0.12078863390953883
8,1866,1915-05-19,0.11311397540723617
8,1866,1915-05-26,0.24713881535977658
8,1866,1915-06-02,0.26033159784773097
8,1866,1915-06-09,0.32722473094576954
8,1866,1915-06-16,0.3699798000265223
8,1866,1915-06-23,0.32915826552724864
8,1866,1915-06-30,0.2179166453376057
8,1866,1915-07-07,0.23302898951633985
8,1866,1915-07-14,0.20888388860802776
8,1866,1915-07-21,0.9877885418408311
8,1866,1915-07-28,0.27245047288955393
8,1866,1915-08-04,0.21153312146333317
8,1866,1915-08-11,0.08084600720428456
8,1866,1915-08-18,0.08892047563707839
8,1866,1915-08-25,0.17213234246318418
8,1866,1915-09-01,0.2754789436177589
8,1866,1915-09-08,0.3274033469807903
8,1866,1915-09-15,0.36439077394483976
8,1866,1915-09-22,0.09918816826890774
8,1866,1915-09-29,0.2677966443067314
8,1866,1915-10-06,0.057061680449337834
8,1866,1915-10-13,0.08251549881499609
8,1866,1915-10-20,0.07201496513481777
8,1866,1915-10-27,0.06511220792886814
8,1866,1915-11-03,0.14430949873857368
8,1866,1915-11-10,0.21286747065514136
8,1866,1915-11-17,0.26006947355646853
8,1866,1915-11-24,0.1433359613293047
8,1866,1915-12-01,0.13341553598015443
8,1866,1915-12-08,0.195474733518332
8,1866,1915-12-15,0.15940273519612427
8,1866,1915-12-22,0.13044317821123097
8,1866,1915-12-29,0.2023572440221878
8,1866,1916-01-05,0.1446458574015667
8,1866,1916-01-12,0.25211795137218823
8,1866,1916-01-19,0.252139472420661
8,1866,1916-01-26,0.36005884115186143
8,1866,1916-02-02,0.41416051761078404
8,1866,1916-02-09,0.7002181154915348
8,1866,1916-02-16,0.687697946081452
8,1866,1916-02-23,0.6697186661193859
8,1866,1916-03-01,0.5760489649037055
8,1866,1916-03-08,0.7172334046735784
8,1866,1916-03-15,0.5706902221466481
8,1866,1916-03-22,0.6418624167510115
8,1866,1916-03-29,0.5984330981858166
8,1866,1916-04-05,0.4556780030861266
8,1866,1916-04-12,0.5129227406697544
8,1866,1916-04-19,0.3072438725275691
8,1866,1916-04-26,0.35111528048278595
8,1866,1916-05-03,0.3027699283273807
8,1866,1916-05-10,0.3861546238842068
8,1866,1916-05-17,0.3037900313160226
8,1866,1916-05-24,0.26572236647234915
8,1866,1916-05-31,0.20458440568649108
8,1866,1916-06-07,0.33155841941249264
8,1866,1916-06-14,0.15878542765952805
8,1866,1916-06-21,0.17673311656461735
8,1866,1916-06-28,0.15784754414420502
8,1866,1916-07-05,0.10864415645555626
8,1866,1916-07-12,0.09383413835618569
8,1866,1916-07-19,0.06981407765747462
8,1866,1916-07-26,0.23493101578631054
8,1866,1916-08-02,0.27237070661188834
8,1866,1916-08-09,0.2865526622932232
8,1866,1916-08-16,0.37417656529312904
8,1866,1916-08-23,0.09201125183120155
8,1866,1916-08-30,0.2262049203554895
8,1866,1916-09-06,0.19946554418122128
8,1866,1916-09-13,0.26758633841027435
8,1866,1916-09-20,0.2520257783739517
8,1866,1916-09-27,0.35764311682794303
8,1866,1916-10-04,0.4129767541945955
8,1866,1916-10-11,0.4296071560000458
8,1866,1916-10-18,0.4357589437773621
8,1866,1916-10-25,0.5420611053236751
8,1866,1916-11-01,0.5485799800814563
8,1866,1916-11-08,0.6227407994675099
8,1866,1916-11-15,0.7081159053880265
8,1866,1916-11-22,0.7290997473490964
8,1866,1916-11-29,0.6995525035428727
8,1866,1916-12-06,0.7900774810516201
8,1866,1916-12-13,0.785551578869235
8,1866,1916-12-20,0.7359680346381828
8,1866,1916-12-27,0.738348869170167
8,1890,1856-01-05,0.5534755231265185
8,1890,1856-01-12,0.2288113559534673
8,1890,1856-01-19,0.3958455124434682
8,1890,1856-01-26,0.5378709653169123
8,1890,1856-02-02,0.72606201656252
8,1890,1856-02-09,0.5654524563898193
8,1890,1856-02-16,0.31232238487683767
8,1890,1856-02-23,0.4635265743317591
8,1890,1856-03-01,0.42146359301558267
8,1890,1856-03-08,0.628333129809275
8,1890,1856-03-15,0.9321931910460269
8,1890,1856-03-22,0.9202938955940589
8,1890,1856-03-29,0.9332715932177972
8,1890,1856-04-05,0.8156283894192917
8,1890,1856-04-12,0.3879473603667141
8,1890,1856-04-19,0.6535229724108533
8,1890,1856-04-26,0.7549356603997012
8,1890,1856-05-03,0.6697623267296474
8,1890,1856-05-10,0.584240062750769
8,1890,1856-05-17,0.710667690621409
8,1890,1856-05-24,0.8292617754153444
8,1890,1856-05-31,0.9146330883284894
8,1890,1856-06-07,0.8207787622251771
8,1890,1856-06-14,0.9093745180165894
8,1890,1856-06-21,0.9026219960513162
8,1890,1856-06-28,0.958960243973068
8,1890,1856-07-05,0.8143820716945305
8,1890,1856-07-12,0.6302116469114725
8,1890,1856-07-19,0.7838717056459893
8,1890,1856-07-26,0.8557530102383016
8,1890,1856-08-02,0.8673086075258992
8,1890,1856-08-09,0.7732217574298849
8,1890,1856-08-16,0.4896136381788937
8,1890,1856-08-23,0.4005353900531844
8,1890,1856-08-30,0.4122230336569225
8,1890,1856-09-06,0.5446936320041714
8,1890,1856-09-13,0.9634677108215184
8,1890,1856-09-20,0.9907064460998041
8,1890,1856-09-27,0.9887787592580616
8,1890,1856-10-04,0.8897851764858031
8,1890,1856-10-11,0.41665959197141134
8,1890,1856-10-18,0.11255247557869145
8,1890,1856-10-25,0.06158292722294911
8,1890,1856-11-01,0.006022783638099686
8,1890,1856-11-08,0.025970979951511625
8,1890,1856-11-15,0.03526491240643866
8,1890,1856-11-22,0.012777582628161354
8,1890,1856-11-29,0.06407367118168066
8,1890,1856-12-06,0.5562749705681117
8,1890,1856-12-13,0.4745647889302027
8,1890,1856-12-20,0.563521207871073
8,1890,1856-12-27,0.7843821560137508
8,1890,1857-01-03,0.866510209005431
8,1890,1857-01-10,0.6652418558983747
8,1890,1857-01-17,0.8858914215612949
8,1890,1857-01-24,0.8356147035281651
8,1890,1857-01-31,0.7904297163414821
8,1890,1857-02-07,0.6038841480929762
8,1890,1857-02-14,0.4961056384320701
8,1890,1857-02-21,0.4459901372681592
8,1890,1857-02-28,0.6021399916373675
8,1890,1857-03-07,0.534432345618423
8,1890,1857-03-14,0.6531869304844762
8,1890,1857-03-21,0.7877894409015306
8,1890,1857-03-28,0.8930827154343663
8,1890,1857-04-04,0.732949493055615
8,1890,1857-04-11,0.21821789750599138
8,1890,1857-04-18,0.4039684984570983
8,1890,1857-04-25,0.514586710962088
8,1890,1857-05-02,0.5764149714771895
8,1890,1857-05-09,0.4975878182592044
8,1890,1857-05-16,0.34791214600935466
8,1890,1857-05-23,0.48597198902831235
8,1890,1857-05-30,0.6190010696277072
8,1890,1857-06-06,0.5828191567427906
8,1890,1857-06-13,0.6726472458590178
8,1890,1857-06-20,0.8770878914515601
8,1890,1857-06-27,0.8380254964867397
8,1890,1857-07-04,0.8626294137188654
8,1890,1857-07-11,0.7265847043937712
8,1890,1857-07-18,0.9671748214192429
8,1890,1857-07-25,0.9208757054661837
8,1890,1857-08-01,0.8890464742139845
8,1890,1857-08-08,0.876807316733389
8,1890,1857-08-15,0.7595162472471443
8,1890,1857-08-22,0.6844684237871941
8,1890,1857-08-29,0.7721841000560058
8,1890,1857-09-05,0.6557425419205164
8,1890,1857-09-12,0.6972819526648213
8,1890,1857-09-19,0.7498989555412685
8,1890,1857-09-26,0.7889112993343458
8,1890,1858-02-10,0.9893359482981753
8,1890,1858-02-17,0.9665671145796974
8,1890,1858-02-24,0.9539638557841498
8,1890,1858-03-03,0.9650879555506204
8,1890,1858-03-10,0.9536180527141707
8,1890,1858-03-17,0.9447923810852313
8,1890,1858-03-24,0.8652046689327115
8,1890,1858-03-31,0.7390192403006985
8,1890,1858-04-07,0.6714951898893929
8,1890,1858-04-14,0.6254414075279263
8,1890,1858-04-21,0.6742207880398039
8,1890,1858-04-28,0.6747743108634396
8,1890,1858-05-05,0.5740976988528302
8,1890,1858-05-12,0.5657517702925199
8,1890,1858-05-19,0.5642088953263433
8,1890,1858-05-26,0.5062712061144562
8,1890,1858-06-02,0.4896523988098716
8,1890,1858-06-09,0.5299377415495927
8,1890,1858-06-16,0.4306890631932877
8,1890,1858-06-23,0.292534071137994
8,1890,1858-06-30,0.238287660889793
8,1890,1858-07-07,0.6401891672591383
8,1890,1858-07-14,0.5771358519416048
8,1890,1858-07-21,0.6543525221436078
8,1890,1858-07-28,0.6023168457332516
8,1890,1858-08-04,0.5253330873209536
8,1890,1858-08-11,0.49729733396938103
8,1890,1858-08-18,0.4190470308534892
8,1890,1858-08-25,0.40312712227419933
8,1890,1858-09-01,0.34437047452065267
8,1890,1858-09-08,0.3068622702859268
8,1890,1858-09-15,0.3482257234198438
8,1890,1858-09-22,0.3387040510439509
8,1890,1858-09-29,0.23682675368858971
8,1890,1858-10-06,0.29743656065214713
8,1890,1858-10-13,0.32296822749712856
8,1890,1858-10-20,0.3106949250783082
8,1890,1858-10-27,0.3876525449746877
8,1890,1858-11-03,0.325512470612935
8,1890,1858-11-10,0.3916752336919258
8,1890,1858-11-17,0.34749177124361064
8,1890,1858-11-24,0.24052895782991857
8,1890,1858-12-01,0.18109331083743924
8,1890,1858-12-08,0.17495206809035213
8,1890,1858-12-15,0.36362682306725896
8,1890,1858-12-22,0.37655687877367977
8,1890,1858-12-29,0.5069352194863934
8,1890,1859-01-05,0.6999275370890236
8,1890,1859-01-12,0.9322995656338542
8,1890,1859-01-19,0.5116192387589623
8,1890,1859-01-26,0.6179618793492822
8,1890,1859-02-02,0.5135391639675915
8,1890,1859-02-09,0.5219426702715768
8,1890,1859-02-16,0.3013404080530557
8,1890,1859-02-23,0.2206627894619468
8,1890,1859-03-02,0.1839445375027256
8,1890,1859-03-09,0.17603907723160417
8,1890,1859-03-16,0.22485595484740886
8,1890,1859-03-23,0.2800242575957104
8,1890,1859-03-30,0.25842873977342384
8,1890,1859-04-06,0.30543781088311844
8,1890,1859-04-13,0.4710926876343263
8,1890,1859-04-20,0.3453306165365381
8,1890,1859-04-27,0.35205936190380155
8,1890,1859-05-04,0.13504528594719611
8,1890,1859-05-11,0.22013916582163134
8,1890,1859-05-18,0.34426580185542055
8,1890,1859-05-25,0.19057448809614452
8,1890,1859-06-01,0.2156231396491844
8,1890,1859-06-08,0.6005281994769449
8,1890,1859-06-15,0.7841401193501111
8,1890,1859-06-22,0.7028997046418483
8,1890,1859-06-29,0.638072877347912
8,1890,1859-07-06,0.7300398213978245
8,1890,1859-07-13,0.6102811258228933
8,1890,1859-07-20,0.7150780614752845
8,1890,1859-07-27,0.6479083310910273
8,1890,1859-08-03,0.5657303371617245
8,1890,1859-08-10,0.6089142504015319
8,1890,1859-08-17,0.5419997903119059
8,1890,1859-08-24,0.37187188959357587
8,1890,1859-08-31,0.36605107946311255
8,1890,1859-09-07,0.36100929902268847
8,1890,1859-09-14,0.4070594141647015
8,1890,1859-09-21,0.33317742585062765
8,1890,1859-09-28,0.30530383656018645
8,1890,1859-10-05,0.26398797776905086
8,1890,1859-10-12,0.28877277477607444
8,1890,1859-10-19,0.3627744561198889
8,1890,1859-10-26,0.4031973695178637
8,1890,1859-11-02,0.37653094621054406
8,1890,1859-11-09,0.3607513242778259
8,1890,1859-11-16,0.26369450437172115
8,1890,1859-11-23,0.19789573181449138
8,1890,1859-11-30,0.1774491224295026
8,1890,1859-12-07,0.16185797168437133
8,1890,1859-12-14,0.3490415880672229
8,1890,1859-12-21,0.2974189952841033
8,1890,1859-12-28,0.3073266802838774
8,1890,1860-01-04,0.3266486568048959
8,1890,1860-01-11,0.42809390556751514
8,1890,1860-01-18,0.3941191639904526
8,1890,1860-01-25,0.26946342453071614
8,1890,1860-02-01,0.11812916333244756
8,1890,1860-02-08,0.2740131241382476
8,1890,1860-02-15,0.2275107480619749
8,1890,1860-02-22,0.18064730780465746
8,1890,1860-02-29,0.22177760172232378
8,1890,1860-03-07,0.2851414539920508
8,1890,1860-03-14,0.4637913239581767
8,1890,1860-03-21,0.5573979148909559
8,1890,1860-03-28,0.5554953946112829
8,1890,1860-04-04,0.37356376437631755
8,1890,1860-04-11,0.34346326651847287
8,1890,1860-04-18,0.2288758300512082
8,1890,1860-04-25,0.4311758148222247
8,1890,1860-05-02,0.384688467725564
8,1890,1860-05-09,0.4114813683319339
8,1890,1860-05-16,0.22126865743986324
8,1890,1860-05-23,0.4378624037952215
8,1890,1860-05-30,0.6380579937977181
8,1890,1860-06-06,0.5576574631515734
8,1890,1860-06-13,0.6603331231762631
8,1890,1860-06-20,0.5985923479464303
8,1890,1860-06-27,0.6511973466123244
8,1890,1860-07-04,0.5152879816791648
8,1890,1860-07-11,0.5291266252158917
8,1890,1860-07-18,0.5422052646558527
8,1890,1860-07-25,0.5804952788815388
8,1890,1860-08-01,0.5878904398664975
8,1890,1860-08-08,0.48416145487768425
8,1890,1860-08-15,0.3772322405042221
8,1890,1860-08-22,0.3259585784895918
8,1890,1860-08-29,0.2778384421136273
8,1890,1860-09-05,0.288711581570833
8,1890,1860-09-12,0.38108743769531594
8,1890,1860-09-19,0.3257611316228528
8,1890,1860-09-26,0.354690870414753
8,1890,1860-10-03,0.354969499884857
8,1890,1860-10-10,0.49577059375286003
8,1890,1860-10-17,0.41259304699501986
8,1890,1860-10-24,0.5088136241005994
8,1890,1860-10-31,0.43793873169654074
8,1890,1860-11-07,0.35496614755611766
8,1890,1860-11-14,0.09785438361449147
8,1890,1860-11-21,0.04649489419653216
8,1890,1860-11-28,0.16932802471629427
8,1890,1860-12-05,0.32625057600789215
8,1890,1860-12-12,0.20324892353475557
8,1890,1860-12-19,0.4376285789530065
8,1890,1860-12-26,0.6166389692042522
8,1890,1861-01-02,0.3867068281135421
8,1890,1861-01-09,0.0938552288937868
8,1890,1861-01-16,0.337423242736919
8,1890,1861-01-23,0.37888910069756043
8,1890,1861-01-30,0.357081544094232
8,1890,1861-02-06,0.48520832313557377
8,1890,1861-02-13,0.6083966181232476
8,1890,1861-02-20,0.23166205011587032
8,1890,1861-02-27,0.47562628609953916
8,1890,1861-03-06,0.6135236678457714
8,1890,1861-03-13,0.7542349038140802
8,1890,1861-03-20,0.5430934556910874
8,1890,1861-03-27,0.8851763267591292
8,1890,1861-04-03,0.8061483434917607
8,1890,1861-04-10,0.93843298632282
8,1890,1861-04-17,0.9637635515262919
8,1890,1861-04-24,0.9240953131232728
8,1890,1861-05-01,0.8198467414125659
8,1890,1861-05-08,0.8380291372540776
8,1890,1861-05-15,0.6235375794090264
8,1890,1861-05-22,0.21032821799276505
8,1890,1861-05-29,0.5347493210385706
8,1890,1861-06-05,0.3969582534543226
8,1890,1861-06-12,0.5767294063783217
8,1890,1861-06-19,0.5416172509296987
8,1890,1861-06-26,0.6834311159560656
8,1890,1861-07-03,0.7426442774463544
8,1890,1861-07-10,0.5750130350231036
8,1890,1861-07-17,0.7092072848894839
8,1890,1861-07-24,0.8252863776543482
8,1890,1861-07-31,0.8273819657652045
8,1890,1861-08-07,0.9021777825759875
8,1890,1861-08-14,0.718306061562204
8,1890,1861-08-21,0.7174291102706375
8,1890,1861-08-28,0.6518597009547022
8,1890,1861-09-04,0.7864453798535642
8,1890,1861-09-11,0.662242129667188
8,1890,1861-09-18,0.5545969583210701
8,1890,1861-09-25,0.5626124023089039
8,1890,1861-10-02,0.33210658029184403
8,1890,1861-10-09,0.40652236450919027
8,1890,1861-10-16,0.29590934977284744
8,1890,1861-10-23,0.40097163031703364
8,1890,1861-10-30,0.260176434115437
8,1890,1861-11-06,0.2237320933297195
8,1890,1861-11-13,0.40883546327240766
8,1890,1861-11-20,0.2542089963721516
8,1890,1861-11-27,0.2693871546669237
8,1890,1861-12-04,0.2450200697727272
8,1890,1861-12-11,0.2366218853293597
8,1890,1861-12-18,0.43291040378327145
8,1890,1861-12-25,0.42209637261928007
8,1890,1862-01-01,0.4931882514786611
8,1890,1862-01-08,0.6552297961756064
8,1890,1862-01-15,0.6442147262777631
8,1890,1862-01-22,0.32062619479084425
8,1890,1862-01-29,0.41215392671612605
8,1890,1862-02-05,0.33512404934512385
8,1890,1862-02-12,0.4297691418416994
8,1890,1862-02-19,0.32776889955340666
8,1890,1862-02-26,0.24897345155385686
8,1890,1862-03-05,0.2478230764813231
8,1890,1862-03-12,0.4222088016901382
8,1890,1862-03-19,0.4718197429432276
8,1890,1862-03-26,0.4217909765914148
8,1890,1862-04-02,0.2940971876589965
8,1890,1862-04-09,0.3148699340466056
8,1890,1862-04-16,0.27597373108553325
8,1890,1862-04-23,0.369048942289837
8,1890,1862-04-30,0.2736733306859595
8,1890,1862-05-07,0.33543650734233
8,1890,1862-05-14,0.27972485174553696
8,1890,1862-05-21,0.2061215967640298
8,1890,1862-05-28,0.19891318963156415
8,1890,1862-06-04,0.24940337533690682
8,1890,1862-06-11,0.30683771269555266
8,1890,1862-06-18,0.4564142150134482
8,1890,1862-06-25,0.3786512011514158
8,1890,1862-07-02,0.4817844349066506
8,1890,1862-07-09,0.5016635452341529
8,1890,1862-07-16,0.3632311223285147
8,1890,1862-07-23,0.3085382898774136
8,1890,1862-07-30,0.4801344042138559
8,1890,1862-08-06,0.2335175560363958
8,1890,1862-08-13,0.4883962309254284
8,1890,1862-08-20,0.35705064655359764
8,1890,1862-08-27,0.4395292999569721
8,1890,1862-09-03,0.2784842758655847
8,1890,1862-09-10,0.2177064557723707
8,1890,1862-09-17,0.20980240694701582
8,1890,1862-09-24,0.19328872764092903
8,1890,1862-10-01,0.23176369172973862
8,1890,1862-10-08,0.3554181885404535
8,1890,1862-10-15,0.2353236938530666
8,1890,1862-10-22,0.2255572224276959
8,1890,1862-10-29,0.22577377294270426
8,1890,1862-11-05,0.06382445104437103
8,1890,1862-11-12,0.20090846359986494
8,1890,1862-11-19,0.12135659676682639
8,1890,1862-11-26,0.12418515524554047
8,1890,1862-12-03,0.10687192411840457
8,1890,1862-12-10,0.18883635027111742
8,1890,1862-12-17,0.4254653591285821
8,1890,1862-12-24,0.40234324102519237
8,1890,1862-12-31,0.48203441882151654
8,1890,1863-01-07,0.3904035218760927
8,1890,1863-01-14,0.3773524209872664
8,1890,1863-01-21,0.17380028069356707
8,1890,1863-01-28,0.10207419358214648
8,1890,1863-02-04,0.2444887555721041
8,1890,1863-02-11,0.20731179091207919
8,1890,1863-02-18,0.16146995042679926
8,1890,1863-02-25,0.49915068737964335
8,1890,1863-03-04,0.38722854765433656
8,1890,1863-03-11,0.5206794405231168
8,1890,1863-03-18,0.549779431431162
8,1890,1863-03-25,0.6881790261694846
8,1890,1863-04-01,0.5337731155711638
8,1890,1863-04-08,0.4287790532879267
8,1890,1863-04-15,0.45530723634593634
8,1890,1863-04-22,0.29486221034481386
8,1890,1863-04-29,0.43211985500149164
8,1890,1863-05-06,0.4643409979478243
8,1890,1863-05-13,0.35366020126880937
8,1890,1863-05-20,0.25417636905241364
8,1890,1863-05-27,0.213756407053102
8,1890,1863-06-03,0.2735304454986287
8,1890,1863-06-10,0.28125423518461573
8,1890,1863-06-17,0.3908565492934642
8,1890,1863-06-24,0.6172298271207272
8,1890,1863-07-01,0.8725343197570363
8,1890,1863-07-08,0.8596802767611175
8,1890,1863-07-15,0.405340924143738
8,1890,1863-07-22,0.42569297008622486
8,1890,1863-07-29,0.5361000935439034
8,1890,1863-08-05,0.3867538588500725
8,1890,1863-08-12,0.4105121487719052
8,1890,1863-08-19,0.32260600759980357
8,1890,1863-08-26,0.32687441955225555
8,1890,1863-09-02,0.46161474102000466
8,1890,1863-09-09,0.34270041671144275
8,1890,1863-09-16,0.45564540513191887
8,1890,1863-09-23,0.4513396640221284
8,1890,1863-09-30,0.5537580210260806
8,1890,1863-10-07,0.6041633398353182
8,1890,1863-10-14,0.4979510905614503
8,1890,1863-10-21,0.4366575508133186
8,1890,1863-10-28,0.403707440328878
8,1890,1863-11-04,0.08432977547996336
8,1890,1863-11-11,0.05995334150306798
8,1890,1863-11-18,0.09471154355287785
8,1890,1863-11-25,0.09620905685046845
8,1890,1863-12-02,0.03127194251333447
8,1890,1863-12-09,0.036989579323408205
8,1890,1863-12-16,0.3145985067795804
8,1890,1863-12-23,0.4142749780248518
8,1890,1863-12-30,0.764587097123474
8,1890,1864-01-06,0.550447762673594
8,1890,1864-01-13,0.7345144248965404
8,1890,1864-01-20,0.5277049695369644
8,1890,1864-01-27,0.8469362907302608
8,1890,1864-02-03,0.7003215235431857
8,1890,1864-02-10,0.6687251899897361
8,1890,1864-02-17,0.8354833066834524
8,1890,1864-02-24,0.6872197794016514
8,1890,1864-03-02,0.9253961097631894
8,1890,1864-03-09,0.8142891296879997
8,1890,1864-03-16,0.8986497036764634
8,1890,1864-03-23,0.858368582234534
8,1890,1864-03-30,0.8817539524634407
8,1890,1864-04-06,0.773745219921452
8,1890,1864-04-13,0.5597385806225459
8,1890,1864-04-20,0.27630079432513527
8,1890,1864-04-27,0.4965352855174555
8,1890,1864-05-04,0.18367240719523675
8,1890,1864-05-11,0.08414295755960916
8,1890,1864-05-18,0.16712354182652386
8,1890,1864-05-25,0.6107971931930994
8,1890,1864-06-01,0.6439004517055428
8,1890,1864-06-08,0.5869673496975083
8,1890,1864-06-15,0.8511108332978465
8,1890,1864-06-22,0.9750297639349366
8,1890,1864-06-29,0.9153510923544996
8,1890,1864-07-06,0.8242526018839874
8,1890,1864-07-13,0.7396018338237409
8,1890,1864-07-20,0.8164549119822282
8,1890,1864-07-27,0.3431304212705315
8,1890,1864-08-03,0.5469815280155887
8,1890,1864-08-10,0.13934106099147237
8,1890,1864-08-17,0.2672359389877557
8,1890,1864-08-24,0.25419161765982873
8,1890,1864-08-31,0.44755759214857616
8,1890,1864-09-07,0.4519391129330207
8,1890,1864-09-14,0.43334441987530953
8,1890,1864-09-21,0.788750769737077
8,1890,1864-09-28,0.8810396150962411
8,1890,1864-10-05,0.8502344049106143
8,1890,1864-10-12,0.8860262388831865
8,1890,1864-10-19,0.8917086868740656
8,1890,1864-10-26,0.9485255161242226
8,1890,1864-11-02,0.9523576514646961
8,1890,1864-11-09,0.9112773623053096
8,1890,1864-11-16,0.9619026721222546
8,1890,1864-11-23,0.8825050956713228
8,1890,1864-11-30,0.9452415736746669
8,1890,1864-12-07,0.8678554350449269
8,1890,1864-12-14,0.9586893048548847
8,1890,1864-12-21,0.9643107880190493
8,1890,1864-12-28,0.911194108417298
8,1890,1865-01-04,0.7776549924425111
8,1890,1865-01-11,0.8052114311941849
8,1890,1865-01-18,0.9119187203165584
8,1890,1865-01-25,0.7623403951462894
8,1890,1865-02-01,0.8372146059098758
8,1890,1865-02-08,0.6436759158103793
8,1890,1865-02-15,0.5925796495710975
8,1890,1865-02-22,0.4209605772647352
8,1890,1865-03-01,0.5334237696647564
8,1890,1865-03-08,0.7289739713378713
8,1890,1865-03-15,0.6176212310156597
8,1890,1865-03-22,0.7580425290920473
8,1890,1865-03-29,0.757420550642691
8,1890,1865-04-05,0.7723239587980082
8,1890,1865-04-12,0.575187640025739
8,1890,1865-04-19,0.6393273109930273
8,1890,1865-04-26,0.6501858581663237
8,1890,1865-05-03,0.6352877469506882
8,1890,1865-05-10,0.2816227018083529
8,1890,1865-05-17,0.304483643875342
8,1890,1865-05-24,0.3202167634153667
8,1890,1865-05-31,0.4175534964860369
8,1890,1865-06-07,0.48162970522861237
8,1890,1865-06-14,0.6140253319462765
8,1890,1865-06-21,0.7665821666766002
8,1890,1865-06-28,0.7545988988175566
8,1890,1865-07-05,0.7024776504594479
8,1890,1865-07-12,0.478398467994363
8,1890,1865-07-19,0.5246613186772574
8,1890,1865-07-26,0.429852255363788
8,1890,1865-08-02,0.21112329410859615
8,1890,1865-08-09,0.09584718620983848
8,1890,1865-08-16,0.10324174445760367
8,1890,1865-08-23,0.07463187483455384
8,1890,1865-08-30,0.08318111950426904
8,1890,1865-09-06,0.10642203339687067
8,1890,1865-09-13,0.21775677118681314
8,1890,1865-09-20,0.2807965668957233
8,1890,1865-09-27,0.3527739952413347
8,1890,1865-10-04,0.14489463787603662
8,1890,1865-10-11,0.006194941004463581
8,1890,1865-10-18,0.03908245745703428
8,1890,1865-10-25,0.13418786912753383
8,1890,1865-11-01,0.2205019271438018
8,1890,1865-11-08,0.1371890719068893
8,1890,1865-11-15,0.4174766168886935
8,1890,1865-11-22,0.4934263697699704
8,1890,1865-11-29,0.8322616123999826
8,1890,1865-12-06,0.5188050192315526
8,1890,1865-12-13,0.6969008460650851
8,1890,1865-12-20,0.6466358367202428
8,1890,1865-12-27,0.8229265231727954
8,1890,1866-01-03,0.3846897936637849
8,1890,1866-01-10,0.14246583847432953
8,1890,1866-01-17,0.4092237454665189
8,1890,1866-01-24,0.49941310679062956
8,1890,1866-01-31,0.45857468282476654
8,1890,1866-02-07,0.48001366973107246
8,1890,1866-02-14,0.7839031097512542
8,1890,1866-02-21,0.8467954665896312
8,1890,1866-02-28,0.9588956036218435
8,1890,1866-03-07,0.9134575226257903
8,1890,1866-03-14,0.8815236499037117
8,1890,1866-03-21,0.9704764584337527
8,1890,1866-03-28,0.9360574269789523
8,1890,1866-04-04,0.837500332222313
8,1890,1866-04-11,0.7682339093316518
8,1890,1866-04-18,0.7767196342981295
8,1890,1866-04-25,0.5755660753444831
8,1890,1866-08-08,0.004280256014465591
8,1890,1866-08-15,0.014021376786501815
8,1890,1866-08-22,0.5664272846407792
8,1890,1866-08-29,0.6041136817398822
8,1890,1866-09-05,0.2906584562723199
8,1890,1866-09-12,0.4588679714469676
8,1890,1866-09-19,0.33964052149494567
8,1890,1866-09-26,0.2734398261608615
8,1890,1866-10-03,0.23719059608473286
8,1890,1866-10-10,0.1635483044043789
8,1890,1866-10-17,0.24920301587742857
8,1890,1866-10-24,0.5237197094404246
8,1890,1866-10-31,0.6078159705848264
8,1890,1866-11-07,0.4382818393784714
8,1890,1866-11-14,0.6253279723582242
8,1890,1866-11-21,0.40053190987063064
8,1890,1866-11-28,0.431829927416579
8,1890,1866-12-05,0.3301634617096688
8,1890,1866-12-12,0.5380124709943181
8,1890,1866-12-19,0.38754680356189064
8,1890,1866-12-26,0.6634290185622748
8,1890,1867-01-02,0.5493102719405866
8,1890,1867-01-09,0.7033140004906179
8,1890,1867-01-16,0.7149556279832207
8,1890,1867-01-23,0.6825716098604128
8,1890,1867-01-30,0.6377423564280398
8,1890,1867-02-06,0.5513868796012912
8,1890,1867-02-13,0.7149952608636565
8,1890,1867-02-20,0.5221263643638259
8,1890,1867-02-27,0.464449561338991
8,1890,1867-03-06,0.5445537827720911
8,1890,1867-03-13,0.537690911191917
8,1890,1867-03-20,0.485608062042568
8,1890,1867-03-27,0.48974180238344867
8,1890,1867-04-03,0.5049485631884935
8,1890,1867-04-10,0.5475151633278152
8,1890,1867-04-17,0.4797232913928943
8,1890,1867-04-24,0.5227044807477245
8,1890,1867-05-01,0.46403366361690823
8,1890,1867-05-08,0.4417005003318097
8,1890,1867-05-15,0.393821908484159
8,1890,1867-05-22,0.38793334796966655
8,1890,1867-05-29,0.3390570830362494
8,1890,1867-06-05,0.4545307145835055
8,1890,1867-06-12,0.38790841509610674
8,1890,1867-06-19,0.38201683603720293
8,1890,1867-06-26,0.42926270336132133
8,1890,1867-07-03,0.48260759775685946
8,1890,1867-07-10,0.5049214313613378
8,1890,1867-07-17,0.47282326771579425
8,1890,1867-07-24,0.49240433642367165
8,1890,1867-07-31,0.5926598075019464
8,1890,1867-08-07,0.4109486128794858
8,1890,1867-08-14,0.4046608756674444
8,1890,1867-08-21,0.3138172328502691
8,1890,1867-08-28,0.3100424985123149
8,1890,1867-09-04,0.23639554871496984
8,1890,1867-09-11,0.22084618536165385
8,1890,1867-09-18,0.196503756850181
8,1890,1867-09-25,0.1927367254469028
8,1890,1867-10-02,0.14270109626532573
8,1890,1867-10-09,0.21510296139140006
8,1890,1867-10-16,0.16482240582487104
8,1890,1867-10-23,0.2666016767823177
8,1890,1867-10-30,0.27652507421014955
8,1890,1867-11-06,0.21503191973938823
8,1890,1867-11-13,0.2719710907605793
8,1890,1867-11-20,0.19614041018404932
8,1890,1867-11-27,0.17419034949915047
8,1890,1867-12-04,0.17137000288512266
8,1890,1867-12-11,0.22750146529647236
8,1890,1867-12-18,0.30780665342124197
8,1890,1867-12-26,0.2491111785923208
8,1890,1868-01-01,0.31547287288571757
8,1890,1868-01-08,0.5963220451158016
8,1890,1868-01-15,0.2900087264483752
8,1890,1868-01-22,0.2705414902715845
8,1890,1868-01-29,0.20382854137693654
8,1890,1868-02-05,0.11064088483542464
8,1890,1868-02-12,0.1325882035752674
8,1890,1868-02-19,0.16622400078086733
8,1890,1868-02-26,0.23393981011130974
8,1890,1868-03-04,0.2280640252553966
8,1890,1868-03-11,0.35088247928473915
8,1890,1868-03-18,0.40644415778027276
8,1890,1868-03-25,0.4241532098809864
8,1890,1868-04-01,0.6022902993484269
8,1890,1868-04-08,0.7637472735998028
8,1890,1868-04-15,0.5809178222762329
8,1890,1868-04-22,0.4250276254160327
8,1890,1868-04-29,0.2952103068502787
8,1890,1868-05-06,0.14264731877901374
8,1890,1868-05-13,0.16401962129056855
8,1890,1868-05-20,0.14292500124941843
8,1890,1868-05-27,0.12687753787099953
8,1890,1868-06-03,0.09788798056161745
8,1890,1868-06-10,0.12254766580087276
8,1890,1868-06-17,0.1342379027541764
8,1890,1868-06-24,0.17937295470902262
8,1890,1868-07-01,0.22118405132389185
8,1890,1868-07-08,0.3765474114667169
8,1890,1868-07-15,0.3107286697004904
8,1890,1868-07-22,0.3308795707411884
8,1890,1868-07-29,0.2872100646430221
8,1890,1868-08-05,0.1996402857796995
8,1890,1868-08-12,0.2711181283749151
8,1890,1868-08-19,0.2644129956305514
8,1890,1868-08-26,0.2512433576505128
8,1890,1868-09-02,0.20653900491227684
8,1890,1868-09-09,0.24712016554289645
8,1890,1868-09-16,0.22834483619439427
8,1890,1868-09-23,0.204982589977262
8,1890,1868-09-30,0.15535336105382222
8,1890,1868-10-07,0.1591332696532505
8,1890,1868-10-14,0.11662763299383408
8,1890,1868-10-21,0.09225351777583964
8,1890,1868-10-28,0.12384532855875056
8,1890,1868-11-04,0.09104542312185523
8,1890,1868-11-11,0.108923917472444
8,1890,1868-11-18,0.07611066818483318
8,1890,1868-11-25,0.09074897002151303
8,1890,1868-12-02,0.13285260306099067
8,1890,1868-12-09,0.10393826908217098
8,1890,1868-12-16,0.441393204728662
8,1890,1868-12-23,0.40061741892359176
8,1890,1868-12-30,0.6857946882166053
8,1890,1869-01-06,0.8364464952007993
8,1890,1869-01-13,0.6868018692549436
8,1890,1869-01-20,0.452698890613771
8,1890,1869-01-27,0.4316864342407846
8,1890,1869-02-03,0.3809760149745937
8,1890,1869-02-10,0.4897945084707687
8,1890,1869-02-17,0.3288551409820704
8,1890,1869-02-24,0.293930381759311
8,1890,1869-03-03,0.27171749844543597
8,1890,1869-03-10,0.2779094057756033
8,1890,1869-03-17,0.56287707893363
8,1890,1869-03-24,0.6358222397326453
8,1890,1869-03-31,0.5281882816944135
8,1890,1869-04-07,0.11341561884901549
8,1890,1869-04-14,0.2710285709075567
8,1890,1869-04-21,0.2514430657895348
8,1890,1869-04-28,0.2673570441928203
8,1890,1869-05-05,0.1864127887412594
8,1890,1869-05-12,0.23869285004910593
8,1890,1869-05-19,0.3015226188362005
8,1890,1869-05-26,0.3342030940494703
8,1890,1869-06-02,0.32052426803026607
8,1890,1869-06-09,0.3821219746614389
8,1890,1869-06-16,0.583967132340635
8,1890,1869-06-23,0.4518422820580666
8,1890,1869-06-30,0.7258610692886691
8,1890,1869-07-07,0.5577625414145748
8,1890,1869-07-14,0.5883844902365528
8,1890,1869-07-21,0.695845930290952
8,1890,1869-07-28,0.5740893883172588
8,1890,1869-08-04,0.4853992445271495
8,1890,1869-08-11,0.5570722808465621
8,1890,1869-08-18,0.47371103064179054
8,1890,1869-08-25,0.5240248929087534
8,1890,1869-09-01,0.3678518587352485
8,1890,1869-09-08,0.4120557060237929
8,1890,1869-09-15,0.5329255206866321
8,1890,1869-09-22,0.6142294693329258
8,1890,1869-09-29,0.49557765744626153
8,1890,1869-10-06,0.42600175538168444
8,1890,1869-10-13,0.32245545852722574
8,1890,1869-10-20,0.22120697496669914
8,1890,1869-10-27,0.24484191142801923
8,1890,1869-11-03,0.19773810221754065
8,1890,1869-11-10,0.14711889856096386
8,1890,1869-11-17,0.1737760665606092
8,1890,1869-11-24,0.1558245814168454
8,1890,1869-12-01,0.08720797809544456
8,1890,1869-12-08,0.20868182738952296
8,1890,1869-12-15,0.38489174938482323
8,1890,1869-12-22,0.44742907828399386
8,1890,1869-12-29,0.5871401807711114
8,1890,1870-01-05,0.4051943407431403
8,1890,1870-01-12,0.428949945722309
8,1890,1870-01-19,0.32924166152710393
8,1890,1870-01-26,0.42991791019855996
8,1890,1870-02-02,0.5475003300346534
8,1890,1870-02-09,0.5537519425952406
8,1890,1870-02-16,0.3081078973654739
8,1890,1870-02-23,0.3084609310040686
8,1890,1870-03-02,0.2717043479523154
8,1890,1870-03-09,0.45938737887996584
8,1890,1870-03-16,0.688321128725017
8,1890,1870-03-23,0.6100404797386654
8,1890,1870-03-30,0.5391490871131787
8,1890,1870-04-06,0.31111102876122015
8,1890,1870-04-13,0.4977295603522543
8,1890,1870-04-20,0.5243310363353526
8,1890,1870-04-27,0.3744341958762711
8,1890,1870-05-04,0.39854022990893584
8,1890,1870-05-11,0.38060589209095913
8,1890,1870-05-18,0.30020762008320867
8,1890,1870-05-25,0.32123508437850856
8,1890,1870-06-01,0.2261263803635597
8,1890,1870-06-08,0.24344107183072686
8,1890,1870-06-15,0.3213924025918096
8,1890,1870-06-22,0.3831130398823128
8,1890,1870-06-29,0.5035005604006194
8,1890,1870-07-06,0.43202305299686145
8,1890,1870-07-13,0.3851131848559501
8,1890,1870-07-20,0.38000135661859363
8,1890,1870-07-27,0.1436663099062857
8,1890,1870-08-03,0.09978128184376132
8,1890,1870-08-10,0.0631414881363247
8,1890,1870-08-17,0.26692740098208806
8,1890,1870-08-24,0.3453930288817696
8,1890,1870-08-31,0.3762478478049687
8,1890,1870-09-07,0.39629391927638746
8,1890,1870-09-14,0.5917438104715769
8,1890,1870-09-21,0.7665143787253778
8,1890,1870-09-28,0.6784270973915196
8,1890,1870-10-05,0.6495473001434294
8,1890,1870-10-12,0.48745626659555685
8,1890,1870-10-19,0.4965857592355009
8,1890,1870-10-26,0.43698621459726805
8,1890,1870-11-02,0.37675434352286236
8,1890,1870-11-09,0.31647928844207784
8,1890,1870-11-16,0.20723796601826464
8,1890,1870-11-23,0.17388383747058428
8,1890,1870-11-30,0.13416779284027566
8,1890,1870-12-07,0.19667387048479557
8,1890,1870-12-14,0.2186348567761799
8,1890,1870-12-21,0.20557384806650997
8,1890,1870-12-28,0.2017478128469669
8,1890,1871-01-04,0.23945791930495128
8,1890,1871-01-11,0.2851422213550013
8,1890,1871-01-18,0.19974201419200793
8,1890,1871-01-25,0.16090647181027018
8,1890,1871-02-01,0.21004344167528502
8,1890,1871-02-08,0.18266858587034457
8,1890,1871-02-15,0.14627295379197958
8,1890,1871-02-22,0.21644653005304992
8,1890,1871-03-01,0.1734914326824939
8,1890,1871-03-08,0.0807448694622975
8,1890,1871-03-15,0.432652467657522
8,1890,1871-03-22,0.5121365432956873
8,1890,1871-03-29,0.5230673660812923
8,1890,1871-04-05,0.15755243797086985
8,1890,1871-04-12,0.4459092139083268
8,1890,1871-04-19,0.3779029026876197
8,1890,1871-04-26,0.2607727993223425
8,1890,1871-05-03,0.38449649744959946
8,1890,1871-05-10,0.34896932156902105
8,1890,1871-05-17,0.3404527802567161
8,1890,1871-05-24,0.2349143916307256
8,1890,1871-05-31,0.24582860294808392
8,1890,1871-06-07,0.2760727629114579
8,1890,1871-06-14,0.26735191513863754
8,1890,1871-06-21,0.29688599909127644
8,1890,1871-06-28,0.2771579103496975
8,1890,1871-07-05,0.2649163382134771
8,1890,1871-07-12,0.27885522143050034
8,1890,1871-07-19,0.24172839765698295
8,1890,1871-07-26,0.1715478205055803
8,1890,1871-08-02,0.09720772979378085
8,1890,1871-08-09,0.12015032234158314
8,1890,1871-08-16,0.14711931454550858
8,1890,1871-08-23,0.10976268535184146
8,1890,1871-08-30,0.12722143810214145
8,1890,1871-09-06,0.16569484748565874
8,1890,1871-09-13,0.1310243192422033
8,1890,1871-09-20,0.17907703416860749
8,1890,1871-09-27,0.061086317724450355
8,1890,1871-10-04,0.18851968104869676
8,1890,1871-10-11,0.061594876986867005
8,1890,1871-10-18,0.09264971133140942
8,1890,1871-10-25,0.1268047110761182
8,1890,1871-11-01,0.10490545059675711
8,1890,1871-11-08,0.0865254412780085
8,1890,1871-11-15,0.09493819581216369
8,1890,1871-11-22,0.26094877687329104
8,1890,1871-11-29,0.32444062465284207
8,1890,1871-12-06,0.5968520466123574
8,1890,1871-12-13,0.5779556303238831
8,1890,1871-12-20,0.7509489994940236
8,1890,1871-12-27,0.5096678536970708
8,1890,1872-01-03,0.7500984513589855
8,1890,1872-01-10,0.7301124706158645
8,1890,1872-01-17,0.44676852835712705
8,1890,1872-01-24,0.3989865150595231
8,1890,1872-01-31,0.45817537665563546
8,1890,1872-02-07,0.46419900786111107
8,1890,1872-02-14,0.5267497748670111
8,1890,1872-02-21,0.671333877112931
8,1890,1872-02-28,0.4485313138205571
8,1890,1872-03-06,0.27314490095433114
8,1890,1872-03-13,0.7709334162542296
8,1890,1872-03-20,0.8708268269522681
8,1890,1872-03-27,0.9617268629567624
8,1890,1872-04-03,0.780106526357431
8,1890,1872-04-10,0.8298079797301529
8,1890,1872-04-17,0.25725012589861135
8,1890,1872-04-24,0.26786090327949524
8,1890,1872-05-01,0.16725531908733504
8,1890,1872-05-08,0.15644114586993937
8,1890,1872-05-15,0.036248533637098436
8,1890,1872-05-22,0.14851198754620631
8,1890,1872-05-29,0.3208451462250803
8,1890,1872-06-05,0.5324674891724237
8,1890,1872-06-12,0.28910018393082454
8,1890,1872-06-19,0.5939678760535417
8,1890,1872-06-26,0.6777428081588257
8,1890,1872-07-03,0.582853220868273
8,1890,1872-07-10,0.45018989998974035
8,1890,1872-07-17,0.6132657690418929
8,1890,1872-07-24,0.4432934942281226
8,1890,1872-07-31,0.6269238197720967
8,1890,1872-08-07,0.4852010828335697
8,1890,1872-08-14,0.36031937342719167
8,1890,1872-08-21,0.1918109897690996
8,1890,1872-08-28,0.21193259058745711
8,1890,1872-09-04,0.20860388582506326
8,1890,1872-09-11,0.28694356557879946
8,1890,1872-09-18,0.1763602479509146
8,1890,1872-09-25,0.33643863885611547
8,1890,1872-10-02,0.12938395927460056
8,1890,1872-10-09,0.07250540650056608
8,1890,1872-10-16,0.05789434874601942
8,1890,1872-10-23,0.3010400438065879
8,1890,1872-10-30,0.2980433001173168
8,1890,1872-11-06,0.20198770257533438
8,1890,1872-11-13,0.11026789157617552
8,1890,1872-11-20,0.37313195588665643
8,1890,1872-11-27,0.4661990780141233
8,1890,1872-12-04,0.5833455795856207
8,1890,1872-12-11,0.5279671601973516
8,1890,1872-12-18,0.8256364612798266
8,1890,1872-12-24,0.6744164997950883
8,1890,1873-01-01,0.9476590990146557
8,1890,1873-01-08,0.8481337739764663
8,1890,1873-01-15,0.9335828277349483
8,1890,1873-01-22,0.7854007768868349
8,1890,1873-01-29,0.7643491732389386
8,1890,1873-02-05,0.750268780623093
8,1890,1873-02-12,0.6511771819062239
8,1890,1873-02-19,0.7561189436192911
8,1890,1873-02-26,0.6415193551191893
8,1890,1873-03-05,0.3491531942321193
8,1890,1873-03-12,0.5266831723701634
8,1890,1873-03-19,0.4666024792057415
8,1890,1873-03-26,0.6807284145059183
8,1890,1873-04-02,0.8101942436282605
8,1890,1873-04-09,0.611359538030778
8,1890,1873-04-16,0.2845038437041022
8,1890,1873-04-23,0.29363702074108816
8,1890,1873-04-30,0.2912875977547529
8,1890,1873-05-07,0.1387493832221967
8,1890,1873-05-14,0.11469722529207252
8,1890,1873-05-21,0.04732480711475452
8,1890,1873-05-28,0.20984185294033425
8,1890,1873-06-04,0.1089515542560789
8,1890,1873-06-11,0.33969995411066556
8,1890,1873-06-18,0.787450526608221
8,1890,1873-06-25,0.7135814473623261
8,1890,1873-07-02,0.8138215361755783
8,1890,1873-07-09,0.7908671332203502
8,1890,1873-07-16,0.9693266205996475
8,1890,1873-07-23,0.9449851015677574
8,1890,1873-07-30,0.9195332140065928
8,1890,1873-08-06,0.9110782674767893
8,1890,1873-08-13,0.8592979675253472
8,1890,1873-08-20,0.6367605989477392
8,1890,1873-08-27,0.6547060319619646
8,1890,1873-09-03,0.39268477024792364
8,1890,1873-09-10,0.2583488939790892
8,1890,1873-09-17,0.41124284733619604
8,1890,1873-09-24,0.5272428911516696
8,1890,1873-10-01,0.040156588956739424
8,1890,1873-10-08,0.4747623754595273
8,1890,1873-10-15,0.14431013698735926
8,1890,1873-10-22,0.14053934232338064
8,1890,1873-10-29,0.30854688733359376
8,1890,1873-11-05,0.17680259437696577
8,1890,1873-11-12,0.13080732206146387
8,1890,1873-11-19,0.3402417593134166
8,1890,1873-11-26,0.8464805870720058
8,1890,1873-12-03,0.951436915963175
8,1890,1873-12-10,0.9536906622374298
8,1890,1873-12-17,0.9383639632259954
8,1890,1873-12-24,0.8952589606985464
8,1890,1873-12-31,0.9585484714198836
8,1890,1874-01-07,0.6609703773661204
8,1890,1874-01-14,0.5929331342992554
8,1890,1874-01-21,0.5315998443403237
8,1890,1874-01-28,0.31488734762313986
8,1890,1874-02-04,0.3184569786499133
8,1890,1874-02-11,0.46485761165071504
8,1890,1874-02-18,0.39953856782296354
8,1890,1874-02-25,0.23209284234305272
8,1890,1874-03-04,0.2470896555990589
8,1890,1874-03-11,0.3641204807544316
8,1890,1874-03-18,0.6323700571227643
8,1890,1874-03-25,0.702092052215111
8,1890,1874-04-01,0.7553128272963714
8,1890,1874-04-08,0.8899154505664589
8,1890,1874-04-15,0.5596825000550102
8,1890,1874-04-22,0.48858923276823435
8,1890,1874-04-29,0.6285985926082421
8,1890,1874-05-06,0.7416282727483304
8,1890,1874-05-13,0.3306536036329979
8,1890,1874-05-20,0.27078685095484745
8,1890,1874-05-27,0.2773834796691145
8,1890,1874-06-03,0.38562977377250013
8,1890,1874-06-10,0.49899307872406623
8,1890,1874-06-17,0.5256499359513721
8,1890,1874-06-24,0.6089349726980868
8,1890,1874-07-01,0.5741358408179895
8,1890,1874-07-08,0.2790586817028256
8,1890,1874-07-15,0.29702754796768305
8,1890,1874-07-22,0.40746132898976256
8,1890,1874-07-29,0.27180043406005205
8,1890,1874-08-05,0.11460786333719829
8,1890,1874-08-12,0.0768702656596028
8,1890,1874-08-19,0.1652176008269995
8,1890,1874-08-26,0.2537128757284235
8,1890,1874-09-02,0.1987285594121544
8,1890,1874-09-09,0.14413293052327047
8,1890,1874-09-16,0.3585630080748911
8,1890,1874-09-23,0.5088404979756931
8,1890,1874-09-30,0.29536019394855545
8,1890,1874-10-07,0.22513014861651418
8,1890,1874-10-14,0.22067835293666405
8,1890,1874-10-21,0.08826028050874106
8,1890,1874-10-28,0.24935683942294395
8,1890,1874-11-04,0.16013199740895903
8,1890,1874-11-11,0.1917108599808823
8,1890,1874-11-18,0.05337078182192458
8,1890,1874-11-25,0.3064647961743411
8,1890,1874-12-02,0.07832764496964897
8,1890,1874-12-09,0.5608297759416822
8,1890,1874-12-16,0.6062412076159581
8,1890,1874-12-23,0.6795234185938429
8,1890,1874-12-30,0.7960694941297811
8,1890,1875-01-06,0.8053734033893838
8,1890,1875-01-13,0.826306636290241
8,1890,1875-01-20,0.8170727947562834
8,1890,1875-01-27,0.6301077340545829
8,1890,1875-02-03,0.6852106059412325
8,1890,1875-02-10,0.6507482149737503
8,1890,1875-02-17,0.4629379396127857
8,1890,1875-02-24,0.1940060424309972
8,1890,1875-03-03,0.2679872034415489
8,1890,1875-03-10,0.37466778904019354
8,1890,1875-03-17,0.8400887772474829
8,1890,1875-03-24,0.8146141289781299
8,1890,1875-03-31,0.9299965953350903
8,1890,1875-04-07,0.6534488833998563
8,1890,1875-04-14,0.5178131177232878
8,1890,1875-04-21,0.3228555519195927
8,1890,1875-04-28,0.28316535820195343
8,1890,1875-05-05,0.22191700667432665
8,1890,1875-05-12,0.22569363959133695
8,1890,1875-05-19,0.17753584545328088
8,1890,1875-05-26,0.29418959091219965
8,1890,1875-06-02,0.2248484737803759
8,1890,1875-06-09,0.24767229264927368
8,1890,1875-06-16,0.40337864191390993
8,1890,1875-06-23,0.33492234267719306
8,1890,1875-06-30,0.6295085342783586
8,1890,1875-07-07,0.28653200217276026
8,1890,1875-07-14,0.30694604644709156
8,1890,1875-07-21,0.2797798797165238
8,1890,1875-07-28,0.22374769921115156
8,1890,1875-08-04,0.40308431170275233
8,1890,1875-08-11,0.32064325026493046
8,1890,1875-08-18,0.4562496317479806
8,1890,1875-08-25,0.32361274760973624
8,1890,1875-09-01,0.37229863440145966
8,1890,1875-09-08,0.28564321101911183
8,1890,1875-09-15,0.38186504997154386
8,1890,1875-09-22,0.27991325844852377
8,1890,1875-09-29,0.2173980963075894
8,1890,1875-10-06,0.14271433897206573
8,1890,1875-10-13,0.0599327697443277
8,1890,1875-10-20,0.04087906273459113
8,1890,1875-10-27,0.12636989060209292
8,1890,1875-11-03,0.19804971272847618
8,1890,1875-11-10,0.20839548953441422
8,1890,1875-11-17,0.19726026331115395
8,1890,1875-11-24,0.6047297055748769
8,1890,1875-12-01,0.29200728119864233
8,1890,1875-12-08,0.46876759392098954
8,1890,1875-12-15,0.5933312311007993
8,1890,1875-12-22,0.4022101748673276
8,1890,1875-12-29,0.19864959015085884
8,1890,1876-01-05,0.05327903454679411
8,1890,1876-01-12,0.021098483669393032
8,1890,1876-01-19,0.09663381336076705
8,1890,1876-01-26,0.09816382053161672
8,1890,1876-02-02,0.29528732862014023
8,1890,1876-02-09,0.23011356257714283
8,1890,1876-02-16,0.43970298914476363
8,1890,1876-02-23,0.599350352087112
8,1890,1876-03-01,0.4903328556165382
8,1890,1876-03-08,0.3655816228948107
8,1890,1876-03-15,0.8357412279275744
8,1890,1876-03-22,0.916822321679566
8,1890,1876-03-29,0.8557675864130414
8,1890,1876-04-05,0.49944132739433605
8,1890,1876-04-12,0.4777390646812802
8,1890,1876-04-19,0.365579544687541
8,1890,1876-04-26,0.6839664822329327
8,1890,1876-05-03,0.24872119335397566
8,1890,1876-05-10,0.35630641361287907
8,1890,1876-05-17,0.2176802795656427
8,1890,1876-05-24,0.2563881018928444
8,1890,1876-05-31,0.1280589171409821
8,1890,1876-06-07,0.13189531589841408
8,1890,1876-06-14,0.24015195840387565
8,1890,1876-06-21,0.20415928472948575
8,1890,1876-06-28,0.16540453449039033
8,1890,1876-07-05,0.1517595252159601
8,1890,1876-07-12,0.16072032984246865
8,1890,1876-07-19,0.23314972213948626
8,1890,1876-07-26,0.21025235379860552
8,1890,1876-08-02,0.14300611875870395
8,1890,1876-08-09,0.1577948203861334
8,1890,1876-08-16,0.13433744130346723
8,1890,1876-08-23,0.10924070047211837
8,1890,1876-08-30,0.13545794650748888
8,1890,1876-09-06,0.14901978627157175
8,1890,1876-09-13,0.16910729016788176
8,1890,1876-09-20,0.12603656970417423
8,1890,1876-09-27,0.10082071186957271
8,1890,1876-10-04,0.09212080044678925
8,1890,1876-10-11,0.07525049368829545
8,1890,1876-10-18,0.08190165425100786
8,1890,1876-10-25,0.10564252927458169
8,1890,1876-11-01,0.08379642844914534
8,1890,1876-11-08,0.08157817816697645
8,1890,1876-11-15,0.1008756641597479
8,1890,1876-11-22,0.1034308025908526
8,1890,1876-11-29,0.10598468760351222
8,1890,1876-12-06,0.142381122842563
8,1890,1876-12-13,0.28009326150539543
8,1890,1876-12-20,0.23766414160098007
8,1890,1876-12-27,0.2184491694374706
8,1890,1877-01-03,0.3518859358593208
8,1890,1877-01-10,0.5872568333991852
8,1890,1877-01-17,0.14891059217980018
8,1890,1877-01-24,0.17256155948431923
8,1890,1877-01-31,0.14874526095806664
8,1890,1877-02-07,0.14308314803162508
8,1890,1877-02-14,0.17026349091333345
8,1890,1877-02-21,0.18618011862773157
8,1890,1877-02-28,0.15451497336143313
8,1890,1877-03-07,0.07115079904087178
8,1890,1877-03-14,0.2917552312325294
8,1890,1877-03-21,0.3707054121641726
8,1890,1877-03-28,0.537438768187361
8,1890,1877-04-04,0.9583550773128103
8,1890,1877-04-11,0.8472167349164532
8,1890,1877-04-18,0.5008988564830014
8,1890,1877-04-25,0.3392105309584422
8,1890,1877-05-02,0.18856136159356784
8,1890,1877-05-09,0.20575341286736562
8,1890,1877-05-16,0.18261482375440102
8,1890,1877-05-23,0.1824059047497055
8,1890,1877-05-30,0.0799312920986221
8,1890,1877-06-06,0.05038948535750598
8,1890,1877-06-13,0.219500320194944
8,1890,1877-06-20,0.23195071972042514
8,1890,1877-06-27,0.1689874883381534
8,1890,1877-07-04,0.20659549325718227
8,1890,1877-07-11,0.48805266428792554
8,1890,1877-07-18,0.3514516123215846
8,1890,1877-07-25,0.2905400842858455
8,1890,1877-08-01,0.33646215425907156
8,1890,1877-08-08,0.36732350222422394
8,1890,1877-08-15,0.3220993632720725
8,1890,1877-08-22,0.238373691136358
8,1890,1877-08-29,0.06963515038876078
8,1890,1877-09-05,0.11556992399753505
8,1890,1877-09-12,0.2943791221559268
8,1890,1877-09-19,0.3510760251068253
8,1890,1877-09-26,0.30209848591596944
8,1890,1877-10-03,0.23558162784584577
8,1890,1877-10-10,0.12555750752364933
8,1890,1877-10-17,0.07910024765614034
8,1890,1877-10-24,0.20639531602831848
8,1890,1877-10-31,0.14266060202208913
8,1890,1877-11-07,0.0790320885770237
8,1890,1877-11-14,0.15902456970019405
8,1890,1877-11-21,0.34108138849536496
8,1890,1877-11-28,0.4017745245006263
8,1890,1877-12-05,0.7061873538230645
8,1890,1877-12-12,0.5987673766929739
8,1890,1877-12-19,0.6491205588509669
8,1890,1877-12-24,0.6251007703852464
8,1890,1878-01-02,0.8373902129423092
8,1890,1878-01-09,0.5767067587837837
8,1890,1878-01-16,0.5397629206122055
8,1890,1878-01-23,0.17444249961906197
8,1890,1878-01-30,0.1547129606070578
8,1890,1878-02-06,0.40374896791042675
8,1890,1878-02-13,0.14609319789408057
8,1890,1878-02-20,0.09192758662721626
8,1890,1878-02-27,0.10394518507216007
8,1890,1878-03-06,0.13216102476309327
8,1890,1878-03-13,0.8821570462282858
8,1890,1878-03-20,0.9768645852253338
8,1890,1878-03-27,0.9978242391726613
8,1890,1878-04-03,0.9883033795378744
8,1890,1878-04-10,0.9658576013791098
8,1890,1878-04-17,0.5576511471189514
8,1890,1878-04-24,0.42515813781215855
8,1890,1878-05-01,0.07991771066042587
8,1890,1878-05-08,0.16837579018257653
8,1890,1878-05-15,0.11543344285118831
8,1890,1878-05-22,0.09151453738159224
8,1890,1878-05-29,0.15508210084391608
8,1890,1878-06-05,0.14949739767981587
8,1890,1878-06-12,0.22443847978233014
8,1890,1878-06-19,0.357567300640554
8,1890,1878-06-26,0.26915232177648857
8,1890,1878-07-03,0.28389571061279084
8,1890,1878-07-10,0.21833164877319114
8,1890,1878-07-17,0.24294224591035316
8,1890,1878-07-24,0.3456053405397301
8,1890,1878-07-31,0.2546196649873887
8,1890,1878-08-07,0.4105652463052861
8,1890,1878-08-14,0.2998681247048838
8,1890,1878-08-21,0.46015043300483616
8,1890,1878-08-28,0.27228723659173953
8,1890,1878-09-04,0.31474549568143523
8,1890,1878-09-11,0.7603760194820401
8,1890,1878-09-18,0.7029037967903955
8,1890,1878-09-25,0.7911236722213643
8,1890,1878-10-02,0.4240128207451023
8,1890,1878-10-09,0.5910677532294525
8,1890,1878-10-16,0.2794067094124943
8,1890,1878-10-23,0.9362584415847929
8,1890,1878-10-30,0.9488487966028772
8,1890,1878-11-06,0.4692464419887375
8,1890,1878-11-13,0.6917285726737247
8,1890,1878-11-20,0.5556951920778328
8,1890,1878-11-27,0.9109193995941216
8,1890,1878-12-04,0.3987649161719045
8,1890,1878-12-11,0.6853552879452666
8,1890,1878-12-18,0.8051305937878354
8,1890,1878-12-24,0.851563170430761
8,1890,1879-01-01,0.7778161855988279
8,1890,1879-01-08,0.49661408133438295
8,1890,1879-01-15,0.30743256664123636
8,1890,1879-01-22,0.5933034462695591
8,1890,1879-01-29,0.4063611953406349
8,1890,1879-02-05,0.7861728268714977
8,1890,1879-02-12,0.44240536444562983
8,1890,1879-02-19,0.40577000051331086
8,1890,1879-02-26,0.15829477850363388
8,1890,1879-03-05,0.25893274313957376
8,1890,1879-03-12,0.35117572205584574
8,1890,1879-03-19,0.6440749462566417
8,1890,1879-03-26,0.4121930441195587
8,1890,1879-04-02,0.435758523255197
8,1890,1879-04-09,0.5185444969446542
8,1890,1879-04-16,0.70920322858023
8,1890,1879-04-23,0.45945586183956794
8,1890,1879-04-30,0.36443524388697257
8,1890,1879-05-07,0.3521451537763419
8,1890,1879-05-14,0.26852205609305074
8,1890,1879-05-21,0.23175537858641818
8,1890,1879-05-28,0.24651261401113964
8,1890,1879-06-04,0.17299460687820767
8,1890,1879-06-11,0.22099082452420027
8,1890,1879-06-18,0.22477338175710143
8,1890,1879-06-25,0.2088163523801779
8,1890,1879-07-02,0.22396870654213333
8,1890,1879-07-09,0.18179392470767572
8,1890,1879-07-16,0.11944719453818584
8,1890,1879-07-23,0.11661440612298904
8,1890,1879-07-30,0.12645709235670585
8,1890,1879-08-06,0.12540793790387508
8,1890,1879-08-13,0.11887200485053713
8,1890,1879-08-20,0.09551454965423203
8,1890,1879-08-27,0.08792683683406596
8,1890,1879-09-03,0.07426502361550295
8,1890,1879-09-10,0.16657925109668445
8,1890,1879-09-17,0.16906059051917313
8,1890,1879-09-24,0.16880702052818747
8,1890,1879-10-01,0.11764982639024985
8,1890,1879-10-08,0.09342963109883425
8,1890,1879-10-15,0.10902635730971241
8,1890,1879-10-22,0.1241806884945029
8,1890,1879-10-29,0.11763396908080868
8,1890,1879-11-05,0.10182600499067755
8,1890,1879-11-12,0.06194535679160021
8,1890,1879-11-19,0.202732160912398
8,1890,1879-11-26,0.21430391279180014
8,1890,1879-12-03,0.20472847689572082
8,1890,1879-12-10,0.5259616407400253
8,1890,1879-12-17,0.6348302177716125
8,1890,1879-12-24,0.7048749081633738
8,1890,1879-12-31,0.8922215067850059
8,1890,1880-01-07,0.8655584311035716
8,1890,1880-01-14,0.4417493143062528
8,1890,1880-01-21,0.302395902561194
8,1890,1880-01-28,0.2215923598716488
8,1890,1880-02-04,0.1720227148989331
8,1890,1880-02-11,0.18748642294357715
8,1890,1880-02-18,0.17005847718533118
8,1890,1880-02-25,0.21843494699330382
8,1890,1880-03-03,0.2617233507599382
8,1890,1880-03-10,0.6452715174751968
8,1890,1880-03-17,0.8208600954063534
8,1890,1880-03-24,0.9176875490951285
8,1890,1880-03-31,0.8708541144089127
8,1890,1880-04-07,0.8397708430500157
8,1890,1880-04-14,0.6564348383584357
8,1890,1880-04-21,0.4436566604819736
8,1890,1880-04-28,0.356632204148291
8,1890,1880-05-05,0.3204239071941803
8,1890,1880-05-12,0.2896401332368138
8,1890,1880-05-19,0.21353785805799302
8,1890,1880-05-26,0.29581810088709576
8,1890,1880-06-02,0.2558574728491978
8,1890,1880-06-09,0.38942208423167307
8,1890,1880-06-16,0.42691526401784324
8,1890,1880-06-23,0.442976301536901
8,1890,1880-06-30,0.34587407695644734
8,1890,1880-07-07,0.6262331223687211
8,1890,1880-07-14,0.371182943916765
8,1890,1880-07-21,0.33766953412171347
8,1890,1880-07-28,0.2556894777048445
8,1890,1880-08-04,0.1967173460280911
8,1890,1880-08-11,0.19158792937473912
8,1890,1880-08-18,0.17379739745891135
8,1890,1880-08-25,0.17340664904478453
8,1890,1880-09-01,0.144614211965731
8,1890,1880-09-08,0.18626058589907057
8,1890,1880-09-15,0.23566389155225304
8,1890,1880-09-22,0.2603126374270821
8,1890,1880-09-29,0.2786989594762203
8,1890,1880-10-06,0.29977099098044435
8,1890,1880-10-13,0.3928611315064264
8,1890,1880-10-20,0.2981693496720559
8,1890,1880-10-27,0.29777774762610565
8,1890,1880-11-03,0.14804122841216366
8,1890,1880-11-10,0.11170707585162382
8,1890,1880-11-17,0.16099270378844144
8,1890,1880-11-24,0.3732266812007266
8,1890,1880-12-01,0.1545839911153315
8,1890,1880-12-08,0.3671447938634602
8,1890,1880-12-15,0.5777922384578548
8,1890,1880-12-22,0.659825809863683
8,1890,1880-12-29,0.7989850890974542
8,1890,1881-01-05,0.9760534471477418
8,1890,1881-01-12,0.9454296812500651
8,1890,1881-01-19,0.25726262016199225
8,1890,1881-01-26,0.44894878277904265
8,1890,1881-02-02,0.34719761412637523
8,1890,1881-02-09,0.1553355359516509
8,1890,1881-02-16,0.10141774806263217
8,1890,1881-02-23,0.22261711966217457
8,1890,1881-03-02,0.15847693249567504
8,1890,1881-03-09,0.21046112999830174
8,1890,1881-03-16,0.24705081150813035
8,1890,1881-03-23,0.3699171552542222
8,1890,1881-03-30,0.2485513195871715
8,1890,1881-04-06,0.31304858528426643
8,1890,1881-04-13,0.30907373785917525
8,1890,1881-04-20,0.5522789494119087
8,1890,1881-04-27,0.2797756198257792
8,1890,1881-05-04,0.27395009075815996
8,1890,1881-05-11,0.1850000838855134
8,1890,1881-05-18,0.10959577031079436
8,1890,1881-05-25,0.1657903773968724
8,1890,1881-06-01,0.1279279803587268
8,1890,1881-06-08,0.11544982447459944
8,1890,1881-06-15,0.21486256513825272
8,1890,1881-06-22,0.1543988116380075
8,1890,1881-06-29,0.20325798887572177
8,1890,1881-07-06,0.4713498750062552
8,1890,1881-07-13,0.2561974293415638
8,1890,1881-07-20,0.21848064734007547
8,1890,1881-07-27,0.23454606423978788
8,1890,1881-08-03,0.14322297742535361
8,1890,1881-08-10,0.1810376870857948
8,1890,1881-08-17,0.16019626758413555
8,1890,1881-08-24,0.11664068700307975
8,1890,1881-08-31,0.03583244636597212
8,1890,1881-09-07,0.15039609759768188
8,1890,1881-09-14,0.25684298291486035
8,1890,1881-09-21,0.271065998036626
8,1890,1881-09-28,0.2530025036929577
8,1890,1881-10-05,0.33467796999760674
8,1890,1881-10-12,0.22761017462916697
8,1890,1881-10-19,0.47069141172892937
8,1890,1881-10-26,0.4777406907297188
8,1890,1881-11-02,0.3013138784900909
8,1890,1881-11-09,0.25384551140493966
8,1890,1881-11-16,0.3961222275556354
8,1890,1881-11-23,0.43798972752153204
8,1890,1881-11-30,0.5589962713141123
8,1890,1881-12-07,0.6371007832437414
8,1890,1881-12-14,0.6992944172039994
8,1890,1881-12-21,0.5999398845697476
8,1890,1881-12-28,0.6995726798869862
8,1890,1882-01-04,0.920414543177057
8,1890,1882-01-11,0.8965111886674978
8,1890,1882-01-18,0.7765233900029238
8,1890,1882-01-25,0.8616166903886747
8,1890,1882-02-01,0.18356808414195422
8,1890,1882-02-08,0.7151767705049145
8,1890,1882-02-15,0.7225759093880029
8,1890,1882-02-22,0.5905016298274478
8,1890,1882-03-01,0.7152382870997375
8,1890,1882-03-08,0.07240343435227486
8,1890,1882-03-15,0.8055320304909351
8,1890,1882-03-22,0.8097253784983613
8,1890,1882-03-29,0.9104078110373209
8,1890,1882-04-05,0.4641433420571701
8,1890,1882-04-12,0.43475501850963355
8,1890,1882-04-19,0.43002537212498065
8,1890,1882-04-26,0.45071571636873
8,1890,1882-05-03,0.1793423850773312
8,1890,1882-05-10,0.8982067467839506
8,1890,1882-05-17,0.12272440585218727
8,1890,1882-05-24,0.1343853984601325
8,1890,1882-05-31,0.12607038672014279
8,1890,1882-06-07,0.1270271331699738
8,1890,1882-06-14,0.13407336404391523
8,1890,1882-06-21,0.13374504666706438
8,1890,1882-06-28,0.1353986576638367
8,1890,1882-07-05,0.39070675638625757
8,1890,1882-07-12,0.7062339196232033
8,1890,1882-07-19,0.48507156557649367
8,1890,1882-07-26,0.5595869065698731
8,1890,1882-08-02,0.29207756766961795
8,1890,1882-08-09,0.5717064946755049
8,1890,1882-08-16,0.6480712947524078
8,1890,1882-08-23,0.40758125646770177
8,1890,1882-08-30,0.34953015263853265
8,1890,1882-09-06,0.20996104444296845
8,1890,1882-09-13,0.36042874742134673
8,1890,1882-09-20,0.13366088145848282
8,1890,1882-09-27,0.5566682779137372
8,1890,1882-10-04,0.4989718210570752
8,1890,1882-10-11,0.40138159477417246
8,1890,1882-10-18,0.2782897419578542
8,1890,1882-10-25,0.4561579738303208
8,1890,1882-11-01,0.3541172656990931
8,1890,1882-11-08,0.4093396496231937
8,1890,1882-11-15,0.3397558056750099
8,1890,1882-11-22,0.4204143598818098
8,1890,1882-11-29,0.37496616008902445
8,1890,1882-12-06,0.24163032580888102
8,1890,1882-12-13,0.48105414745333785
8,1890,1882-12-20,0.4991324745067424
8,1890,1882-12-27,0.5848747882954589
8,1890,1883-01-03,0.8310515458033771
8,1890,1883-01-10,0.37465194528161444
8,1890,1883-01-17,0.37170280143934403
8,1890,1883-01-24,0.3256767478762939
8,1890,1883-01-31,0.47847984228158363
8,1890,1883-02-07,0.22422353319436064
8,1890,1883-02-14,0.29378852073811645
8,1890,1883-02-21,0.5930605452767584
8,1890,1883-02-28,0.4439614255029768
8,1890,1883-03-07,0.3566820970789581
8,1890,1883-03-14,0.6527829781025904
8,1890,1883-03-21,0.598176814849725
8,1890,1883-03-28,0.7626893957781206
8,1890,1883-04-04,0.9625900682521145
8,1890,1883-04-11,0.5135506534890497
8,1890,1883-04-18,0.20293187839800386
8,1890,1883-04-25,0.12724980525352364
8,1890,1883-05-02,0.11456143471886764
8,1890,1883-05-09,0.09542605924349068
8,1890,1883-05-16,0.029345066790550826
8,1890,1883-05-23,0.07257043904722678
8,1890,1883-05-30,0.09655585721549809
8,1890,1883-06-06,0.0784825546818164
8,1890,1883-06-13,0.17243026730787978
8,1890,1883-06-20,0.29210445371087534
8,1890,1883-06-27,0.29974971154329155
8,1890,1883-07-04,0.366111361808554
8,1890,1883-07-11,0.5391402557458005
8,1890,1883-07-18,0.5437459224373304
8,1890,1883-07-25,0.6796367927969302
8,1890,1883-08-01,0.5540663147496091
8,1890,1883-08-08,0.4822915888121702
8,1890,1883-08-15,0.5239005580956627
8,1890,1883-08-22,0.5057077496992182
8,1890,1883-08-29,0.5398254750548707
8,1890,1883-09-05,0.35416085227917565
8,1890,1883-09-12,0.29087259183783565
8,1890,1883-09-19,0.38357912339449396
8,1890,1883-09-26,0.3117996047130069
8,1890,1883-10-03,0.37193335057641513
8,1890,1883-10-10,0.376926821333979
8,1890,1883-10-17,0.37008953276646933
8,1890,1883-10-24,0.24043947237744087
8,1890,1883-10-31,0.1921337438259239
8,1890,1883-11-07,0.1109860134476909
8,1890,1883-11-14,0.14556523127876578
8,1890,1883-11-21,0.127210982019164
8,1890,1883-11-28,0.11302969801663723
8,1890,1883-12-05,0.08149687162926593
8,1890,1883-12-12,0.17568234179103187
8,1890,1883-12-19,0.20288308531681504
8,1890,1883-12-24,0.2632413690594628
8,1890,1884-01-02,0.666930190990955
8,1890,1884-01-09,0.8084300781988035
8,1890,1884-01-16,0.7284198168321441
8,1890,1884-01-23,0.5506927339327983
8,1890,1884-01-30,0.39212426116991367
8,1890,1884-02-06,0.3624064659987827
8,1890,1884-02-13,0.32352838591072186
8,1890,1884-02-20,0.5923140102481036
8,1890,1884-02-27,0.40000893866489273
8,1890,1884-03-05,0.24171666097441827
8,1890,1884-03-12,0.3759301784887375
8,1890,1884-03-19,0.8065552897676618
8,1890,1884-03-26,0.6395908011546194
8,1890,1884-04-02,0.7208430889081889
8,1890,1884-04-09,0.757412447348146
8,1890,1884-04-16,0.3878634742819093
8,1890,1884-04-23,0.33645003690576336
8,1890,1884-04-30,0.2624306448895795
8,1890,1884-05-07,0.2514403649617233
8,1890,1884-05-14,0.11295889091766251
8,1890,1884-05-21,0.10463632323143057
8,1890,1884-05-28,0.10351900458303874
8,1890,1884-06-04,0.09065110064765546
8,1890,1884-06-11,0.1667383607445941
8,1890,1884-06-18,0.15429390007539107
8,1890,1884-06-25,0.2870046565494814
8,1890,1884-07-02,0.2195682201224337
8,1890,1884-07-09,0.4787328415345131
8,1890,1884-07-16,0.4938864335549157
8,1890,1884-07-23,0.4096978052141527
8,1890,1884-07-30,0.2821992644272217
8,1890,1884-08-06,0.2041585184751155
8,1890,1884-08-13,0.2634507522392231
8,1890,1884-08-20,0.3506471240701153
8,1890,1884-08-27,0.3491691352488634
8,1890,1884-09-03,0.19173624273118905
8,1890,1884-09-10,0.16992615919393025
8,1890,1884-09-17,0.18089840688397396
8,1890,1884-09-24,0.18015546778320332
8,1890,1884-10-01,0.16536461003558636
8,1890,1884-10-08,0.2566067299166645
8,1890,1884-10-15,0.07078740863253292
8,1890,1884-10-22,0.10677051420242377
8,1890,1884-10-29,0.09241871491186703
8,1890,1884-11-05,0.020068411626374936
8,1890,1884-11-12,0.016876449221498568
8,1890,1884-11-19,0.13783114360565066
8,1890,1884-11-26,0.115842567873188
8,1890,1884-12-03,0.07919579004807069
8,1890,1884-12-10,0.2582193830126663
8,1890,1884-12-17,0.6131976380095033
8,1890,1884-12-24,0.6855792940499355
8,1890,1884-12-31,0.881531167222384
8,1890,1885-01-07,0.8253153923952745
8,1890,1885-01-14,0.710458756791604
8,1890,1885-01-21,0.5583457858958709
8,1890,1885-01-28,0.43671095348659567
8,1890,1885-02-04,0.5597974367039138
8,1890,1885-02-11,0.2901924729756346
8,1890,1885-02-18,0.30523506566151637
8,1890,1885-02-25,0.34216295148858905
8,1890,1885-03-04,0.35765659823474244
8,1890,1885-03-11,0.33425187355489305
8,1890,1885-03-18,0.5340355745322053
8,1890,1885-03-25,0.6959567289780552
8,1890,1885-04-01,0.7555001326498333
8,1890,1885-04-08,0.9097217159930063
8,1890,1885-04-15,0.6992043847102941
8,1890,1885-04-22,0.6166475187096623
8,1890,1885-04-29,0.3436736121297743
8,1890,1885-05-06,0.18484566093241617
8,1890,1885-05-13,0.3157731770778844
8,1890,1885-05-20,0.4109395415612729
8,1890,1885-05-27,0.29293073707804884
8,1890,1885-06-03,0.4271736524894155
8,1890,1885-06-10,0.37971866111644365
8,1890,1885-06-17,0.3734148286287887
8,1890,1885-06-24,0.24742636760112766
8,1890,1885-07-01,0.28748056468453376
8,1890,1885-07-08,0.31158520446456167
8,1890,1885-07-15,0.3348790964045415
8,1890,1885-07-22,0.28076787112420093
8,1890,1885-07-29,0.2199902211288236
8,1890,1885-08-05,0.14325749775174376
8,1890,1885-08-12,0.15041459588820744
8,1890,1885-08-19,0.18981097603782082
8,1890,1885-08-26,0.13157075623039124
8,1890,1885-09-02,0.09189844079832071
8,1890,1885-09-09,0.1810076090259564
8,1890,1885-09-16,0.26544293016156706
8,1890,1885-09-23,0.3547569169173794
8,1890,1885-09-30,0.20719531394230584
8,1890,1885-10-07,0.23129447694364333
8,1890,1885-10-14,0.20183431555595865
8,1890,1885-10-21,0.18385800444398626
8,1890,1885-10-28,0.320393845078674
8,1890,1885-11-04,0.26384407844150776
8,1890,1885-11-11,0.16115542557468596
8,1890,1885-11-18,0.05931924296290219
8,1890,1885-11-25,0.15102271761320374
8,1890,1885-12-02,0.1890213530957504
8,1890,1885-12-09,0.3563872489219064
8,1890,1885-12-16,0.3979168606147668
8,1890,1885-12-23,0.28418649467608514
8,1890,1885-12-30,0.45809762339240656
8,1890,1886-01-06,0.23327874034100451
8,1890,1886-01-13,0.23471380566029929
8,1890,1886-01-20,0.1172453621390056
8,1890,1886-01-27,0.5681192696682381
8,1890,1886-02-03,0.2253494606546127
8,1890,1886-02-10,0.22534370945419616
8,1890,1886-02-17,0.13711875696637083
8,1890,1886-02-24,0.3278854888423441
8,1890,1886-03-03,0.08422796669112464
8,1890,1886-03-10,0.3549445852715492
8,1890,1886-03-17,0.5745025507473148
8,1890,1886-03-24,0.8551957997549428
8,1890,1886-03-31,0.6781329008963363
8,1890,1886-04-07,0.5704098923176119
8,1890,1886-04-14,0.31407854484082165
8,1890,1886-04-21,0.2077745575782802
8,1890,1886-04-28,0.22793063971481392
8,1890,1886-05-05,0.20758953359216833
8,1890,1886-05-12,0.058040887340164514
8,1890,1886-05-19,0.061591766503229166
8,1890,1886-05-26,0.049619164350463735
8,1890,1886-06-02,0.0503989142485352
8,1890,1886-06-09,0.09583424812126103
8,1890,1886-06-16,0.3235972197939561
8,1890,1886-06-23,0.26289217387392844
8,1890,1886-06-30,0.22028226114109023
8,1890,1886-07-07,0.2479911767857901
8,1890,1886-07-14,0.36558500040863495
8,1890,1886-07-21,0.20476829227421
8,1890,1886-07-28,0.31236410283069366
8,1890,1886-08-04,0.26946890121322203
8,1890,1886-08-11,0.3634152210866846
8,1890,1886-08-18,0.3906445812353771
8,1890,1886-08-25,0.26721843058816075
8,1890,1886-09-01,0.05495303917683588
8,1890,1886-09-08,0.2699608345608471
8,1890,1886-09-15,0.5087373428701499
8,1890,1886-09-22,0.480659744903426
8,1890,1886-09-29,0.45286666041227386
8,1890,1886-10-06,0.618172114995204
8,1890,1886-10-13,0.3232643853722088
8,1890,1886-10-20,0.29575860902624085
8,1890,1886-10-27,0.2141513445336823
8,1890,1886-11-03,0.24534969209892823
8,1890,1886-11-10,0.1526260926386374
8,1890,1886-11-17,0.07528116068483251
8,1890,1886-11-24,0.07604683430494127
8,1890,1886-12-01,0.10736957619258411
8,1890,1886-12-08,0.3519675182619849
8,1890,1886-12-15,0.504941501232875
8,1890,1886-12-22,0.13178899201806865
8,1890,1886-12-29,0.4970274785588535
8,1890,1887-01-05,0.44844684795521683
8,1890,1887-01-12,0.49067073190049987
8,1890,1887-01-19,0.3253772732477757
8,1890,1887-01-26,0.45015451748927404
8,1890,1887-02-02,0.23929113342721145
8,1890,1887-02-09,0.5572523730692738
8,1890,1887-02-16,0.3214579441249865
8,1890,1887-02-23,0.3880930550151713
8,1890,1887-03-02,0.3785828328171907
8,1890,1887-03-09,0.6558688753749813
8,1890,1887-03-16,0.9005273938957137
8,1890,1887-03-23,0.8930011239882439
8,1890,1887-03-30,0.9158397798976511
8,1890,1887-04-06,0.8761810057518502
8,1890,1887-04-13,0.8802056887650931
8,1890,1887-04-20,0.46993373734364596
8,1890,1887-04-27,0.2578126927586437
8,1890,1887-05-04,0.2501502938138321
8,1890,1887-05-11,0.15672755980092562
8,1890,1887-05-18,0.1456405463995085
8,1890,1887-05-25,0.10160008602333791
8,1890,1887-06-01,0.07855057341066436
8,1890,1887-06-08,0.0740055231850171
8,1890,1887-06-15,0.11660809651970493
8,1890,1887-06-22,0.105381513278764
8,1890,1887-06-29,0.10512229948479802
8,1890,1887-07-06,0.24967548750108962
8,1890,1887-07-13,0.3668631555281315
8,1890,1887-07-20,0.24541772034196382
8,1890,1887-07-27,0.21166756230223002
8,1890,1887-08-03,0.20959125664778933
8,1890,1887-08-10,0.09451295117775113
8,1890,1887-08-17,0.23765925522727077
8,1890,1887-08-24,0.25870038852559707
8,1890,1887-08-31,0.11203518189382242
8,1890,1887-09-07,0.036869625978736935
8,1890,1887-09-14,0.47976321983217857
8,1890,1887-09-21,0.5208912614431699
8,1890,1887-09-28,0.5268349808900435
8,1890,1887-10-05,0.44175062811972554
8,1890,1887-10-12,0.5728925062680547
8,1890,1887-10-19,0.5062064425456602
8,1890,1887-10-26,0.5266073571842369
8,1890,1887-11-02,0.5209945908202211
8,1890,1887-11-09,0.4147418475280593
8,1890,1887-11-16,0.25118083780550915
8,1890,1887-11-23,0.29900759874466054
8,1890,1887-11-30,0.2270679108178626
8,1890,1887-12-07,0.28687867333434264
8,1890,1887-12-14,0.2682152496062662
8,1890,1887-12-21,0.17064627677923092
8,1890,1887-12-28,0.16435090904000035
8,1890,1888-01-04,0.2734320330401082
8,1890,1888-01-11,0.3789205221367701
8,1890,1888-01-18,0.22027321821148568
8,1890,1888-01-25,0.2721483993944653
8,1890,1888-02-01,0.09106333026524704
8,1890,1888-02-08,0.1122015144790822
8,1890,1888-02-15,0.2162228885035745
8,1890,1888-02-22,0.32056869563347784
8,1890,1888-02-29,0.2001033158462252
8,1890,1888-03-07,0.1443886471365751
8,1890,1888-03-14,0.687202673579447
8,1890,1888-03-21,0.8547214589060439
8,1890,1888-03-28,0.5909665850287422
8,1890,1888-04-04,0.9661116925633898
8,1890,1888-04-11,0.9393983545977677
8,1890,1888-04-18,0.7283091174698432
8,1890,1888-04-25,0.36649491763818026
8,1890,1888-05-02,0.11197533828088341
8,1890,1888-05-09,0.11846699786315944
8,1890,1888-05-16,0.02566552719701935
8,1890,1888-05-23,0.13253567385222811
8,1890,1888-05-30,0.09995318185285432
8,1890,1888-06-06,0.08601245482144822
8,1890,1888-06-13,0.169755485539296
8,1890,1888-06-20,0.22820971907527013
8,1890,1888-06-27,0.2943616853252455
8,1890,1888-07-04,0.20471343185465254
8,1890,1888-07-11,0.2821429730456466
8,1890,1888-07-18,0.2342544959163884
8,1890,1888-07-25,0.2738181083641542
8,1890,1888-08-01,0.2985020645074143
8,1890,1888-08-08,0.2524778125494282
8,1890,1888-08-15,0.16616518527508922
8,1890,1888-08-22,0.38351719554766917
8,1890,1888-08-29,0.36366476459311314
8,1890,1888-09-05,0.2682533653855297
8,1890,1888-09-12,0.45044766212545284
8,1890,1888-09-19,0.19283597135017871
8,1890,1888-09-26,0.560746491472435
8,1890,1888-10-03,0.5714550714254668
8,1890,1888-10-10,0.2148591730293855
8,1890,1888-10-17,0.16889406295725462
8,1890,1888-10-24,0.15446642586631631
8,1890,1888-10-31,0.1025027939452554
8,1890,1888-11-07,0.04316768547921118
8,1890,1888-11-14,0.17144609218479087
8,1890,1888-11-21,0.21071965916904578
8,1890,1888-11-28,0.308560354201536
8,1890,1888-12-05,0.37447990549105453
8,1890,1888-12-12,0.7396594657274966
8,1890,1888-12-19,0.8425696760475012
8,1890,1888-12-24,0.852330922882853
8,1890,1889-01-09,0.8826020991000239
8,1890,1889-01-16,0.7869405577013165
8,1890,1889-01-23,0.4985770806949493
8,1890,1889-02-06,0.40063597207292395
8,1890,1889-02-13,0.43208692518145075
8,1890,1889-02-20,0.27297103343276885
8,1890,1889-03-06,0.4220592473890333
8,1890,1889-03-13,0.7063102159659318
8,1890,1889-03-20,0.6881510187776078
8,1890,1889-03-27,0.7069823967671945
8,1890,1889-04-03,0.6731035135411684
8,1890,1889-04-10,0.6807144346581026
8,1890,1889-04-17,0.27439661778940233
8,1890,1889-04-24,0.48921792974981154
8,1890,1889-05-01,0.3210326094563176
8,1890,1889-05-08,0.2158994542423855
8,1890,1889-05-15,0.5215457673467498
8,1890,1889-05-22,0.29516434467219643
8,1890,1889-05-29,0.19460970094589147
8,1890,1889-06-05,0.13954061636807238
8,1890,1889-06-12,0.29563080700993966
8,1890,1889-06-19,0.41678406718691335
8,1890,1889-06-26,0.44351320258738824
8,1890,1889-07-03,0.33017196599728
8,1890,1889-07-10,0.1684015514905534
8,1890,1889-07-17,0.1010893036585036
8,1890,1889-07-24,0.11368943410208032
8,1890,1889-07-31,0.08742531754834512
8,1890,1889-08-07,0.1593770390346517
8,1890,1889-08-14,0.063991553079885
8,1890,1889-08-21,0.1411477192672636
8,1890,1889-08-28,0.1739255736402694
8,1890,1889-09-04,0.0283603277876945
8,1890,1889-09-11,0.2805409751192059
8,1890,1889-09-18,0.49391850177891605
8,1890,1889-09-25,0.5836562648970439
8,1890,1889-10-02,0.22303352140793553
8,1890,1889-10-09,0.2744761192640266
8,1890,1889-10-16,0.292905391649496
8,1890,1889-10-23,0.22102170581717837
8,1890,1889-10-30,0.19058286532995272
8,1890,1889-11-06,0.18673969064376547
8,1890,1889-11-13,0.2193834944250024
8,1890,1889-11-20,0.23734855135596464
8,1890,1889-11-27,0.2941298187045485
8,1890,1889-12-04,0.3709375914701311
8,1890,1889-12-11,0.5660474290432631
8,1890,1889-12-18,0.5088173861211848
8,1890,1889-12-24,0.48214731765772634
8,1890,1890-01-01,0.5325461738477447
8,1890,1890-01-08,0.36809831210778565
8,1890,1890-01-15,0.5023036538902927
8,1890,1890-01-22,0.4765480533128583
8,1890,1890-01-29,0.4062238485590755
8,1890,1890-02-05,0.34305865307377154
8,1890,1890-02-12,0.5555916401852112
8,1890,1890-02-19,0.7312343881757121
8,1890,1890-02-26,0.8879437549516422
8,1890,1890-03-05,0.5652377655244691
8,1890,1890-03-12,0.8959334092800153
8,1890,1890-03-19,0.9158928444203045
8,1890,1890-03-26,0.8601487583406378
8,1890,1890-04-02,0.7098072347702751
8,1890,1890-04-09,0.5536429770908275
8,1890,1890-04-16,0.6518592532963378
8,1890,1890-04-23,0.4781357566795259
8,1890,1890-04-30,0.3212059161549624
8,1890,1890-05-07,0.23099448780255125
8,1890,1890-05-14,0.23132930262367554
8,1890,1890-05-21,0.17493676115754955
8,1890,1890-05-28,0.15476643080232802
8,1890,1890-06-04,0.25161742213521504
8,1890,1890-06-11,0.3315514929278877
8,1890,1890-06-18,0.25399122684384734
8,1890,1890-06-25,0.31573771296961545
8,1890,1890-07-02,0.11794836257108351
8,1890,1890-07-09,0.276282435534694
8,1890,1890-07-16,0.2894172860955758
8,1890,1890-07-23,0.2430385794329735
8,1890,1890-07-30,0.2366057773829109
8,1890,1890-08-06,0.1060001192523024
8,1890,1890-08-13,0.26485767524435005
8,1890,1890-08-20,0.26132774788351637
8,1890,1890-08-27,0.6953389479397296
8,1890,1890-09-03,0.3101727881438437
8,1890,1890-09-10,0.47979097485266525
8,1890,1890-09-17,0.6243801411712075
8,1890,1890-09-24,0.6997783860240282
8,1890,1890-10-01,0.1974951920399167
8,1890,1890-10-08,0.10903003092648042
8,1890,1890-10-15,0.14844846570719103
8,1890,1890-10-22,0.18867680860869526
8,1890,1890-10-29,0.1186096429127373
8,1890,1891-02-11,0.7018547155570781
8,1890,1891-02-18,0.591148170985072
8,1890,1891-02-25,0.6685361383502751
8,1890,1891-03-04,0.5534586904192812
8,1890,1891-03-11,0.4553903177388576
8,1890,1891-03-18,0.25145249933763336
8,1890,1891-03-25,0.22632904305615795
8,1890,1891-04-01,0.15721404326941577
8,1890,1891-04-08,0.06098121495499175
8,1890,1891-04-15,0.1932980094893163
8,1890,1891-04-22,0.1425675568084474
8,1890,1891-04-29,0.17236230689990595
8,1890,1891-05-06,0.08476206079485947
8,1890,1891-05-13,0.04890287908316418
8,1890,1891-05-20,0.023912706479046086
8,1890,1891-05-27,0.20798724402409838
8,1890,1891-06-03,0.20988326599641896
8,1890,1891-06-10,0.4911196332579673
8,1890,1891-06-17,0.2370002381544443
8,1890,1891-06-24,0.7822425813264525
8,1890,1891-07-01,0.6916583138440561
8,1890,1891-07-08,0.810024629398608
8,1890,1891-07-15,0.5180913786196119
8,1890,1891-07-22,0.6377560755443836
8,1890,1891-07-29,0.3887556587596415
8,1890,1891-08-05,0.3135728346590755
8,1890,1891-08-12,0.19534980072868502
8,1890,1891-08-19,0.1809517301507345
8,1890,1891-08-26,0.262051822785736
8,1890,1891-09-02,0.3049988567225875
8,1890,1891-09-09,0.4333310923513551
8,1890,1891-09-16,0.4538018215687138
8,1890,1891-09-23,0.3713976984095751
8,1890,1891-09-30,0.17023926719484173
8,1890,1891-10-07,0.07614914903773236
8,1890,1891-10-14,0.09423794153589765
8,1890,1891-10-21,0.07014573846508723
8,1890,1891-10-28,0.07192428746220421
8,1890,1891-11-04,0.019992659154387516
8,1890,1891-11-11,0.036423622461114386
8,1890,1891-11-18,0.0696632608846696
8,1890,1891-11-25,0.11107661922741426
8,1890,1891-12-02,0.07391420162577965
8,1890,1891-12-09,0.2015523319150219
8,1890,1891-12-16,0.5081349409531211
8,1890,1891-12-23,0.2995265431646316
8,1890,1891-12-30,0.29141210223088615
8,1890,1892-01-06,0.15092852925106415
8,1890,1892-01-13,0.0738034520562145
8,1890,1892-01-20,0.0988938782948699
8,1890,1892-01-27,0.11207831824390134
8,1890,1892-02-03,0.14948664882591425
8,1890,1892-02-10,0.19448215008846412
8,1890,1892-02-17,0.22133870575262657
8,1890,1892-02-24,0.3330826799926752
8,1890,1892-03-02,0.15848125879914202
8,1890,1892-03-09,0.2664718138882829
8,1890,1892-03-16,0.34971289986854
8,1890,1892-03-23,0.3221691812493082
8,1890,1892-03-30,0.3073768056385323
8,1890,1892-04-06,0.09886674159896507
8,1890,1892-04-13,0.15793129689091856
8,1890,1892-04-20,0.1629914267605895
8,1890,1892-04-27,0.19445688402969405
8,1890,1892-05-04,0.3792069259062631
8,1890,1892-05-11,0.17832284718471242
8,1890,1892-05-18,0.10998063544503225
8,1890,1892-05-25,0.14667776104250416
8,1890,1892-06-01,0.16446750956836018
8,1890,1892-06-08,0.14079961904851016
8,1890,1892-06-15,0.1749926478946324
8,1890,1892-06-22,0.20466414174781472
8,1890,1892-06-29,0.1821633486063658
8,1890,1892-07-06,0.11127862907676422
8,1890,1892-07-13,0.09400731348880892
8,1890,1892-07-20,0.1522952452183291
8,1890,1892-07-27,0.15779896501271198
8,1890,1892-08-03,0.14890869060684206
8,1890,1892-08-10,0.12881751077392628
8,1890,1892-08-17,0.16193172875177395
8,1890,1892-08-24,0.1955351130069892
8,1890,1892-08-31,0.21014106091892676
8,1890,1892-09-07,0.280901291392236
8,1890,1892-09-14,0.21903111014271878
8,1890,1892-09-21,0.3168907608693022
8,1890,1892-09-28,0.29079079956952897
8,1890,1892-10-05,0.1261329416905443
8,1890,1892-10-12,0.08665387808199966
8,1890,1892-10-19,0.05153973214992975
8,1890,1892-10-26,0.011933069705986945
8,1890,1892-11-02,0.03740363629932973
8,1890,1892-11-09,0.042365751896979144
8,1890,1892-11-16,0.07275502476203244
8,1890,1892-11-23,0.0988891796866305
8,1890,1892-11-30,0.15480066535758621
8,1890,1892-12-07,0.36822686824305323
8,1890,1892-12-14,0.38738562972351764
8,1890,1892-12-21,0.4091598760052792
8,1890,1892-12-28,0.3861950906656083
8,1890,1893-01-04,0.19624647384308883
8,1890,1893-01-11,0.08830652640665627
8,1890,1893-01-18,0.11510013241481698
8,1890,1893-01-25,0.10146899159433037
8,1890,1893-02-01,0.25481128916718987
8,1890,1893-02-08,0.1805588679642478
8,1890,1893-02-15,0.21193350513687031
8,1890,1893-02-22,0.31119343109484515
8,1890,1893-03-01,0.290593781882069
8,1890,1893-03-08,0.486118940341273
8,1890,1893-03-15,0.4631719259674638
8,1890,1893-03-22,0.41296597155317366
8,1890,1893-03-29,0.274862023741174
8,1890,1893-04-05,0.14028490553293219
8,1890,1893-04-12,0.17277786604262582
8,1890,1893-04-19,0.1880765051522127
8,1890,1893-04-26,0.18955541548235572
8,1890,1893-05-03,0.09230828703129597
8,1890,1893-05-10,0.02211726737313153
8,1890,1893-05-17,0.014621857952894775
8,1890,1893-05-24,0.010145716405689634
8,1890,1893-05-31,0.04446129697081406
8,1890,1893-06-07,0.05468233595761252
8,1890,1893-06-14,0.27578231565737266
8,1890,1893-06-21,0.15362572243666747
8,1890,1893-06-28,0.15616449978611277
8,1890,1893-07-05,0.2488636715066676
8,1890,1893-07-12,0.3230823451541265
8,1890,1893-07-19,0.3508909531617864
8,1890,1893-07-26,0.27853166906987026
8,1890,1893-08-02,0.20900408591258163
8,1890,1893-08-09,0.06226232331229202
8,1890,1893-08-16,0.026570716148659797
8,1890,1893-08-23,0.10490355220142508
8,1890,1893-08-30,0.035470489699079885
8,1890,1893-09-06,0.1960005363937825
8,1890,1893-09-13,0.17851803883418596
8,1890,1893-09-20,0.7096260202562596
8,1890,1893-09-27,0.5987958815449996
8,1890,1893-10-04,0.4292594385870179
8,1890,1893-10-11,0.6702416123370222
8,1890,1893-10-18,0.5835504034129425
8,1890,1893-10-25,0.3688221655130948
8,1890,1893-11-01,0.18639606318110016
8,1890,1893-11-08,0.10411093266304104
8,1890,1893-11-15,0.08648780025503378
8,1890,1893-11-22,0.146381472449169
8,1890,1893-11-29,0.13714503632657202
8,1890,1893-12-06,0.36100478944638215
8,1890,1893-12-13,0.4012536435654644
8,1890,1893-12-20,0.32842322744501834
8,1890,1893-12-27,0.3061456981014585
8,1890,1894-01-03,0.22955415532899476
8,1890,1894-01-10,0.13239224051709392
8,1890,1894-01-17,0.2317952191615841
8,1890,1894-01-24,0.19810777876866492
8,1890,1894-01-31,0.17964425690593153
8,1890,1894-02-07,0.30174189207686586
8,1890,1894-02-14,0.2521186532985765
8,1890,1894-02-21,0.3538777344850741
8,1890,1894-02-28,0.57461013427905
8,1890,1894-03-07,0.6122031077933411
8,1890,1894-03-14,0.5796182622989766
8,1890,1894-03-21,0.4344594653908502
8,1890,1894-03-28,0.376215174286342
8,1890,1894-04-04,0.2207274056441977
8,1890,1894-04-11,0.25276476215289656
8,1890,1894-04-18,0.31506636112901504
8,1890,1894-04-25,0.30493510401326385
8,1890,1894-05-02,0.32923498637799054
8,1890,1894-05-09,0.21620005120196364
8,1890,1894-05-16,0.24489391206834638
8,1890,1894-05-23,0.34178551036640287
8,1890,1894-05-30,0.36616410920057624
8,1890,1894-06-06,0.2647700249605319
8,1890,1894-06-13,0.1711553473841994
8,1890,1894-06-20,0.15022790997131813
8,1890,1894-06-27,0.12950486599813968
8,1890,1894-07-04,0.08714813270123088
8,1890,1894-07-11,0.14056093766365124
8,1890,1894-07-18,0.1453998832155886
8,1890,1894-07-25,0.17633502976029436
8,1890,1894-08-01,0.1452835375678061
8,1890,1894-08-08,0.14126363776593293
8,1890,1894-08-15,0.15876958207191744
8,1890,1894-08-22,0.19572388442859964
8,1890,1894-08-29,0.18041342803930646
8,1890,1894-09-05,0.340495437750304
8,1890,1894-09-12,0.35089209705586477
8,1890,1894-09-19,0.3657816467593839
8,1890,1894-09-26,0.38394426834397655
8,1890,1894-10-03,0.32812609421636196
8,1890,1894-10-10,0.17297252925962814
8,1890,1894-10-17,0.11804915847638216
8,1890,1894-10-24,0.12086735035730453
8,1890,1894-10-31,0.08328817234188354
8,1890,1894-11-07,0.08972311377778082
8,1890,1894-11-14,0.08906123753864166
8,1890,1894-11-21,0.0883802484573965
8,1890,1894-11-28,0.09881623319683443
8,1890,1894-12-05,0.10308013548029805
8,1890,1894-12-12,0.3154433728102853
8,1890,1894-12-19,0.36381196141574784
8,1890,1894-12-24,0.3300022965173014
8,1890,1895-01-02,0.27096526114006514
8,1890,1895-01-09,0.16634030298680294
8,1890,1895-01-16,0.21942198345959396
8,1890,1895-01-23,0.12060441712559335
8,1890,1895-01-30,0.11918348265855686
8,1890,1895-02-06,0.16752710239149393
8,1890,1895-02-13,0.18968017394041828
8,1890,1895-02-20,0.1685414136455026
8,1890,1895-02-27,0.13092582331941496
8,1890,1895-03-06,0.3882409933129829
8,1890,1895-03-13,0.48199595111148885
8,1890,1895-03-20,0.44744788532740604
8,1890,1895-03-27,0.3119790444579115
8,1890,1895-04-03,0.32607877075254066
8,1890,1895-04-10,0.26258054055433955
8,1890,1895-04-17,0.1874907822987544
8,1890,1895-04-24,0.18534059552640145
8,1890,1895-05-01,0.1156785640448603
8,1890,1895-05-08,0.1044299451259746
8,1890,1895-05-15,0.07583698513536924
8,1890,1895-05-22,0.07094997195836905
8,1890,1895-05-29,0.06208277365547573
8,1890,1895-06-05,0.04760861047423694
8,1890,1895-06-12,0.06581418750524941
8,1890,1895-06-19,0.0681478173640342
8,1890,1895-06-26,0.07315169944340057
8,1890,1895-07-03,0.08705770015855027
8,1890,1895-07-10,0.09547065710263837
8,1890,1895-07-17,0.1206918678069318
8,1890,1895-07-24,0.14690181823407417
8,1890,1895-07-31,0.11670337695569738
8,1890,1895-08-07,0.14185308717187176
8,1890,1895-08-14,0.13232044243797086
8,1890,1895-08-21,0.13282245156247005
8,1890,1895-08-28,0.11544176128310552
8,1890,1895-09-04,0.11151859278607143
8,1890,1895-09-11,0.14414264768898402
8,1890,1895-09-18,0.17986737575374356
8,1890,1895-09-25,0.20097124755069815
8,1890,1895-10-02,0.1616364187221934
8,1890,1895-10-09,0.16031750690353194
8,1890,1895-10-16,0.16939400461058432
8,1890,1895-10-23,0.22579463775504238
8,1890,1895-10-30,0.22570984796100765
8,1890,1895-11-06,0.1791912774283443
8,1890,1895-11-13,0.19391439569585972
8,1890,1895-11-20,0.1964240144165037
8,1890,1895-11-27,0.21162734014307685
8,1890,1895-12-04,0.21195255573197855
8,1890,1895-12-11,0.24664609319650657
8,1890,1895-12-18,0.21305810366303102
8,1890,1895-12-24,0.19302523358616266
8,1890,1896-01-01,0.3654993787840272
8,1890,1896-01-08,0.6380155192882974
8,1890,1896-01-15,0.2848513498575111
8,1890,1896-01-22,0.2744553636427139
8,1890,1896-01-29,0.17687212679202857
8,1890,1896-02-05,0.18291868771309747
8,1890,1896-02-12,0.1906877830809784
8,1890,1896-02-19,0.22783408551691917
8,1890,1896-02-26,0.2578261445447925
8,1890,1896-03-04,0.22907754066596483
8,1890,1896-03-11,0.24854164798161799
8,1890,1896-03-18,0.2221953311579964
8,1890,1896-03-25,0.22027925853060537
8,1890,1896-04-01,0.19801024880703272
8,1890,1896-04-08,0.27308492141915847
8,1890,1896-04-15,0.2747958726761202
8,1890,1896-04-22,0.2501947479097098
8,1890,1896-04-29,0.20916382023981073
8,1890,1896-05-06,0.18004156339795188
8,1890,1896-05-13,0.21736853398968142
8,1890,1896-05-20,0.257245631483714
8,1890,1896-05-27,0.2864674807624107
8,1890,1896-06-03,0.2665830229002077
8,1890,1896-06-10,0.27836992441137753
8,1890,1896-06-17,0.2836444617356108
8,1890,1896-06-24,0.2753841547355317
8,1890,1896-07-01,0.33939968249562724
8,1890,1896-07-08,0.5440608084149534
8,1890,1896-07-15,0.3444494020523518
8,1890,1896-07-22,0.3169957408925407
8,1890,1896-07-29,0.2916297967331503
8,1890,1896-08-05,0.2682969421605087
8,1890,1896-08-12,0.29931800013251975
8,1890,1896-08-19,0.29245629372453513
8,1890,1896-08-26,0.2569236057556918
8,1890,1896-09-02,0.2078645975498908
8,1890,1896-09-09,0.23697513770775644
8,1890,1896-09-16,0.14533584008743322
8,1890,1896-09-23,0.2369391488871072
8,1890,1896-09-30,0.10521031951241477
8,1890,1896-10-07,0.1301380552352975
8,1890,1896-10-14,0.09580392967950736
8,1890,1896-10-21,0.16599563903114053
8,1890,1896-10-28,0.06786820791065198
8,1890,1896-11-04,0.25978658034774654
8,1890,1896-11-11,0.2817733715781417
8,1890,1896-11-18,0.2137322645383293
8,1890,1896-11-25,0.21501650623479682
8,1890,1896-12-02,0.3694935453974915
8,1890,1896-12-09,0.5523315414537271
8,1890,1896-12-16,0.5506143217683033
8,1890,1896-12-23,0.5290872141458546
8,1890,1896-12-30,0.6226886457861669
8,1890,1897-01-06,0.5619198567794278
8,1890,1897-01-13,0.5676871771423362
8,1890,1897-01-20,0.45412020797570596
8,1890,1897-01-27,0.43946736795827146
8,1890,1897-02-03,0.25854649726344686
8,1890,1897-02-10,0.44025356616212413
8,1890,1897-02-17,0.30535997709482954
8,1890,1897-02-24,0.34308092502542287
8,1890,1897-03-03,0.32236392462007146
8,1890,1897-03-10,0.4143765501796181
8,1890,1897-03-17,0.2956716312809348
8,1890,1897-03-24,0.3355129336520939
8,1890,1897-03-31,0.3472830853624233
8,1890,1897-04-07,0.44051126214842934
8,1890,1897-04-14,0.5524448346604878
8,1890,1897-04-21,0.48984712888185306
8,1890,1897-04-28,0.4397123272502348
8,1890,1897-05-05,0.31684358436752885
8,1890,1897-05-12,0.30764397145974004
8,1890,1897-05-19,0.3099473835945723
8,1890,1897-05-26,0.18978523945649067
8,1890,1897-06-02,0.17266715352123033
8,1890,1897-06-09,0.20008484046737993
8,1890,1897-06-16,0.2521991863952748
8,1890,1897-06-23,0.19299263210895634
8,1890,1897-06-30,0.23681249634272872
8,1890,1897-07-07,0.32702678757673387
8,1890,1897-07-14,0.20178589710028777
8,1890,1897-07-21,0.2162341194264966
8,1890,1897-07-28,0.2043102889926987
8,1890,1897-08-04,0.1893204516069762
8,1890,1897-08-11,0.26104354063211754
8,1890,1897-08-18,0.33122052144244163
8,1890,1897-08-25,0.3562767693811907
8,1890,1897-09-01,0.3143714135456323
8,1890,1897-09-08,0.2799325966717615
8,1890,1897-09-15,0.26627888626146357
8,1890,1897-09-22,0.23995401049340392
8,1890,1897-09-29,0.11388000889112773
8,1890,1897-10-06,0.13533655928334673
8,1890,1897-10-13,0.11074799021276464
8,1890,1897-10-20,0.06881269269084254
8,1890,1897-10-27,0.14876819036253647
8,1890,1897-11-03,0.17600032989246395
8,1890,1897-11-10,0.17970429424526493
8,1890,1897-11-17,0.14631123833712734
8,1890,1897-11-24,0.28708584507267765
8,1890,1897-12-01,0.2579434017686025
8,1890,1897-12-08,0.4924851453240267
8,1890,1897-12-15,0.5373828504565153
8,1890,1897-12-22,0.32043786847840394
8,1890,1897-12-29,0.19658822865850029
8,1890,1898-01-05,0.12439110515099441
8,1890,1898-01-12,0.14609950620530926
8,1890,1898-01-19,0.17283637288869855
8,1890,1898-01-26,0.10271415432975274
8,1890,1898-02-02,0.11890230698242525
8,1890,1898-02-09,0.06788112933523817
8,1890,1898-02-16,0.09827155239477675
8,1890,1898-02-23,0.2096441497084095
8,1890,1898-03-02,0.22162502833012143
8,1890,1898-03-09,0.374755358860655
8,1890,1898-03-16,0.35184408400892336
8,1890,1898-03-23,0.3574968041242233
8,1890,1898-03-30,0.32956642042972484
8,1890,1898-04-06,0.06050933248427117
8,1890,1898-04-13,0.16147354078699022
8,1890,1898-04-20,0.1637777548859611
8,1890,1898-04-27,0.16616817005005285
8,1890,1898-05-04,0.15847578430943846
8,1890,1898-05-11,0.18456325201673965
8,1890,1898-05-18,0.2079785461559053
8,1890,1898-05-25,0.41354352026743774
8,1890,1898-06-01,0.28770016832494344
8,1890,1898-06-08,0.6329815489673251
8,1890,1898-06-15,0.5067622626740788
8,1890,1898-06-22,0.5920410066497356
8,1890,1898-06-29,0.45972353102228125
8,1890,1898-07-06,0.5962398473054004
8,1890,1898-07-13,0.4049409098653293
8,1890,1898-07-20,0.40516837318836385
8,1890,1898-07-27,0.3534539500480599
8,1890,1898-08-03,0.3271540797549106
8,1890,1898-08-10,0.2121288095686383
8,1890,1898-08-17,0.21434490504426548
8,1890,1898-08-24,0.23058850082507132
8,1890,1898-08-31,0.21988299406465114
8,1890,1898-09-07,0.22343844676231162
8,1890,1898-09-14,0.24190762139383173
8,1890,1898-09-21,0.32543502544641656
8,1890,1898-09-28,0.24707525320434734
8,1890,1898-10-05,0.22171629375226604
8,1890,1898-10-12,0.3012232470274362
8,1890,1898-10-19,0.11036604168133682
8,1890,1898-10-26,0.3195685336062238
8,1890,1898-11-02,0.30959205966823716
8,1890,1898-11-09,0.2991352531172663
8,1890,1898-11-16,0.31902566680850636
8,1890,1898-11-23,0.39690188700628143
8,1890,1898-11-30,0.31759978185515925
8,1890,1898-12-07,0.48622515557056356
8,1890,1898-12-14,0.4660723326519324
8,1890,1898-12-21,0.324730105994859
8,1890,1898-12-28,0.2647544476956284
8,1890,1899-01-04,0.1451675414943797
8,1890,1899-01-11,0.071821343189359
8,1890,1899-01-18,0.09143911789810275
8,1890,1899-01-25,0.1373919927667442
8,1890,1899-02-01,0.06701339755202661
8,1890,1899-02-08,0.19835548681516757
8,1890,1899-02-15,0.11735453873452024
8,1890,1899-02-22,0.18058577122775277
8,1890,1899-03-01,0.14440988078859557
8,1890,1899-03-08,0.35874363672211806
8,1890,1899-03-15,0.34651801670746774
8,1890,1899-03-22,0.30522837740224606
8,1890,1899-03-29,0.3872414186988577
8,1890,1899-04-05,0.17970517412290582
8,1890,1899-04-12,0.1987536940746161
8,1890,1899-04-19,0.20550459637281177
8,1890,1899-04-26,0.1979329889061241
8,1890,1899-05-03,0.11732257601386518
8,1890,1899-05-10,0.11747786392991619
8,1890,1899-05-17,0.12618813350044492
8,1890,1899-05-24,0.14401408655774087
8,1890,1899-05-31,0.22444177557591613
8,1890,1899-06-07,0.1618553215391059
8,1890,1899-06-14,0.1925090333220693
8,1890,1899-06-21,0.16648804385654392
8,1890,1899-06-28,0.18882837100672253
8,1890,1899-07-05,0.12916937687870497
8,1890,1899-07-12,0.17603286291024445
8,1890,1899-07-19,0.1283731974532097
8,1890,1899-07-26,0.21883768854083707
8,1890,1899-08-02,0.18087843630658437
8,1890,1899-08-09,0.19713091718225362
8,1890,1899-08-16,0.21434576778793762
8,1890,1899-08-23,0.34239383678588514
8,1890,1899-08-30,0.3489489768450908
8,1890,1899-09-06,0.2899981254303383
8,1890,1899-09-13,0.3216167194341019
8,1890,1899-09-20,0.32450245074593814
8,1890,1899-09-27,0.27605844359022647
8,1890,1899-10-04,0.04880542809718384
8,1890,1899-10-11,0.07979319803406995
8,1890,1899-10-18,0.1015792126383177
8,1890,1899-10-25,0.1426035151242959
8,1890,1899-11-01,0.0930838486268084
8,1890,1899-11-08,0.10197728623556436
8,1890,1899-11-15,0.13989066165617883
8,1890,1899-11-22,0.18945656477302988
8,1890,1899-11-29,0.24205974170328146
8,1890,1899-12-06,0.1647797255393618
8,1890,1899-12-13,0.37982509520014923
8,1890,1899-12-20,0.38583380988403476
8,1890,1899-12-27,0.2652201495925228
8,1890,1900-01-03,0.224315804337721
8,1890,1900-01-10,0.29416605195924167
8,1890,1900-01-17,0.5719009361191808
8,1890,1900-01-24,0.32343472308117405
8,1890,1900-01-31,0.36288865112103375
8,1890,1900-02-07,0.3334861718433494
8,1890,1900-02-14,0.41880962544854433
8,1890,1900-02-21,0.35387107797975387
8,1890,1900-02-28,0.3121786600465428
8,1890,1900-03-07,0.3278580036871479
8,1890,1900-03-14,0.6300335565914279
8,1890,1900-03-21,0.7262533517290412
8,1890,1900-03-28,0.7576030106837293
8,1890,1900-04-04,0.6006496065044759
8,1890,1900-04-11,0.5096221992352278
8,1890,1900-04-18,0.585811613784134
8,1890,1900-04-25,0.496340869557333
8,1890,1900-05-02,0.34622051747502597
8,1890,1900-05-09,0.28609678862603927
8,1890,1900-05-16,0.2605362783726686
8,1890,1900-05-23,0.16076998563442016
8,1890,1900-05-30,0.2890245278413548
8,1890,1900-06-06,0.22570476110657625
8,1890,1900-06-13,0.3543443711261315
8,1890,1900-06-20,0.524831228799993
8,1890,1900-06-27,0.39043427489517724
8,1890,1900-07-04,0.16685503963755868
8,1890,1900-07-11,0.1411798604965234
8,1890,1900-07-18,0.16795954391622683
8,1890,1900-07-25,0.03862471397569365
8,1890,1900-08-01,0.10739579361883424
8,1890,1900-08-08,0.07251035604166584
8,1890,1900-08-15,0.09883299863557755
8,1890,1900-08-22,0.13723620766416716
8,1890,1900-08-29,0.2395913355652771
8,1890,1900-09-05,0.3788633073194803
8,1890,1900-09-12,0.45315914559322656
8,1890,1900-09-19,0.5049742911206544
8,1890,1900-09-26,0.6857518122520826
8,1890,1900-10-03,0.4093171762760492
8,1890,1900-10-10,0.3905794701752014
8,1890,1900-10-17,0.3625774066598019
8,1890,1900-10-24,0.3163597448717777
8,1890,1900-10-31,0.22274991999011046
8,1890,1900-11-07,0.16213114900276895
8,1890,1900-11-14,0.10608785840916043
8,1890,1900-11-21,0.07995742524273879
8,1890,1900-11-28,0.054281701186606496
8,1890,1900-12-05,0.1850617957055871
8,1890,1900-12-12,0.3195017475029103
8,1890,1900-12-19,0.3631992735295827
8,1890,1900-12-24,0.35902293671169677
8,1890,1901-01-02,0.31747247656785427
8,1890,1901-01-09,0.037479474642490344
8,1890,1901-01-16,0.20448527867123975
8,1890,1901-01-23,0.161307822943698
8,1890,1901-01-30,0.10042493886499292
8,1890,1901-02-06,0.1372740682894969
8,1890,1901-02-13,0.6852638201812252
8,1890,1901-02-20,0.6402406764364519
8,1890,1901-02-27,0.7898081459457171
8,1890,1901-03-06,0.7124184361882429
8,1890,1901-03-13,0.7618246528858662
8,1890,1901-03-20,0.5605255708970102
8,1890,1901-03-27,0.577645766425036
8,1890,1901-04-03,0.4051160447331458
8,1890,1901-04-10,0.39228295116623574
8,1890,1901-04-17,0.3075104680621112
8,1890,1901-04-24,0.27282457829116125
8,1890,1901-05-01,0.2636708061280357
8,1890,1901-05-08,0.20292181390208544
8,1890,1901-05-15,0.25042967261444965
8,1890,1901-05-22,0.23273106841757704
8,1890,1901-05-29,0.2766643343324255
8,1890,1901-06-05,0.25170921974499655
8,1890,1901-06-12,0.4941472905879881
8,1890,1901-06-19,0.46041221653713305
8,1890,1901-06-26,0.32897024569155675
8,1890,1901-07-03,0.3863126321363978
8,1890,1901-07-10,0.35669920972140745
8,1890,1901-07-17,0.2512572576273737
8,1890,1901-07-24,0.21717595433419706
8,1890,1901-07-31,0.2158327203225234
8,1890,1901-08-07,0.19648996574310076
8,1890,1901-08-14,0.19590343962366724
8,1890,1901-08-21,0.2279657188351752
8,1890,1901-08-28,0.17695555823001952
8,1890,1901-09-04,0.1908449052896728
8,1890,1901-09-11,0.23308951554686852
8,1890,1901-09-18,0.28887226509304176
8,1890,1901-09-25,0.26462191239314814
8,1890,1901-10-02,0.1793666452401453
8,1890,1901-10-09,0.19934662834669287
8,1890,1901-10-16,0.23393621829201997
8,1890,1901-10-23,0.05429138455225612
8,1890,1901-10-30,0.13735867672483537
8,1890,1901-11-06,0.14816808067504594
8,1890,1901-11-13,0.19207242867423494
8,1890,1901-11-20,0.22098175603004586
8,1890,1901-11-27,0.36420145420300143
8,1890,1901-12-04,0.3864132666756615
8,1890,1901-12-11,0.4680472207488669
8,1890,1901-12-18,0.3726588513407699
8,1890,1901-12-24,0.35745948744477557
8,1890,1902-01-01,0.6191385819471972
8,1890,1902-01-08,0.28527750822877085
8,1890,1902-01-15,0.20169387854564388
8,1890,1902-01-22,0.24777674425336532
8,1890,1902-01-29,0.2524160543320686
8,1890,1902-02-05,0.1515442021921381
8,1890,1902-02-12,0.3873612594782503
8,1890,1902-02-19,0.35265865824067233
8,1890,1902-02-26,0.5196550066485385
8,1890,1902-03-05,0.4104843403685155
8,1890,1902-03-12,0.7441932490981926
8,1890,1902-03-19,0.6642689601608669
8,1890,1902-03-26,0.6148099991390608
8,1890,1902-04-02,0.5812014044427464
8,1890,1902-04-09,0.5230254371115051
8,1890,1902-04-16,0.42736285238128335
8,1890,1902-04-23,0.4298054648714099
8,1890,1902-04-30,0.3199829455414151
8,1890,1902-05-07,0.22016598265358406
8,1890,1902-05-14,0.23227867302957284
8,1890,1902-05-21,0.24230272113148071
8,1890,1902-05-28,0.43532520538937775
8,1890,1902-06-04,0.2663132230781704
8,1890,1902-06-11,0.2815508046381085
8,1890,1902-06-18,0.25025538342978626
8,1890,1902-06-25,0.24685893771264975
8,1890,1902-07-02,0.27910849030190066
8,1890,1902-07-09,0.18786339067195246
8,1890,1902-07-16,0.22542813640434248
8,1890,1902-07-23,0.23440421169045972
8,1890,1902-07-30,0.19692090633013865
8,1890,1902-08-06,0.1367111399438472
8,1890,1902-08-13,0.20739086842151097
8,1890,1902-08-20,0.23727360197286326
8,1890,1902-08-27,0.3488458730128857
8,1890,1902-09-03,0.28975138919590226
8,1890,1902-09-10,0.37104180201606074
8,1890,1902-09-17,0.29402958943468677
8,1890,1902-09-24,0.31220456342694536
8,1890,1902-10-01,0.21110083134406896
8,1890,1902-10-08,0.044129555273748386
8,1890,1902-10-15,0.10281095792076747
8,1890,1902-10-22,0.11329462857986829
8,1890,1902-10-29,0.11508613024269022
8,1890,1902-11-05,0.06216867049056193
8,1890,1902-11-12,0.10134379861728088
8,1890,1902-11-19,0.08305582375927874
8,1890,1902-11-26,0.11086634653183022
8,1890,1902-12-03,0.16662629498310813
8,1890,1902-12-10,0.3420136287879491
8,1890,1902-12-17,0.28277464366415744
8,1890,1902-12-24,0.28996691612509806
8,1890,1902-12-31,0.5171996043010073
8,1890,1903-01-07,0.13429254377223415
8,1890,1903-01-14,0.2405786878729926
8,1890,1903-01-21,0.2739649711726442
8,1890,1903-01-28,0.14061856973985978
8,1890,1903-02-04,0.18213302705746234
8,1890,1903-02-11,0.22923979434674607
8,1890,1903-02-18,0.31948785625459836
8,1890,1903-02-25,0.3879117256133879
8,1890,1903-03-04,0.46672925973285995
8,1890,1903-03-11,0.6486274459711416
8,1890,1903-03-18,0.6576806875060338
8,1890,1903-03-25,0.689633260705641
8,1890,1903-04-01,0.5015362960270904
8,1890,1903-04-08,0.350104983271215
8,1890,1903-04-15,0.3121590284013303
8,1890,1903-04-22,0.37552246734521444
8,1890,1903-04-29,0.36474621970664395
8,1890,1903-05-06,0.2774749111110628
8,1890,1903-05-13,0.4773286073012147
8,1890,1903-05-20,0.08487420990599413
8,1890,1903-05-27,0.38400090813783166
8,1890,1903-06-03,0.3046209981935254
8,1890,1903-06-10,0.31736085515874385
8,1890,1903-06-17,0.3510268952781688
8,1890,1903-06-24,0.49364928610653086
8,1890,1903-07-01,0.31326961909256107
8,1890,1903-07-08,0.3792987536408735
8,1890,1903-07-15,0.5323721345149667
8,1890,1903-07-22,0.3405596635840101
8,1890,1903-07-29,0.24070639829655072
8,1890,1903-08-05,0.20707535042213368
8,1890,1903-08-12,0.2297385400521973
8,1890,1903-08-19,0.12634831301486033
8,1890,1903-08-26,0.12133098249492057
8,1890,1903-09-02,0.18500013336701168
8,1890,1903-09-09,0.037656774652669436
8,1890,1903-09-16,0.19987619023423975
8,1890,1903-09-23,0.21122505722133653
8,1890,1903-09-30,0.14065032174319936
8,1890,1903-10-07,0.08241040319111759
8,1890,1903-10-14,0.12662099842089164
8,1890,1903-10-21,0.31373555914998436
8,1890,1903-10-28,0.4147710334066736
8,1890,1903-11-04,0.29410388673615
8,1890,1903-11-11,0.2340191192250227
8,1890,1903-11-18,0.157382535989189
8,1890,1903-11-25,0.18228239857219397
8,1890,1903-12-02,0.20247966383702046
8,1890,1903-12-09,0.2953324207661534
8,1890,1903-12-16,0.25829402569747806
8,1890,1903-12-23,0.20906474016722412
8,1890,1903-12-30,0.23455234169827344
8,1890,1904-01-06,0.052099706797842926
8,1890,1904-01-13,0.07768948842738152
8,1890,1904-01-20,0.06723497536191186
8,1890,1904-01-27,0.040158818552933385
8,1890,1904-02-03,0.07960228398309879
8,1890,1904-02-10,0.15176616019886982
8,1890,1904-02-17,0.20567195294700225
8,1890,1904-02-24,0.28478674753744815
8,1890,1904-03-02,0.27285168224878276
8,1890,1904-03-09,0.3654928459039572
8,1890,1904-03-16,0.35842604218091983
8,1890,1904-03-23,0.4004754431553693
8,1890,1904-03-30,0.3004702321174038
8,1890,1904-04-06,0.3687560554478312
8,1890,1904-04-13,0.35410580027644883
8,1890,1904-04-20,0.625993280329494
8,1890,1904-04-27,0.6347721076219142
8,1890,1904-05-04,0.4243211866361324
8,1890,1904-05-11,0.41223092690558405
8,1890,1904-05-18,0.40806133011998763
8,1890,1904-05-25,0.35920163588270454
8,1890,1904-06-01,0.32573252273470304
8,1890,1904-06-08,0.42787871293088237
8,1890,1904-06-15,0.3710857824483035
8,1890,1904-06-22,0.195666607413054
8,1890,1904-06-29,0.2570936062736132
8,1890,1904-07-06,0.20521356424297754
8,1890,1904-07-13,0.2552206806035533
8,1890,1904-07-20,0.29501228794735934
8,1890,1904-07-27,0.31861145156202497
8,1890,1904-08-03,0.2683013166548871
8,1890,1904-08-10,0.36312876702177965
8,1890,1904-08-17,0.316302931335967
8,1890,1904-08-24,0.34329353850682226
8,1890,1904-08-31,0.34494941899546205
8,1890,1904-09-07,0.3179887150370091
8,1890,1904-09-14,0.34845513126546135
8,1890,1904-09-21,0.3127566856262314
8,1890,1904-09-28,0.2907771519549354
8,1890,1904-10-05,0.14740253936702322
8,1890,1904-10-12,0.14772699767874342
8,1890,1904-10-19,0.20952024447039344
8,1890,1904-10-26,0.1952573419499182
8,1890,1904-11-02,0.1606589932829015
8,1890,1904-11-09,0.15014108549166297
8,1890,1904-11-16,0.11670698663501056
8,1890,1904-11-23,0.12117546225689606
8,1890,1904-11-30,0.08164882638543558
8,1890,1904-12-07,0.20712889464956571
8,1890,1904-12-14,0.1398493611473949
8,1890,1904-12-21,0.10383406654263687
8,1890,1904-12-28,0.13361861114543253
8,1890,1905-01-04,0.1589455951445375
8,1890,1905-01-11,0.17192854540309938
8,1890,1905-01-18,0.08891385214818043
8,1890,1905-01-25,0.0762813067281262
8,1890,1905-02-01,0.12345168875226682
8,1890,1905-02-08,0.17103121272870886
8,1890,1905-02-15,0.2070333158104185
8,1890,1905-02-22,0.23771274223799216
8,1890,1905-03-01,0.218792048540106
8,1890,1905-03-08,0.40321864168011057
8,1890,1905-03-15,0.6026897538096726
8,1890,1905-03-22,0.6969613475222664
8,1890,1905-03-29,0.5383869473172329
8,1890,1905-04-05,0.4499435506457711
8,1890,1905-04-12,0.3771697626662882
8,1890,1905-04-19,0.21031015512362697
8,1890,1905-04-26,0.216320191667996
8,1890,1905-05-03,0.20707900712766378
8,1890,1905-05-10,0.23974957137791214
8,1890,1905-05-17,0.17589317594035525
8,1890,1905-05-24,0.1784110397433839
8,1890,1905-05-31,0.1385224594064142
8,1890,1905-06-07,0.16632719831486556
8,1890,1905-06-14,0.18961100549145837
8,1890,1905-06-21,0.23520240011628168
8,1890,1905-06-28,0.20879831685073452
8,1890,1905-07-05,0.23467556345940518
8,1890,1905-07-12,0.3120133687191647
8,1890,1905-07-19,0.1695946805486837
8,1890,1905-07-26,0.1939178910663114
8,1890,1905-08-02,0.14505784218034604
8,1890,1905-08-09,0.14760122770036796
8,1890,1905-08-16,0.1488960551038536
8,1890,1905-08-23,0.14793132071882684
8,1890,1905-08-30,0.1037462331343579
8,1890,1905-09-06,0.1173867259289871
8,1890,1905-09-13,0.0689285132049729
8,1890,1905-09-20,0.14966769259421406
8,1890,1905-09-27,0.16669985415566665
8,1890,1905-10-04,0.028411376977027978
8,1890,1905-10-11,0.13117598138912923
8,1890,1905-10-18,0.30504797932163946
8,1890,1905-10-25,0.2681786857410042
8,1890,1905-11-01,0.2507257393376497
8,1890,1905-11-08,0.3221510883178483
8,1890,1905-11-15,0.29842370857271255
8,1890,1905-11-22,0.32082651132472173
8,1890,1905-11-29,0.2443605066572973
8,1890,1905-12-06,0.24763086849343538
8,1890,1905-12-13,0.14157349818956555
8,1890,1905-12-20,0.19629919181221347
8,1890,1905-12-27,0.27841516601097976
8,1890,1906-01-03,0.19401072356249838
8,1890,1906-01-10,0.11383438604246186
8,1890,1906-01-17,0.3284251056407178
8,1890,1906-01-24,0.25613983560706416
8,1890,1906-01-31,0.11775955338652137
8,1890,1906-02-07,0.30368676215293106
8,1890,1906-02-14,0.412507974173721
8,1890,1906-02-21,0.21525186179612854
8,1890,1906-02-28,0.18431216929771696
8,1890,1906-03-07,0.20070345084409913
8,1890,1906-03-14,0.3653708288042248
8,1890,1906-03-21,0.11758560502247906
8,1890,1906-03-28,0.2282585365317103
8,1890,1906-04-04,0.18662406180364113
8,1890,1906-04-11,0.20470295078849082
8,1890,1906-04-18,0.17421267542855126
8,1890,1906-04-25,0.2998051318660365
8,1890,1906-05-02,0.2501046300656662
8,1890,1906-05-09,0.11096349225953524
8,1890,1906-05-16,0.10055164952514338
8,1890,1906-05-23,0.14131312615220212
8,1890,1906-05-30,0.13068196885389213
8,1890,1906-06-06,0.15179017217427132
8,1890,1906-06-13,0.22244285106334724
8,1890,1906-06-20,0.23260448422814933
8,1890,1906-06-27,0.46418668095366905
8,1890,1906-07-04,0.3205788173181882
8,1890,1906-07-11,0.34349544554956424
8,1890,1906-07-18,0.3675303524182972
8,1890,1906-07-25,0.42177271421851226
8,1890,1906-08-01,0.29150315691683665
8,1890,1906-08-08,0.27757455225567645
8,1890,1906-08-15,0.32882723702242495
8,1890,1906-08-22,0.29310116269903275
8,1890,1906-08-29,0.25926260487778263
8,1890,1906-09-05,0.24308067427619273
8,1890,1906-09-12,0.18665856455543955
8,1890,1906-09-19,0.2027352422076963
8,1890,1906-09-26,0.2557607886077564
8,1890,1906-10-03,0.21899567328082806
8,1890,1906-10-10,0.2073920652466911
8,1890,1906-10-17,0.034233743612051455
8,1890,1906-10-24,0.043933396336046426
8,1890,1906-10-31,0.08472405526470585
8,1890,1906-11-07,0.05522239578841894
8,1890,1906-11-14,0.04863464747553425
8,1890,1906-11-21,0.05867677405083976
8,1890,1906-11-28,0.1851883784731496
8,1890,1906-12-05,0.1819806600324279
8,1890,1906-12-12,0.31368188951086917
8,1890,1906-12-19,0.18416891821944356
8,1890,1906-12-24,0.20553596399154309
8,1890,1907-01-02,0.3860715985458477
8,1890,1907-01-09,0.15822583041314053
8,1890,1907-01-16,0.3132307201864612
8,1890,1907-01-23,0.7988846879042222
8,1890,1907-01-30,0.3653173028960459
8,1890,1907-02-06,0.37194760857227294
8,1890,1907-02-13,0.3569918578694336
8,1890,1907-02-20,0.45941062885139095
8,1890,1907-02-27,0.2662148633991473
8,1890,1907-03-06,0.33093054436509073
8,1890,1907-03-13,0.4518443588739733
8,1890,1907-03-20,0.29280716803532214
8,1890,1907-03-27,0.1471851985568578
8,1890,1907-04-03,0.1571625866439569
8,1890,1907-04-10,0.1992917143528645
8,1890,1907-04-17,0.33237861841584965
8,1890,1907-04-24,0.3512811826530912
8,1890,1907-05-01,0.4136599071385512
8,1890,1907-05-08,0.3241962631957793
8,1890,1907-05-15,0.3969566763942237
8,1890,1907-05-22,0.42769825212169205
8,1890,1907-05-29,0.4818416715885842
8,1890,1907-06-05,0.30677654954666955
8,1890,1907-06-12,0.33690292162222785
8,1890,1907-06-19,0.3018141674768414
8,1890,1907-06-26,0.2746848505417182
8,1890,1907-07-03,0.36026537526653335
8,1890,1907-07-10,0.33382375024394995
8,1890,1907-07-17,0.26414447821840353
8,1890,1907-07-24,0.24973904426945176
8,1890,1907-07-31,0.20149312518234683
8,1890,1907-08-07,0.22615476403444984
8,1890,1907-08-14,0.35694556212612155
8,1890,1907-08-21,0.1802442484416475
8,1890,1907-08-28,0.2855304032889283
8,1890,1907-09-04,0.25936187162659374
8,1890,1907-09-11,0.2786452941962656
8,1890,1907-09-18,0.29251333915329025
8,1890,1907-09-25,0.37970659033589155
8,1890,1907-10-02,0.35671235753151564
8,1890,1907-10-09,0.3699182337722005
8,1890,1907-10-16,0.4107497195155948
8,1890,1907-10-23,0.4319232591150173
8,1890,1907-10-30,0.24130002283402388
8,1890,1907-11-06,0.015631668093067368
8,1890,1907-11-13,0.022677198045734932
8,1890,1907-11-20,0.04379620766460352
8,1890,1907-11-27,0.06442825074661769
8,1890,1907-12-04,0.040926346422357346
8,1890,1907-12-11,0.1374472542435516
8,1890,1907-12-18,0.17347252932457854
8,1890,1907-12-24,0.21551454363744316
8,1890,1908-01-01,0.6153311748655939
8,1890,1908-01-08,0.784358178686494
8,1890,1908-01-15,0.6975627668633543
8,1890,1908-01-22,0.9088088482765938
8,1890,1908-01-29,0.8559058278590268
8,1890,1908-02-05,0.6388515077665139
8,1890,1908-02-12,0.6339856366189491
8,1890,1908-02-19,0.6913869275249112
8,1890,1908-02-26,0.4781624703959391
8,1890,1908-03-04,0.3193835653968934
8,1890,1908-03-11,0.6747563226744641
8,1890,1908-03-18,0.48584026937679176
8,1890,1908-03-25,0.7161230324818895
8,1890,1908-04-01,0.6598086669334811
8,1890,1908-04-08,0.47439226742802126
8,1890,1908-04-15,0.29731445481201074
8,1890,1908-04-22,0.4136361515811693
8,1890,1908-04-29,0.30970098364474097
8,1890,1908-05-06,0.2750862275446855
8,1890,1908-05-13,0.21495631109843952
8,1890,1908-05-20,0.151308639323985
8,1890,1908-05-27,0.15725200377657186
8,1890,1908-06-03,0.26140528073774877
8,1890,1908-06-10,0.17827473877745215
8,1890,1908-06-17,0.20880961042315987
8,1890,1908-06-24,0.1945365651105626
8,1890,1908-07-01,0.19567763525191997
8,1890,1908-07-08,0.2299204372241931
8,1890,1908-07-15,0.1877446438836171
8,1890,1908-07-22,0.19352165331924898
8,1890,1908-07-29,0.2044911118324592
8,1890,1908-08-05,0.19572345605893582
8,1890,1908-08-12,0.24864746132254847
8,1890,1908-08-19,0.24498793763703888
8,1890,1908-08-26,0.19717356026054936
8,1890,1908-09-02,0.17273062654395688
8,1890,1908-09-09,0.1508994133458216
8,1890,1908-09-16,0.18290607120768168
8,1890,1908-09-23,0.23137986218074577
8,1890,1908-09-30,0.18226984878085428
8,1890,1908-10-07,0.17596441690762593
8,1890,1908-10-14,0.18849927489876683
8,1890,1908-10-21,0.1994466344691584
8,1890,1908-10-28,0.214042819911152
8,1890,1908-11-04,0.19583073075510474
8,1890,1908-11-11,0.23934370779728265
8,1890,1908-11-18,0.20008928483318397
8,1890,1908-11-25,0.1886174839268487
8,1890,1908-12-02,0.27327972393482447
8,1890,1908-12-09,0.3182411721077837
8,1890,1908-12-16,0.25853367969006724
8,1890,1908-12-23,0.2645233567484585
8,1890,1908-12-30,0.6409126877830814
8,1890,1909-01-06,0.6037747776865632
8,1890,1909-01-13,0.43189053072963984
8,1890,1909-01-20,0.11504608608653552
8,1890,1909-01-27,0.07675186281880808
8,1890,1909-02-03,0.07386597999982192
8,1890,1909-02-10,0.10967328744109771
8,1890,1909-02-17,0.10211490939597741
8,1890,1909-02-24,0.16801122974008723
8,1890,1909-03-03,0.16354196681557773
8,1890,1909-03-10,0.22455392814922315
8,1890,1909-03-17,0.2024476011477203
8,1890,1909-03-24,0.2832544343966694
8,1890,1909-03-31,0.32303686440037727
8,1890,1909-04-07,0.4173696282713011
8,1890,1909-04-14,0.3453645256769167
8,1890,1909-04-21,0.3397968890587435
8,1890,1909-04-28,0.27717229423122547
8,1890,1909-05-05,0.3185130760102197
8,1890,1909-05-12,0.1920972759552701
8,1890,1909-05-19,0.19658848633319964
8,1890,1909-05-26,0.17459962376545649
8,1890,1909-06-02,0.15495705358679798
8,1890,1909-06-09,0.290353532588178
8,1890,1909-06-16,0.30407576070376074
8,1890,1909-06-23,0.2513580469345702
8,1890,1909-06-30,0.32828212383448574
8,1890,1909-07-07,0.6254746237336247
8,1890,1909-07-14,0.29843710698530407
8,1890,1909-07-21,0.2987221279057351
8,1890,1909-07-28,0.24914091467182917
8,1890,1909-08-04,0.28160545418435295
8,1890,1909-08-11,0.36189739700479373
8,1890,1909-08-18,0.30528487565706747
8,1890,1909-08-25,0.2847947318602825
8,1890,1909-09-01,0.2725686047678472
8,1890,1909-09-08,0.22920353442979616
8,1890,1909-09-15,0.23675656409419663
8,1890,1909-09-22,0.24940250100029487
8,1890,1909-09-29,0.20478383417157311
8,1890,1909-10-06,0.16422060396535426
8,1890,1909-10-13,0.09170020305509602
8,1890,1909-10-20,0.0572598781381963
8,1890,1909-10-27,0.04048292404552582
8,1890,1909-11-03,0.09650404929431845
8,1890,1909-11-10,0.11776001540955704
8,1890,1909-11-17,0.19432059312372768
8,1890,1909-11-24,0.35461393090339705
8,1890,1909-12-01,0.5172893119798349
8,1890,1909-12-08,0.7092558415262509
8,1890,1909-12-15,0.8097512343346853
8,1890,1909-12-22,0.3435175002909423
8,1890,1909-12-29,0.5262805954080829
8,1890,1910-01-05,0.43517669070887977
8,1890,1910-01-12,0.6210551223926208
8,1890,1910-01-19,0.16691433307741999
8,1890,1910-01-26,0.15147634704082064
8,1890,1910-02-02,0.0713330907592996
8,1890,1910-02-09,0.1213124502135842
8,1890,1910-02-16,0.27617349979039496
8,1890,1910-02-23,0.46193703244965373
8,1890,1910-03-02,0.39588842704691085
8,1890,1910-03-09,0.45088408024593674
8,1890,1910-03-16,0.31584901021195777
8,1890,1910-03-23,0.06533275934378202
8,1890,1910-03-30,0.1752818578038366
8,1890,1910-04-06,0.09196458060059427
8,1890,1910-04-13,0.11198879341104846
8,1890,1910-04-20,0.12265941084845167
8,1890,1910-04-27,0.1963785237738508
8,1890,1910-05-04,0.2887141384469355
8,1890,1910-05-11,0.18637277687630757
8,1890,1910-05-18,0.15443130595130108
8,1890,1910-05-25,0.27009007413413855
8,1890,1910-06-01,0.30409873165280643
8,1890,1910-06-08,0.5990095658984483
8,1890,1910-06-15,0.6440555660553426
8,1890,1910-06-22,0.3041086401044951
8,1890,1910-06-29,0.28768269230467536
8,1890,1910-07-06,0.5427003999663832
8,1890,1910-07-13,0.48534988931785766
8,1890,1910-07-20,0.21589419671629562
8,1890,1910-07-27,0.16517729570438058
8,1890,1910-08-03,0.14030707018591654
8,1890,1910-08-10,0.25609146116007536
8,1890,1910-08-17,0.32021013020572575
8,1890,1910-08-24,0.36359906539631986
8,1890,1910-08-31,0.3260030808274757
8,1890,1910-09-07,0.23751993876066632
8,1890,1910-09-14,0.32972407649439034
8,1890,1910-09-21,0.29730594128633625
8,1890,1910-09-28,0.26188839053392404
8,1890,1910-10-05,0.06303917744467587
8,1890,1910-10-12,0.2017257118139839
8,1890,1910-10-19,0.16921851239403873
8,1890,1910-10-26,0.052932318622718
8,1890,1910-11-02,0.2608173968651766
8,1890,1910-11-09,0.4702548437469542
8,1890,1910-11-16,0.3951355369027726
8,1890,1910-11-23,0.310365051733019
8,1890,1910-11-30,0.371401816882906
8,1890,1910-12-07,0.5709949320881947
8,1890,1910-12-14,0.35182401957882353
8,1890,1910-12-21,0.2792839577851148
8,1890,1910-12-28,0.3493624028913787
8,1890,1911-01-04,0.3204141204513832
8,1890,1911-01-11,0.17857412073858453
8,1890,1911-01-18,0.17802667593958513
8,1890,1911-01-25,0.09147480274908852
8,1890,1911-02-01,0.1685970530086373
8,1890,1911-02-08,0.19668950289807646
8,1890,1911-02-15,0.20516318722091256
8,1890,1911-02-22,0.5035091394506045
8,1890,1911-03-01,0.3629322732389638
8,1890,1911-03-08,0.37595392602587074
8,1890,1911-03-15,0.6127973102691533
8,1890,1911-03-22,0.525715392055843
8,1890,1911-03-29,0.47774935696875265
8,1890,1911-04-05,0.425524702035045
8,1890,1911-04-12,0.545198311896596
8,1890,1911-04-19,0.5576685031889252
8,1890,1911-04-26,0.3806877012469125
8,1890,1911-05-03,0.2933310094642132
8,1890,1911-05-10,0.25963606466406003
8,1890,1911-05-17,0.17347707205957108
8,1890,1911-05-24,0.20565239370994126
8,1890,1911-05-31,0.21073810114936528
8,1890,1911-06-07,0.20292844363917892
8,1890,1911-06-14,0.2370735727031328
8,1890,1911-06-21,0.28151693388803234
8,1890,1911-06-28,0.3364022555997868
8,1890,1911-07-05,0.5265938922382891
8,1890,1911-07-12,0.7750717346969175
8,1890,1911-07-19,0.42531853146038184
8,1890,1911-07-26,0.3805781061938347
8,1890,1911-08-02,0.2929078607230885
8,1890,1911-08-09,0.2952667463653299
8,1890,1911-08-16,0.380466083991982
8,1890,1911-08-23,0.3366678887270764
8,1890,1911-08-30,0.3703257433970441
8,1890,1911-09-06,0.27732861660604485
8,1890,1911-09-13,0.20266366169355318
8,1890,1911-09-20,0.19169784047528612
8,1890,1911-09-27,0.037597715225981085
8,1890,1911-10-04,0.12684990933023094
8,1890,1911-10-11,0.175229252904887
8,1890,1911-10-18,0.193900406944084
8,1890,1911-10-25,0.21332284036475962
8,1890,1911-11-01,0.1862119992509041
8,1890,1911-11-08,0.20690945913804965
8,1890,1911-11-15,0.2647063275727247
8,1890,1911-11-22,0.24159484413684057
8,1890,1911-11-29,0.21235170315776328
8,1890,1911-12-06,0.2924020759632629
8,1890,1911-12-13,0.15733334614761477
8,1890,1911-12-20,0.14709520724503186
8,1890,1911-12-27,0.35742684502630917
8,1890,1912-01-03,0.7760553151586485
8,1890,1912-01-10,0.6676798349110747
8,1890,1912-01-17,0.2683714104858291
8,1890,1912-01-24,0.16477739881516737
8,1890,1912-01-31,0.115616832133427
8,1890,1912-02-07,0.28927233375920774
8,1890,1912-02-14,0.37804717225130163
8,1890,1912-02-21,0.31618569629376253
8,1890,1912-02-28,0.30837010135732307
8,1890,1912-03-06,0.2401531707308487
8,1890,1912-03-13,0.2963144051631039
8,1890,1912-03-20,0.3051439391407155
8,1890,1912-03-27,0.26691109789119083
8,1890,1912-04-03,0.20885240054506565
8,1890,1912-04-10,0.45238482536094693
8,1890,1912-04-17,0.3950411111924341
8,1890,1912-04-24,0.400738843097135
8,1890,1912-05-01,0.316535450137326
8,1890,1912-05-08,0.2674489097643029
8,1890,1912-05-15,0.543754422671902
8,1890,1912-05-22,0.4236142322598798
8,1890,1912-05-29,0.39733370589003975
8,1890,1912-06-05,0.439959287961628
8,1890,1912-06-12,0.41616439477860423
8,1890,1912-06-19,0.28386644495861063
8,1890,1912-06-26,0.26837337782949006
8,1890,1912-07-03,0.36498274751594567
8,1890,1912-07-10,0.6278746699874417
8,1890,1912-07-17,0.2962908295922629
8,1890,1912-07-24,0.25251464269474266
8,1890,1912-07-31,0.2321118496468322
8,1890,1912-08-07,0.21882459386029168
8,1890,1912-08-14,0.25888808901558624
8,1890,1912-08-21,0.23372129142427617
8,1890,1912-08-28,0.24155953794494647
8,1890,1912-09-04,0.04427409126763197
8,1890,1912-09-11,0.09667255738035745
8,1890,1912-09-18,0.13147588679001487
8,1890,1912-09-25,0.1399464714558672
8,1890,1912-10-02,0.11534201663233565
8,1890,1912-10-09,0.31823233506095305
8,1890,1912-10-16,0.3564687084587644
8,1890,1912-10-23,0.09940467822279654
8,1890,1912-10-30,0.24473577735876503
8,1890,1912-11-06,0.21075032076740288
8,1890,1912-11-13,0.2135956700589047
8,1890,1912-11-20,0.19558212031926972
8,1890,1912-11-27,0.31690135780099216
8,1890,1912-12-04,0.3165246042844156
8,1890,1912-12-11,0.2786738604287974
8,1890,1912-12-18,0.21990825363110533
8,1890,1912-12-24,0.2384812609785954
8,1890,1913-01-01,0.502646244372406
8,1890,1913-01-08,0.35820844648747796
8,1890,1913-01-15,0.3149601952046328
8,1890,1913-01-22,0.19839437685693095
8,1890,1913-01-29,0.07942482585467563
8,1890,1913-02-05,0.14490633212410112
8,1890,1913-02-12,0.2544399014773229
8,1890,1913-02-19,0.34557813290017686
8,1890,1913-02-26,0.2841656820686097
8,1890,1913-03-05,0.25855992624928115
8,1890,1913-03-12,0.41394100773295944
8,1890,1913-03-19,0.434471597212276
8,1890,1913-03-26,0.6145772127144085
8,1890,1913-04-02,0.3191431631728682
8,1890,1913-04-09,0.37913310710668996
8,1890,1913-04-16,0.34784980964659373
8,1890,1913-04-23,0.5032608807684873
8,1890,1913-04-30,0.3560889535238313
8,1890,1913-05-07,0.37429263915169886
8,1890,1913-05-14,0.486554960245918
8,1890,1913-05-21,0.5985436424007131
8,1890,1913-05-28,0.44713052612032306
8,1890,1913-06-04,0.44419072134391513
8,1890,1913-06-11,0.4011012611130683
8,1890,1913-06-18,0.32195419986110985
8,1890,1913-06-25,0.36795245738841836
8,1890,1913-07-02,0.541379463149772
8,1890,1913-07-09,0.8450432621785745
8,1890,1913-07-16,0.6114577995220892
8,1890,1913-07-23,0.4976370920787446
8,1890,1913-07-30,0.4479817172684617
8,1890,1913-08-06,0.300515438975428
8,1890,1913-08-13,0.4206344985669114
8,1890,1913-08-20,0.34469941384812774
8,1890,1913-08-27,0.321225103890031
8,1890,1913-09-03,0.3124265850552959
8,1890,1913-09-10,0.22108803554789397
8,1890,1913-09-17,0.3028715344584458
8,1890,1913-09-24,0.31712769347483993
8,1890,1913-10-01,0.11879535701937442
8,1890,1913-10-08,0.25877336981955457
8,1890,1913-10-15,0.30403197357458556
8,1890,1913-10-22,0.3394991958352865
8,1890,1913-10-29,0.2543091728622825
8,1890,1913-11-05,0.2954432262199895
8,1890,1913-11-12,0.2344972120528669
8,1890,1913-11-19,0.22926275669969767
8,1890,1913-11-26,0.35497063021513925
8,1890,1913-12-03,0.5087875475871564
8,1890,1913-12-10,0.6233093115920904
8,1890,1913-12-17,0.5936559218568014
8,1890,1913-12-24,0.39284971169606614
8,1890,1913-12-31,0.7315360453535091
8,1890,1914-01-07,0.9345720709987153
8,1890,1914-01-14,0.7395628533942337
8,1890,1914-01-21,0.29921528780290046
8,1890,1914-01-28,0.14880708417368438
8,1890,1914-02-04,0.34433680522206817
8,1890,1914-02-11,0.22739470638247358
8,1890,1914-02-18,0.2176499984284645
8,1890,1914-02-25,0.38199433902957425
8,1890,1914-03-04,0.5075748041688635
8,1890,1914-03-11,0.1863357806231928
8,1890,1914-03-18,0.1181325678512981
8,1890,1914-03-25,0.17221457064207313
8,1890,1914-04-01,0.1722593427968888
8,1890,1914-04-08,0.11136607615409917
8,1890,1914-04-15,0.13815105781433043
8,1890,1914-04-22,0.17664581087979978
8,1890,1914-04-29,0.17877548509025357
8,1890,1914-05-06,0.19895595352851625
8,1890,1914-05-13,0.1652293300073476
8,1890,1914-05-20,0.20457258029106234
8,1890,1914-05-27,0.23485763540342006
8,1890,1914-06-03,0.31134028695046484
8,1890,1914-06-10,0.4524574897358877
8,1890,1914-06-17,0.3421203764859185
8,1890,1914-06-24,0.3101392062644274
8,1890,1914-07-01,0.42063037887758503
8,1890,1914-07-08,0.7417345879342069
8,1890,1914-07-15,0.3977868410737142
8,1890,1914-07-22,0.4303091017893878
8,1890,1914-11-04,0.9530966292876716
8,1890,1914-11-11,0.9769906791171254
8,1890,1914-11-18,0.9926812674157397
8,1890,1914-11-25,0.9907887177865287
8,1890,1914-12-02,0.9883555016424999
8,1890,1914-12-09,0.9965603523900135
8,1890,1914-12-16,0.996593268299939
8,1890,1914-12-23,0.9859384722699227
8,1890,1914-12-30,0.970402717897692
8,1890,1915-01-06,0.9173504124142986
8,1890,1915-01-13,0.8381625386285168
8,1890,1915-01-20,0.7730092023414236
8,1890,1915-01-27,0.7542166153682329
8,1890,1915-02-03,0.7360212901843657
8,1890,1915-02-10,0.5024462279564266
8,1890,1915-02-17,0.3220709640514432
8,1890,1915-02-24,0.3766915304885445
8,1890,1915-03-03,0.2648345744073754
8,1890,1915-03-10,0.12071333317061403
8,1890,1915-03-17,0.16419914540244418
8,1890,1915-03-24,0.1111759202945765
8,1890,1915-03-31,0.05086844682598943
8,1890,1915-04-07,0.0278241997815059
8,1890,1915-04-14,0.028216766126207025
8,1890,1915-04-21,0.037822636119707986
8,1890,1915-04-28,0.0372818136677935
8,1890,1915-05-05,0.03392243732212557
8,1890,1915-05-12,0.058803946740756584
8,1890,1915-05-19,0.05273177841857188
8,1890,1915-05-26,0.10377174480778607
8,1890,1915-06-02,0.12475948837558597
8,1890,1915-06-09,0.1523775525363284
8,1890,1915-06-16,0.2467818344714414
8,1890,1915-06-23,0.2660715813555028
8,1890,1915-06-30,0.23619717796687878
8,1890,1915-07-07,0.21754441728134052
8,1890,1915-07-14,0.2787602339862879
8,1890,1915-07-21,0.9706384160486464
8,1890,1915-07-28,0.7709318779199481
8,1890,1915-08-04,0.7865255239988745
8,1890,1915-08-11,0.6754213123609042
8,1890,1915-08-18,0.5926901093752267
8,1890,1915-08-25,0.7366402041926386
8,1890,1915-09-01,0.6977531478616259
8,1890,1915-09-08,0.6734864945123861
8,1890,1915-09-15,0.7252396165515875
8,1890,1915-09-22,0.27990332076980073
8,1890,1915-09-29,0.5525315872358705
8,1890,1915-10-06,0.21020486231879368
8,1890,1915-10-13,0.2980717560917773
8,1890,1915-10-20,0.3306096274573045
8,1890,1915-10-27,0.29818034370009905
8,1890,1915-11-03,0.36778189415021595
8,1890,1915-11-10,0.37690954548032873
8,1890,1915-11-17,0.41570746618281923
8,1890,1915-11-24,0.26081360849793594
8,1890,1915-12-01,0.15546158930545356
8,1890,1915-12-08,0.1503494922870748
8,1890,1915-12-15,0.09545133522096899
8,1890,1915-12-22,0.0527295026314783
8,1890,1915-12-29,0.08687292544362739
8,1890,1916-01-05,0.06721485559248629
8,1890,1916-01-12,0.1051761153480386
8,1890,1916-01-19,0.09245296868906926
8,1890,1916-01-26,0.1459645587140026
8,1890,1916-02-02,0.25817062245716277
8,1890,1916-02-09,0.4690778403044347
8,1890,1916-02-16,0.705006691356937
8,1890,1916-02-23,0.7260437163811214
8,1890,1916-03-01,0.5721487476152034
8,1890,1916-03-08,0.7252229470673468
8,1890,1916-03-15,0.6980566880893522
8,1890,1916-03-22,0.774731262325154
8,1890,1916-03-29,0.7444428499876075
8,1890,1916-04-05,0.635168640323732
8,1890,1916-04-12,0.5401425639728968
8,1890,1916-04-19,0.4001016420845766
8,1890,1916-04-26,0.48724277168338165
8,1890,1916-05-03,0.5876146640166957
8,1890,1916-05-10,0.6251589194641478
8,1890,1916-05-17,0.6399587259987973
8,1890,1916-05-24,0.6111369173868714
8,1890,1916-05-31,0.5401851012692894
8,1890,1916-06-07,0.7252332697870048
8,1890,1916-06-14,0.44463951481778036
8,1890,1916-06-21,0.3256218712163747
8,1890,1916-06-28,0.22088009061762812
8,1890,1916-07-05,0.10835174857845457
8,1890,1916-07-12,0.099822705735399
8,1890,1916-07-19,0.024285791393895653
8,1890,1916-07-26,0.06152976661943809
8,1890,1916-08-02,0.0748326344152914
8,1890,1916-08-09,0.06640659722822626
8,1890,1916-08-16,0.11888283688762831
8,1890,1916-08-23,0.11076279209845315
8,1890,1916-08-30,0.17401093656671396
8,1890,1916-09-06,0.143234987428275
8,1890,1916-09-13,0.16244105046922624
8,1890,1916-09-20,0.13369029482688552
8,1890,1916-09-27,0.12048745706969995
8,1890,1916-10-04,0.11161345155910574
8,1890,1916-10-11,0.10178930484485334
8,1890,1916-10-18,0.1066874451750492
8,1890,1916-10-25,0.1897461205914534
8,1890,1916-11-01,0.17735851349650553
8,1890,1916-11-08,0.23952764194954063
8,1890,1916-11-15,0.2736828938626004
8,1890,1916-11-22,0.4177949294698193
8,1890,1916-11-29,0.3078260733619988
8,1890,1916-12-06,0.3520934289123491
8,1890,1916-12-13,0.3750176429406856
8,1890,1916-12-20,0.36920277774501536
8,1890,1916-12-27,0.3515030142885731
8,1914,1856-01-05,0.38025648904713727
8,1914,1856-01-12,0.6016715661574357
8,1914,1856-01-19,0.9834316261917903
8,1914,1856-01-26,0.9478092566119938
8,1914,1856-02-02,0.884619602466597
8,1914,1856-02-09,0.612106820747246
8,1914,1856-02-16,0.2537707392252479
8,1914,1856-02-23,0.4701436023972484
8,1914,1856-03-01,0.2382398930035129
8,1914,1856-03-08,0.5693652002525479
8,1914,1856-03-15,0.45953438408942426
8,1914,1856-03-22,0.2825529013143908
8,1914,1856-03-29,0.3615850761632001
8,1914,1856-04-05,0.08332970724057905
8,1914,1856-04-12,0.5132695500097545
8,1914,1856-04-19,0.7516465792034858
8,1914,1856-04-26,0.697366613705392
8,1914,1856-05-03,0.35817903629382974
8,1914,1856-05-10,0.3639781716186874
8,1914,1856-05-17,0.12908019050948222
8,1914,1856-05-24,0.44276655632379164
8,1914,1856-05-31,0.020050576626476482
8,1914,1856-06-07,0.0006292109655399751
8,1914,1856-06-14,0.0015117328013074295
8,1914,1856-06-21,0.0020991949398378893
8,1914,1856-06-28,0.06593706693683211
8,1914,1856-07-05,0.10702615915701358
8,1914,1856-07-12,0.21993200917958194
8,1914,1856-07-19,0.8845584644780704
8,1914,1856-07-26,0.9351710676838523
8,1914,1856-08-02,0.8290778337719144
8,1914,1856-08-09,0.5793242232174088
8,1914,1856-08-16,0.10807305187129614
8,1914,1856-08-23,0.1011896817211597
8,1914,1856-08-30,0.2877125200295316
8,1914,1856-09-06,0.3695970934832506
8,1914,1856-09-13,0.24454049722651966
8,1914,1856-09-20,0.10191592371133505
8,1914,1856-09-27,0.15085655305548296
8,1914,1856-10-04,0.0015425608154309043
8,1914,1856-10-11,0.13965166384811345
8,1914,1856-10-18,0.022040654422804895
8,1914,1856-10-25,0.9041985603047411
8,1914,1856-11-01,0.010715269894195877
8,1914,1856-11-08,0.04440651691497481
8,1914,1856-11-15,0.031430175992401714
8,1914,1856-11-22,0.0005499667492865172
8,1914,1856-11-29,0.000891662569867293
8,1914,1856-12-06,0.002689899948160471
8,1914,1856-12-13,0.0032784289643606234
8,1914,1856-12-20,0.2637000925733315
8,1914,1856-12-27,0.5156827534050925
8,1914,1857-01-03,0.845419794351498
8,1914,1857-01-10,0.6881409490964703
8,1914,1857-01-17,0.8329000718705399
8,1914,1857-01-24,0.7539130466479178
8,1914,1857-01-31,0.41895051523606375
8,1914,1857-02-07,0.3293343099228476
8,1914,1857-02-14,0.6278564308356692
8,1914,1857-02-21,0.32694434026383795
8,1914,1857-02-28,0.5616506044729364
8,1914,1857-03-07,0.41028465872711534
8,1914,1857-03-14,0.7730110479575629
8,1914,1857-03-21,0.7929133231204829
8,1914,1857-03-28,0.7360097753942613
8,1914,1857-04-04,0.028982554885338678
8,1914,1857-04-11,0.13675626061870105
8,1914,1857-04-18,0.8661590800935445
8,1914,1857-04-25,0.5643766141561865
8,1914,1857-05-02,0.13487709971225517
8,1914,1857-05-09,0.07696256016537595
8,1914,1857-05-16,0.0028483358986195464
8,1914,1857-05-23,0.015277487816195805
8,1914,1857-05-30,0.009685510742946333
8,1914,1857-06-06,0.04281350163594906
8,1914,1857-06-13,0.4825234269327721
8,1914,1857-06-20,0.4091184235741438
8,1914,1857-06-27,0.4409535763380389
8,1914,1857-07-04,0.5228678633010754
8,1914,1857-07-11,0.202143017311906
8,1914,1857-07-18,0.6938033989158409
8,1914,1857-07-25,0.5329390805566263
8,1914,1857-08-01,0.3740606532088391
8,1914,1857-08-08,0.7410408112213945
8,1914,1857-08-15,0.7583742036749922
8,1914,1857-08-22,0.6539102271946898
8,1914,1857-08-29,0.7083488702783696
8,1914,1857-09-05,0.19028911013445787
8,1914,1857-09-12,0.6475345049496515
8,1914,1857-09-19,0.6973346405125587
8,1914,1857-09-26,0.8815355694928937
8,1914,1858-02-10,0.7084268880472041
8,1914,1858-02-17,0.0011079503683290657
8,1914,1858-02-24,0.00030033934589041884
8,1914,1858-03-03,0.004220297740837161
8,1914,1858-03-10,0.0007125234390311138
8,1914,1858-03-17,0.0008784727594851864
8,1914,1858-03-24,0.001813276611554494
8,1914,1858-03-31,0.004127004858929507
8,1914,1858-04-07,0.006886123757574649
8,1914,1858-04-14,0.05457901085755175
8,1914,1858-04-21,0.08857773837595795
8,1914,1858-04-28,0.07366753832851353
8,1914,1858-05-05,0.035685685565844685
8,1914,1858-05-12,0.03371205058845058
8,1914,1858-05-19,0.010447376084672413
8,1914,1858-05-26,0.025360064841770294
8,1914,1858-06-02,0.028364914756006478
8,1914,1858-06-09,0.009300793188192017
8,1914,1858-06-16,0.01216520760111927
8,1914,1858-06-23,0.027700981066563674
8,1914,1858-06-30,0.2319078036142596
8,1914,1858-07-07,0.4585414149012761
8,1914,1858-07-14,0.37281965517837606
8,1914,1858-07-21,0.3487644559488707
8,1914,1858-07-28,0.2975798645822028
8,1914,1858-08-04,0.02998980650537582
8,1914,1858-08-11,0.018888859831016565
8,1914,1858-08-18,0.01341386537497877
8,1914,1858-08-25,0.015472370646696746
8,1914,1858-09-01,0.01090026079568274
8,1914,1858-09-08,0.006442078909228523
8,1914,1858-09-15,0.006648517069894933
8,1914,1858-09-22,0.0068255098845631645
8,1914,1858-09-29,0.007729828356974725
8,1914,1858-10-06,0.010546546415656393
8,1914,1858-10-13,0.016358389753399295
8,1914,1858-10-20,0.03928357006432521
8,1914,1858-10-27,0.08988902365343304
8,1914,1858-11-03,0.06455427696178402
8,1914,1858-11-10,0.08704594150994599
8,1914,1858-11-17,0.0482459727381705
8,1914,1858-11-24,0.026206739195198014
8,1914,1858-12-01,0.044815083236287585
8,1914,1858-12-08,0.021646344252527552
8,1914,1858-12-15,0.05129557714836415
8,1914,1858-12-22,0.04291693403419292
8,1914,1858-12-29,0.06682320548435204
8,1914,1859-01-05,0.3175096770865331
8,1914,1859-01-12,0.037655476198977626
8,1914,1859-01-19,0.06629800472470981
8,1914,1859-01-26,0.02816602763430821
8,1914,1859-02-02,0.013113607451614575
8,1914,1859-02-09,0.0034542140730093734
8,1914,1859-02-16,0.0053527099120754245
8,1914,1859-02-23,0.0038607463437964353
8,1914,1859-03-02,0.004232338816634895
8,1914,1859-03-09,0.0030626063866674054
8,1914,1859-03-16,0.009806716683455785
8,1914,1859-03-23,0.018245939051543775
8,1914,1859-03-30,0.04991706280519738
8,1914,1859-04-06,0.18046510471783772
8,1914,1859-04-13,0.2387815947868974
8,1914,1859-04-20,0.3040193382020756
8,1914,1859-04-27,0.5342451318793063
8,1914,1859-05-04,0.3333845040026734
8,1914,1859-05-11,0.3312609162606928
8,1914,1859-05-18,0.6016118821825096
8,1914,1859-05-25,0.3242103239221962
8,1914,1859-06-01,0.056559177019645746
8,1914,1859-06-08,0.03407326579778561
8,1914,1859-06-15,0.03718493993122191
8,1914,1859-06-22,0.018592780639179483
8,1914,1859-06-29,0.0361901419815049
8,1914,1859-07-06,0.12462391741603611
8,1914,1859-07-13,0.02903739034015684
8,1914,1859-07-20,0.036491936220915094
8,1914,1859-07-27,0.035684617690904905
8,1914,1859-08-03,0.02355537486851974
8,1914,1859-08-10,0.03915707021813511
8,1914,1859-08-17,0.03560561951555624
8,1914,1859-08-24,0.013680426104792224
8,1914,1859-08-31,0.022464783114488688
8,1914,1859-09-07,0.008845311511394064
8,1914,1859-09-14,0.009304748274173338
8,1914,1859-09-21,0.00972593471071153
8,1914,1859-09-28,0.010242623530336246
8,1914,1859-10-05,0.008616942931619674
8,1914,1859-10-12,0.032213763861397175
8,1914,1859-10-19,0.03782966309749024
8,1914,1859-10-26,0.03095058562992812
8,1914,1859-11-02,0.04238266725303692
8,1914,1859-11-09,0.017741007237517925
8,1914,1859-11-16,0.004770288816654137
8,1914,1859-11-23,0.004031520291593849
8,1914,1859-11-30,0.005230002030263232
8,1914,1859-12-07,0.0036925963046117965
8,1914,1859-12-14,0.00366717535670255
8,1914,1859-12-21,0.01203908964935121
8,1914,1859-12-28,0.024694951136302528
8,1914,1860-01-04,0.07391298066456822
8,1914,1860-01-11,0.04935138603263097
8,1914,1860-01-18,0.08223783607736995
8,1914,1860-01-25,0.06726998598147085
8,1914,1860-02-01,0.04568477844292555
8,1914,1860-02-08,0.11209098832735659
8,1914,1860-02-15,0.08019723416047564
8,1914,1860-02-22,0.018359610972927223
8,1914,1860-02-29,0.018275701159245324
8,1914,1860-03-07,0.006990015284719149
8,1914,1860-03-14,0.05653571493607837
8,1914,1860-03-21,0.21658976390044415
8,1914,1860-03-28,0.5515348156661105
8,1914,1860-04-04,0.6781368783047393
8,1914,1860-04-11,0.6137642158538898
8,1914,1860-04-18,0.9544049378583265
8,1914,1860-04-25,0.7541409820708311
8,1914,1860-05-02,0.3100743184806599
8,1914,1860-05-09,0.09868444696965728
8,1914,1860-05-16,0.000606697880503556
8,1914,1860-05-23,0.008773191180307702
8,1914,1860-05-30,0.006409456852865814
8,1914,1860-06-06,0.001543438333015386
8,1914,1860-06-13,0.06994538817066553
8,1914,1860-06-20,0.012115293144210948
8,1914,1860-06-27,0.10576694951367682
8,1914,1860-07-04,0.1734909430552692
8,1914,1860-07-11,0.06708012833722779
8,1914,1860-07-18,0.12500280337799577
8,1914,1860-07-25,0.3166530198969435
8,1914,1860-08-01,0.2703155152170432
8,1914,1860-08-08,0.07460374112124293
8,1914,1860-08-15,0.09304225119791076
8,1914,1860-08-22,0.07310543107114649
8,1914,1860-08-29,0.04811116354276332
8,1914,1860-09-05,0.011801912240304309
8,1914,1860-09-12,0.02437100666288196
8,1914,1860-09-19,0.013623848631094518
8,1914,1860-09-26,0.01633822940940403
8,1914,1860-10-03,0.047995033493878306
8,1914,1860-10-10,0.19922113187594218
8,1914,1860-10-17,0.2619783538247253
8,1914,1860-10-24,0.7302551290945215
8,1914,1860-10-31,0.6588212255844799
8,1914,1860-11-07,0.33558668321856555
8,1914,1860-11-14,0.21688982717166416
8,1914,1860-11-21,0.09896380102229796
8,1914,1860-11-28,0.25983981033392495
8,1914,1860-12-05,0.08843473409113091
8,1914,1860-12-12,0.032622674480331876
8,1914,1860-12-19,0.07324116739487149
8,1914,1860-12-26,0.40753742977412727
8,1914,1861-01-02,0.8469583106448165
8,1914,1861-01-09,0.6548070003424716
8,1914,1861-01-16,0.9124352378212518
8,1914,1861-01-23,0.8411092743025446
8,1914,1861-01-30,0.568576615833948
8,1914,1861-02-06,0.24734394408335644
8,1914,1861-02-13,0.37692211195555925
8,1914,1861-02-20,0.15696980137054206
8,1914,1861-02-27,0.400224835689025
8,1914,1861-03-06,0.27009621168665776
8,1914,1861-03-13,0.4326246061110243
8,1914,1861-03-20,0.43643142160338033
8,1914,1861-03-27,0.9770907280363367
8,1914,1861-04-03,0.9632920173801452
8,1914,1861-04-10,0.9761367537152906
8,1914,1861-04-17,0.9784751010322331
8,1914,1861-04-24,0.932535755188531
8,1914,1861-05-01,0.49907843989705264
8,1914,1861-05-08,0.7855042325531523
8,1914,1861-05-15,0.6534683085619885
8,1914,1861-05-22,0.16736062231970514
8,1914,1861-05-29,0.6889743627085104
8,1914,1861-06-05,0.2667789918703248
8,1914,1861-06-12,0.5086233234750245
8,1914,1861-06-19,0.1499882534429117
8,1914,1861-06-26,0.2650618549200175
8,1914,1861-07-03,0.6777181918298399
8,1914,1861-07-10,0.26142817714618244
8,1914,1861-07-17,0.5656726908055636
8,1914,1861-07-24,0.8002424342283537
8,1914,1861-07-31,0.6233606540126632
8,1914,1861-08-07,0.09597511299377066
8,1914,1861-08-14,0.01689678146577393
8,1914,1861-08-21,0.005008172833972416
8,1914,1861-08-28,0.004892723224370097
8,1914,1861-09-04,0.009365496687442089
8,1914,1861-09-11,0.0077736467235438
8,1914,1861-09-18,0.014211231972041043
8,1914,1861-09-25,0.019341719813971075
8,1914,1861-10-02,0.042376221430244145
8,1914,1861-10-09,0.031450523987277296
8,1914,1861-10-16,0.09342809202072337
8,1914,1861-10-23,0.4124025243869504
8,1914,1861-10-30,0.18657138508424584
8,1914,1861-11-06,0.017382807444677517
8,1914,1861-11-13,0.02122114244841539
8,1914,1861-11-20,0.0016112324280100718
8,1914,1861-11-27,0.0015707847047690896
8,1914,1861-12-04,0.0008741378714355742
8,1914,1861-12-11,0.0013529724694743956
8,1914,1861-12-18,0.0003369551440261839
8,1914,1861-12-25,0.0008096800882058958
8,1914,1862-01-01,0.03584038245498721
8,1914,1862-01-08,0.03880566733708099
8,1914,1862-01-15,0.09784168574559705
8,1914,1862-01-22,0.11587976737692232
8,1914,1862-01-29,0.07228092987725089
8,1914,1862-02-05,0.010275358738335934
8,1914,1862-02-12,0.020000031507098233
8,1914,1862-02-19,0.007101566619025133
8,1914,1862-02-26,0.005272677864038511
8,1914,1862-03-05,0.007995981906644224
8,1914,1862-03-12,0.0036313048403903343
8,1914,1862-03-19,0.0020892513282805385
8,1914,1862-03-26,0.001594091157367742
8,1914,1862-04-02,0.0068286197402259875
8,1914,1862-04-09,0.008249406055447718
8,1914,1862-04-16,0.014378264694936164
8,1914,1862-04-23,0.04399534838610091
8,1914,1862-04-30,0.017851005656984515
8,1914,1862-05-07,0.005495173161101818
8,1914,1862-05-14,0.0043561169790189
8,1914,1862-05-21,0.00621035586744089
8,1914,1862-05-28,0.02652901444569692
8,1914,1862-06-04,0.025686270136382024
8,1914,1862-06-11,0.22931966220390684
8,1914,1862-06-18,0.22825799627093935
8,1914,1862-06-25,0.09872192745987196
8,1914,1862-07-02,0.3540063879061188
8,1914,1862-07-09,0.035664686759117
8,1914,1862-07-16,0.018158163114981352
8,1914,1862-07-23,0.010777663257587776
8,1914,1862-07-30,0.014974641192704639
8,1914,1862-08-06,0.0010198629879483087
8,1914,1862-08-13,0.00329542487839957
8,1914,1862-08-20,0.001956330785379052
8,1914,1862-08-27,0.00396233437910015
8,1914,1862-09-03,0.002492864171822013
8,1914,1862-09-10,0.0009313296922680655
8,1914,1862-09-17,0.0018949239101744581
8,1914,1862-09-24,0.0017906447953415928
8,1914,1862-10-01,0.013040782188113343
8,1914,1862-10-08,0.0273870125859938
8,1914,1862-10-15,0.02503670206578104
8,1914,1862-10-22,0.04388804829144214
8,1914,1862-10-29,0.17444903189853658
8,1914,1862-11-05,0.008826109154515862
8,1914,1862-11-12,0.018818431412112025
8,1914,1862-11-19,0.0026618598317231846
8,1914,1862-11-26,0.004090176751642119
8,1914,1862-12-03,0.0024442704873356438
8,1914,1862-12-10,0.006227517891730028
8,1914,1862-12-17,0.007325639733715592
8,1914,1862-12-24,0.019994681652344595
8,1914,1862-12-31,0.10836866332519933
8,1914,1863-01-07,0.1908252752726698
8,1914,1863-01-14,0.12973833234641652
8,1914,1863-01-21,0.043719976936811046
8,1914,1863-01-28,0.02584733785456826
8,1914,1863-02-04,0.07014235872688086
8,1914,1863-02-11,0.02588314571070288
8,1914,1863-02-18,0.007364177846529505
8,1914,1863-02-25,0.011932713127415463
8,1914,1863-03-04,0.012208647144658176
8,1914,1863-03-11,0.044051202463545096
8,1914,1863-03-18,0.21679433120822408
8,1914,1863-03-25,0.7661436920834737
8,1914,1863-04-01,0.7328899698576303
8,1914,1863-04-08,0.16266806118102936
8,1914,1863-04-15,0.08459454736531168
8,1914,1863-04-22,0.04591088370248592
8,1914,1863-04-29,0.11607460902142226
8,1914,1863-05-06,0.04556657919624282
8,1914,1863-05-13,0.038449672608648185
8,1914,1863-05-20,0.1353586341582191
8,1914,1863-05-27,0.25071947005344186
8,1914,1863-06-03,0.43510786453227296
8,1914,1863-06-10,0.5590208069220992
8,1914,1863-06-17,0.17169272725783447
8,1914,1863-06-24,0.04474212420234772
8,1914,1863-07-01,0.8806099983507503
8,1914,1863-07-08,0.23573463409478942
8,1914,1863-07-15,0.08120397332515311
8,1914,1863-07-22,0.13104218226100398
8,1914,1863-07-29,0.1908180241499355
8,1914,1863-08-05,0.006771227121868093
8,1914,1863-08-12,0.0031780255003477174
8,1914,1863-08-19,0.0016998010209921402
8,1914,1863-08-26,0.0015032870240895332
8,1914,1863-09-02,0.001640313654877066
8,1914,1863-09-09,0.0016423001487245934
8,1914,1863-09-16,0.027525295211654862
8,1914,1863-09-23,0.04602232440362589
8,1914,1863-09-30,0.7590771846789308
8,1914,1863-10-07,0.7899176112981687
8,1914,1863-10-14,0.556093152985435
8,1914,1863-10-21,0.5361399110749993
8,1914,1863-10-28,0.5242711474905885
8,1914,1863-11-04,0.041303444460536826
8,1914,1863-11-11,0.10573872571127463
8,1914,1863-11-18,0.18483233804687252
8,1914,1863-11-25,0.20862837231233156
8,1914,1863-12-02,0.04096032404687766
8,1914,1863-12-09,0.2733700303059972
8,1914,1863-12-16,0.7074458420384427
8,1914,1863-12-23,0.5080399721061295
8,1914,1863-12-30,0.9410614628531117
8,1914,1864-01-06,0.6905991947201814
8,1914,1864-01-13,0.8129496976572269
8,1914,1864-01-20,0.9047575686207254
8,1914,1864-01-27,0.9963312420411704
8,1914,1864-02-03,0.9647825611759843
8,1914,1864-02-10,0.8639027828298196
8,1914,1864-02-17,0.8734526967306036
8,1914,1864-02-24,0.4260306999206023
8,1914,1864-03-02,0.8518447825742445
8,1914,1864-03-09,0.7500233328788601
8,1914,1864-03-16,0.9357701388566483
8,1914,1864-03-23,0.8916534944802574
8,1914,1864-03-30,0.9847244101017254
8,1914,1864-04-06,0.9512332665140305
8,1914,1864-04-13,0.7736692340228192
8,1914,1864-04-20,0.8402377045147903
8,1914,1864-04-27,0.9792567904622382
8,1914,1864-05-04,0.7902210671913984
8,1914,1864-05-11,0.8857486665160033
8,1914,1864-05-18,0.850665631221643
8,1914,1864-05-25,0.9006559189764396
8,1914,1864-06-01,0.4697207248836532
8,1914,1864-06-08,0.06028313523789605
8,1914,1864-06-15,0.6359454762012101
8,1914,1864-06-22,0.9825569698658697
8,1914,1864-06-29,0.9882070772727586
8,1914,1864-07-06,0.9881999879604026
8,1914,1864-07-13,0.9457500911382175
8,1914,1864-07-20,0.9243808487158438
8,1914,1864-07-27,0.7798528651326541
8,1914,1864-08-03,0.8694955808696936
8,1914,1864-08-10,0.7088351817126933
8,1914,1864-08-17,0.8866649137565611
8,1914,1864-08-24,0.5116558146368865
8,1914,1864-08-31,0.2224154758297517
8,1914,1864-09-07,0.10264315064630737
8,1914,1864-09-14,0.40643646839133923
8,1914,1864-09-21,0.8840134720406654
8,1914,1864-09-28,0.9686201500244942
8,1914,1864-10-05,0.9588855334860864
8,1914,1864-10-12,0.993565536553761
8,1914,1864-10-19,0.986636448185414
8,1914,1864-10-26,0.9950632763205287
8,1914,1864-11-02,0.9899647307793253
8,1914,1864-11-09,0.9142336339760576
8,1914,1864-11-16,0.8865154621909218
8,1914,1864-11-23,0.7310528300022979
8,1914,1864-11-30,0.8176284487393387
8,1914,1864-12-07,0.7427973091418314
8,1914,1864-12-14,0.8621319679216173
8,1914,1864-12-21,0.9790034286092648
8,1914,1864-12-28,0.9942513031601541
8,1914,1865-01-04,0.9957792011981732
8,1914,1865-01-11,0.9881534214218302
8,1914,1865-01-18,0.9780933577209792
8,1914,1865-01-25,0.8844986108765025
8,1914,1865-02-01,0.8406877237738869
8,1914,1865-02-08,0.196404133966941
8,1914,1865-02-15,0.35933479965997733
8,1914,1865-02-22,0.16840450357710918
8,1914,1865-03-01,0.2563440761445779
8,1914,1865-03-08,0.2175457959517494
8,1914,1865-03-15,0.3188531152526167
8,1914,1865-03-22,0.8269939350586643
8,1914,1865-03-29,0.7628796526507023
8,1914,1865-04-05,0.8777603989260739
8,1914,1865-04-12,0.5197723420573271
8,1914,1865-04-19,0.563885643124066
8,1914,1865-04-26,0.4244134123267527
8,1914,1865-05-03,0.5875995786526717
8,1914,1865-05-10,0.20419237948671773
8,1914,1865-05-17,0.1349115171473279
8,1914,1865-05-24,0.19371395581273265
8,1914,1865-05-31,0.14022238348292712
8,1914,1865-06-07,0.008207717821549556
8,1914,1865-06-14,0.026731053077502565
8,1914,1865-06-21,0.13099811308410117
8,1914,1865-06-28,0.4590699557891857
8,1914,1865-07-05,0.659121281664523
8,1914,1865-07-12,0.13338707488788723
8,1914,1865-07-19,0.23704825634534243
8,1914,1865-07-26,0.36786426639614606
8,1914,1865-08-02,0.1395811434725532
8,1914,1865-08-09,0.12890975447107197
8,1914,1865-08-16,0.15026202847700942
8,1914,1865-08-23,0.11727836372248306
8,1914,1865-08-30,0.022089873376101035
8,1914,1865-09-06,0.002937762649511891
8,1914,1865-09-13,0.03043480639938645
8,1914,1865-09-20,0.029673912478287746
8,1914,1865-09-27,0.06247076112497524
8,1914,1865-10-04,0.03233544448490293
8,1914,1865-10-11,0.2010514528728669
8,1914,1865-10-18,0.6122999361628795
8,1914,1865-10-25,0.5550791605215356
8,1914,1865-11-01,0.0797479043329553
8,1914,1865-11-08,0.003988805527596892
8,1914,1865-11-15,0.013801989022655873
8,1914,1865-11-22,0.008087367301589881
8,1914,1865-11-29,0.037285979775707155
8,1914,1865-12-06,0.032978983192743026
8,1914,1865-12-13,0.6113642344850975
8,1914,1865-12-20,0.9723711918872242
8,1914,1865-12-27,0.997622607946852
8,1914,1866-01-03,0.9882632996833178
8,1914,1866-01-10,0.9840307942484722
8,1914,1866-01-17,0.9414732803913984
8,1914,1866-01-24,0.9428266163429407
8,1914,1866-01-31,0.7151613674362096
8,1914,1866-02-07,0.09615290147933384
8,1914,1866-02-14,0.27273604018926006
8,1914,1866-02-21,0.25264087147183667
8,1914,1866-02-28,0.423448003212779
8,1914,1866-03-07,0.37956284573929444
8,1914,1866-03-14,0.46490449265996153
8,1914,1866-03-21,0.9097256942599932
8,1914,1866-03-28,0.9955836927845126
8,1914,1866-04-04,0.9930972624629305
8,1914,1866-04-11,0.9765854508522509
8,1914,1866-04-18,0.9819876640470407
8,1914,1866-04-25,0.973724456464313
8,1914,1866-08-08,0.9999530508116101
8,1914,1866-08-15,0.9998146522145216
8,1914,1866-08-22,0.9881059265573084
8,1914,1866-08-29,0.501399892938364
8,1914,1866-09-05,0.018608678626367465
8,1914,1866-09-12,0.0917669484117076
8,1914,1866-09-19,0.9398383850383538
8,1914,1866-09-26,0.9222063625064782
8,1914,1866-10-03,0.9994089837552513
8,1914,1866-10-10,0.9831577990197271
8,1914,1866-10-17,0.6888266405339888
8,1914,1866-10-24,0.5466111445714023
8,1914,1866-10-31,0.40319540915175245
8,1914,1866-11-07,0.02106345081770603
8,1914,1866-11-14,0.010400282597301812
8,1914,1866-11-21,0.002010804102668684
8,1914,1866-11-28,0.0020809520270662542
8,1914,1866-12-05,0.0031519445785822076
8,1914,1866-12-12,0.008884469725958343
8,1914,1866-12-19,0.016233172457884304
8,1914,1866-12-26,0.07862838468297945
8,1914,1867-01-02,0.6510641092782621
8,1914,1867-01-09,0.2846802304649203
8,1914,1867-01-16,0.12357976483124376
8,1914,1867-01-23,0.10318448721726943
8,1914,1867-01-30,0.06368030427103381
8,1914,1867-02-06,0.005484590622058984
8,1914,1867-02-13,0.006992619679829146
8,1914,1867-02-20,0.001973192308628062
8,1914,1867-02-27,0.0012681117504715251
8,1914,1867-03-06,0.0012277682524715749
8,1914,1867-03-13,0.001873726728747513
8,1914,1867-03-20,0.0035953042214441964
8,1914,1867-03-27,0.024523987179814934
8,1914,1867-04-03,0.07278121728446157
8,1914,1867-04-10,0.018446010922747533
8,1914,1867-04-17,0.027305126776432986
8,1914,1867-04-24,0.032557307628543315
8,1914,1867-05-01,0.038974420143963455
8,1914,1867-05-08,0.011192238793236973
8,1914,1867-05-15,0.013918852874331918
8,1914,1867-05-22,0.012099548471816494
8,1914,1867-05-29,0.005531407946196193
8,1914,1867-06-05,0.0022267898279281014
8,1914,1867-06-12,0.0007733257736667945
8,1914,1867-06-19,0.00042917148258651887
8,1914,1867-06-26,0.007232094952877576
8,1914,1867-07-03,0.013631223556206173
8,1914,1867-07-10,0.0013974870024723767
8,1914,1867-07-17,0.0013138094375838279
8,1914,1867-07-24,0.0014043765018424937
8,1914,1867-07-31,0.0010318342000100037
8,1914,1867-08-07,0.00011204445662931945
8,1914,1867-08-14,0.00022538866785282765
8,1914,1867-08-21,0.0002049652647016683
8,1914,1867-08-28,0.00022953202138088254
8,1914,1867-09-04,0.00010838219771761633
8,1914,1867-09-11,0.0002370342356836936
8,1914,1867-09-18,0.00030976345771436777
8,1914,1867-09-25,0.0002860779032632219
8,1914,1867-10-02,0.000435792402275078
8,1914,1867-10-09,0.0011558699740450745
8,1914,1867-10-16,0.002484744723740078
8,1914,1867-10-23,0.005809150497495465
8,1914,1867-10-30,0.007826998344624796
8,1914,1867-11-06,0.002565165008076152
8,1914,1867-11-13,0.0022990969013262667
8,1914,1867-11-20,0.00036422196017461285
8,1914,1867-11-27,0.00023604301380781762
8,1914,1867-12-04,0.0003093717286567429
8,1914,1867-12-11,0.00042171768037988015
8,1914,1867-12-18,0.000562170582566705
8,1914,1867-12-26,0.0009129073075475376
8,1914,1868-01-01,0.05661512648423547
8,1914,1868-01-08,0.001988545194521934
8,1914,1868-01-15,0.003711840203449993
8,1914,1868-01-22,0.0037033116934658424
8,1914,1868-01-29,0.001260774365575782
8,1914,1868-02-05,0.00013908929570201776
8,1914,1868-02-12,0.00032709505750513586
8,1914,1868-02-19,0.0001810329515596386
8,1914,1868-02-26,0.0003311421782699775
8,1914,1868-03-04,0.001024921656007068
8,1914,1868-03-11,0.0007080930275587414
8,1914,1868-03-18,0.0007304013164443301
8,1914,1868-03-25,0.0030679734986019504
8,1914,1868-04-01,0.039249922564764325
8,1914,1868-04-08,0.00125040776499116
8,1914,1868-04-15,0.002612122961011517
8,1914,1868-04-22,0.004470203512034491
8,1914,1868-04-29,0.003326527577043364
8,1914,1868-05-06,0.002416385030699105
8,1914,1868-05-13,0.003005812301987663
8,1914,1868-05-20,0.0033235983551123524
8,1914,1868-05-27,0.002493643539385207
8,1914,1868-06-03,0.0007599751627667684
8,1914,1868-06-10,0.00020873955159658405
8,1914,1868-06-17,0.00010422891286482585
8,1914,1868-06-24,9.89051454408402e-05
8,1914,1868-07-01,0.004996748300590233
8,1914,1868-07-08,0.0005047925991490922
8,1914,1868-07-15,0.0010119562878813156
8,1914,1868-07-22,0.0009556760363941844
8,1914,1868-07-29,0.0008643007799777349
8,1914,1868-08-05,0.0002761744999240382
8,1914,1868-08-12,0.0006157821646860614
8,1914,1868-08-19,0.000551291702349765
8,1914,1868-08-26,0.00027340241485082173
8,1914,1868-09-02,0.0002233783127096458
8,1914,1868-09-09,5.746911415257282e-05
8,1914,1868-09-16,5.711193471856234e-05
8,1914,1868-09-23,7.383405759351206e-05
8,1914,1868-09-30,0.0004387952909965216
8,1914,1868-10-07,0.00048166651065413866
8,1914,1868-10-14,0.0017839817989693822
8,1914,1868-10-21,0.008772854184805157
8,1914,1868-10-28,0.009661666181515207
8,1914,1868-11-04,0.0030803010732110194
8,1914,1868-11-11,0.004545690465990228
8,1914,1868-11-18,0.002592248024055753
8,1914,1868-11-25,0.0010249862139324899
8,1914,1868-12-02,0.0037659910808962092
8,1914,1868-12-09,0.0017249305483787313
8,1914,1868-12-16,0.001705612537210218
8,1914,1868-12-23,0.0005911147499521621
8,1914,1868-12-30,0.0224731825308918
8,1914,1869-01-06,0.006026248297698405
8,1914,1869-01-13,0.0005647626165803486
8,1914,1869-01-20,0.005899952328272601
8,1914,1869-01-27,0.00354141895454665
8,1914,1869-02-03,0.000549741674169855
8,1914,1869-02-10,0.00015081426385100895
8,1914,1869-02-17,0.0003089418736624986
8,1914,1869-02-24,0.00025741913323939483
8,1914,1869-03-03,0.0023437488281609306
8,1914,1869-03-10,0.016135547522745323
8,1914,1869-03-17,0.00966063370701348
8,1914,1869-03-24,0.005635641253477356
8,1914,1869-03-31,0.0759105256194306
8,1914,1869-04-07,0.006634952611446745
8,1914,1869-04-14,0.03265799413746937
8,1914,1869-04-21,0.08280807268366981
8,1914,1869-04-28,0.03919559792747912
8,1914,1869-05-05,0.006561361525638998
8,1914,1869-05-12,0.037574834964131346
8,1914,1869-05-19,0.04548516075588216
8,1914,1869-05-26,0.01871868539888016
8,1914,1869-06-02,0.005411072515186096
8,1914,1869-06-09,0.0006238114046810965
8,1914,1869-06-16,0.0003217593033332899
8,1914,1869-06-23,0.00013241456620819987
8,1914,1869-06-30,0.31385487282731966
8,1914,1869-07-07,0.0035150823276201837
8,1914,1869-07-14,0.014045692250755103
8,1914,1869-07-21,0.02497627158472534
8,1914,1869-07-28,0.009506785075895642
8,1914,1869-08-04,0.00032100241525861696
8,1914,1869-08-11,0.00010430132081641337
8,1914,1869-08-18,6.198765320366359e-05
8,1914,1869-08-25,8.926056009557301e-05
8,1914,1869-09-01,3.19897814334041e-05
8,1914,1869-09-08,5.227686511292905e-05
8,1914,1869-09-15,0.00042116488266128615
8,1914,1869-09-22,0.000747448422932336
8,1914,1869-09-29,0.01134393441291668
8,1914,1869-10-06,0.020761707623051524
8,1914,1869-10-13,0.03009090354480558
8,1914,1869-10-20,0.030678289231435566
8,1914,1869-10-27,0.028837460283180676
8,1914,1869-11-03,0.005914244481537613
8,1914,1869-11-10,0.0013956469470707356
8,1914,1869-11-17,0.0031002947627225483
8,1914,1869-11-24,0.0016653433650885752
8,1914,1869-12-01,0.002934812221065082
8,1914,1869-12-08,0.00038351568498266837
8,1914,1869-12-15,0.000925078078049864
8,1914,1869-12-22,0.006487582577345103
8,1914,1869-12-29,0.1316263916372542
8,1914,1870-01-05,0.24982871106124926
8,1914,1870-01-12,0.017121731438319278
8,1914,1870-01-19,0.13626757711611354
8,1914,1870-01-26,0.14853404516920196
8,1914,1870-02-02,0.23625662510193043
8,1914,1870-02-09,0.0006005871161936313
8,1914,1870-02-16,0.0044780788842601355
8,1914,1870-02-23,0.014876691225340554
8,1914,1870-03-02,0.009002892826493077
8,1914,1870-03-09,0.0035182927367842396
8,1914,1870-03-16,0.015290233194450647
8,1914,1870-03-23,0.021356204783870004
8,1914,1870-03-30,0.2709431427867377
8,1914,1870-04-06,0.006697603808127637
8,1914,1870-04-13,0.047664341219174455
8,1914,1870-04-20,0.03478937768470194
8,1914,1870-04-27,0.030051714689395537
8,1914,1870-05-04,0.056408757947908186
8,1914,1870-05-11,0.07809530687884653
8,1914,1870-05-18,0.013369085852257982
8,1914,1870-05-25,0.010022405738006673
8,1914,1870-06-01,0.026648358342996052
8,1914,1870-06-08,0.012904359824372805
8,1914,1870-06-15,0.07436831672364137
8,1914,1870-06-22,0.022597695526040303
8,1914,1870-06-29,0.9191993623141173
8,1914,1870-07-06,0.23312557796593028
8,1914,1870-07-13,0.013801569941761377
8,1914,1870-07-20,0.18349130045464226
8,1914,1870-07-27,0.8108965579862926
8,1914,1870-08-03,0.8923589571016032
8,1914,1870-08-10,0.8303724482892539
8,1914,1870-08-17,0.8349252455652011
8,1914,1870-08-24,0.1644680176606925
8,1914,1870-08-31,0.004003448675624827
8,1914,1870-09-07,0.001606931474184184
8,1914,1870-09-14,0.015864371622952147
8,1914,1870-09-21,0.005026503068919152
8,1914,1870-09-28,0.0005284534307834988
8,1914,1870-10-05,0.0016973020393606783
8,1914,1870-10-12,0.0005130986006453846
8,1914,1870-10-19,0.0011335434992359383
8,1914,1870-10-26,0.0011523929431082203
8,1914,1870-11-02,0.0032536754850247427
8,1914,1870-11-09,0.0009696557224427238
8,1914,1870-11-16,0.001147000426448434
8,1914,1870-11-23,0.0017188102454227126
8,1914,1870-11-30,0.0023086888863000717
8,1914,1870-12-07,0.0004367334438291875
8,1914,1870-12-14,0.0008787165881794582
8,1914,1870-12-21,0.0006365902266696336
8,1914,1870-12-28,0.016053313756257077
8,1914,1871-01-04,0.13331510767826862
8,1914,1871-01-11,0.0225864567385281
8,1914,1871-01-18,0.06367924238566738
8,1914,1871-01-25,0.02355157597255657
8,1914,1871-02-01,0.044621994602702594
8,1914,1871-02-08,0.0012843634238533072
8,1914,1871-02-15,0.025722327681643377
8,1914,1871-02-22,0.12178778332537046
8,1914,1871-03-01,0.9188862345351642
8,1914,1871-03-08,0.5700495852514793
8,1914,1871-03-15,0.4098157107547438
8,1914,1871-03-22,0.19386649700361183
8,1914,1871-03-29,0.11183596624616807
8,1914,1871-04-05,0.20632896229564804
8,1914,1871-04-12,0.10157231044781234
8,1914,1871-04-19,0.09138174496967685
8,1914,1871-04-26,0.025522153572411593
8,1914,1871-05-03,0.007469038703757354
8,1914,1871-05-10,0.0007667794533632007
8,1914,1871-05-17,0.0004489725982127559
8,1914,1871-05-24,7.50483797403152e-05
8,1914,1871-05-31,8.746100619604466e-05
8,1914,1871-06-07,2.6128434961225947e-05
8,1914,1871-06-14,3.870293378385325e-05
8,1914,1871-06-21,0.00015079993382094602
8,1914,1871-06-28,0.07262348271935183
8,1914,1871-07-05,0.1255900480024927
8,1914,1871-07-12,0.03266869095678748
8,1914,1871-07-19,0.05913124714765288
8,1914,1871-07-26,0.03423558756774724
8,1914,1871-08-02,0.002714212608429013
8,1914,1871-08-09,0.0017180403725496336
8,1914,1871-08-16,0.004708317552508997
8,1914,1871-08-23,0.0019636559979610306
8,1914,1871-08-30,0.0009642119216387595
8,1914,1871-09-06,0.00011305495074231158
8,1914,1871-09-13,9.792665914931862e-05
8,1914,1871-09-20,0.001974092248121605
8,1914,1871-09-27,0.49644440566196657
8,1914,1871-10-04,0.8544711256673096
8,1914,1871-10-11,0.5669470758112293
8,1914,1871-10-18,0.9838903778754895
8,1914,1871-10-25,0.7247327910291078
8,1914,1871-11-01,0.012091809199898496
8,1914,1871-11-08,0.00033662662085138953
8,1914,1871-11-15,4.356000734146099e-05
8,1914,1871-11-22,0.0004864301668666238
8,1914,1871-11-29,0.00021338505560937568
8,1914,1871-12-06,0.0008113794051563826
8,1914,1871-12-13,0.0009759215286586758
8,1914,1871-12-20,0.012234056054224634
8,1914,1871-12-27,0.02676387075809982
8,1914,1872-01-03,0.8237147463677726
8,1914,1872-01-10,0.006836434137233505
8,1914,1872-01-17,0.03252529306489398
8,1914,1872-01-24,0.0046713098682133365
8,1914,1872-01-31,0.016478677258568455
8,1914,1872-02-07,0.0007633401709465968
8,1914,1872-02-14,0.03014680737642577
8,1914,1872-02-21,0.030901909878753353
8,1914,1872-02-28,0.43073353407120235
8,1914,1872-03-06,0.07825782104088598
8,1914,1872-03-13,0.27171584568337415
8,1914,1872-03-20,0.10606657648723572
8,1914,1872-03-27,0.961240383735573
8,1914,1872-04-03,0.8340874353715835
8,1914,1872-04-10,0.49600187783783606
8,1914,1872-04-17,0.5911240333157932
8,1914,1872-04-24,0.3639226607350764
8,1914,1872-05-01,0.25319625147750574
8,1914,1872-05-08,0.24209169185763252
8,1914,1872-05-15,0.06793067801623046
8,1914,1872-05-22,0.17742861266835339
8,1914,1872-05-29,0.10635875153055192
8,1914,1872-06-05,0.05139817746619788
8,1914,1872-06-12,0.0005351595575393799
8,1914,1872-06-19,0.001573099395192525
8,1914,1872-06-26,0.01426362030481264
8,1914,1872-07-03,0.28388778444992274
8,1914,1872-07-10,0.0013237553254619202
8,1914,1872-07-17,0.09007349480630723
8,1914,1872-07-24,0.11433168007524437
8,1914,1872-07-31,0.9834297482621915
8,1914,1872-08-07,0.24008070723934058
8,1914,1872-08-14,0.03762814062489196
8,1914,1872-08-21,0.0025682167067198553
8,1914,1872-08-28,0.004812535487078373
8,1914,1872-09-04,0.002026081860687226
8,1914,1872-09-11,0.0965892980611047
8,1914,1872-09-18,0.1055131269074771
8,1914,1872-09-25,0.5398718161106536
8,1914,1872-10-02,0.5098665557868637
8,1914,1872-10-09,0.3652453398732781
8,1914,1872-10-16,0.19041117931400484
8,1914,1872-10-23,0.78100861194993
8,1914,1872-10-30,0.5726812157131027
8,1914,1872-11-06,0.06967937169482218
8,1914,1872-11-13,0.31814290513305804
8,1914,1872-11-20,0.1625002092709083
8,1914,1872-11-27,0.005557391707142682
8,1914,1872-12-04,0.006073861690387924
8,1914,1872-12-11,0.0015866816225108813
8,1914,1872-12-18,0.0032232155707190243
8,1914,1872-12-24,0.03977140266973546
8,1914,1873-01-01,0.9994127878446024
8,1914,1873-01-08,0.047563558527946734
8,1914,1873-01-15,0.6395306371406563
8,1914,1873-01-22,0.024865268573204195
8,1914,1873-01-29,0.016766163042624734
8,1914,1873-02-05,0.009362884154224305
8,1914,1873-02-12,0.30501711911631846
8,1914,1873-02-19,0.12043648027631032
8,1914,1873-02-26,0.40897586443080913
8,1914,1873-03-05,0.6462364012410876
8,1914,1873-03-12,0.7210965894841529
8,1914,1873-03-19,0.5685248626715124
8,1914,1873-03-26,0.7128999153287975
8,1914,1873-04-02,0.9886262216815213
8,1914,1873-04-09,0.9203305739596181
8,1914,1873-04-16,0.9434163909680933
8,1914,1873-04-23,0.9539899760785605
8,1914,1873-04-30,0.7886653958819467
8,1914,1873-05-07,0.2660166352918513
8,1914,1873-05-14,0.40507227904211934
8,1914,1873-05-21,0.16086934817814472
8,1914,1873-05-28,0.26873227074818745
8,1914,1873-06-04,0.3504317392514356
8,1914,1873-06-11,0.4101416979490328
8,1914,1873-06-18,0.21502065934477668
8,1914,1873-06-25,0.0426732746444176
8,1914,1873-07-02,0.7031960953705169
8,1914,1873-07-09,0.009191018379124496
8,1914,1873-07-16,0.04260478659519929
8,1914,1873-07-23,0.008132468969238997
8,1914,1873-07-30,0.0031193403395188787
8,1914,1873-08-06,0.0005727539934925663
8,1914,1873-08-13,0.0005156493643013217
8,1914,1873-08-20,0.00022207770963198183
8,1914,1873-08-27,0.0019530578115408014
8,1914,1873-09-03,0.004880701033106556
8,1914,1873-09-10,0.04324452590957232
8,1914,1873-09-17,0.09351569768953885
8,1914,1873-09-24,0.11866757905321355
8,1914,1873-10-01,0.14293478054621486
8,1914,1873-10-08,0.4135868504054149
8,1914,1873-10-15,0.3598340445079248
8,1914,1873-10-22,0.6567930669866762
8,1914,1873-10-29,0.7707215000145525
8,1914,1873-11-05,0.1346663062123092
8,1914,1873-11-12,0.45722660826494443
8,1914,1873-11-19,0.07564305123805432
8,1914,1873-11-26,0.08886139087396218
8,1914,1873-12-03,0.02607755227892048
8,1914,1873-12-10,0.004477660668243729
8,1914,1873-12-17,0.004870868415580097
8,1914,1873-12-24,0.41460330856181193
8,1914,1873-12-31,0.9990078426715849
8,1914,1874-01-07,0.16045361649772774
8,1914,1874-01-14,0.18033127214403757
8,1914,1874-01-21,0.10149873181000778
8,1914,1874-01-28,0.004841905159036665
8,1914,1874-02-04,0.0008266452711736337
8,1914,1874-02-11,0.0207968439689079
8,1914,1874-02-18,0.005456631607587488
8,1914,1874-02-25,0.004192028022854998
8,1914,1874-03-04,0.00255032642751309
8,1914,1874-03-11,0.002194977615146536
8,1914,1874-03-18,0.003047700587744673
8,1914,1874-03-25,0.01136984308876864
8,1914,1874-04-01,0.2505323658081014
8,1914,1874-04-08,0.029247693880558475
8,1914,1874-04-15,0.053294370090298256
8,1914,1874-04-22,0.05158765208086921
8,1914,1874-04-29,0.995114736551612
8,1914,1874-05-06,0.003586941674812517
8,1914,1874-05-13,0.049073583553298813
8,1914,1874-05-20,0.0232693472387963
8,1914,1874-05-27,0.009555961240896539
8,1914,1874-06-03,0.0004406931952976472
8,1914,1874-06-10,0.00046970786651808524
8,1914,1874-06-17,0.00016859624788888793
8,1914,1874-06-24,0.00023472138055328815
8,1914,1874-07-01,0.07898849815508377
8,1914,1874-07-08,0.0019439637711990197
8,1914,1874-07-15,0.0010159712600758286
8,1914,1874-07-22,0.0020113181835775713
8,1914,1874-07-29,0.001648083877346738
8,1914,1874-08-05,0.00026427730013828114
8,1914,1874-08-12,0.0008202659463135565
8,1914,1874-08-19,0.001861971341610613
8,1914,1874-08-26,0.0019168375761807004
8,1914,1874-09-02,0.0002561726857825262
8,1914,1874-09-09,3.344456297277254e-05
8,1914,1874-09-16,0.00016926793951782778
8,1914,1874-09-23,0.00060121259353708
8,1914,1874-09-30,0.022848062242975135
8,1914,1874-10-07,0.014182721021013785
8,1914,1874-10-14,0.18037154304231065
8,1914,1874-10-21,0.1518657147503549
8,1914,1874-10-28,0.3893126041219879
8,1914,1874-11-04,0.020820802438615123
8,1914,1874-11-11,0.01410095187428375
8,1914,1874-11-18,0.0010772561346386706
8,1914,1874-11-25,0.012364598790410103
8,1914,1874-12-02,0.02279178977019815
8,1914,1874-12-09,0.001437145289253233
8,1914,1874-12-16,0.001338498570278546
8,1914,1874-12-23,0.002804585303845591
8,1914,1874-12-30,0.5062328112771367
8,1914,1875-01-06,0.0019085934936481155
8,1914,1875-01-13,0.06954304793368012
8,1914,1875-01-20,0.11452092587613455
8,1914,1875-01-27,0.006326778436087007
8,1914,1875-02-03,0.02870458284018466
8,1914,1875-02-10,0.07463037696714113
8,1914,1875-02-17,0.37195035477838917
8,1914,1875-02-24,0.08349223307262682
8,1914,1875-03-03,0.2934175884996156
8,1914,1875-03-10,0.01956149578367759
8,1914,1875-03-17,0.0013460819017591804
8,1914,1875-03-24,0.005302788432930192
8,1914,1875-03-31,0.12652529900341636
8,1914,1875-04-07,0.003267906012976286
8,1914,1875-04-14,0.007917133955539076
8,1914,1875-04-21,0.010481484332374199
8,1914,1875-04-28,0.013096394143664588
8,1914,1875-05-05,0.005472761315312932
8,1914,1875-05-12,0.008238901078104426
8,1914,1875-05-19,0.0019566305867046523
8,1914,1875-05-26,0.012621483582525527
8,1914,1875-06-02,0.047725792101540154
8,1914,1875-06-09,0.00224955011349019
8,1914,1875-06-16,0.00013136723201923723
8,1914,1875-06-23,0.005473424103751897
8,1914,1875-06-30,0.6199877480252746
8,1914,1875-07-07,0.0002562495390617614
8,1914,1875-07-14,0.003040647733576512
8,1914,1875-07-21,0.008384612886471902
8,1914,1875-07-28,0.001567072846525814
8,1914,1875-08-04,0.0008080599166916546
8,1914,1875-08-11,0.000442085422368068
8,1914,1875-08-18,0.0007229298579599963
8,1914,1875-08-25,0.0002265566767950147
8,1914,1875-09-01,0.00010310992442158559
8,1914,1875-09-08,0.00011868525985534786
8,1914,1875-09-15,0.00027026165091400666
8,1914,1875-09-22,0.0004781008715616247
8,1914,1875-09-29,0.0036267612894126627
8,1914,1875-10-06,0.02451882225647013
8,1914,1875-10-13,0.24806253675578763
8,1914,1875-10-20,0.41232159167120463
8,1914,1875-10-27,0.4112925022339932
8,1914,1875-11-03,0.053936378182012766
8,1914,1875-11-10,0.011539135281391793
8,1914,1875-11-17,0.0015657977895828805
8,1914,1875-11-24,0.004345012336475959
8,1914,1875-12-01,0.009011202720827102
8,1914,1875-12-08,0.0005539157202664692
8,1914,1875-12-15,0.0011697375351442131
8,1914,1875-12-22,0.0015125237156591814
8,1914,1875-12-29,0.3587243876082498
8,1914,1876-01-05,0.09909558410160917
8,1914,1876-01-12,0.02180643127878362
8,1914,1876-01-19,0.07406069247373635
8,1914,1876-01-26,0.009547282207782835
8,1914,1876-02-02,0.00040082465476354843
8,1914,1876-02-09,9.921196819797184e-05
8,1914,1876-02-16,0.004752847279776627
8,1914,1876-02-23,0.008730896414386388
8,1914,1876-03-01,0.15214226762749963
8,1914,1876-03-08,0.026146682298354564
8,1914,1876-03-15,0.03558355541897868
8,1914,1876-03-22,0.0013008650946613612
8,1914,1876-03-29,0.005536922183306822
8,1914,1876-04-05,0.0016827838993384908
8,1914,1876-04-12,0.0032458635131940154
8,1914,1876-04-19,0.0020027191157018526
8,1914,1876-04-26,0.01290456506538612
8,1914,1876-05-03,0.0009648976807298596
8,1914,1876-05-10,0.0019119134484691903
8,1914,1876-05-17,0.00033459683886438577
8,1914,1876-05-24,0.0006182540286097972
8,1914,1876-05-31,0.00012958862070266522
8,1914,1876-06-07,5.359116733226867e-05
8,1914,1876-06-14,5.37070316797106e-05
8,1914,1876-06-21,2.4782719980675435e-05
8,1914,1876-06-28,5.128723758532432e-05
8,1914,1876-07-05,0.0001242684638672346
8,1914,1876-07-12,0.00015650906753287506
8,1914,1876-07-19,0.00035612412763753805
8,1914,1876-07-26,0.0003191184318772868
8,1914,1876-08-02,0.00017824936881012074
8,1914,1876-08-09,3.058968538273174e-05
8,1914,1876-08-16,5.2675211821145706e-05
8,1914,1876-08-23,7.124036196814575e-05
8,1914,1876-08-30,0.00011721540244477162
8,1914,1876-09-06,8.422762887300958e-05
8,1914,1876-09-13,7.112191550433265e-05
8,1914,1876-09-20,0.00011680380161560239
8,1914,1876-09-27,9.018691371104838e-05
8,1914,1876-10-04,0.00012023773814600437
8,1914,1876-10-11,0.0008314205537392121
8,1914,1876-10-18,0.007881177998177094
8,1914,1876-10-25,0.008811129448645457
8,1914,1876-11-01,0.006255352730954842
8,1914,1876-11-08,0.003095017400149902
8,1914,1876-11-15,0.0013874593211777302
8,1914,1876-11-22,0.0009174813982057768
8,1914,1876-11-29,0.0016369146612923186
8,1914,1876-12-06,0.0018146450288670526
8,1914,1876-12-13,0.00033615123851895483
8,1914,1876-12-20,0.00035164948784606736
8,1914,1876-12-27,0.001008024941727195
8,1914,1877-01-03,0.012765675965842105
8,1914,1877-01-10,0.0004937690242575588
8,1914,1877-01-17,0.007091377938649417
8,1914,1877-01-24,0.004429929300986437
8,1914,1877-01-31,0.000751275175210649
8,1914,1877-02-07,0.0002137205260546691
8,1914,1877-02-14,0.00032028869912790835
8,1914,1877-02-21,0.0001816789374387722
8,1914,1877-02-28,0.0004721810792346735
8,1914,1877-03-07,0.0002104635325626656
8,1914,1877-03-14,0.00017335808627201232
8,1914,1877-03-21,0.00014869521437170898
8,1914,1877-03-28,0.12735535491505853
8,1914,1877-04-04,0.0030008083819941245
8,1914,1877-04-11,0.00015240263230045776
8,1914,1877-04-18,0.0011653186135963268
8,1914,1877-04-25,0.000979856078711557
8,1914,1877-05-02,0.0013596327731325978
8,1914,1877-05-09,0.00011458512096158369
8,1914,1877-05-16,0.001313806633426024
8,1914,1877-05-23,0.001780744025526623
8,1914,1877-05-30,0.0004973544072402419
8,1914,1877-06-06,8.301395253378756e-05
8,1914,1877-06-13,0.00028308013711157134
8,1914,1877-06-20,0.0001246065733600662
8,1914,1877-06-27,8.655708480733061e-05
8,1914,1877-07-04,0.0028734296391349015
8,1914,1877-07-11,0.00021299635935960305
8,1914,1877-07-18,0.0007313620547859254
8,1914,1877-07-25,0.0008640456879157795
8,1914,1877-08-01,0.0008296757983910938
8,1914,1877-08-08,0.00019491466048463844
8,1914,1877-08-15,0.0010124147836393653
8,1914,1877-08-22,0.00075574562778741
8,1914,1877-08-29,0.0003036199357715779
8,1914,1877-09-05,0.0013816753155334988
8,1914,1877-09-12,0.0005766111946181359
8,1914,1877-09-19,0.00030737843983016916
8,1914,1877-09-26,0.000375173279263827
8,1914,1877-10-03,0.001894672270977976
8,1914,1877-10-10,0.0035726388068280613
8,1914,1877-10-17,0.005541843801363661
8,1914,1877-10-24,0.030889665181619758
8,1914,1877-10-31,0.01738946873298871
8,1914,1877-11-07,0.0018614062167867588
8,1914,1877-11-14,0.0016298773672971893
8,1914,1877-11-21,0.0032727490504967675
8,1914,1877-11-28,0.0012935946286779174
8,1914,1877-12-05,0.0008337267552708973
8,1914,1877-12-12,0.00030897562503269874
8,1914,1877-12-19,0.0001749120901084873
8,1914,1877-12-24,0.0012271552695528865
8,1914,1878-01-02,0.07616530969498107
8,1914,1878-01-09,0.00106769041957091
8,1914,1878-01-16,0.14799262779063632
8,1914,1878-01-23,0.033469497691167305
8,1914,1878-01-30,0.010821461739575218
8,1914,1878-02-06,0.004587131839263711
8,1914,1878-02-13,0.0007106221266648487
8,1914,1878-02-20,0.00021249837220859366
8,1914,1878-02-27,0.009934379114056022
8,1914,1878-03-06,0.05038036165453348
8,1914,1878-03-13,0.016519060769206794
8,1914,1878-03-20,0.018644668094169124
8,1914,1878-03-27,0.006303874186599406
8,1914,1878-04-03,6.447638204048528e-05
8,1914,1878-04-10,6.957410112465758e-05
8,1914,1878-04-17,0.0012475399265585746
8,1914,1878-04-24,0.003025967802478769
8,1914,1878-05-01,0.004612092813379593
8,1914,1878-05-08,0.0014822067757902966
8,1914,1878-05-15,0.0006228411217282965
8,1914,1878-05-22,0.0001162665465350221
8,1914,1878-05-29,7.055418647628025e-05
8,1914,1878-06-05,5.215778407923113e-05
8,1914,1878-06-12,0.00011645755722065028
8,1914,1878-06-19,0.00018510347118322007
8,1914,1878-06-26,0.002474240366546311
8,1914,1878-07-03,0.01890262103446509
8,1914,1878-07-10,0.0004559214744589997
8,1914,1878-07-17,0.007878077546121822
8,1914,1878-07-24,0.0019961161796169303
8,1914,1878-07-31,0.003197706158364757
8,1914,1878-08-07,6.047615342613047e-05
8,1914,1878-08-14,0.0005596857203961955
8,1914,1878-08-21,0.00035822302963429167
8,1914,1878-08-28,0.0008774964612229195
8,1914,1878-09-04,0.0006599512280107834
8,1914,1878-09-11,1.6826640521800253e-05
8,1914,1878-09-18,9.094598927544339e-05
8,1914,1878-09-25,5.036840837632885e-05
8,1914,1878-10-02,0.019892129325104986
8,1914,1878-10-09,0.3263257887020949
8,1914,1878-10-16,0.934023675921195
8,1914,1878-10-23,0.988226888598973
8,1914,1878-10-30,0.9803262822460197
8,1914,1878-11-06,0.8056201907867353
8,1914,1878-11-13,0.09664904621931235
8,1914,1878-11-20,0.005501108911029356
8,1914,1878-11-27,0.010872414832485282
8,1914,1878-12-04,0.033887810318863024
8,1914,1878-12-11,0.7073921939081605
8,1914,1878-12-18,0.9924252001358518
8,1914,1878-12-24,0.9994411788105788
8,1914,1879-01-01,0.999302752176862
8,1914,1879-01-08,0.9542072426887295
8,1914,1879-01-15,0.3928218024997846
8,1914,1879-01-22,0.58874947846636
8,1914,1879-01-29,0.013282556658220215
8,1914,1879-02-05,0.026679471139399086
8,1914,1879-02-12,0.006952239450129762
8,1914,1879-02-19,0.006131179684691152
8,1914,1879-02-26,0.0004216215286365332
8,1914,1879-03-05,0.0016698750970900187
8,1914,1879-03-12,0.0004973328915051861
8,1914,1879-03-19,0.0013700543148152517
8,1914,1879-03-26,0.00408070609368881
8,1914,1879-04-02,0.014764106556697465
8,1914,1879-04-09,0.009403788647084644
8,1914,1879-04-16,0.059399048997163216
8,1914,1879-04-23,0.018441447487228646
8,1914,1879-04-30,0.007464349305236229
8,1914,1879-05-07,0.0022174598654716307
8,1914,1879-05-14,0.0020792696359766753
8,1914,1879-05-21,0.0011930773164036612
8,1914,1879-05-28,0.0007239402218991077
8,1914,1879-06-04,0.00025858878093461344
8,1914,1879-06-11,0.0004460488919893929
8,1914,1879-06-18,0.0002746609629924269
8,1914,1879-06-25,7.257404177228402e-05
8,1914,1879-07-02,0.0009358224860074817
8,1914,1879-07-09,6.477398299296193e-05
8,1914,1879-07-16,0.0002873381659301136
8,1914,1879-07-23,0.00043612497620693145
8,1914,1879-07-30,0.0008293232414140286
8,1914,1879-08-06,0.0002872795740878673
8,1914,1879-08-13,0.00034684733350288975
8,1914,1879-08-20,0.00042509545256031063
8,1914,1879-08-27,0.00029615389072835133
8,1914,1879-09-03,0.0003543173359018532
8,1914,1879-09-10,0.00012801750382025151
8,1914,1879-09-17,0.0001681681665035429
8,1914,1879-09-24,0.00017730732269382948
8,1914,1879-10-01,0.0002577542787719291
8,1914,1879-10-08,0.0007785828218865837
8,1914,1879-10-15,0.007694567878141095
8,1914,1879-10-22,0.015740635163501295
8,1914,1879-10-29,0.029591131998214823
8,1914,1879-11-05,0.04039247934556374
8,1914,1879-11-12,0.007794453044826516
8,1914,1879-11-19,0.025869131439568142
8,1914,1879-11-26,0.010162142361184704
8,1914,1879-12-03,0.0054350620905979485
8,1914,1879-12-10,0.000488710724373218
8,1914,1879-12-17,0.001580519299592253
8,1914,1879-12-24,0.0023060458943310698
8,1914,1879-12-31,0.39064380591421577
8,1914,1880-01-07,0.0006316478799841772
8,1914,1880-01-14,0.00806837848435602
8,1914,1880-01-21,0.0031766002636608305
8,1914,1880-01-28,0.0009945535418643622
8,1914,1880-02-04,0.00016846122416709367
8,1914,1880-02-11,0.0002249429451310748
8,1914,1880-02-18,0.00045140776015278964
8,1914,1880-02-25,0.001561007936990885
8,1914,1880-03-03,0.011789220190146384
8,1914,1880-03-10,0.006220141701953763
8,1914,1880-03-17,0.04334834285384077
8,1914,1880-03-24,0.004084130675540065
8,1914,1880-03-31,0.041965048775481545
8,1914,1880-04-07,0.0007125708050681767
8,1914,1880-04-14,0.0011451086475854242
8,1914,1880-04-21,0.0026258931229566434
8,1914,1880-04-28,0.00641443085198119
8,1914,1880-05-05,0.0026270399248255294
8,1914,1880-05-12,0.002904696999663836
8,1914,1880-05-19,0.0077089758688684935
8,1914,1880-05-26,0.006891861805459071
8,1914,1880-06-02,0.004389553503676578
8,1914,1880-06-09,0.002353472323219795
8,1914,1880-06-16,0.000801276303911968
8,1914,1880-06-23,0.000314938070473013
8,1914,1880-06-30,0.24797362575533216
8,1914,1880-07-07,9.989523739714822e-05
8,1914,1880-07-14,0.0006356820029880555
8,1914,1880-07-21,0.0010928994615562566
8,1914,1880-07-28,0.0009289596064390182
8,1914,1880-08-04,8.891521512855894e-05
8,1914,1880-08-11,0.0005336260832276633
8,1914,1880-08-18,0.0005458950899134723
8,1914,1880-08-25,0.0005929248102610976
8,1914,1880-09-01,0.0007661337776782869
8,1914,1880-09-08,0.0006248312833514837
8,1914,1880-09-15,0.0004189681561273384
8,1914,1880-09-22,0.0004587766292200797
8,1914,1880-09-29,0.002971903041797663
8,1914,1880-10-06,0.0015311553123209434
8,1914,1880-10-13,0.0028485202446153434
8,1914,1880-10-20,0.003981993572784878
8,1914,1880-10-27,0.002142344291271066
8,1914,1880-11-03,0.000246572787659603
8,1914,1880-11-10,0.00025169297410486727
8,1914,1880-11-17,0.00538166241891455
8,1914,1880-11-24,0.000918228311483549
8,1914,1880-12-01,0.0025751097881615424
8,1914,1880-12-08,0.011653485760943393
8,1914,1880-12-15,0.004695249435068357
8,1914,1880-12-22,0.009669569096120195
8,1914,1880-12-29,0.6354907274874224
8,1914,1881-01-05,0.09474250058548016
8,1914,1881-01-12,0.0011593549050075975
8,1914,1881-01-19,0.01003179790994757
8,1914,1881-01-26,0.006710264823660591
8,1914,1881-02-02,0.0010016188863305453
8,1914,1881-02-09,0.00199383027917566
8,1914,1881-02-16,0.0003881593701436037
8,1914,1881-02-23,0.0017315056402870622
8,1914,1881-03-02,0.009686460001920692
8,1914,1881-03-09,0.0009758252857355034
8,1914,1881-03-16,0.05817992263941075
8,1914,1881-03-23,0.012669663182087303
8,1914,1881-03-30,0.09492175588825044
8,1914,1881-04-06,0.011541563907366723
8,1914,1881-04-13,0.04672066831016261
8,1914,1881-04-20,0.003643450237160529
8,1914,1881-04-27,0.003346790188353397
8,1914,1881-05-04,0.0019505875824933343
8,1914,1881-05-11,0.00047124840921521755
8,1914,1881-05-18,0.0004102870736137812
8,1914,1881-05-25,0.0020535260721335725
8,1914,1881-06-01,0.004905446072028119
8,1914,1881-06-08,0.0019383129060621465
8,1914,1881-06-15,0.003942238185438118
8,1914,1881-06-22,0.00025078314524272055
8,1914,1881-06-29,0.032499184344406205
8,1914,1881-07-06,0.00031217277191963834
8,1914,1881-07-13,0.0004535342634112378
8,1914,1881-07-20,0.001215857862766705
8,1914,1881-07-27,0.0022002224723166285
8,1914,1881-08-03,0.0009708761626899072
8,1914,1881-08-10,0.0025895222994661024
8,1914,1881-08-17,0.002892973372597147
8,1914,1881-08-24,0.0027506422247166114
8,1914,1881-08-31,0.008371470673693902
8,1914,1881-09-07,0.004409135201433327
8,1914,1881-09-14,0.0018588483465869822
8,1914,1881-09-21,0.0015570240173329293
8,1914,1881-09-28,0.0011174786027965625
8,1914,1881-10-05,0.0666116788257066
8,1914,1881-10-12,0.027231406012929466
8,1914,1881-10-19,0.19505430935573995
8,1914,1881-10-26,0.0866013009694085
8,1914,1881-11-02,0.023572772459985722
8,1914,1881-11-09,0.0011705690050329623
8,1914,1881-11-16,0.0024254254584493502
8,1914,1881-11-23,0.0023317926000818233
8,1914,1881-11-30,0.18543651445691628
8,1914,1881-12-07,0.0028036638349683528
8,1914,1881-12-14,0.005972413134674828
8,1914,1881-12-21,0.029985550697434513
8,1914,1881-12-28,0.5528898789312766
8,1914,1882-01-04,0.5080026819727552
8,1914,1882-01-11,0.02985626192305098
8,1914,1882-01-18,0.16461819210165893
8,1914,1882-01-25,0.036252301017602566
8,1914,1882-02-01,0.22054214163550642
8,1914,1882-02-08,0.2664338010213177
8,1914,1882-02-15,0.1732777324123502
8,1914,1882-02-22,0.2584691908275626
8,1914,1882-03-01,0.7600811912118297
8,1914,1882-03-08,2.7336451794948665e-05
8,1914,1882-03-15,0.7256340837388835
8,1914,1882-03-22,0.008685394038222034
8,1914,1882-03-29,0.47980957194488527
8,1914,1882-04-05,0.6557261604723831
8,1914,1882-04-12,0.2045022204386564
8,1914,1882-04-19,0.01297382674736322
8,1914,1882-04-26,0.025515338538083465
8,1914,1882-05-03,0.0012345900136653985
8,1914,1882-05-10,1.76250407315828e-05
8,1914,1882-05-17,0.0018437760789658413
8,1914,1882-05-24,0.00197280997445743
8,1914,1882-05-31,0.01309547442233697
8,1914,1882-06-07,0.0005625476654714961
8,1914,1882-06-14,0.0007402682920834761
8,1914,1882-06-21,0.00037305788163655347
8,1914,1882-06-28,0.007041130051115907
8,1914,1882-07-05,0.27644722544975403
8,1914,1882-07-12,0.0017003852674598874
8,1914,1882-07-19,0.019745935960382384
8,1914,1882-07-26,0.037417660460780267
8,1914,1882-08-02,0.03145400261860844
8,1914,1882-08-09,0.0034921355873489507
8,1914,1882-08-16,0.007932610190957453
8,1914,1882-08-23,0.0024234287112287
8,1914,1882-08-30,0.009310645266273256
8,1914,1882-09-06,0.0014735485080193387
8,1914,1882-09-13,0.003347368422070267
8,1914,1882-09-20,0.0006077005142155375
8,1914,1882-09-27,0.0325724894716275
8,1914,1882-10-04,0.04343929611223869
8,1914,1882-10-11,0.09666527121320265
8,1914,1882-10-18,0.09392327306709035
8,1914,1882-10-25,0.28184632944145266
8,1914,1882-11-01,0.24068985942990295
8,1914,1882-11-08,0.11016823358627387
8,1914,1882-11-15,0.03185567560539479
8,1914,1882-11-22,0.040563791907791545
8,1914,1882-11-29,0.030685212719755883
8,1914,1882-12-06,0.00400807676604272
8,1914,1882-12-13,0.004524638831308178
8,1914,1882-12-20,0.025784988454689795
8,1914,1882-12-27,0.31864808935573474
8,1914,1883-01-03,0.9944239190745089
8,1914,1883-01-10,0.014336402700276389
8,1914,1883-01-17,0.2754973387065641
8,1914,1883-01-24,0.022562724121147303
8,1914,1883-01-31,0.0017537194563972108
8,1914,1883-02-07,0.00021640528749803105
8,1914,1883-02-14,0.0031439254692482567
8,1914,1883-02-21,0.09929805745981571
8,1914,1883-02-28,0.27067711106534414
8,1914,1883-03-07,0.247507067382303
8,1914,1883-03-14,0.05218529008557659
8,1914,1883-03-21,0.15751990351904635
8,1914,1883-03-28,0.30602629455711505
8,1914,1883-04-04,0.3335944420906104
8,1914,1883-04-11,0.007965264449282939
8,1914,1883-04-18,0.03481886309810032
8,1914,1883-04-25,0.0261410867746457
8,1914,1883-05-02,0.07320711544239722
8,1914,1883-05-09,0.017564882951947466
8,1914,1883-05-16,0.024712309430196287
8,1914,1883-05-23,0.031204386370320733
8,1914,1883-05-30,0.04785036099974354
8,1914,1883-06-06,0.004672142860886873
8,1914,1883-06-13,0.0006466088362681843
8,1914,1883-06-20,0.00041489751855111764
8,1914,1883-06-27,0.00062405342835948
8,1914,1883-07-04,0.08533776379357445
8,1914,1883-07-11,0.0004442048653773743
8,1914,1883-07-18,0.010290294953269214
8,1914,1883-07-25,0.005130206876330996
8,1914,1883-08-01,0.0034307020850371127
8,1914,1883-08-08,0.00018181118575685888
8,1914,1883-08-15,0.0008671708047993825
8,1914,1883-08-22,0.0008903077252887424
8,1914,1883-08-29,0.0017136692563886628
8,1914,1883-09-05,0.0012412189111710686
8,1914,1883-09-12,0.003590401640233824
8,1914,1883-09-19,0.012082621801761369
8,1914,1883-09-26,0.008188467513285124
8,1914,1883-10-03,0.02894153700161036
8,1914,1883-10-10,0.045011046991147
8,1914,1883-10-17,0.03081558699755408
8,1914,1883-10-24,0.026460395615129965
8,1914,1883-10-31,0.02459105410090395
8,1914,1883-11-07,0.004789359933204584
8,1914,1883-11-14,0.0013658951403604871
8,1914,1883-11-21,0.0023790199676846963
8,1914,1883-11-28,0.0022244543018029393
8,1914,1883-12-05,0.0009703301055095339
8,1914,1883-12-12,0.001268268872303462
8,1914,1883-12-19,0.001499832602098652
8,1914,1883-12-24,0.016210335268245498
8,1914,1884-01-02,0.669522481738614
8,1914,1884-01-09,0.01775701917801702
8,1914,1884-01-16,0.004249098552936221
8,1914,1884-01-23,0.0025277925963017333
8,1914,1884-01-30,0.00041873971249639365
8,1914,1884-02-06,0.00020155564113926962
8,1914,1884-02-13,0.0020386602017212554
8,1914,1884-02-20,0.01157739641407401
8,1914,1884-02-27,0.031066108323012254
8,1914,1884-03-05,0.19125735474720995
8,1914,1884-03-12,0.012381654560415671
8,1914,1884-03-19,0.005673235202658708
8,1914,1884-03-26,0.0009409819536614493
8,1914,1884-04-02,0.002526063426901422
8,1914,1884-04-09,0.0003335982688787501
8,1914,1884-04-16,0.001159918721767254
8,1914,1884-04-23,0.0013268531669213832
8,1914,1884-04-30,0.0008383184011060037
8,1914,1884-05-07,0.0002930946174872675
8,1914,1884-05-14,0.00032658131406719396
8,1914,1884-05-21,0.0006906360837284042
8,1914,1884-05-28,0.0013129245071346848
8,1914,1884-06-04,0.0007777066396848975
8,1914,1884-06-11,0.0016465995563926237
8,1914,1884-06-18,0.0011314121722495447
8,1914,1884-06-25,0.0024367826087714553
8,1914,1884-07-02,0.013888860753365541
8,1914,1884-07-09,0.0031953035598369056
8,1914,1884-07-16,0.0014632196285244833
8,1914,1884-07-23,0.0027757178158407054
8,1914,1884-07-30,0.0014205572747673033
8,1914,1884-08-06,0.000418562245544053
8,1914,1884-08-13,0.0006848679898236317
8,1914,1884-08-20,0.0008998413435002959
8,1914,1884-08-27,0.00041764112773082907
8,1914,1884-09-03,0.00027108711221780806
8,1914,1884-09-10,9.591523968023927e-05
8,1914,1884-09-17,5.181173059300237e-05
8,1914,1884-09-24,0.00012170913403282361
8,1914,1884-10-01,0.003588110898587067
8,1914,1884-10-08,0.015370155083761414
8,1914,1884-10-15,0.0013335098031189473
8,1914,1884-10-22,0.02432648869496732
8,1914,1884-10-29,0.01918937091857827
8,1914,1884-11-05,0.0013420716568711868
8,1914,1884-11-12,0.0005714357851484033
8,1914,1884-11-19,0.004149506227847172
8,1914,1884-11-26,0.0018447707549271565
8,1914,1884-12-03,0.0036380522093633796
8,1914,1884-12-10,0.0005335988142086956
8,1914,1884-12-17,0.003695645411193913
8,1914,1884-12-24,0.02425070443243388
8,1914,1884-12-31,0.9335418405923889
8,1914,1885-01-07,0.185187244120837
8,1914,1885-01-14,0.023154844694325376
8,1914,1885-01-21,0.02247480145955704
8,1914,1885-01-28,0.0021120852577186716
8,1914,1885-02-04,0.0009708690984726047
8,1914,1885-02-11,0.000452588481756637
8,1914,1885-02-18,0.001659064772514128
8,1914,1885-02-25,0.036666260713721394
8,1914,1885-03-04,0.044617239248297934
8,1914,1885-03-11,0.023537802936949695
8,1914,1885-03-18,0.008047234456295809
8,1914,1885-03-25,0.05231469173831873
8,1914,1885-04-01,0.0789935730731647
8,1914,1885-04-08,0.002651410510348028
8,1914,1885-04-15,0.007410513912565881
8,1914,1885-04-22,0.022605069152476714
8,1914,1885-04-29,0.0030857454491274297
8,1914,1885-05-06,0.0005738099621528746
8,1914,1885-05-13,0.0012214241219080523
8,1914,1885-05-20,0.0017323924659767094
8,1914,1885-05-27,0.0009963903564668456
8,1914,1885-06-03,0.0033673853884241558
8,1914,1885-06-10,0.00224937074886032
8,1914,1885-06-17,0.0006496751795073897
8,1914,1885-06-24,0.00032971031629559425
8,1914,1885-07-01,0.003511765363487648
8,1914,1885-07-08,0.002849325271676993
8,1914,1885-07-15,0.011654959465937455
8,1914,1885-07-22,0.006031413388061315
8,1914,1885-07-29,0.011127958639421835
8,1914,1885-08-05,0.0014188480149844654
8,1914,1885-08-12,0.0016370591493631054
8,1914,1885-08-19,0.0017252486598197429
8,1914,1885-08-26,0.001253239161160507
8,1914,1885-09-02,0.0018054714939806542
8,1914,1885-09-09,0.0016332807056463469
8,1914,1885-09-16,0.0015197324849523638
8,1914,1885-09-23,0.0018442100764341901
8,1914,1885-09-30,0.0027456687200228713
8,1914,1885-10-07,0.008073794085422154
8,1914,1885-10-14,0.011073093286583893
8,1914,1885-10-21,0.006742300535508716
8,1914,1885-10-28,0.0033760171712105772
8,1914,1885-11-04,0.0001246672961582238
8,1914,1885-11-11,4.2414652215590716e-05
8,1914,1885-11-18,1.2413956535959714e-05
8,1914,1885-11-25,1.020194053589072e-05
8,1914,1885-12-02,7.375846692565732e-06
8,1914,1885-12-09,2.6888239163636214e-06
8,1914,1885-12-16,1.2557912185562591e-05
8,1914,1885-12-23,0.00015443830683554248
8,1914,1885-12-30,0.042969435531895445
8,1914,1886-01-06,0.01612276274560212
8,1914,1886-01-13,0.03411091179969144
8,1914,1886-01-20,0.03198291325649672
8,1914,1886-01-27,0.019854115492077228
8,1914,1886-02-03,0.0002716226851931187
8,1914,1886-02-10,5.241989941574518e-05
8,1914,1886-02-17,0.00012664813556171025
8,1914,1886-02-24,0.000958644568165182
8,1914,1886-03-03,0.0003446688538664455
8,1914,1886-03-10,0.00011190432865178628
8,1914,1886-03-17,0.056397086286990306
8,1914,1886-03-24,0.031140556621249274
8,1914,1886-03-31,0.02333576920280125
8,1914,1886-04-07,0.0005500106867134701
8,1914,1886-04-14,0.0008402096907511925
8,1914,1886-04-21,0.0005296429109887305
8,1914,1886-04-28,0.0007824652524561473
8,1914,1886-05-05,0.0005692509443832996
8,1914,1886-05-12,0.00012773031440801923
8,1914,1886-05-19,0.0035552603320423604
8,1914,1886-05-26,0.002078074907205584
8,1914,1886-06-02,0.002021186817048458
8,1914,1886-06-09,0.0008330398890925573
8,1914,1886-06-16,0.0004395696142622556
8,1914,1886-06-23,0.00019234421698437738
8,1914,1886-06-30,0.002057840830960243
8,1914,1886-07-07,0.0008343549025318485
8,1914,1886-07-14,0.00033041423967135255
8,1914,1886-07-21,0.00041239807109512015
8,1914,1886-07-28,0.0004699555889267349
8,1914,1886-08-04,0.0001732162594854358
8,1914,1886-08-11,8.746910413236305e-05
8,1914,1886-08-18,5.739993644310122e-05
8,1914,1886-08-25,5.023735522542751e-05
8,1914,1886-09-01,4.2288601131848284e-05
8,1914,1886-09-08,3.8716111979322164e-05
8,1914,1886-09-15,2.2723544482708834e-05
8,1914,1886-09-22,3.865096915257305e-05
8,1914,1886-09-29,0.007299079511094678
8,1914,1886-10-06,0.032943344373527604
8,1914,1886-10-13,0.007522339749308742
8,1914,1886-10-20,0.03823629183704959
8,1914,1886-10-27,0.010391329231889767
8,1914,1886-11-03,0.005161373739720795
8,1914,1886-11-10,0.0011327747510021195
8,1914,1886-11-17,0.0013235900905000813
8,1914,1886-11-24,0.001233865170337564
8,1914,1886-12-01,0.0013327195770830066
8,1914,1886-12-08,9.921125066574811e-05
8,1914,1886-12-15,0.0004604174306135676
8,1914,1886-12-22,0.001462501287204686
8,1914,1886-12-29,0.5613095886879015
8,1914,1887-01-05,0.4698399603867696
8,1914,1887-01-12,0.011787200552202219
8,1914,1887-01-19,0.011535480688719452
8,1914,1887-01-26,0.002284202598433785
8,1914,1887-02-02,0.00013342451520488924
8,1914,1887-02-09,0.00017238896052183407
8,1914,1887-02-16,0.00020928763450542629
8,1914,1887-02-23,0.0026886415542579736
8,1914,1887-03-02,0.17468912521983784
8,1914,1887-03-09,0.006565532159431123
8,1914,1887-03-16,0.011579448458381226
8,1914,1887-03-23,0.006134171125557466
8,1914,1887-03-30,0.03466206507388009
8,1914,1887-04-06,0.004627901871330177
8,1914,1887-04-13,0.0005292481424153205
8,1914,1887-04-20,0.004796388337138435
8,1914,1887-04-27,0.0033951464947731096
8,1914,1887-05-04,0.001542450202529559
8,1914,1887-05-11,0.0006107817575624731
8,1914,1887-05-18,0.002140827098038927
8,1914,1887-05-25,0.0014142365653055755
8,1914,1887-06-01,0.0017723753138993276
8,1914,1887-06-08,0.0004044325121042196
8,1914,1887-06-15,0.00020879785076236847
8,1914,1887-06-22,0.0001521792773332405
8,1914,1887-06-29,0.0042039192727856235
8,1914,1887-07-06,0.005050954254595176
8,1914,1887-07-13,0.001203422228108023
8,1914,1887-07-20,0.005624206842913436
8,1914,1887-07-27,0.004106134677552491
8,1914,1887-08-03,0.0013234022981433381
8,1914,1887-08-10,0.00012948731104668726
8,1914,1887-08-17,0.0005027984444957574
8,1914,1887-08-24,0.00035766366927573285
8,1914,1887-08-31,0.00018026610286742963
8,1914,1887-09-07,1.038948559905071e-05
8,1914,1887-09-14,0.00020246083971114674
8,1914,1887-09-21,0.00010946185153147668
8,1914,1887-09-28,0.0006060003632816795
8,1914,1887-10-05,0.0020735664308801608
8,1914,1887-10-12,0.003006702554018331
8,1914,1887-10-19,0.0029057383509464947
8,1914,1887-10-26,0.0026952454886707586
8,1914,1887-11-02,0.0010254976183812258
8,1914,1887-11-09,0.00025796071803250417
8,1914,1887-11-16,0.0006944003601036761
8,1914,1887-11-23,0.0008922470987827461
8,1914,1887-11-30,0.0020872238628693207
8,1914,1887-12-07,0.0005942429014902955
8,1914,1887-12-14,0.0018090639138107752
8,1914,1887-12-21,0.003968609352305443
8,1914,1887-12-28,0.02316649719654984
8,1914,1888-01-04,0.6418315884417062
8,1914,1888-01-11,0.009984109684156877
8,1914,1888-01-18,0.13399572631762321
8,1914,1888-01-25,0.02764061580172609
8,1914,1888-02-01,0.0017126900832579598
8,1914,1888-02-08,0.00030730345258861403
8,1914,1888-02-15,0.0006138010545406737
8,1914,1888-02-22,0.0009168022513722924
8,1914,1888-02-29,0.014364292295865702
8,1914,1888-03-07,0.004946930143924929
8,1914,1888-03-14,0.004284706819303992
8,1914,1888-03-21,0.0013803821129276025
8,1914,1888-03-28,0.6129277492718722
8,1914,1888-04-04,0.011742862246094709
8,1914,1888-04-11,0.001447365270362017
8,1914,1888-04-18,0.0019195949988287076
8,1914,1888-04-25,0.0017399735278347639
8,1914,1888-05-02,0.0025375006381923608
8,1914,1888-05-09,0.0012732514626144378
8,1914,1888-05-16,0.0005337309894368263
8,1914,1888-05-23,0.0019966527175788403
8,1914,1888-05-30,0.0007891000933853765
8,1914,1888-06-06,8.18087774704102e-05
8,1914,1888-06-13,6.896626873051355e-05
8,1914,1888-06-20,7.816628406552633e-05
8,1914,1888-06-27,0.00010558222740684401
8,1914,1888-07-04,0.0005999090263605729
8,1914,1888-07-11,0.0011411481458956985
8,1914,1888-07-18,0.003343357871723639
8,1914,1888-07-25,0.003241771968672158
8,1914,1888-08-01,0.0024805352296432405
8,1914,1888-08-08,0.0007771224244028709
8,1914,1888-08-15,0.0006712467300723285
8,1914,1888-08-22,0.000694619780489158
8,1914,1888-08-29,0.000390828374533057
8,1914,1888-09-05,0.00010986620203258181
8,1914,1888-09-12,4.676417867198789e-05
8,1914,1888-09-19,3.215053577139331e-05
8,1914,1888-09-26,0.00421049012339936
8,1914,1888-10-03,0.12027328135034597
8,1914,1888-10-10,0.004274395421429214
8,1914,1888-10-17,0.0689271828070494
8,1914,1888-10-24,0.08331520785429332
8,1914,1888-10-31,0.07390661046690747
8,1914,1888-11-07,0.005427467563258568
8,1914,1888-11-14,0.08005895147279314
8,1914,1888-11-21,0.038098560447761325
8,1914,1888-11-28,0.0742471010016114
8,1914,1888-12-05,0.028915032560573137
8,1914,1888-12-12,0.026619074107433548
8,1914,1888-12-19,0.03168092344320693
8,1914,1888-12-24,0.03767402882281865
8,1914,1889-01-09,0.000428504871428362
8,1914,1889-01-16,0.06322783787977819
8,1914,1889-01-23,0.0071389315806185336
8,1914,1889-02-06,0.0004170207122060087
8,1914,1889-02-13,0.05580228338459294
8,1914,1889-02-20,0.022324725891451767
8,1914,1889-03-06,0.17458204953554013
8,1914,1889-03-13,0.09749603265211018
8,1914,1889-03-20,0.04330783467553282
8,1914,1889-03-27,0.18906946409882988
8,1914,1889-04-03,0.2551223609668071
8,1914,1889-04-10,0.006486367872707631
8,1914,1889-04-17,0.0584190721722665
8,1914,1889-04-24,0.041054755544962886
8,1914,1889-05-01,0.2950946807141292
8,1914,1889-05-08,0.008079755042916248
8,1914,1889-05-15,0.9267734612879428
8,1914,1889-05-22,0.005152850717727688
8,1914,1889-05-29,0.010864237558298755
8,1914,1889-06-05,0.003163559544046539
8,1914,1889-06-12,0.00743340712628895
8,1914,1889-06-19,0.004584517044502572
8,1914,1889-06-26,0.009233471330309275
8,1914,1889-07-03,0.03458444754203378
8,1914,1889-07-10,0.0009765578911613997
8,1914,1889-07-17,0.00829928942666521
8,1914,1889-07-24,0.03813748951090189
8,1914,1889-07-31,0.03513181487890863
8,1914,1889-08-07,0.06649502285525312
8,1914,1889-08-14,0.020057898081088647
8,1914,1889-08-21,0.009101020393089845
8,1914,1889-08-28,0.012513133797651134
8,1914,1889-09-04,0.0006445880980034283
8,1914,1889-09-11,0.0002726934473899019
8,1914,1889-09-18,0.00048784578762303763
8,1914,1889-09-25,0.0014193406506522986
8,1914,1889-10-02,0.02234858757166906
8,1914,1889-10-09,0.06422565201397414
8,1914,1889-10-16,0.138817991059343
8,1914,1889-10-23,0.18201731931563822
8,1914,1889-10-30,0.07018754393128179
8,1914,1889-11-06,0.008405313230491717
8,1914,1889-11-13,0.009902993293631306
8,1914,1889-11-20,0.039422205263480045
8,1914,1889-11-27,0.03952728826545309
8,1914,1889-12-04,0.492293738102608
8,1914,1889-12-11,0.08301513854964333
8,1914,1889-12-18,0.05407468056954635
8,1914,1889-12-24,0.49379415794478126
8,1914,1890-01-01,0.9994632271743631
8,1914,1890-01-08,0.6854133508131075
8,1914,1890-01-15,0.8975351845849622
8,1914,1890-01-22,0.2437352701133458
8,1914,1890-01-29,0.020357840702173054
8,1914,1890-02-05,0.001276213761264151
8,1914,1890-02-12,0.002642370785783576
8,1914,1890-02-19,0.0035615672058034093
8,1914,1890-02-26,0.7733066958518072
8,1914,1890-03-05,0.14041041084819447
8,1914,1890-03-12,0.1360599407213211
8,1914,1890-03-19,0.4071656778919813
8,1914,1890-03-26,0.968960418832407
8,1914,1890-04-02,0.9451808136913166
8,1914,1890-04-09,0.5509701680969012
8,1914,1890-04-16,0.8473833210925412
8,1914,1890-04-23,0.718807849602563
8,1914,1890-04-30,0.7990339064952724
8,1914,1890-05-07,0.12039381788499735
8,1914,1890-05-14,0.4419349657256821
8,1914,1890-05-21,0.4030382493699893
8,1914,1890-05-28,0.09421901982566104
8,1914,1890-06-04,0.012816892706135612
8,1914,1890-06-11,0.031791116539856945
8,1914,1890-06-18,0.08949835925717876
8,1914,1890-06-25,0.43460004083800846
8,1914,1890-07-02,0.5785369358795875
8,1914,1890-07-09,0.35006126325411613
8,1914,1890-07-16,0.6502327871734305
8,1914,1890-07-23,0.05536524310510297
8,1914,1890-07-30,0.0452565033498904
8,1914,1890-08-06,0.0896202825038951
8,1914,1890-08-13,0.04478107003479882
8,1914,1890-08-20,0.003440324711479086
8,1914,1890-08-27,0.03105692199831574
8,1914,1890-09-03,0.005045884788554026
8,1914,1890-09-10,0.0026652210350618386
8,1914,1890-09-17,0.05749772712323009
8,1914,1890-09-24,0.6356845419691819
8,1914,1890-10-01,0.8892453564327286
8,1914,1890-10-08,0.8341379811122732
8,1914,1890-10-15,0.9737071095873677
8,1914,1890-10-22,0.8981723396848668
8,1914,1890-10-29,0.8438008903891576
8,1914,1891-02-11,0.9091310534644006
8,1914,1891-02-18,0.9923108217533381
8,1914,1891-02-25,0.9985635249492718
8,1914,1891-03-04,0.9983379832822764
8,1914,1891-03-11,0.9926714821195612
8,1914,1891-03-18,0.9760978262898831
8,1914,1891-03-25,0.9888658205540148
8,1914,1891-04-01,0.9933006096828328
8,1914,1891-04-08,0.883807394810047
8,1914,1891-04-15,0.9334256439285703
8,1914,1891-04-22,0.8699073891607629
8,1914,1891-04-29,0.6335655050351617
8,1914,1891-05-06,0.3217762923274654
8,1914,1891-05-13,0.7088982176038042
8,1914,1891-05-20,0.543433298444865
8,1914,1891-05-27,0.7015243907413503
8,1914,1891-06-03,0.06459549275050017
8,1914,1891-06-10,0.033918545676514075
8,1914,1891-06-17,0.019235136695332528
8,1914,1891-06-24,0.4040363771585567
8,1914,1891-07-01,0.845032061970258
8,1914,1891-07-08,0.9665806324697355
8,1914,1891-07-15,0.9589437030306435
8,1914,1891-07-22,0.9557132711966879
8,1914,1891-07-29,0.6114131960798291
8,1914,1891-08-05,0.3381146229935576
8,1914,1891-08-12,0.10749153576507811
8,1914,1891-08-19,0.022160439057214067
8,1914,1891-08-26,0.056912517272280375
8,1914,1891-09-02,0.043348966009054773
8,1914,1891-09-09,0.021738843288636116
8,1914,1891-09-16,0.012552069023986421
8,1914,1891-09-23,0.01829715771410505
8,1914,1891-09-30,0.1094997618918209
8,1914,1891-10-07,0.07147602680249178
8,1914,1891-10-14,0.5129154559910185
8,1914,1891-10-21,0.5761812686395041
8,1914,1891-10-28,0.5681245723601616
8,1914,1891-11-04,0.17382473283760158
8,1914,1891-11-11,0.19633341486044853
8,1914,1891-11-18,0.04542448143132502
8,1914,1891-11-25,0.02222956997746129
8,1914,1891-12-02,0.006615817319785155
8,1914,1891-12-09,0.009755796605712325
8,1914,1891-12-16,0.07809714817912275
8,1914,1891-12-23,0.06433434727330248
8,1914,1891-12-30,0.7547437385216851
8,1914,1892-01-06,0.9010183282835933
8,1914,1892-01-13,0.5703610115492601
8,1914,1892-01-20,0.7135573438461239
8,1914,1892-01-27,0.25578523854990004
8,1914,1892-02-03,0.013770977248413136
8,1914,1892-02-10,0.005404363031229692
8,1914,1892-02-17,0.01004644977152331
8,1914,1892-02-24,0.05665273784273754
8,1914,1892-03-02,0.01283067397067275
8,1914,1892-03-09,0.00352692547353349
8,1914,1892-03-16,0.019378299059738206
8,1914,1892-03-23,0.061557141229653875
8,1914,1892-03-30,0.3791197121191734
8,1914,1892-04-06,0.06436876745735445
8,1914,1892-04-13,0.09569023122556276
8,1914,1892-04-20,0.1921189072095086
8,1914,1892-04-27,0.0912177203184303
8,1914,1892-05-04,0.05350142442431857
8,1914,1892-05-11,0.01384976231994824
8,1914,1892-05-18,0.006061169842539347
8,1914,1892-05-25,0.003911526007538545
8,1914,1892-06-01,0.001491777184478002
8,1914,1892-06-08,0.0009477031425449393
8,1914,1892-06-15,0.002064359127685559
8,1914,1892-06-22,0.002157458026645861
8,1914,1892-06-29,0.012800871562192557
8,1914,1892-07-06,0.014615852700763017
8,1914,1892-07-13,0.002266570376642099
8,1914,1892-07-20,0.009155466518249899
8,1914,1892-07-27,0.017782864275614034
8,1914,1892-08-03,0.007549788714478978
8,1914,1892-08-10,0.002548917917623457
8,1914,1892-08-17,0.003483494727302236
8,1914,1892-08-24,0.0012137864604305146
8,1914,1892-08-31,0.00029552391499272184
8,1914,1892-09-07,0.00014110950977119254
8,1914,1892-09-14,0.00042947208151167845
8,1914,1892-09-21,0.001582664753133671
8,1914,1892-09-28,0.002003324073418453
8,1914,1892-10-05,0.011664760664546388
8,1914,1892-10-12,0.028586973303770302
8,1914,1892-10-19,0.040947592666494705
8,1914,1892-10-26,0.04744621402675647
8,1914,1892-11-02,0.09601441987863393
8,1914,1892-11-09,0.014778150120652865
8,1914,1892-11-16,0.004028277950851967
8,1914,1892-11-23,0.0006903130220301116
8,1914,1892-11-30,0.0017364113435858585
8,1914,1892-12-07,0.0003313587763012006
8,1914,1892-12-14,0.00046749133984278824
8,1914,1892-12-21,0.0023076508467908896
8,1914,1892-12-28,0.010345371658639205
8,1914,1893-01-04,0.3771743747566123
8,1914,1893-01-11,0.02618423265898621
8,1914,1893-01-18,0.08624012773057321
8,1914,1893-01-25,0.03745086169822842
8,1914,1893-02-01,0.010071058620104283
8,1914,1893-02-08,0.000511932160657626
8,1914,1893-02-15,0.0011142212470715094
8,1914,1893-02-22,0.002030323545708214
8,1914,1893-03-01,0.005648009909148463
8,1914,1893-03-08,0.0002546236034214531
8,1914,1893-03-15,0.002441814343262534
8,1914,1893-03-22,0.0053428886202808
8,1914,1893-03-29,0.13172197709900524
8,1914,1893-04-05,0.03585703657926914
8,1914,1893-04-12,0.040270092350962995
8,1914,1893-04-19,0.019877941370165266
8,1914,1893-04-26,0.05034654789775582
8,1914,1893-05-03,0.01705104754097844
8,1914,1893-05-10,0.02012013634139955
8,1914,1893-05-17,0.19112586667369574
8,1914,1893-05-24,0.21730660061859483
8,1914,1893-05-31,0.10789439264396512
8,1914,1893-06-07,0.0032567577859576383
8,1914,1893-06-14,0.0034077693250215784
8,1914,1893-06-21,0.0001467682653277627
8,1914,1893-06-28,0.00026428652020928735
8,1914,1893-07-05,0.015844381471947083
8,1914,1893-07-12,0.009536309547867147
8,1914,1893-07-19,0.024675089195546417
8,1914,1893-07-26,0.017740972732228303
8,1914,1893-08-02,0.00974617049161923
8,1914,1893-08-09,0.0028777069523404407
8,1914,1893-08-16,0.023973271992152333
8,1914,1893-08-23,0.07568585103293231
8,1914,1893-08-30,0.012793136771080967
8,1914,1893-09-06,0.0009450019044225336
8,1914,1893-09-13,0.0001794381476421292
8,1914,1893-09-20,0.0012459427968954605
8,1914,1893-09-27,0.0003593432600487848
8,1914,1893-10-04,0.008401701846434845
8,1914,1893-10-11,0.23043959506987155
8,1914,1893-10-18,0.286192702996284
8,1914,1893-10-25,0.23481057842515035
8,1914,1893-11-01,0.20139675623546066
8,1914,1893-11-08,0.06125192306032236
8,1914,1893-11-15,0.011076139757798423
8,1914,1893-11-22,0.007559169210627454
8,1914,1893-11-29,0.008649944206341237
8,1914,1893-12-06,0.0002409207616767948
8,1914,1893-12-13,0.00032807150183003275
8,1914,1893-12-20,0.0005563121636607467
8,1914,1893-12-27,0.02300139005476743
8,1914,1894-01-03,0.11360861909105968
8,1914,1894-01-10,0.017776399524882
8,1914,1894-01-17,0.027220590265099435
8,1914,1894-01-24,0.004178031721094621
8,1914,1894-01-31,0.00045257968857583713
8,1914,1894-02-07,7.400022665424451e-05
8,1914,1894-02-14,0.00020503822661380153
8,1914,1894-02-21,0.0006078885820620683
8,1914,1894-02-28,0.011937582106946792
8,1914,1894-03-07,0.0004030816675322993
8,1914,1894-03-14,0.0005332175698351365
8,1914,1894-03-21,0.011030872701362089
8,1914,1894-03-28,0.10688708629245262
8,1914,1894-04-04,0.006568608839696835
8,1914,1894-04-11,0.0020704760186250437
8,1914,1894-04-18,0.0012669854981839702
8,1914,1894-04-25,0.00019978457064438152
8,1914,1894-05-02,0.00019389231305106503
8,1914,1894-05-09,0.00017926345231673936
8,1914,1894-05-16,0.00045134642872878016
8,1914,1894-05-23,0.00020461585755800947
8,1914,1894-05-30,0.0001358632141358117
8,1914,1894-06-06,6.191246622320394e-05
8,1914,1894-06-13,0.00015241829707207191
8,1914,1894-06-20,0.00039708110151268007
8,1914,1894-06-27,0.0011841733175240326
8,1914,1894-07-04,0.01193574419764046
8,1914,1894-07-11,0.01753720091992965
8,1914,1894-07-18,0.026043714877407805
8,1914,1894-07-25,0.028972919296891397
8,1914,1894-08-01,0.023126570603820104
8,1914,1894-08-08,0.006395858578117884
8,1914,1894-08-15,0.0074513298378252706
8,1914,1894-08-22,0.0033604517993637124
8,1914,1894-08-29,0.0024320323148058747
8,1914,1894-09-05,0.0002509866170407866
8,1914,1894-09-12,0.0004986214048990635
8,1914,1894-09-19,0.0005480077199246871
8,1914,1894-09-26,0.0009137268291713479
8,1914,1894-10-03,0.0016816647885594088
8,1914,1894-10-10,0.010274625885740562
8,1914,1894-10-17,0.07240873700884892
8,1914,1894-10-24,0.0725937993197248
8,1914,1894-10-31,0.049163860595563005
8,1914,1894-11-07,0.05732018098191398
8,1914,1894-11-14,0.004677433666673127
8,1914,1894-11-21,0.0073828723059692685
8,1914,1894-11-28,0.008319228514396192
8,1914,1894-12-05,0.0035756276905907895
8,1914,1894-12-12,0.0007288361521946263
8,1914,1894-12-19,0.0008894616550851058
8,1914,1894-12-24,0.0013500693377423534
8,1914,1895-01-02,0.19182543708961822
8,1914,1895-01-09,0.020498355518132456
8,1914,1895-01-16,0.0006583185333114003
8,1914,1895-01-23,0.0012673728184039359
8,1914,1895-01-30,0.00021168870117260587
8,1914,1895-02-06,1.826118973004444e-05
8,1914,1895-02-13,3.166218987466794e-05
8,1914,1895-02-20,0.00016006862747257216
8,1914,1895-02-27,0.0017628059581265224
8,1914,1895-03-06,0.0004592881944556146
8,1914,1895-03-13,0.00015250923431498804
8,1914,1895-03-20,0.000681353137546036
8,1914,1895-03-27,0.014506321840428335
8,1914,1895-04-03,0.0041783657516636236
8,1914,1895-04-10,0.0008432875319157864
8,1914,1895-04-17,0.0043121196020872695
8,1914,1895-04-24,0.004807827710053191
8,1914,1895-05-01,0.003451674558379629
8,1914,1895-05-08,0.0031119242985903055
8,1914,1895-05-15,0.007047020163132567
8,1914,1895-05-22,0.008026745488622178
8,1914,1895-05-29,0.008809353198114205
8,1914,1895-06-05,0.008171713358465959
8,1914,1895-06-12,0.01672554542744563
8,1914,1895-06-19,0.010879999174370079
8,1914,1895-06-26,0.013374072229152097
8,1914,1895-07-03,0.019157305443812767
8,1914,1895-07-10,0.007272625835255304
8,1914,1895-07-17,0.016438286084908826
8,1914,1895-07-24,0.02037729455959841
8,1914,1895-07-31,0.010806866877722835
8,1914,1895-08-07,0.007418763896848166
8,1914,1895-08-14,0.005723424942868981
8,1914,1895-08-21,0.003399154965073523
8,1914,1895-08-28,0.0032313160597968946
8,1914,1895-09-04,0.001281798918929235
8,1914,1895-09-11,0.001042423739057193
8,1914,1895-09-18,0.0016271132378621374
8,1914,1895-09-25,0.0016718555960059617
8,1914,1895-10-02,0.0021332547431052425
8,1914,1895-10-09,0.004739079311013314
8,1914,1895-10-16,0.01137966450329535
8,1914,1895-10-23,0.012047084701432703
8,1914,1895-10-30,0.01326045160104809
8,1914,1895-11-06,0.004990542588418026
8,1914,1895-11-13,0.0037137192976139607
8,1914,1895-11-20,0.004467377962112019
8,1914,1895-11-27,0.0023263636897763334
8,1914,1895-12-04,0.0016854371326459835
8,1914,1895-12-11,0.00048120681789200675
8,1914,1895-12-18,0.0005627461344867172
8,1914,1895-12-24,0.0012487041439363817
8,1914,1896-01-01,0.5471038517141014
8,1914,1896-01-08,0.0002388222082863529
8,1914,1896-01-15,0.0036004511455583785
8,1914,1896-01-22,0.0014136134466124805
8,1914,1896-01-29,0.000504767066117215
8,1914,1896-02-05,0.00019104858263467678
8,1914,1896-02-12,0.00086674535025622
8,1914,1896-02-19,0.0011980179610320953
8,1914,1896-02-26,0.00264253970331914
8,1914,1896-03-04,0.002441545955212627
8,1914,1896-03-11,0.004087958127325814
8,1914,1896-03-18,0.00409269667593613
8,1914,1896-03-25,0.004947311177605965
8,1914,1896-04-01,0.01266457900165868
8,1914,1896-04-08,0.01216127178985109
8,1914,1896-04-15,0.013780700961561587
8,1914,1896-04-22,0.011942108720012865
8,1914,1896-04-29,0.009749706400566521
8,1914,1896-05-06,0.0036673079067383527
8,1914,1896-05-13,0.004138632734526896
8,1914,1896-05-20,0.008126198037029403
8,1914,1896-05-27,0.004480273800888041
8,1914,1896-06-03,0.0043574256405519065
8,1914,1896-06-10,0.0028624569026708016
8,1914,1896-06-17,0.0026269792509947773
8,1914,1896-06-24,0.0027175149463118404
8,1914,1896-07-01,0.13021506242600264
8,1914,1896-07-08,0.000696902664249572
8,1914,1896-07-15,0.0040853079767140445
8,1914,1896-07-22,0.003541727001847319
8,1914,1896-07-29,0.003716676569622802
8,1914,1896-08-05,0.001307657708526131
8,1914,1896-08-12,0.0030059432143455804
8,1914,1896-08-19,0.003164742592844734
8,1914,1896-08-26,0.0033655332805510975
8,1914,1896-09-02,0.002411799083766658
8,1914,1896-09-09,0.0056383000239511195
8,1914,1896-09-16,0.004912976680632023
8,1914,1896-09-23,0.011761903558800652
8,1914,1896-09-30,0.02557092303944403
8,1914,1896-10-07,0.010873861002196785
8,1914,1896-10-14,0.03139627477941924
8,1914,1896-10-21,0.0585072637758271
8,1914,1896-10-28,0.013293318279165757
8,1914,1896-11-04,0.022075726954743025
8,1914,1896-11-11,0.008710257567499251
8,1914,1896-11-18,0.005281291632339096
8,1914,1896-11-25,0.004649804185860801
8,1914,1896-12-02,0.007578679724854312
8,1914,1896-12-09,0.004094299513837164
8,1914,1896-12-16,0.009851306131223647
8,1914,1896-12-23,0.06864401703150658
8,1914,1896-12-30,0.8973404552542062
8,1914,1897-01-06,0.2693168082034739
8,1914,1897-01-13,0.04837731136519601
8,1914,1897-01-20,0.02518446466918198
8,1914,1897-01-27,0.0072338086589453805
8,1914,1897-02-03,0.0025060437913035625
8,1914,1897-02-10,0.006932428590476649
8,1914,1897-02-17,0.013951034423457664
8,1914,1897-02-24,0.03987282796477533
8,1914,1897-03-03,0.02283307410123507
8,1914,1897-03-10,0.0037075552703434945
8,1914,1897-03-17,0.006159835555500481
8,1914,1897-03-24,0.006941481680703789
8,1914,1897-03-31,0.022610605721843955
8,1914,1897-04-07,0.005628803812001548
8,1914,1897-04-14,0.02788304801427102
8,1914,1897-04-21,0.033479867290688047
8,1914,1897-04-28,0.02533535258977641
8,1914,1897-05-05,0.009361664554341034
8,1914,1897-05-12,0.011998555773185204
8,1914,1897-05-19,0.004727897633638667
8,1914,1897-05-26,0.0023114693135162572
8,1914,1897-06-02,0.0032186529796690796
8,1914,1897-06-09,0.003493974852276688
8,1914,1897-06-16,0.0033722223972938456
8,1914,1897-06-23,0.0023946555589071565
8,1914,1897-06-30,0.23062064068336793
8,1914,1897-07-07,0.0003814454340325363
8,1914,1897-07-14,0.0022539295146961824
8,1914,1897-07-21,0.0017317624617269292
8,1914,1897-07-28,0.0017319397241407912
8,1914,1897-08-04,0.0003859466162993973
8,1914,1897-08-11,0.0012625742539429331
8,1914,1897-08-18,0.0007850697786462516
8,1914,1897-08-25,0.0004150577101740318
8,1914,1897-09-01,0.0004166180988600935
8,1914,1897-09-08,0.00031903931572670657
8,1914,1897-09-15,0.0006366566276176409
8,1914,1897-09-22,0.0012792580577767499
8,1914,1897-09-29,0.0024267592068447116
8,1914,1897-10-06,0.007485628821814597
8,1914,1897-10-13,0.022717420276224753
8,1914,1897-10-20,0.012516345542036816
8,1914,1897-10-27,0.049228147838697826
8,1914,1897-11-03,0.007483799694573637
8,1914,1897-11-10,0.0012070302416928257
8,1914,1897-11-17,0.0008818538050285008
8,1914,1897-11-24,0.0034557245656564105
8,1914,1897-12-01,0.0009194519854472285
8,1914,1897-12-08,0.0010033086089931652
8,1914,1897-12-15,0.004055288157019012
8,1914,1897-12-22,0.00783538386978427
8,1914,1897-12-29,0.24687034794759846
8,1914,1898-01-05,0.0903889325237289
8,1914,1898-01-12,0.09741043355669585
8,1914,1898-01-19,0.021688244814446974
8,1914,1898-01-26,0.010201908188900455
8,1914,1898-02-02,0.0014652312480318537
8,1914,1898-02-09,0.006484917594478982
8,1914,1898-02-16,0.005503975422613094
8,1914,1898-02-23,0.0439728053557477
8,1914,1898-03-02,0.014546455160343539
8,1914,1898-03-09,0.01277288600943061
8,1914,1898-03-16,0.007614733654725697
8,1914,1898-03-23,0.013117951702580071
8,1914,1898-03-30,0.18175072699740152
8,1914,1898-04-06,0.001549965486095325
8,1914,1898-04-13,0.06390761054254801
8,1914,1898-04-20,0.0890714552742444
8,1914,1898-04-27,0.05507823873534294
8,1914,1898-05-04,0.0026462483881793766
8,1914,1898-05-11,0.006999961283792526
8,1914,1898-05-18,0.00039403610733425727
8,1914,1898-05-25,0.0011672230260207405
8,1914,1898-06-01,0.0005598984516313777
8,1914,1898-06-08,0.013002732898886999
8,1914,1898-06-15,0.008826572801564684
8,1914,1898-06-22,0.013148841420354601
8,1914,1898-06-29,0.011464439023447709
8,1914,1898-07-06,0.027869464265523815
8,1914,1898-07-13,0.02114400882044303
8,1914,1898-07-20,0.023432991904787603
8,1914,1898-07-27,0.02873533274995319
8,1914,1898-08-03,0.0221149123816173
8,1914,1898-08-10,0.006449233178522966
8,1914,1898-08-17,0.00389543534046577
8,1914,1898-08-24,0.002469910382984373
8,1914,1898-08-31,0.0014059462861340775
8,1914,1898-09-07,0.00035239226980916734
8,1914,1898-09-14,0.0005473584248831075
8,1914,1898-09-21,0.0005810609746535055
8,1914,1898-09-28,0.002713568602555129
8,1914,1898-10-05,0.0007148145858624349
8,1914,1898-10-12,0.005753057269043871
8,1914,1898-10-19,0.0013422780484933059
8,1914,1898-10-26,0.016228654519270726
8,1914,1898-11-02,0.0009988517224525553
8,1914,1898-11-09,0.0002921699006365179
8,1914,1898-11-16,0.00020896329728015337
8,1914,1898-11-23,0.0014403787310610983
8,1914,1898-11-30,0.008519352924011556
8,1914,1898-12-07,0.0008474980819713591
8,1914,1898-12-14,0.014713166568292767
8,1914,1898-12-21,0.043576326090936375
8,1914,1898-12-28,0.5183823939244183
8,1914,1899-01-04,0.2350323109707722
8,1914,1899-01-11,0.5687290504430071
8,1914,1899-01-18,0.42365551198223744
8,1914,1899-01-25,0.17088196719753035
8,1914,1899-02-01,0.01144299037116489
8,1914,1899-02-08,0.020141606986538867
8,1914,1899-02-15,0.014951473973672856
8,1914,1899-02-22,0.06141296765538843
8,1914,1899-03-01,0.09277641369298295
8,1914,1899-03-08,0.008870617312777464
8,1914,1899-03-15,0.020200363886073724
8,1914,1899-03-22,0.06848394125360269
8,1914,1899-03-29,0.8129315461973166
8,1914,1899-04-05,0.004834765039122936
8,1914,1899-04-12,0.03823105096674357
8,1914,1899-04-19,0.030394205498366366
8,1914,1899-04-26,0.014692083763309393
8,1914,1899-05-03,0.0009634654232477443
8,1914,1899-05-10,0.0016563758944178632
8,1914,1899-05-17,0.0027123068489104296
8,1914,1899-05-24,0.0044290844705696004
8,1914,1899-05-31,0.004088686111566541
8,1914,1899-06-07,0.001600358111805887
8,1914,1899-06-14,0.0023336274333555485
8,1914,1899-06-21,0.0007336874603509658
8,1914,1899-06-28,0.016535907132372834
8,1914,1899-07-05,0.00026391308234153843
8,1914,1899-07-12,0.0016343878724151347
8,1914,1899-07-19,0.0018556687051847229
8,1914,1899-07-26,0.0023221982947129872
8,1914,1899-08-02,0.0004849692066021045
8,1914,1899-08-09,0.0010730371183532749
8,1914,1899-08-16,0.0009547139325281123
8,1914,1899-08-23,0.000717210731378662
8,1914,1899-08-30,0.0004276304293909396
8,1914,1899-09-06,0.00028902467883680055
8,1914,1899-09-13,0.0002960993976217118
8,1914,1899-09-20,0.0006843795696231439
8,1914,1899-09-27,0.004821610262542569
8,1914,1899-10-04,0.027276070952315944
8,1914,1899-10-11,0.16139457464567566
8,1914,1899-10-18,0.3186668848068129
8,1914,1899-10-25,0.3356943777547023
8,1914,1899-11-01,0.06762110187573402
8,1914,1899-11-08,0.024440872886911248
8,1914,1899-11-15,0.13054414829632052
8,1914,1899-11-22,0.14711884375803158
8,1914,1899-11-29,0.3186461907402577
8,1914,1899-12-06,0.005011086918000464
8,1914,1899-12-13,0.021533440386966914
8,1914,1899-12-20,0.2418340805471015
8,1914,1899-12-27,0.48562348534424565
8,1914,1900-01-03,0.20001334647904193
8,1914,1900-01-10,0.14435017104623332
8,1914,1900-01-17,0.08874547662279358
8,1914,1900-01-24,0.005059238630844226
8,1914,1900-01-31,0.006626971364081406
8,1914,1900-02-07,0.029646305676659945
8,1914,1900-02-14,0.07863888529337255
8,1914,1900-02-21,0.1555977988060303
8,1914,1900-02-28,0.21457800918692155
8,1914,1900-03-07,0.08275531907640853
8,1914,1900-03-14,0.7785691846377099
8,1914,1900-03-21,0.0030521786574168206
8,1914,1900-03-28,0.012594688853515007
8,1914,1900-04-04,0.0029006556119411373
8,1914,1900-04-11,0.009435708397957354
8,1914,1900-04-18,0.013607426628191055
8,1914,1900-04-25,0.04217133126376367
8,1914,1900-05-02,0.036113997762135044
8,1914,1900-05-09,0.010043434379444232
8,1914,1900-05-16,0.0016116644925498527
8,1914,1900-05-23,0.005106786985420244
8,1914,1900-05-30,0.008350459888515169
8,1914,1900-06-06,0.0015626875656895936
8,1914,1900-06-13,0.0037143207826698206
8,1914,1900-06-20,0.02009413246568068
8,1914,1900-06-27,0.012522774047450561
8,1914,1900-07-04,0.008581682705773072
8,1914,1900-07-11,0.021291347795716203
8,1914,1900-07-18,0.04603677945263022
8,1914,1900-07-25,0.014006481787309545
8,1914,1900-08-01,0.08292775544915053
8,1914,1900-08-08,0.004277314780716804
8,1914,1900-08-15,0.027605129312770475
8,1914,1900-08-22,0.00387261630093817
8,1914,1900-08-29,0.0009671677045078214
8,1914,1900-09-05,1.6793164394696945e-05
8,1914,1900-09-12,6.564569645373895e-06
8,1914,1900-09-19,1.9211242341818155e-05
8,1914,1900-09-26,0.00012922652406058692
8,1914,1900-10-03,0.00104004515683843
8,1914,1900-10-10,0.014456142733758354
8,1914,1900-10-17,0.10215866275396847
8,1914,1900-10-24,0.1184463911276329
8,1914,1900-10-31,0.2051269946038933
8,1914,1900-11-07,0.04762414354909953
8,1914,1900-11-14,0.0673867184647416
8,1914,1900-11-21,0.0746424724076864
8,1914,1900-11-28,0.19807274275836925
8,1914,1900-12-05,0.004553681473726715
8,1914,1900-12-12,0.008606904351292898
8,1914,1900-12-19,0.0092958098574254
8,1914,1900-12-24,0.016426929604960606
8,1914,1901-01-02,0.3810315039350092
8,1914,1901-01-09,0.03447726347636208
8,1914,1901-01-16,0.21388210724193749
8,1914,1901-01-23,0.003796142844082517
8,1914,1901-01-30,0.0006103674185928223
8,1914,1901-02-06,2.706997881772087e-05
8,1914,1901-02-13,0.001013675009562009
8,1914,1901-02-20,0.0005458684892544188
8,1914,1901-02-27,0.214341639489218
8,1914,1901-03-06,0.0010055018502725798
8,1914,1901-03-13,0.0006686767657659075
8,1914,1901-03-20,0.004094645996574821
8,1914,1901-03-27,0.18015089935576403
8,1914,1901-04-03,0.01599084801978687
8,1914,1901-04-10,0.010575186784887176
8,1914,1901-04-17,0.07240788343506453
8,1914,1901-04-24,0.33247088039569206
8,1914,1901-05-01,0.011440498995897339
8,1914,1901-05-08,0.0007637719864220174
8,1914,1901-05-15,0.17220499736545583
8,1914,1901-05-22,0.0034144365823443497
8,1914,1901-05-29,0.007769769390036993
8,1914,1901-06-05,0.0032718918668846386
8,1914,1901-06-12,0.010373195065812442
8,1914,1901-06-19,0.002194560494341306
8,1914,1901-06-26,0.013297649805200493
8,1914,1901-07-03,0.30516983839687756
8,1914,1901-07-10,0.0012264831543528892
8,1914,1901-07-17,0.045939586580422055
8,1914,1901-07-24,0.0069065370153532
8,1914,1901-07-31,0.0658530514839468
8,1914,1901-08-07,0.0003862238385475548
8,1914,1901-08-14,0.0038029823542889258
8,1914,1901-08-21,0.002042285866013051
8,1914,1901-08-28,0.0012091238255425556
8,1914,1901-09-04,0.00012686527427155703
8,1914,1901-09-11,0.0004623104538005939
8,1914,1901-09-18,0.0006542200451523374
8,1914,1901-09-25,0.0020214291303835854
8,1914,1901-10-02,0.009425991503838346
8,1914,1901-10-09,0.01644931375454267
8,1914,1901-10-16,0.023979474229068272
8,1914,1901-10-23,0.006381820625620149
8,1914,1901-10-30,0.15649239271142795
8,1914,1901-11-06,0.012588187365408699
8,1914,1901-11-13,0.041407721605136276
8,1914,1901-11-20,0.0053916289175595326
8,1914,1901-11-27,0.08201250520448848
8,1914,1901-12-04,0.0028615852022764
8,1914,1901-12-11,0.001952138974319542
8,1914,1901-12-18,0.012674433386968574
8,1914,1901-12-24,0.020252361551884642
8,1914,1902-01-01,0.977085951178805
8,1914,1902-01-08,0.0004102193002720192
8,1914,1902-01-15,0.0875107227242597
8,1914,1902-01-22,0.007245190694502738
8,1914,1902-01-29,0.0014442426207684372
8,1914,1902-02-05,6.538427401443859e-05
8,1914,1902-02-12,0.006987825416911919
8,1914,1902-02-19,0.013396053556516442
8,1914,1902-02-26,0.20793625198442545
8,1914,1902-03-05,0.00869286997746662
8,1914,1902-03-12,0.006822234488849714
8,1914,1902-03-19,0.004576969430871264
8,1914,1902-03-26,0.1140420951780398
8,1914,1902-04-02,0.012854729472918361
8,1914,1902-04-09,0.00010871500646069475
8,1914,1902-04-16,0.0011168792254473404
8,1914,1902-04-23,0.0020466969305371597
8,1914,1902-04-30,0.002676187903064968
8,1914,1902-05-07,6.976784806761773e-05
8,1914,1902-05-14,0.002170169752025586
8,1914,1902-05-21,0.0015094603690798366
8,1914,1902-05-28,0.011922918057790015
8,1914,1902-06-04,0.00018012479910825763
8,1914,1902-06-11,0.0007507905994137819
8,1914,1902-06-18,0.0004217775254709694
8,1914,1902-06-25,0.09142728428555541
8,1914,1902-07-02,0.019145953859087465
8,1914,1902-07-09,7.277588371361998e-05
8,1914,1902-07-16,0.00742550452337704
8,1914,1902-07-23,0.004641772106067065
8,1914,1902-07-30,0.004403060374507667
8,1914,1902-08-06,0.00029271576820098826
8,1914,1902-08-13,0.00920727251257293
8,1914,1902-08-20,0.0037436012874676543
8,1914,1902-08-27,0.003010440394713211
8,1914,1902-09-03,0.00019591942368134995
8,1914,1902-09-10,0.0002745222127710814
8,1914,1902-09-17,0.00034706693330800465
8,1914,1902-09-24,0.0010128601727083801
8,1914,1902-10-01,0.01916608594608038
8,1914,1902-10-08,0.002837585159927264
8,1914,1902-10-15,0.06681523944757245
8,1914,1902-10-22,0.0810907602293156
8,1914,1902-10-29,0.11218493850428202
8,1914,1902-11-05,0.002994957422105589
8,1914,1902-11-12,0.018876031768341864
8,1914,1902-11-19,0.023415532297702137
8,1914,1902-11-26,0.25094495491546587
8,1914,1902-12-03,0.017182027809991174
8,1914,1902-12-10,0.004375120215811648
8,1914,1902-12-17,0.011668873044372334
8,1914,1902-12-24,0.24854485726046735
8,1914,1902-12-31,0.993596577834873
8,1914,1903-01-07,1.7271247439279134e-05
8,1914,1903-01-14,0.013171281436384415
8,1914,1903-01-21,0.0027413034086342775
8,1914,1903-01-28,8.648839489879924e-05
8,1914,1903-02-04,8.398188161863315e-06
8,1914,1903-02-11,0.000390044272668174
8,1914,1903-02-18,0.004251255524621481
8,1914,1903-02-25,0.02041830133769567
8,1914,1903-03-04,0.005526776495605511
8,1914,1903-03-11,0.004176847785014937
8,1914,1903-03-18,0.008471678686249066
8,1914,1903-03-25,0.016538538903397626
8,1914,1903-04-01,0.03729141140026695
8,1914,1903-04-08,0.00010490328318776181
8,1914,1903-04-15,0.008494950242480918
8,1914,1903-04-22,0.006530175132543751
8,1914,1903-04-29,0.02849651543708927
8,1914,1903-05-06,0.00035830916819262477
8,1914,1903-05-13,0.990359605479558
8,1914,1903-05-20,2.6756214263621844e-06
8,1914,1903-05-27,0.009523494411901014
8,1914,1903-06-03,0.0025811926065171507
8,1914,1903-06-10,0.004399695591330182
8,1914,1903-06-17,0.0007220788100881233
8,1914,1903-06-24,0.019905650176643433
8,1914,1903-07-01,0.5340895866405125
8,1914,1903-07-08,2.8134330335410405e-05
8,1914,1903-07-15,0.00047605645764826676
8,1914,1903-07-22,0.00827641560782866
8,1914,1903-07-29,0.01152220829511696
8,1914,1903-08-05,0.0003269573061283264
8,1914,1903-08-12,0.006492690651607484
8,1914,1903-08-19,0.004893209779542985
8,1914,1903-08-26,0.013834712707197619
8,1914,1903-09-02,0.0006660904724463835
8,1914,1903-09-09,0.000426792793356506
8,1914,1903-09-16,0.0009172878090539357
8,1914,1903-09-23,0.0006885389002949169
8,1914,1903-09-30,0.029826769761077843
8,1914,1903-10-07,0.004169976516303058
8,1914,1903-10-14,0.05894942767989101
8,1914,1903-10-21,0.03829468652835168
8,1914,1903-10-28,0.02950329399031126
8,1914,1903-11-04,0.0035456317414591077
8,1914,1903-11-11,0.0024728711525703203
8,1914,1903-11-18,0.00368160941679448
8,1914,1903-11-25,0.007699955367037344
8,1914,1903-12-02,0.008721235079645178
8,1914,1903-12-09,0.0020109649976938248
8,1914,1903-12-16,0.009513588044979869
8,1914,1903-12-23,0.0636392604862644
8,1914,1903-12-30,0.9543587870072148
8,1914,1904-01-06,0.004892889260327172
8,1914,1904-01-13,0.02801057101452562
8,1914,1904-01-20,0.01120495562207722
8,1914,1904-01-27,0.0004622567042507941
8,1914,1904-02-03,3.482376726286577e-05
8,1914,1904-02-10,0.00023954387526355027
8,1914,1904-02-17,0.0013381709366465662
8,1914,1904-02-24,0.006514761327092265
8,1914,1904-03-02,0.0022075299892695987
8,1914,1904-03-09,0.002247376226328829
8,1914,1904-03-16,0.004059700824773838
8,1914,1904-03-23,0.006716703137026818
8,1914,1904-03-30,0.16671422390430293
8,1914,1904-04-06,0.003687634975344478
8,1914,1904-04-13,0.04422238235900996
8,1914,1904-04-20,0.23300689750223444
8,1914,1904-04-27,0.004497317095296431
8,1914,1904-05-04,0.001232420667408946
8,1914,1904-05-11,0.0006722872249017848
8,1914,1904-05-18,0.0032635142415936265
8,1914,1904-05-25,0.0024265244614849846
8,1914,1904-06-01,0.003872042164173667
8,1914,1904-06-08,0.0001691902990098379
8,1914,1904-06-15,0.0005189248063084954
8,1914,1904-06-22,0.0002307008568631688
8,1914,1904-06-29,0.250847968870393
8,1914,1904-07-06,2.066524679376749e-05
8,1914,1904-07-13,0.0007290690553191291
8,1914,1904-07-20,0.0023885871814403035
8,1914,1904-07-27,0.03369136359950819
8,1914,1904-08-03,0.0002334471213673097
8,1914,1904-08-10,0.0007707566174005058
8,1914,1904-08-17,0.0002639584110250755
8,1914,1904-08-24,0.00038754891567079644
8,1914,1904-08-31,0.00011538149471179002
8,1914,1904-09-07,2.773985291380068e-05
8,1914,1904-09-14,9.217877104838394e-05
8,1914,1904-09-21,0.0001671856297948534
8,1914,1904-09-28,0.0007815730946724381
8,1914,1904-10-05,0.0003254648876451679
8,1914,1904-10-12,0.006221258502876799
8,1914,1904-10-19,0.007395951266635386
8,1914,1904-10-26,0.03604370523724406
8,1914,1904-11-02,0.0068289128421621294
8,1914,1904-11-09,0.007269972877643681
8,1914,1904-11-16,0.017818585562873933
8,1914,1904-11-23,0.02434150380995786
8,1914,1904-11-30,0.14285290178164203
8,1914,1904-12-07,0.004563957706795956
8,1914,1904-12-14,0.017251068567338983
8,1914,1904-12-21,0.06320412378708119
8,1914,1904-12-28,0.5578068997073261
8,1914,1905-01-04,0.0793427294060525
8,1914,1905-01-11,0.0002162572774268582
8,1914,1905-01-18,0.0025327548751876987
8,1914,1905-01-25,0.00013651487753468675
8,1914,1905-02-01,3.211247902897394e-05
8,1914,1905-02-08,3.6565646252773742e-06
8,1914,1905-02-15,6.531126509994937e-05
8,1914,1905-02-22,0.00047703829358752034
8,1914,1905-03-01,0.0012728720603810144
8,1914,1905-03-08,4.812569070075876e-05
8,1914,1905-03-15,0.02449501762517729
8,1914,1905-03-22,8.970858392981657e-05
8,1914,1905-03-29,0.041247588397120616
8,1914,1905-04-05,0.0003636900768495912
8,1914,1905-04-12,0.0061276992063639315
8,1914,1905-04-19,0.0023908102604094277
8,1914,1905-04-26,0.020741739714136585
8,1914,1905-05-03,0.013087483543540574
8,1914,1905-05-10,0.0022231606387492914
8,1914,1905-05-17,0.003917924810555222
8,1914,1905-05-24,0.00048494537421602744
8,1914,1905-05-31,0.0007667873773922566
8,1914,1905-06-07,0.0003125071964718904
8,1914,1905-06-14,0.0006063885114556685
8,1914,1905-06-21,0.0008356339088703085
8,1914,1905-06-28,0.04037496445682499
8,1914,1905-07-05,0.018630631925223105
8,1914,1905-07-12,0.00012783979464785908
8,1914,1905-07-19,0.0033502333976319883
8,1914,1905-07-26,0.004547085150560708
8,1914,1905-08-02,0.001438985923441117
8,1914,1905-08-09,0.000737150518430053
8,1914,1905-08-16,0.00478921142956749
8,1914,1905-08-23,0.0029617945869619927
8,1914,1905-08-30,0.0018274119921992968
8,1914,1905-09-06,0.0011071268928860524
8,1914,1905-09-13,0.0009693405548984353
8,1914,1905-09-20,0.0025123625797925935
8,1914,1905-09-27,0.04506597323539874
8,1914,1905-10-04,0.0004710338569160789
8,1914,1905-10-11,0.0068953902413019475
8,1914,1905-10-18,0.009269115037772056
8,1914,1905-10-25,0.005111375322824429
8,1914,1905-11-01,0.0028764102472054473
8,1914,1905-11-08,0.0013784908823583058
8,1914,1905-11-15,0.002060561194191694
8,1914,1905-11-22,0.003653897846531584
8,1914,1905-11-29,0.0013559198193556436
8,1914,1905-12-06,0.00044475329124003186
8,1914,1905-12-13,0.0030003960835066072
8,1914,1905-12-20,0.11580476319671777
8,1914,1905-12-27,0.013637824822378946
8,1914,1906-01-03,0.07111470715514509
8,1914,1906-01-10,0.011734067752225519
8,1914,1906-01-17,0.018017990930436344
8,1914,1906-01-24,0.0005098769379917171
8,1914,1906-01-31,2.2599525277236914e-05
8,1914,1906-02-07,2.026096790954339e-05
8,1914,1906-02-14,2.5364810035301906e-05
8,1914,1906-02-21,0.0007196224594643618
8,1914,1906-02-28,0.008573588041201273
8,1914,1906-03-07,9.929595901888356e-05
8,1914,1906-03-14,0.0018991330826095413
8,1914,1906-03-21,0.008237773150875018
8,1914,1906-03-28,0.015472412567282347
8,1914,1906-04-04,0.001737242795940731
8,1914,1906-04-11,0.06792058621492161
8,1914,1906-04-18,0.07075852655755224
8,1914,1906-04-25,0.21005288385888304
8,1914,1906-05-02,0.04136105127799891
8,1914,1906-05-09,0.0110630928122542
8,1914,1906-05-16,0.00918926524204959
8,1914,1906-05-23,0.004013490596708897
8,1914,1906-05-30,0.0009987725712293227
8,1914,1906-06-06,0.0005671328325989722
8,1914,1906-06-13,0.00016058037639030728
8,1914,1906-06-20,0.0003522775306582762
8,1914,1906-06-27,0.0018703485405959798
8,1914,1906-07-04,0.011754747221323062
8,1914,1906-07-11,5.8616501631829664e-05
8,1914,1906-07-18,0.001695467493292578
8,1914,1906-07-25,0.010689838506998858
8,1914,1906-08-01,0.002916477744611739
8,1914,1906-08-08,0.0003832807389988469
8,1914,1906-08-15,0.003560662291845011
8,1914,1906-08-22,0.0017792500451009156
8,1914,1906-08-29,0.0012640389311289746
8,1914,1906-09-05,0.0003477905811196631
8,1914,1906-09-12,0.0009906193033131067
8,1914,1906-09-19,0.005646196128261468
8,1914,1906-09-26,0.029364527908160052
8,1914,1906-10-03,0.04899675092844936
8,1914,1906-10-10,0.08803962690785115
8,1914,1906-10-17,0.032178688997135586
8,1914,1906-10-24,0.05356460989339415
8,1914,1906-10-31,0.04276031458038032
8,1914,1906-11-07,0.006983074556968537
8,1914,1906-11-14,0.0007679936794805847
8,1914,1906-11-21,0.006044274304295842
8,1914,1906-11-28,0.003503767873301261
8,1914,1906-12-05,0.000559577283709873
8,1914,1906-12-12,0.0008133871577897903
8,1914,1906-12-19,0.012905353354908288
8,1914,1906-12-24,0.11421421376488856
8,1914,1907-01-02,0.931849329191737
8,1914,1907-01-09,0.038004462507790535
8,1914,1907-01-16,0.12431276457975014
8,1914,1907-01-23,0.011944553223207921
8,1914,1907-01-30,0.0006331417682885543
8,1914,1907-02-06,0.0001561695906459112
8,1914,1907-02-13,0.0024305388437526254
8,1914,1907-02-20,0.007017888341295456
8,1914,1907-02-27,0.028252617587716806
8,1914,1907-03-06,0.021443587981933465
8,1914,1907-03-13,0.012368770796419385
8,1914,1907-03-20,0.13879866560265772
8,1914,1907-03-27,0.39540187258307
8,1914,1907-04-03,0.3071635368862416
8,1914,1907-04-10,0.11248851339135152
8,1914,1907-04-17,0.2128173072878213
8,1914,1907-04-24,0.022073969951818852
8,1914,1907-05-01,0.008001374113323613
8,1914,1907-05-08,0.0020296412582483958
8,1914,1907-05-15,0.006201312935391449
8,1914,1907-05-22,0.004848991477436332
8,1914,1907-05-29,0.005350413878641724
8,1914,1907-06-05,0.0011041835276671178
8,1914,1907-06-12,0.003552268771813284
8,1914,1907-06-19,0.0023997168764505724
8,1914,1907-06-26,0.026781683154791586
8,1914,1907-07-03,0.10379043040290921
8,1914,1907-07-10,0.00040086195018016813
8,1914,1907-07-17,0.006073566596528533
8,1914,1907-07-24,0.006423751168969935
8,1914,1907-07-31,0.0022955554281520562
8,1914,1907-08-07,0.0005708353882903689
8,1914,1907-08-14,0.0019496695439288132
8,1914,1907-08-21,0.002084008555209169
8,1914,1907-08-28,0.0025600523387363213
8,1914,1907-09-04,0.0005200797918995261
8,1914,1907-09-11,0.00041566503900556187
8,1914,1907-09-18,0.001378090489585681
8,1914,1907-09-25,0.002061972884278147
8,1914,1907-10-02,0.006724158178426402
8,1914,1907-10-09,0.010444622168381448
8,1914,1907-10-16,0.0737267115507317
8,1914,1907-10-23,0.030629804103165067
8,1914,1907-10-30,0.2367620017846754
8,1914,1907-11-06,0.026135601787302315
8,1914,1907-11-13,0.14185087971558005
8,1914,1907-11-20,0.15660907323456713
8,1914,1907-11-27,0.15404139079028467
8,1914,1907-12-04,0.004492582231965943
8,1914,1907-12-11,0.0008234122163856277
8,1914,1907-12-18,0.04200259605916513
8,1914,1907-12-24,0.08794811296072033
8,1914,1908-01-01,0.9603135185505172
8,1914,1908-01-08,0.003699075796378786
8,1914,1908-01-15,0.04039011839270777
8,1914,1908-01-22,0.019211896935269805
8,1914,1908-01-29,0.0007635336831221286
8,1914,1908-02-05,0.0003396272690076103
8,1914,1908-02-12,0.007281591114202396
8,1914,1908-02-19,0.02551679238769402
8,1914,1908-02-26,0.2951132615892945
8,1914,1908-03-04,0.011211133017660592
8,1914,1908-03-11,0.028539186382357286
8,1914,1908-03-18,0.01292007616884787
8,1914,1908-03-25,0.13749676778957937
8,1914,1908-04-01,0.0018579879398742337
8,1914,1908-04-08,0.0017994106785275137
8,1914,1908-04-15,0.005019528340351007
8,1914,1908-04-22,0.014524563143923712
8,1914,1908-04-29,0.0016828183475651544
8,1914,1908-05-06,0.0012442285304242672
8,1914,1908-05-13,0.0009125331217446178
8,1914,1908-05-20,0.0005341233014266113
8,1914,1908-05-27,0.00047355424784173303
8,1914,1908-06-03,0.0018807577225319857
8,1914,1908-06-10,0.0017595974664574602
8,1914,1908-06-17,0.0030869322260878404
8,1914,1908-06-24,0.0025387472077524793
8,1914,1908-07-01,0.0968273425462528
8,1914,1908-07-08,0.00014854748026104874
8,1914,1908-07-15,0.0011180190736420842
8,1914,1908-07-22,0.0019003574270841622
8,1914,1908-07-29,0.002339103029344309
8,1914,1908-08-05,0.0003283165684108775
8,1914,1908-08-12,0.0008510004789509359
8,1914,1908-08-19,0.0006906460150217221
8,1914,1908-08-26,0.0002680935681635746
8,1914,1908-09-02,7.918316883705071e-05
8,1914,1908-09-09,9.337490654032342e-05
8,1914,1908-09-16,0.00016269105338191065
8,1914,1908-09-23,0.0003853480056917293
8,1914,1908-09-30,0.0006754275814792266
8,1914,1908-10-07,0.000996141868548866
8,1914,1908-10-14,0.0024096546159227757
8,1914,1908-10-21,0.0022492084998159906
8,1914,1908-10-28,0.0023317015241350525
8,1914,1908-11-04,0.0013899322284796495
8,1914,1908-11-11,0.00039382944991863794
8,1914,1908-11-18,0.0007181950728534295
8,1914,1908-11-25,0.003966232831879684
8,1914,1908-12-02,0.0011527348318221377
8,1914,1908-12-09,0.0008083601813521861
8,1914,1908-12-16,0.00317574672467879
8,1914,1908-12-23,0.02580983567074598
8,1914,1908-12-30,0.7140042252998364
8,1914,1909-01-06,0.00012683172519039931
8,1914,1909-01-13,0.0009141293601406021
8,1914,1909-01-20,0.0004682360605047134
8,1914,1909-01-27,4.318881435493044e-05
8,1914,1909-02-03,5.851700990992134e-06
8,1914,1909-02-10,1.4504864270101518e-05
8,1914,1909-02-17,3.984341350426203e-05
8,1914,1909-02-24,0.0009838415025672604
8,1914,1909-03-03,0.00013305713736952495
8,1914,1909-03-10,0.0002549410924971601
8,1914,1909-03-17,0.0025498913926108877
8,1914,1909-03-24,0.00606653242542612
8,1914,1909-03-31,0.003334072379773963
8,1914,1909-04-07,0.0006113257944724799
8,1914,1909-04-14,0.0025429631422177993
8,1914,1909-04-21,0.0038006059349824034
8,1914,1909-04-28,0.002557730908445188
8,1914,1909-05-05,0.0017894011350946214
8,1914,1909-05-12,0.0006455979697714322
8,1914,1909-05-19,0.0006122719158014005
8,1914,1909-05-26,0.0024748453930749552
8,1914,1909-06-02,0.0043343415634104305
8,1914,1909-06-09,0.0004904752976123019
8,1914,1909-06-16,0.0006193584114935793
8,1914,1909-06-23,0.0003314393832813208
8,1914,1909-06-30,0.261974439078772
8,1914,1909-07-07,6.636643200140554e-07
8,1914,1909-07-14,0.00012245880282314158
8,1914,1909-07-21,0.0003895379965327197
8,1914,1909-07-28,0.0007456620063110796
8,1914,1909-08-04,0.00012288622060329567
8,1914,1909-08-11,0.0005229662349553183
8,1914,1909-08-18,0.000963526195177409
8,1914,1909-08-25,0.0005462333331200222
8,1914,1909-09-01,0.00010096399896536774
8,1914,1909-09-08,0.00016537168917444287
8,1914,1909-09-15,0.0003494827180942409
8,1914,1909-09-22,0.0003762218567665987
8,1914,1909-09-29,0.0010646475261164242
8,1914,1909-10-06,0.002945025571271132
8,1914,1909-10-13,0.011166543604555408
8,1914,1909-10-20,0.005327853226319135
8,1914,1909-10-27,0.008110900674610077
8,1914,1909-11-03,0.004816064485470727
8,1914,1909-11-10,0.00033912004346331833
8,1914,1909-11-17,0.0002302194869697527
8,1914,1909-11-24,0.00013163721139928223
8,1914,1909-12-01,9.608990912555421e-05
8,1914,1909-12-08,2.271936663558569e-05
8,1914,1909-12-15,0.0002690886199574121
8,1914,1909-12-22,0.022185354922848687
8,1914,1909-12-29,0.9940687331741296
8,1914,1910-01-05,0.0704271157365097
8,1914,1910-01-12,0.152442728024286
8,1914,1910-01-19,0.0363370713732867
8,1914,1910-01-26,0.008297568914102106
8,1914,1910-02-02,0.0011597017814909665
8,1914,1910-02-09,0.0009065049843507858
8,1914,1910-02-16,0.00716021483182077
8,1914,1910-02-23,0.0017768624349025646
8,1914,1910-03-02,0.0008763158928021381
8,1914,1910-03-09,0.0006074611433944901
8,1914,1910-03-16,0.005165195132608541
8,1914,1910-03-23,0.001871278780562387
8,1914,1910-03-30,0.03854429175426913
8,1914,1910-04-06,0.039397475821866666
8,1914,1910-04-13,0.004575802220709772
8,1914,1910-04-20,0.0030585984583065646
8,1914,1910-04-27,0.00346468713129823
8,1914,1910-05-04,0.0005602992401435136
8,1914,1910-05-11,1.84691351142756e-05
8,1914,1910-05-18,0.00030161492264426575
8,1914,1910-05-25,0.04334836598898562
8,1914,1910-06-01,0.0030133404054853187
8,1914,1910-06-08,0.003561375372741132
8,1914,1910-06-15,0.006439901920701579
8,1914,1910-06-22,0.013070096112526342
8,1914,1910-06-29,0.655341128231861
8,1914,1910-07-06,0.0014885055576690802
8,1914,1910-07-13,0.0014483172779560457
8,1914,1910-07-20,0.00949885655393319
8,1914,1910-07-27,0.005509815906166424
8,1914,1910-08-03,0.001078719398931805
8,1914,1910-08-10,0.00138588946914762
8,1914,1910-08-17,0.00133016308085741
8,1914,1910-08-24,0.0008717130600823372
8,1914,1910-08-31,0.00028741238802100803
8,1914,1910-09-07,0.00024936107357826905
8,1914,1910-09-14,0.00047786883719201
8,1914,1910-09-21,0.0005949915182242475
8,1914,1910-09-28,0.0021486716684474775
8,1914,1910-10-05,0.0005253137776080757
8,1914,1910-10-12,0.012193912812078298
8,1914,1910-10-19,0.022834171807800435
8,1914,1910-10-26,0.017580674845840222
8,1914,1910-11-02,0.005812411150470283
8,1914,1910-11-09,0.0011421004070417302
8,1914,1910-11-16,0.0005943531061759121
8,1914,1910-11-23,0.0007337157658587828
8,1914,1910-11-30,0.00028568358624286795
8,1914,1910-12-07,0.0008119718477762089
8,1914,1910-12-14,0.0021299505091260306
8,1914,1910-12-21,0.017430873680321226
8,1914,1910-12-28,0.9104424262525499
8,1914,1911-01-04,0.8732649780105947
8,1914,1911-01-11,0.0030365572240742523
8,1914,1911-01-18,0.0449327102626861
8,1914,1911-01-25,0.004792996407466245
8,1914,1911-02-01,0.00026602709945338965
8,1914,1911-02-08,4.467200280531316e-05
8,1914,1911-02-15,0.0007889446218785418
8,1914,1911-02-22,0.013979346621729689
8,1914,1911-03-01,0.014749488083746355
8,1914,1911-03-08,0.0012632355663122089
8,1914,1911-03-15,0.08873122872150563
8,1914,1911-03-22,0.07802282037461031
8,1914,1911-03-29,0.009870581662261867
8,1914,1911-04-05,0.005708764249249861
8,1914,1911-04-12,0.011495135965794122
8,1914,1911-04-19,0.0015365293439409244
8,1914,1911-04-26,0.013835089828163259
8,1914,1911-05-03,0.001150571438232781
8,1914,1911-05-10,0.00022903020110328536
8,1914,1911-05-17,0.00016444387497378685
8,1914,1911-05-24,0.00018622028151129205
8,1914,1911-05-31,0.00022438639377012138
8,1914,1911-06-07,0.00013749926842414122
8,1914,1911-06-14,0.0004161970183703184
8,1914,1911-06-21,0.0009865996654356778
8,1914,1911-06-28,0.06220870569097385
8,1914,1911-07-05,0.007553033404502288
8,1914,1911-07-12,4.7205369773972475e-05
8,1914,1911-07-19,0.0004333864939722546
8,1914,1911-07-26,0.0005993524441659829
8,1914,1911-08-02,7.885276099861548e-05
8,1914,1911-08-09,0.00018855475609372093
8,1914,1911-08-16,0.0007612480427105821
8,1914,1911-08-23,0.0005694994753641909
8,1914,1911-08-30,0.0008971148754275673
8,1914,1911-09-06,5.294373139394016e-05
8,1914,1911-09-13,0.00025656856154307
8,1914,1911-09-20,0.0007450172850106849
8,1914,1911-09-27,0.0004211748943416171
8,1914,1911-10-04,0.0020002699950806644
8,1914,1911-10-11,0.01465710196547464
8,1914,1911-10-18,0.017840641988085965
8,1914,1911-10-25,0.01958167021855349
8,1914,1911-11-01,0.03616271831646379
8,1914,1911-11-08,0.025387401636043607
8,1914,1911-11-15,0.022929516329965306
8,1914,1911-11-22,0.009981460881275422
8,1914,1911-11-29,0.01057465494629616
8,1914,1911-12-06,0.0010454621463448816
8,1914,1911-12-13,0.0026151004177149204
8,1914,1911-12-20,0.0741074797686383
8,1914,1911-12-27,0.7372942791894203
8,1914,1912-01-03,0.5557508819146562
8,1914,1912-01-10,0.0003451370593734308
8,1914,1912-01-17,0.008330780680191503
8,1914,1912-01-24,0.0008455981637334561
8,1914,1912-01-31,0.0001013452472385565
8,1914,1912-02-07,1.3753263102672182e-05
8,1914,1912-02-14,0.002278418197840258
8,1914,1912-02-21,0.005576277829610972
8,1914,1912-02-28,0.023798671075618987
8,1914,1912-03-06,0.005918200976118313
8,1914,1912-03-13,0.14052395503812093
8,1914,1912-03-20,0.04604060025238954
8,1914,1912-03-27,0.0265012066900605
8,1914,1912-04-03,0.036928857694314
8,1914,1912-04-10,0.005130228837395658
8,1914,1912-04-17,0.00322521349259759
8,1914,1912-04-24,0.0008798821948841017
8,1914,1912-05-01,0.0005080830476392495
8,1914,1912-05-08,1.2309543970824299e-05
8,1914,1912-05-15,6.540883800053288e-05
8,1914,1912-05-22,0.00015504113757588763
8,1914,1912-05-29,0.00297354441411847
8,1914,1912-06-05,0.0017089211566687897
8,1914,1912-06-12,0.0019483457918228174
8,1914,1912-06-19,0.002403161057689236
8,1914,1912-06-26,0.018506539547624896
8,1914,1912-07-03,0.03858115036897507
8,1914,1912-07-10,1.1029396939447593e-05
8,1914,1912-07-17,0.0015650910210513523
8,1914,1912-07-24,0.0028088530500182847
8,1914,1912-07-31,0.0008207040540338385
8,1914,1912-08-07,0.00023106747978439524
8,1914,1912-08-14,0.0017814451347826696
8,1914,1912-08-21,0.0017968609647790114
8,1914,1912-08-28,0.0021226220663652052
8,1914,1912-09-04,0.00010337950209328902
8,1914,1912-09-11,0.0009851148762167158
8,1914,1912-09-18,0.001201547728337087
8,1914,1912-09-25,0.0011316814614707198
8,1914,1912-10-02,0.0014795541120553066
8,1914,1912-10-09,0.01202889408584072
8,1914,1912-10-16,0.022318985600993508
8,1914,1912-10-23,0.003600239045630699
8,1914,1912-10-30,0.05321295975011363
8,1914,1912-11-06,0.003774297838035499
8,1914,1912-11-13,0.0015529675217824887
8,1914,1912-11-20,0.0020241274490233204
8,1914,1912-11-27,0.014872769316565873
8,1914,1912-12-04,0.0032555648465845354
8,1914,1912-12-11,0.006378021992010982
8,1914,1912-12-18,0.07661913873930658
8,1914,1912-12-24,0.4605163629688959
8,1914,1913-01-01,0.9983474417006394
8,1914,1913-01-08,0.0005945847273511877
8,1914,1913-01-15,0.021558690221546332
8,1914,1913-01-22,0.0009373367259961202
8,1914,1913-01-29,0.000652700535087643
8,1914,1913-02-05,4.177450770747743e-05
8,1914,1913-02-12,0.013926970355852263
8,1914,1913-02-19,0.020772080319392688
8,1914,1913-02-26,0.27053506849124936
8,1914,1913-03-05,0.03038079357973569
8,1914,1913-03-12,0.0863871099941707
8,1914,1913-03-19,0.06476999067237485
8,1914,1913-03-26,0.24839209581083896
8,1914,1913-04-02,0.009437610009048303
8,1914,1913-04-09,0.013663774905965227
8,1914,1913-04-16,0.005907047481198903
8,1914,1913-04-23,0.0026283406547022866
8,1914,1913-04-30,0.0009040559935907398
8,1914,1913-05-07,0.0004784783906656448
8,1914,1913-05-14,0.0011126620392221428
8,1914,1913-05-21,0.003716460600780394
8,1914,1913-05-28,0.0012117393333441406
8,1914,1913-06-04,0.0019470726221816831
8,1914,1913-06-11,0.001218594473439911
8,1914,1913-06-18,0.0033325750144859397
8,1914,1913-06-25,0.040443512004096384
8,1914,1913-07-02,0.31886206721969623
8,1914,1913-07-09,0.0001372620918386239
8,1914,1913-07-16,0.0036055620604540715
8,1914,1913-07-23,0.0030088594282247833
8,1914,1913-07-30,0.002337714011857163
8,1914,1913-08-06,0.00025151552607825437
8,1914,1913-08-13,0.0006384445181467691
8,1914,1913-08-20,0.000732475700411581
8,1914,1913-08-27,0.000510867441328024
8,1914,1913-09-03,0.00022488476197698496
8,1914,1913-09-10,0.0011385142987540928
8,1914,1913-09-17,0.003280149807472928
8,1914,1913-09-24,0.008361280905142755
8,1914,1913-10-01,0.019452093209825244
8,1914,1913-10-08,0.11738058589757905
8,1914,1913-10-15,0.17859964392811392
8,1914,1913-10-22,0.09843251840959705
8,1914,1913-10-29,0.11605438616642025
8,1914,1913-11-05,0.009258598276779127
8,1914,1913-11-12,0.006523246589269291
8,1914,1913-11-19,0.01988979115351006
8,1914,1913-11-26,0.03982853908532198
8,1914,1913-12-03,0.00428444790181944
8,1914,1913-12-10,0.00604865262633057
8,1914,1913-12-17,0.006566693428518809
8,1914,1913-12-24,0.24976925163815417
8,1914,1913-12-31,0.9990250190244178
8,1914,1914-01-07,2.344304119277242e-05
8,1914,1914-01-14,0.030879197380322417
8,1914,1914-01-21,0.0028353860814790115
8,1914,1914-01-28,0.00031999699016456364
8,1914,1914-02-04,0.0005201468829222538
8,1914,1914-02-11,0.00930536743210201
8,1914,1914-02-18,0.07424930238808897
8,1914,1914-02-25,0.1366880097783194
8,1914,1914-03-04,0.0054797407970289
8,1914,1914-03-11,0.015390999963601984
8,1914,1914-03-18,0.10193377104458311
8,1914,1914-03-25,0.132107372097996
8,1914,1914-04-01,0.026260483019552038
8,1914,1914-04-08,0.014303030297045702
8,1914,1914-04-15,0.1387823575545893
8,1914,1914-04-22,0.01962098348377314
8,1914,1914-04-29,0.030944342280108512
8,1914,1914-05-06,0.00039088031767237313
8,1914,1914-05-13,0.00046133229351347335
8,1914,1914-05-20,0.0006173179336809681
8,1914,1914-05-27,0.0018165003832215471
8,1914,1914-06-03,0.0004837890409627764
8,1914,1914-06-10,0.00020728186853042848
8,1914,1914-06-17,0.00023181420653973665
8,1914,1914-06-24,0.0006498869546131424
8,1914,1914-07-01,0.06368868640593602
8,1914,1914-07-08,5.63663099656714e-08
8,1914,1914-07-15,9.224555241366388e-05
8,1914,1914-07-22,0.0002168669565412117
8,1914,1914-11-04,0.004898287868064076
8,1914,1914-11-11,0.0027539124152940703
8,1914,1914-11-18,0.0015246705001801387
8,1914,1914-11-25,2.3554400741136183e-05
8,1914,1914-12-02,1.033884544096754e-05
8,1914,1914-12-09,2.327145089509615e-06
8,1914,1914-12-16,4.530882806770658e-08
8,1914,1914-12-23,3.834080243366317e-10
8,1914,1914-12-30,8.121769360916237e-08
8,1914,1915-01-06,5.3673031122405314e-08
8,1914,1915-01-13,5.859052076268105e-08
8,1914,1915-01-20,4.658143934544822e-08
8,1914,1915-01-27,1.1388669389267309e-08
8,1914,1915-02-03,5.52461665751326e-09
8,1914,1915-02-10,6.002405676856477e-09
8,1914,1915-02-17,9.444165988377621e-10
8,1914,1915-02-24,8.656027571143608e-08
8,1914,1915-03-03,6.839941700201633e-08
8,1914,1915-03-10,5.693290205153482e-08
8,1914,1915-03-17,2.3132379048663538e-07
8,1914,1915-03-24,1.2340619061748878e-07
8,1914,1915-03-31,8.107052960064643e-08
8,1914,1915-04-07,2.334622904327933e-07
8,1914,1915-04-14,2.602126744303091e-07
8,1914,1915-04-21,2.0067465629667645e-07
8,1914,1915-04-28,7.109262777906646e-08
8,1914,1915-05-05,5.3338399374468454e-09
8,1914,1915-05-12,1.216142412844342e-08
8,1914,1915-05-19,1.3890680308135924e-08
8,1914,1915-05-26,3.331937474328469e-08
8,1914,1915-06-02,1.0134738683710104e-08
8,1914,1915-06-09,3.662673098176836e-08
8,1914,1915-06-16,1.881439438765604e-07
8,1914,1915-06-23,1.744393905315175e-07
8,1914,1915-06-30,2.0440008707402147e-07
8,1914,1915-07-07,2.406443202481244e-07
8,1914,1915-07-14,2.28933628765142e-07
8,1914,1915-07-21,0.008239889677891177
8,1914,1915-07-28,6.512531991567402e-14
8,1914,1915-08-04,9.448988504031027e-17
8,1914,1915-08-11,4.213332892599665e-19
8,1914,1915-08-18,1.311041168199162e-18
8,1914,1915-08-25,1.3456979047702446e-15
8,1914,1915-09-01,1.9490576174779253e-14
8,1914,1915-09-08,8.766664599662753e-13
8,1914,1915-09-15,1.1046069061626307e-11
8,1914,1915-09-22,1.6876619742940032e-11
8,1914,1915-09-29,5.290839209383192e-10
8,1914,1915-10-06,2.4433257244004037e-11
8,1914,1915-10-13,2.7350663726939966e-10
8,1914,1915-10-20,5.603492762647568e-11
8,1914,1915-10-27,3.4847842148432734e-10
8,1914,1915-11-03,2.9669955414460715e-08
8,1914,1915-11-10,6.70645905409476e-07
8,1914,1915-11-17,2.6050329914713658e-06
8,1914,1915-11-24,1.3137116747844948e-06
8,1914,1915-12-01,7.6265342467645545e-06
8,1914,1915-12-08,0.0001025200576445081
8,1914,1915-12-15,0.00015935188817012012
8,1914,1915-12-22,0.0012356401681658457
8,1914,1915-12-29,0.001485159081950667
8,1914,1916-01-05,3.0175004440162066e-05
8,1914,1916-01-12,0.0001159646048903288
8,1914,1916-01-19,3.341588319962932e-05
8,1914,1916-01-26,4.732890270024936e-05
8,1914,1916-02-02,2.630330535527002e-06
8,1914,1916-02-09,2.2653938820373826e-05
8,1914,1916-02-16,5.55890697461918e-08
8,1914,1916-02-23,1.6082312885051573e-08
8,1914,1916-03-01,3.464295610325916e-08
8,1914,1916-03-08,6.360900879759265e-08
8,1914,1916-03-15,5.6063460116259055e-08
8,1914,1916-03-22,1.4901339590911198e-07
8,1914,1916-03-29,1.2513397028973052e-07
8,1914,1916-04-05,6.140681426430938e-08
8,1914,1916-04-12,1.1893046789676267e-06
8,1914,1916-04-19,1.219812902710068e-07
8,1914,1916-04-26,1.427615951152885e-07
8,1914,1916-05-03,1.0700692482894145e-08
8,1914,1916-05-10,1.962547931683784e-08
8,1914,1916-05-17,3.3217424036182324e-09
8,1914,1916-05-24,3.0163080437335437e-09
8,1914,1916-05-31,3.788377434845879e-09
8,1914,1916-06-07,2.342622127319834e-09
8,1914,1916-06-14,6.59270137978175e-09
8,1914,1916-06-21,8.137819200075841e-08
8,1914,1916-06-28,1.1586260961180216e-06
8,1914,1916-07-05,3.2643992532798717e-06
8,1914,1916-07-12,2.729556593827172e-06
8,1914,1916-07-19,2.728372627313323e-06
8,1914,1916-07-26,1.7790709742535618e-05
8,1914,1916-08-02,3.334099442725295e-05
8,1914,1916-08-09,6.217634502043739e-05
8,1914,1916-08-16,1.919775191084733e-05
8,1914,1916-08-23,8.784089112915047e-07
8,1914,1916-08-30,4.6615048131280984e-05
8,1914,1916-09-06,1.8380569871547165e-05
8,1914,1916-09-13,0.00040694346342996026
8,1914,1916-09-20,0.0003481040859001383
8,1914,1916-09-27,0.0059360207233350015
8,1914,1916-10-04,0.02056431756050191
8,1914,1916-10-11,0.010452291920222692
8,1914,1916-10-18,0.0110886760702034
8,1914,1916-10-25,0.002074984764362868
8,1914,1916-11-01,0.0006404438364583045
8,1914,1916-11-08,0.0002276624356091298
8,1914,1916-11-15,0.003392162106714735
8,1914,1916-11-22,0.00038221062029512154
8,1914,1916-11-29,0.002307122602749534
8,1914,1916-12-06,0.03111017653295594
8,1914,1916-12-13,0.02834081842019311
8,1914,1916-12-20,0.026757941409125616
8,1914,1916-12-27,0.024349192942845085
12,1857,1856-01-05,0.09554385799381564
12,1857,1856-01-12,0.20848745241811303
12,1857,1856-01-19,0.4161094478094269
12,1857,1856-01-26,0.47917766506085346
12,1857,1856-02-02,0.41387177769039607
12,1857,1856-02-09,0.22323387857726887
12,1857,1856-02-16,0.09444329848627152
12,1857,1856-02-23,0.15349279096019813
12,1857,1856-03-01,0.27206698842896276
12,1857,1856-03-08,0.5056689808586371
12,1857,1856-03-15,0.7824363999489575
12,1857,1856-03-22,0.7605473215343023
12,1857,1856-03-29,0.168047826902421
12,1857,1856-04-05,0.11469878186669032
12,1857,1856-04-12,0.24388811061596702
12,1857,1856-04-19,0.4199106215812479
12,1857,1856-04-26,0.6275199171194088
12,1857,1856-05-03,0.34778506554944166
12,1857,1856-05-10,0.38854442672171774
12,1857,1856-05-17,0.37423760607185125
12,1857,1856-05-24,0.7208780456601522
12,1857,1856-05-31,0.901607924059238
12,1857,1856-06-07,0.8286392883755983
12,1857,1856-06-14,0.8205436610086487
12,1857,1856-06-21,0.3906890128055945
12,1857,1856-06-28,0.31584064290817704
12,1857,1856-07-05,0.056354665933520495
12,1857,1856-07-12,0.19435637812709916
12,1857,1856-07-19,0.8820781334329387
12,1857,1856-07-26,0.8915579653157376
12,1857,1856-08-02,0.6220623753430765
12,1857,1856-08-09,0.28131555409889863
12,1857,1856-08-16,0.03089857991656711
12,1857,1856-08-23,0.03418473840822724
12,1857,1856-08-30,0.06527400611966849
12,1857,1856-09-06,0.1740239439949412
12,1857,1856-09-13,0.8055422069293477
12,1857,1856-09-20,0.8152620047599942
12,1857,1856-09-27,0.42365318043930567
12,1857,1856-10-04,0.004444648509910248
12,1857,1856-10-11,0.00536746261234457
12,1857,1856-10-18,0.00208987345555354
12,1857,1856-10-25,0.014248207175543069
12,1857,1856-11-01,0.007776770508368975
12,1857,1856-11-08,0.0068848166716524856
12,1857,1856-11-15,0.016315420224726377
12,1857,1856-11-22,0.1453827099213438
12,1857,1856-11-29,0.5226127931337516
12,1857,1856-12-06,0.7607871683076486
12,1857,1856-12-13,0.7805727012682678
12,1857,1856-12-20,0.01689284504858603
12,1857,1856-12-27,0.07615012226420349
12,1857,1857-01-03,0.09933720057006151
12,1857,1857-01-10,0.45966454730929546
12,1857,1857-01-17,0.8151981186142878
12,1857,1857-01-24,0.7829370331508514
12,1857,1857-01-31,0.3263016869108374
12,1857,1857-02-07,0.24568770302989126
12,1857,1857-02-14,0.4057256089525754
12,1857,1857-02-21,0.5481161174215502
12,1857,1857-02-28,0.728456150116018
12,1857,1857-03-07,0.4435670269671951
12,1857,1857-03-14,0.2646353977660397
12,1857,1857-03-21,0.24263250357716618
12,1857,1857-03-28,0.10455944764652508
12,1857,1857-04-04,0.04078450053031803
12,1857,1857-04-11,0.14365361380253355
12,1857,1857-04-18,0.5051881504135155
12,1857,1857-04-25,0.321472736049718
12,1857,1857-05-02,0.3518990523591101
12,1857,1857-05-09,0.5418080640992025
12,1857,1857-05-16,0.6355016373041122
12,1857,1857-05-23,0.7857828209013428
12,1857,1857-05-30,0.8693804968369392
12,1857,1857-06-06,0.7358353007132216
12,1857,1857-06-13,0.445223443881973
12,1857,1857-06-20,0.48154735545861155
12,1857,1857-06-27,0.36075011368639
12,1857,1857-07-04,0.3592197158170721
12,1857,1857-07-11,0.47791445437010766
12,1857,1857-07-18,0.753476203919307
12,1857,1857-07-25,0.6200603692380526
12,1857,1857-08-01,0.4265616114351392
12,1857,1857-08-08,0.7541657490798064
12,1857,1857-08-15,0.8743594020751259
12,1857,1857-08-22,0.8243208109261105
12,1857,1857-08-29,0.8728330079379842
12,1857,1857-09-05,0.6222027629808474
12,1857,1857-09-12,0.15093524929022883
12,1857,1857-09-19,0.19979088146532456
12,1857,1857-09-26,0.2373298023520914
12,1857,1858-02-10,0.046108569387528414
12,1857,1858-02-17,0.12145564858662909
12,1857,1858-02-24,0.4149336831115181
12,1857,1858-03-03,0.24591411049796272
12,1857,1858-03-10,0.41561001566191774
12,1857,1858-03-17,0.5111694024951902
12,1857,1858-03-24,0.3130864984477677
12,1857,1858-03-31,0.20521241679682783
12,1857,1858-04-07,0.1765396457462966
12,1857,1858-04-14,0.13766175555192345
12,1857,1858-04-21,0.10256924467577665
12,1857,1858-04-28,0.0772425812926416
12,1857,1858-05-05,0.05040712785385661
12,1857,1858-05-12,0.022785236928478968
12,1857,1858-05-19,0.036430734047172335
12,1857,1858-05-26,0.06609431166024424
12,1857,1858-06-02,0.06837806019203528
12,1857,1858-06-09,0.09403714258106731
12,1857,1858-06-16,0.09520580480649429
12,1857,1858-06-23,0.021200717122928463
12,1857,1858-06-30,0.025911632925819536
12,1857,1858-07-07,0.07645945538135046
12,1857,1858-07-14,0.028730850145718728
12,1857,1858-07-21,0.07896378041384222
12,1857,1858-07-28,0.06040713572656762
12,1857,1858-08-04,0.026404799085325652
12,1857,1858-08-11,0.022071626626938942
12,1857,1858-08-18,0.03386343294359183
12,1857,1858-08-25,0.033431880531160287
12,1857,1858-09-01,0.09587397050249205
12,1857,1858-09-08,0.08338009906800213
12,1857,1858-09-15,0.02964665676579281
12,1857,1858-09-22,0.028397910597452683
12,1857,1858-09-29,0.018252033977500057
12,1857,1858-10-06,0.02188607483842658
12,1857,1858-10-13,0.025709492468274125
12,1857,1858-10-20,0.027798449644632434
12,1857,1858-10-27,0.042083445918447836
12,1857,1858-11-03,0.041353886583337975
12,1857,1858-11-10,0.058474893418398934
12,1857,1858-11-17,0.048770483628561984
12,1857,1858-11-24,0.03564866431291224
12,1857,1858-12-01,0.025170953179277658
12,1857,1858-12-08,0.024794187667739886
12,1857,1858-12-15,0.03181087486685086
12,1857,1858-12-22,0.04168293773076749
12,1857,1858-12-29,0.038100937294214085
12,1857,1859-01-05,0.07173215043895584
12,1857,1859-01-12,0.1442805040425845
12,1857,1859-01-19,0.032309359707369326
12,1857,1859-01-26,0.06246087094215812
12,1857,1859-02-02,0.043914526399061876
12,1857,1859-02-09,0.032852521914031964
12,1857,1859-02-16,0.04860821591006657
12,1857,1859-02-23,0.05087580664180939
12,1857,1859-03-02,0.05297891620007754
12,1857,1859-03-09,0.07868616758733286
12,1857,1859-03-16,0.03854658860435309
12,1857,1859-03-23,0.045196883391546566
12,1857,1859-03-30,0.05632568567007077
12,1857,1859-04-06,0.08692604025043554
12,1857,1859-04-13,0.14018984770607137
12,1857,1859-04-20,0.11926286153961042
12,1857,1859-04-27,0.14014829539823564
12,1857,1859-05-04,0.0921126490914551
12,1857,1859-05-11,0.08081460624730703
12,1857,1859-05-18,0.07696955047983609
12,1857,1859-05-25,0.04511156493441243
12,1857,1859-06-01,0.09540984578503107
12,1857,1859-06-08,0.12369724394986295
12,1857,1859-06-15,0.1639318599387133
12,1857,1859-06-22,0.13499053724139212
12,1857,1859-06-29,0.1571501162476784
12,1857,1859-07-06,0.3828270856055289
12,1857,1859-07-13,0.3215292934115441
12,1857,1859-07-20,0.358920687211466
12,1857,1859-07-27,0.48832695456748004
12,1857,1859-08-03,0.4321206567197654
12,1857,1859-08-10,0.44052010180906415
12,1857,1859-08-17,0.4600862209741268
12,1857,1859-08-24,0.3662320638656887
12,1857,1859-08-31,0.39515290289451577
12,1857,1859-09-07,0.4500603617309369
12,1857,1859-09-14,0.23938817541228202
12,1857,1859-09-21,0.12356398933677144
12,1857,1859-09-28,0.11658262522560167
12,1857,1859-10-05,0.09453886701965271
12,1857,1859-10-12,0.20374427918682678
12,1857,1859-10-19,0.2031847877826619
12,1857,1859-10-26,0.23462738390314145
12,1857,1859-11-02,0.2501699887902603
12,1857,1859-11-09,0.2403670811901505
12,1857,1859-11-16,0.092376315920794
12,1857,1859-11-23,0.2363053116610549
12,1857,1859-11-30,0.24311344274152907
12,1857,1859-12-07,0.18825147503231285
12,1857,1859-12-14,0.5295332326225424
12,1857,1859-12-21,0.11685444119465277
12,1857,1859-12-28,0.10435645768628471
12,1857,1860-01-04,0.15638414401007822
12,1857,1860-01-11,0.2948051672625559
12,1857,1860-01-18,0.30905876441805225
12,1857,1860-01-25,0.37569067133086975
12,1857,1860-02-01,0.29942126457652246
12,1857,1860-02-08,0.26513934449862697
12,1857,1860-02-15,0.27627208697258265
12,1857,1860-02-22,0.28510854055880563
12,1857,1860-02-29,0.40608747129085426
12,1857,1860-03-07,0.5218848071121751
12,1857,1860-03-14,0.4830402202202489
12,1857,1860-03-21,0.45102309268234775
12,1857,1860-03-28,0.3722534938536438
12,1857,1860-04-04,0.4541309316827208
12,1857,1860-04-11,0.45983500822838597
12,1857,1860-04-18,0.8103299608481205
12,1857,1860-04-25,0.5399587625021635
12,1857,1860-05-02,0.3232143436414694
12,1857,1860-05-09,0.32583700584942765
12,1857,1860-05-16,0.3136025804623713
12,1857,1860-05-23,0.5831289770389332
12,1857,1860-05-30,0.7112894255370751
12,1857,1860-06-06,0.7771395264027344
12,1857,1860-06-13,0.4353085572665774
12,1857,1860-06-20,0.6296943399454122
12,1857,1860-06-27,0.6060011154855954
12,1857,1860-07-04,0.43267162580205176
12,1857,1860-07-11,0.5533309235780983
12,1857,1860-07-18,0.48289247259113627
12,1857,1860-07-25,0.6107844737514839
12,1857,1860-08-01,0.5292216080493903
12,1857,1860-08-08,0.2926782012261874
12,1857,1860-08-15,0.4427350338790068
12,1857,1860-08-22,0.37262493255874257
12,1857,1860-08-29,0.4476129220745283
12,1857,1860-09-05,0.5362281932161095
12,1857,1860-09-12,0.347846804860663
12,1857,1860-09-19,0.21866674480219608
12,1857,1860-09-26,0.2027053462613125
12,1857,1860-10-03,0.1946045698290132
12,1857,1860-10-10,0.42625500375176684
12,1857,1860-10-17,0.3344530423817115
12,1857,1860-10-24,0.6354140493374545
12,1857,1860-10-31,0.5875998316579171
12,1857,1860-11-07,0.4866463571042035
12,1857,1860-11-14,0.3437616378983706
12,1857,1860-11-21,0.24111170364853743
12,1857,1860-11-28,0.23723731132739811
12,1857,1860-12-05,0.14596307515561768
12,1857,1860-12-12,0.290285821235214
12,1857,1860-12-19,0.3400799622322637
12,1857,1860-12-26,0.530675376690037
12,1857,1861-01-02,0.5976901082999605
12,1857,1861-01-09,0.5032010790637792
12,1857,1861-01-16,0.5540772574050524
12,1857,1861-01-23,0.6628092613392049
12,1857,1861-01-30,0.5399507166386095
12,1857,1861-02-06,0.423263775203832
12,1857,1861-02-13,0.558939960851712
12,1857,1861-02-20,0.7250743488440632
12,1857,1861-02-27,0.8115395857059026
12,1857,1861-03-06,0.9177347744724622
12,1857,1861-03-13,0.922664474917479
12,1857,1861-03-20,0.5683354576207931
12,1857,1861-03-27,0.4435849445945395
12,1857,1861-04-03,0.579315058486244
12,1857,1861-04-10,0.6184036009707498
12,1857,1861-04-17,0.780358035565538
12,1857,1861-04-24,0.7995462109261072
12,1857,1861-05-01,0.6519560648106075
12,1857,1861-05-08,0.7012080394065447
12,1857,1861-05-15,0.5980937501092992
12,1857,1861-05-22,0.6736886315251348
12,1857,1861-05-29,0.7753637055917174
12,1857,1861-06-05,0.6236097105034508
12,1857,1861-06-12,0.6073265806492196
12,1857,1861-06-19,0.429662221918927
12,1857,1861-06-26,0.47624196296178334
12,1857,1861-07-03,0.3761845331227218
12,1857,1861-07-10,0.6829472700064176
12,1857,1861-07-17,0.7491218513342658
12,1857,1861-07-24,0.8739816495384128
12,1857,1861-07-31,0.8088485918289606
12,1857,1861-08-07,0.5768776994836657
12,1857,1861-08-14,0.7482138896414766
12,1857,1861-08-21,0.7002281154999707
12,1857,1861-08-28,0.818046770429876
12,1857,1861-09-04,0.8252923314786884
12,1857,1861-09-11,0.6826050303489796
12,1857,1861-09-18,0.32641057423457076
12,1857,1861-09-25,0.16049851726115114
12,1857,1861-10-02,0.12384454297474495
12,1857,1861-10-09,0.20275998294194925
12,1857,1861-10-16,0.19380573954434366
12,1857,1861-10-23,0.3517816680604112
12,1857,1861-10-30,0.1748274456878762
12,1857,1861-11-06,0.11857999049931746
12,1857,1861-11-13,0.13196854437067945
12,1857,1861-11-20,0.052962512111384565
12,1857,1861-11-27,0.056783781078839524
12,1857,1861-12-04,0.048677338291875864
12,1857,1861-12-11,0.0498479313388224
12,1857,1861-12-18,0.23322074762365758
12,1857,1861-12-25,0.24525323425285517
12,1857,1862-01-01,0.266333261306076
12,1857,1862-01-08,0.3338165521229469
12,1857,1862-01-15,0.11931492464188463
12,1857,1862-01-22,0.07746836368594864
12,1857,1862-01-29,0.10860750964772937
12,1857,1862-02-05,0.03212046173878651
12,1857,1862-02-12,0.04493518211047657
12,1857,1862-02-19,0.06430583981218754
12,1857,1862-02-26,0.06576232238187885
12,1857,1862-03-05,0.28758143070718983
12,1857,1862-03-12,0.5188982294881362
12,1857,1862-03-19,0.28362039114739485
12,1857,1862-03-26,0.23046128339522085
12,1857,1862-04-02,0.12537321858200948
12,1857,1862-04-09,0.12548517744694504
12,1857,1862-04-16,0.12463128863327377
12,1857,1862-04-23,0.21683249967662865
12,1857,1862-04-30,0.14167457601372427
12,1857,1862-05-07,0.13226966129963982
12,1857,1862-05-14,0.1090925664343203
12,1857,1862-05-21,0.08447223454369374
12,1857,1862-05-28,0.18566979694599353
12,1857,1862-06-04,0.21622159800549448
12,1857,1862-06-11,0.38176178873183075
12,1857,1862-06-18,0.46565539654893395
12,1857,1862-06-25,0.30884087345340105
12,1857,1862-07-02,0.3346534067027942
12,1857,1862-07-09,0.37063499606133865
12,1857,1862-07-16,0.09342612517931433
12,1857,1862-07-23,0.13421330199906858
12,1857,1862-07-30,0.14088147840265855
12,1857,1862-08-06,0.05849191681156364
12,1857,1862-08-13,0.3662427638566899
12,1857,1862-08-20,0.30590424747088785
12,1857,1862-08-27,0.4324803477244432
12,1857,1862-09-03,0.3271702908657729
12,1857,1862-09-10,0.23429959260030273
12,1857,1862-09-17,0.20937213211907843
12,1857,1862-09-24,0.17077820260527382
12,1857,1862-10-01,0.19826954364978144
12,1857,1862-10-08,0.24562798968282867
12,1857,1862-10-15,0.19742602899078565
12,1857,1862-10-22,0.22985556321479028
12,1857,1862-10-29,0.2315271553981515
12,1857,1862-11-05,0.22721438234649916
12,1857,1862-11-12,0.20451822609169917
12,1857,1862-11-19,0.09584869099072996
12,1857,1862-11-26,0.13655416738314297
12,1857,1862-12-03,0.08148952274049669
12,1857,1862-12-10,0.20308967060565866
12,1857,1862-12-17,0.4269607385629325
12,1857,1862-12-24,0.32855876558390834
12,1857,1862-12-31,0.5954976162374684
12,1857,1863-01-07,0.40841922082175786
12,1857,1863-01-14,0.4248983328623888
12,1857,1863-01-21,0.4801271169871168
12,1857,1863-01-28,0.3147090527490445
12,1857,1863-02-04,0.1999674206916716
12,1857,1863-02-11,0.1761414451867289
12,1857,1863-02-18,0.211715340768529
12,1857,1863-02-25,0.39642657665678194
12,1857,1863-03-04,0.6963307170693741
12,1857,1863-03-11,0.806305835916992
12,1857,1863-03-18,0.6019569538717879
12,1857,1863-03-25,0.6260624293780775
12,1857,1863-04-01,0.43243626781162536
12,1857,1863-04-08,0.3442524690559526
12,1857,1863-04-15,0.4275864855637126
12,1857,1863-04-22,0.2369086533212144
12,1857,1863-04-29,0.1783432957642391
12,1857,1863-05-06,0.1982121566150822
12,1857,1863-05-13,0.35355669705806814
12,1857,1863-05-20,0.5762187989112465
12,1857,1863-05-27,0.5670039642085433
12,1857,1863-06-03,0.5514257775140666
12,1857,1863-06-10,0.4835316575345016
12,1857,1863-06-17,0.49515794045650907
12,1857,1863-06-24,0.5480073530639783
12,1857,1863-07-01,0.7131224799500525
12,1857,1863-07-08,0.7465711081168668
12,1857,1863-07-15,0.36752652398888824
12,1857,1863-07-22,0.48306579615157835
12,1857,1863-07-29,0.5763058967702579
12,1857,1863-08-05,0.2642935590148401
12,1857,1863-08-12,0.5193293408392824
12,1857,1863-08-19,0.545080342956641
12,1857,1863-08-26,0.6464532182827742
12,1857,1863-09-02,0.8974003036335044
12,1857,1863-09-09,0.7704427588275498
12,1857,1863-09-16,0.655971137086577
12,1857,1863-09-23,0.5215402237739669
12,1857,1863-09-30,0.5771755535036921
12,1857,1863-10-07,0.6050006433067372
12,1857,1863-10-14,0.5869833757866187
12,1857,1863-10-21,0.5677738062508615
12,1857,1863-10-28,0.41950334115589816
12,1857,1863-11-04,0.15829769639527705
12,1857,1863-11-11,0.16241290225128005
12,1857,1863-11-18,0.1470924486545399
12,1857,1863-11-25,0.2363364645841177
12,1857,1863-12-02,0.42820989682701877
12,1857,1863-12-09,0.6947869066723447
12,1857,1863-12-16,0.7672082173015835
12,1857,1863-12-23,0.5841181046043759
12,1857,1863-12-30,0.5001464350580809
12,1857,1864-01-06,0.49790232458978584
12,1857,1864-01-13,0.7212121850617849
12,1857,1864-01-20,0.8098303914335369
12,1857,1864-01-27,0.89892178780555
12,1857,1864-02-03,0.6914977554160667
12,1857,1864-02-10,0.7903117757497218
12,1857,1864-02-17,0.7927831071773687
12,1857,1864-02-24,0.8969335390751142
12,1857,1864-03-02,0.9361641810535037
12,1857,1864-03-09,0.9402192979082388
12,1857,1864-03-16,0.9238453874332442
12,1857,1864-03-23,0.8160690091363096
12,1857,1864-03-30,0.8136925181559871
12,1857,1864-04-06,0.6874368031859199
12,1857,1864-04-13,0.7041685507783199
12,1857,1864-04-20,0.7449248894511717
12,1857,1864-04-27,0.6663591156949249
12,1857,1864-05-04,0.5246614759138054
12,1857,1864-05-11,0.45200655056821126
12,1857,1864-05-18,0.518687549865954
12,1857,1864-05-25,0.6490958482678998
12,1857,1864-06-01,0.7743073718772753
12,1857,1864-06-08,0.9224048897442857
12,1857,1864-06-15,0.8149377751106903
12,1857,1864-06-22,0.8152628688972973
12,1857,1864-06-29,0.7516366479799401
12,1857,1864-07-06,0.5898262991929333
12,1857,1864-07-13,0.8776988246132171
12,1857,1864-07-20,0.897238781829309
12,1857,1864-07-27,0.7705805509731478
12,1857,1864-08-03,0.5677038286873779
12,1857,1864-08-10,0.40781637161775547
12,1857,1864-08-17,0.5159258566826291
12,1857,1864-08-24,0.7048407061189693
12,1857,1864-08-31,0.8329511100275862
12,1857,1864-09-07,0.852418089169793
12,1857,1864-09-14,0.8247814484500013
12,1857,1864-09-21,0.7077864400846526
12,1857,1864-09-28,0.8219305509347992
12,1857,1864-10-05,0.6459265048196159
12,1857,1864-10-12,0.918618759931267
12,1857,1864-10-19,0.9389762911218141
12,1857,1864-10-26,0.952137608295913
12,1857,1864-11-02,0.9311906838426923
12,1857,1864-11-09,0.9264190622462841
12,1857,1864-11-16,0.8139040139524562
12,1857,1864-11-23,0.9064279362767482
12,1857,1864-11-30,0.8517734933339404
12,1857,1864-12-07,0.8178232631107935
12,1857,1864-12-14,0.9371543133744751
12,1857,1864-12-21,0.48012149037004154
12,1857,1864-12-28,0.6567943152143939
12,1857,1865-01-04,0.43624616058775095
12,1857,1865-01-11,0.844707613071096
12,1857,1865-01-18,0.8800577841018323
12,1857,1865-01-25,0.6990777285611892
12,1857,1865-02-01,0.4602358359771681
12,1857,1865-02-08,0.24342404666618395
12,1857,1865-02-15,0.2794410567748177
12,1857,1865-02-22,0.4126739809521092
12,1857,1865-03-01,0.6419601060708805
12,1857,1865-03-08,0.7269699395012716
12,1857,1865-03-15,0.6065115122379248
12,1857,1865-03-22,0.4875216610914952
12,1857,1865-03-29,0.460713903401888
12,1857,1865-04-05,0.43955197179094446
12,1857,1865-04-12,0.4211265455871334
12,1857,1865-04-19,0.5450390260887162
12,1857,1865-04-26,0.4096937232879761
12,1857,1865-05-03,0.42460314474175875
12,1857,1865-05-10,0.3326635512420796
12,1857,1865-05-17,0.3301284647560211
12,1857,1865-05-24,0.5521509867293835
12,1857,1865-05-31,0.49810466433781253
12,1857,1865-06-07,0.5033654044278352
12,1857,1865-06-14,0.5520208161661554
12,1857,1865-06-21,0.46837240812307257
12,1857,1865-06-28,0.5296734201991755
12,1857,1865-07-05,0.4139600780898132
12,1857,1865-07-12,0.5776478350846904
12,1857,1865-07-19,0.681821827548572
12,1857,1865-07-26,0.4499014022915124
12,1857,1865-08-02,0.36079478973311435
12,1857,1865-08-09,0.15800521227910216
12,1857,1865-08-16,0.1316242499747549
12,1857,1865-08-23,0.22382374142455871
12,1857,1865-08-30,0.28205306044706513
12,1857,1865-09-06,0.4106525473278308
12,1857,1865-09-13,0.3721324887911137
12,1857,1865-09-20,0.3052721838505581
12,1857,1865-09-27,0.3986665834482119
12,1857,1865-10-04,0.0986055981132559
12,1857,1865-10-11,0.24673114589863157
12,1857,1865-10-18,0.30558832401923375
12,1857,1865-10-25,0.5579189390307928
12,1857,1865-11-01,0.27094376024157957
12,1857,1865-11-08,0.2775672009235021
12,1857,1865-11-15,0.5943621329314117
12,1857,1865-11-22,0.81108798275723
12,1857,1865-11-29,0.83794129049265
12,1857,1865-12-06,0.539148242713254
12,1857,1865-12-13,0.5828057255094834
12,1857,1865-12-20,0.423417281084891
12,1857,1865-12-27,0.5932431723762428
12,1857,1866-01-03,0.2799327536959222
12,1857,1866-01-10,0.7185699607237105
12,1857,1866-01-17,0.4309195024263054
12,1857,1866-01-24,0.32904423691337364
12,1857,1866-01-31,0.18501888189640642
12,1857,1866-02-07,0.20605398081624324
12,1857,1866-02-14,0.8298901098429898
12,1857,1866-02-21,0.9352546443173241
12,1857,1866-02-28,0.9409354123002321
12,1857,1866-03-07,0.9545198443902762
12,1857,1866-03-14,0.9140164215210121
12,1857,1866-03-21,0.7863308838167937
12,1857,1866-03-28,0.8338240408780255
12,1857,1866-04-04,0.7392166220848184
12,1857,1866-04-11,0.8113663228461055
12,1857,1866-04-18,0.6787112675623073
12,1857,1866-04-25,0.4936434088622565
12,1857,1866-08-08,0.5788884248379998
12,1857,1866-08-15,0.9464703924393415
12,1857,1866-08-22,0.991399892702164
12,1857,1866-08-29,0.9961383939837423
12,1857,1866-09-05,0.8978050585978864
12,1857,1866-09-12,0.7221535031580544
12,1857,1866-09-19,0.03748038483150318
12,1857,1866-09-26,0.01182343185117411
12,1857,1866-10-03,0.0004321209625866446
12,1857,1866-10-10,0.013745248900289357
12,1857,1866-10-17,0.1504291479555695
12,1857,1866-10-24,0.6783086514589065
12,1857,1866-10-31,0.7035331928783327
12,1857,1866-11-07,0.42646833473329565
12,1857,1866-11-14,0.37690907086565173
12,1857,1866-11-21,0.3882487332125948
12,1857,1866-11-28,0.4391844404442711
12,1857,1866-12-05,0.28480429258572665
12,1857,1866-12-12,0.4981894269582838
12,1857,1866-12-19,0.14606924509070263
12,1857,1866-12-26,0.17435327123469901
12,1857,1867-01-02,0.1851443539881167
12,1857,1867-01-09,0.3477734063359158
12,1857,1867-01-16,0.2884785992533762
12,1857,1867-01-23,0.35140906420091683
12,1857,1867-01-30,0.3308106341655051
12,1857,1867-02-06,0.15784909741035189
12,1857,1867-02-13,0.25193467471139264
12,1857,1867-02-20,0.31987946347653207
12,1857,1867-02-27,0.3528951684737023
12,1857,1867-03-06,0.6404814326892759
12,1857,1867-03-13,0.5679588208314078
12,1857,1867-03-20,0.3585559420624748
12,1857,1867-03-27,0.3274434581906459
12,1857,1867-04-03,0.3872986059238045
12,1857,1867-04-10,0.35164394907145585
12,1857,1867-04-17,0.2815944872788692
12,1857,1867-04-24,0.2915952967542863
12,1857,1867-05-01,0.19832226853728896
12,1857,1867-05-08,0.19264748737016624
12,1857,1867-05-15,0.21758146467042766
12,1857,1867-05-22,0.24769649003844196
12,1857,1867-05-29,0.2787832660952448
12,1857,1867-06-05,0.22536330301194094
12,1857,1867-06-12,0.15462402075487272
12,1857,1867-06-19,0.10088258749097209
12,1857,1867-06-26,0.12760030025751193
12,1857,1867-07-03,0.19485465525542098
12,1857,1867-07-10,0.1764008246064233
12,1857,1867-07-17,0.1452179256741514
12,1857,1867-07-24,0.17224804657863857
12,1857,1867-07-31,0.0971408148517647
12,1857,1867-08-07,0.08242616897159699
12,1857,1867-08-14,0.14808169363439408
12,1857,1867-08-21,0.14513464993191608
12,1857,1867-08-28,0.2579234088131177
12,1857,1867-09-04,0.1848061610817688
12,1857,1867-09-11,0.09046338514610101
12,1857,1867-09-18,0.049016332166052376
12,1857,1867-09-25,0.03414007088009099
12,1857,1867-10-02,0.02913970469429925
12,1857,1867-10-09,0.03653618801069055
12,1857,1867-10-16,0.034159168098420525
12,1857,1867-10-23,0.0831177733724324
12,1857,1867-10-30,0.09238044262715417
12,1857,1867-11-06,0.07688975744889329
12,1857,1867-11-13,0.08905970741038882
12,1857,1867-11-20,0.0512746317270737
12,1857,1867-11-27,0.046028197685345995
12,1857,1867-12-04,0.048820766858908286
12,1857,1867-12-11,0.06762589413439186
12,1857,1867-12-18,0.13016306031183572
12,1857,1867-12-26,0.08669251698159727
12,1857,1868-01-01,0.19228526522425332
12,1857,1868-01-08,0.27516388636472666
12,1857,1868-01-15,0.08465972921396521
12,1857,1868-01-22,0.05083663338089814
12,1857,1868-01-29,0.031341474788382395
12,1857,1868-02-05,0.007686585634225131
12,1857,1868-02-12,0.015118333445782652
12,1857,1868-02-19,0.03486965720220419
12,1857,1868-02-26,0.06945664796229116
12,1857,1868-03-04,0.24688255342967305
12,1857,1868-03-11,0.28626306532029666
12,1857,1868-03-18,0.24728758118656657
12,1857,1868-03-25,0.29808776366209533
12,1857,1868-04-01,0.48002861067534525
12,1857,1868-04-08,0.5015079775843645
12,1857,1868-04-15,0.3438290545395597
12,1857,1868-04-22,0.16746474316881182
12,1857,1868-04-29,0.07172342443526297
12,1857,1868-05-06,0.04695836164226168
12,1857,1868-05-13,0.0918186062592958
12,1857,1868-05-20,0.10455089191709187
12,1857,1868-05-27,0.13371652212604695
12,1857,1868-06-03,0.14501761612816516
12,1857,1868-06-10,0.05883454540497135
12,1857,1868-06-17,0.031013088256100118
12,1857,1868-06-24,0.0374161055845393
12,1857,1868-07-01,0.07606558618157323
12,1857,1868-07-08,0.16605273290345332
12,1857,1868-07-15,0.15451300835170667
12,1857,1868-07-22,0.2113586216911906
12,1857,1868-07-29,0.20039877782725213
12,1857,1868-08-05,0.10164295484474757
12,1857,1868-08-12,0.15160037046827862
12,1857,1868-08-19,0.18748805453859332
12,1857,1868-08-26,0.15657999551116944
12,1857,1868-09-02,0.31163872463630315
12,1857,1868-09-09,0.27436967203666773
12,1857,1868-09-16,0.16666306265900216
12,1857,1868-09-23,0.16066134790480185
12,1857,1868-09-30,0.14123290380814937
12,1857,1868-10-07,0.14380772319361296
12,1857,1868-10-14,0.11257965207593873
12,1857,1868-10-21,0.08857156539512152
12,1857,1868-10-28,0.059973731605648596
12,1857,1868-11-04,0.044162011498379866
12,1857,1868-11-11,0.0652208300183979
12,1857,1868-11-18,0.028024955204048713
12,1857,1868-11-25,0.07307453163950581
12,1857,1868-12-02,0.08569967737385288
12,1857,1868-12-09,0.12357196604605267
12,1857,1868-12-16,0.308081829059629
12,1857,1868-12-23,0.2707890444816878
12,1857,1868-12-30,0.6148269480981359
12,1857,1869-01-06,0.6930392886084249
12,1857,1869-01-13,0.6004805722701227
12,1857,1869-01-20,0.4681210881141268
12,1857,1869-01-27,0.30143174322222005
12,1857,1869-02-03,0.15367084789289387
12,1857,1869-02-10,0.27786064224253143
12,1857,1869-02-17,0.16075386863923746
12,1857,1869-02-24,0.19385206649474487
12,1857,1869-03-03,0.4832979840849436
12,1857,1869-03-10,0.6808887043658152
12,1857,1869-03-17,0.7677447302114706
12,1857,1869-03-24,0.7286152887295084
12,1857,1869-03-31,0.6751914447974573
12,1857,1869-04-07,0.3300947220243666
12,1857,1869-04-14,0.17883090638447124
12,1857,1869-04-21,0.17841284383727388
12,1857,1869-04-28,0.15932069009774627
12,1857,1869-05-05,0.13023256808459222
12,1857,1869-05-12,0.5781842301351606
12,1857,1869-05-19,0.5257099440731335
12,1857,1869-05-26,0.44598255869111236
12,1857,1869-06-02,0.5748140474832698
12,1857,1869-06-09,0.5097374824867753
12,1857,1869-06-16,0.211372120063695
12,1857,1869-06-23,0.1985005417989716
12,1857,1869-06-30,0.35744389131243
12,1857,1869-07-07,0.19130283023850228
12,1857,1869-07-14,0.3837769611177384
12,1857,1869-07-21,0.3490334830310561
12,1857,1869-07-28,0.36600062278474155
12,1857,1869-08-04,0.08426094333304775
12,1857,1869-08-11,0.1799475187344536
12,1857,1869-08-18,0.1819495440743287
12,1857,1869-08-25,0.11444188413718562
12,1857,1869-09-01,0.44671092928228784
12,1857,1869-09-08,0.48664586408494925
12,1857,1869-09-15,0.5081148144601347
12,1857,1869-09-22,0.5914807697294168
12,1857,1869-09-29,0.5067753746264789
12,1857,1869-10-06,0.3067356379778581
12,1857,1869-10-13,0.19013393867969205
12,1857,1869-10-20,0.10912436364275499
12,1857,1869-10-27,0.116688403208548
12,1857,1869-11-03,0.07771962782193528
12,1857,1869-11-10,0.04957152931112867
12,1857,1869-11-17,0.06355734602866943
12,1857,1869-11-24,0.05299674428484169
12,1857,1869-12-01,0.0841832741708687
12,1857,1869-12-08,0.31080925851653246
12,1857,1869-12-15,0.26754150430568
12,1857,1869-12-22,0.28875495741234586
12,1857,1869-12-29,0.40403043107669556
12,1857,1870-01-05,0.3371953851899613
12,1857,1870-01-12,0.2982185727550307
12,1857,1870-01-19,0.2322806952859035
12,1857,1870-01-26,0.20564080743669055
12,1857,1870-02-02,0.2483382359998253
12,1857,1870-02-09,0.13655057822092392
12,1857,1870-02-16,0.13750652795019683
12,1857,1870-02-23,0.23332167893698183
12,1857,1870-03-02,0.37722759973727876
12,1857,1870-03-09,0.6162356410506298
12,1857,1870-03-16,0.5022263740407502
12,1857,1870-03-23,0.5121794564096195
12,1857,1870-03-30,0.5412358471621951
12,1857,1870-04-06,0.37975286271832565
12,1857,1870-04-13,0.4553269297921392
12,1857,1870-04-20,0.4317492862970238
12,1857,1870-04-27,0.31890943507002806
12,1857,1870-05-04,0.4185881707654013
12,1857,1870-05-11,0.6265492755948384
12,1857,1870-05-18,0.49708482207867677
12,1857,1870-05-25,0.5231340680833035
12,1857,1870-06-01,0.5249214466197676
12,1857,1870-06-08,0.2967377027309345
12,1857,1870-06-15,0.39141468712640615
12,1857,1870-06-22,0.3083019723732097
12,1857,1870-06-29,0.5109525567995485
12,1857,1870-07-06,0.37413665693178133
12,1857,1870-07-13,0.3303129892069853
12,1857,1870-07-20,0.2880538047763482
12,1857,1870-07-27,0.4856493722207088
12,1857,1870-08-03,0.36739732320781854
12,1857,1870-08-10,0.46268903354081503
12,1857,1870-08-17,0.576919182295206
12,1857,1870-08-24,0.21005967807281795
12,1857,1870-08-31,0.49523777690623066
12,1857,1870-09-07,0.3003423969153191
12,1857,1870-09-14,0.26045862150212
12,1857,1870-09-21,0.3848740105785049
12,1857,1870-09-28,0.5706298148769323
12,1857,1870-10-05,0.4014539932557648
12,1857,1870-10-12,0.43534892952702914
12,1857,1870-10-19,0.4410203797062019
12,1857,1870-10-26,0.3999508796203705
12,1857,1870-11-02,0.4252813636037292
12,1857,1870-11-09,0.2506734594210153
12,1857,1870-11-16,0.18551797345335239
12,1857,1870-11-23,0.09713056661418473
12,1857,1870-11-30,0.08389047585679897
12,1857,1870-12-07,0.13337741350063195
12,1857,1870-12-14,0.07011156688245136
12,1857,1870-12-21,0.04852168403394907
12,1857,1870-12-28,0.047708208888591
12,1857,1871-01-04,0.1157955327481771
12,1857,1871-01-11,0.15108977771094526
12,1857,1871-01-18,0.09661626070857413
12,1857,1871-01-25,0.07700940430861808
12,1857,1871-02-01,0.06781120925210346
12,1857,1871-02-08,0.03596860877428699
12,1857,1871-02-15,0.03783993362687444
12,1857,1871-02-22,0.09455684262689656
12,1857,1871-03-01,0.2865306590174747
12,1857,1871-03-08,0.44559240573401726
12,1857,1871-03-15,0.5654115772035663
12,1857,1871-03-22,0.3589527426122568
12,1857,1871-03-29,0.19447200970642048
12,1857,1871-04-05,0.019222299820237654
12,1857,1871-04-12,0.08541215869899495
12,1857,1871-04-19,0.09902257267075984
12,1857,1871-04-26,0.18265262805565669
12,1857,1871-05-03,0.541334235756176
12,1857,1871-05-10,0.3886192248458336
12,1857,1871-05-17,0.3347167587963233
12,1857,1871-05-24,0.2021084644001088
12,1857,1871-05-31,0.2602640547581005
12,1857,1871-06-07,0.25648462680796463
12,1857,1871-06-14,0.2110302462545356
12,1857,1871-06-21,0.14189482689803318
12,1857,1871-06-28,0.3447052747642929
12,1857,1871-07-05,0.3219198709336802
12,1857,1871-07-12,0.18991650261023005
12,1857,1871-07-19,0.12667505142172913
12,1857,1871-07-26,0.06856703864651376
12,1857,1871-08-02,0.013857044344515804
12,1857,1871-08-09,0.00839707762785185
12,1857,1871-08-16,0.0183176836161535
12,1857,1871-08-23,0.014689057669860523
12,1857,1871-08-30,0.11850658236036406
12,1857,1871-09-06,0.30382095908632806
12,1857,1871-09-13,0.17274288186403272
12,1857,1871-09-20,0.2984430407300251
12,1857,1871-09-27,0.45652830426465774
12,1857,1871-10-04,0.6799874954033093
12,1857,1871-10-11,0.5241353152222898
12,1857,1871-10-18,0.322341311623623
12,1857,1871-10-25,0.14207650735619698
12,1857,1871-11-01,0.021044670746300353
12,1857,1871-11-08,0.020976303925086072
12,1857,1871-11-15,0.02627865285774299
12,1857,1871-11-22,0.030557636517320366
12,1857,1871-11-29,0.1963376988629647
12,1857,1871-12-06,0.0851685092160037
12,1857,1871-12-13,0.08760736830596551
12,1857,1871-12-20,0.20137147693002558
12,1857,1871-12-27,0.36090724925750917
12,1857,1872-01-03,0.7162443589793854
12,1857,1872-01-10,0.689074343543824
12,1857,1872-01-17,0.3285679193912022
12,1857,1872-01-24,0.20784338562746005
12,1857,1872-01-31,0.1840515839377245
12,1857,1872-02-07,0.026738750096138242
12,1857,1872-02-14,0.20843923951469262
12,1857,1872-02-21,0.32984119867030026
12,1857,1872-02-28,0.5258675129800057
12,1857,1872-03-06,0.5849597174334127
12,1857,1872-03-13,0.8276887035036082
12,1857,1872-03-20,0.8098876333071474
12,1857,1872-03-27,0.919013728081665
12,1857,1872-04-03,0.8023305636912414
12,1857,1872-04-10,0.8574481561253909
12,1857,1872-04-17,0.6558260459042625
12,1857,1872-04-24,0.39026074290349916
12,1857,1872-05-01,0.18157857063026978
12,1857,1872-05-08,0.30055548369022456
12,1857,1872-05-15,0.32116093289043024
12,1857,1872-05-22,0.41383411923092417
12,1857,1872-05-29,0.8433339101087196
12,1857,1872-06-05,0.5914111220721404
12,1857,1872-06-12,0.503446144796741
12,1857,1872-06-19,0.5404511958588811
12,1857,1872-06-26,0.6381461654606209
12,1857,1872-07-03,0.6987142655518697
12,1857,1872-07-10,0.5346264326063106
12,1857,1872-07-17,0.7543710681703043
12,1857,1872-07-24,0.7660847274373334
12,1857,1872-07-31,0.807275780183996
12,1857,1872-08-07,0.710032662796421
12,1857,1872-08-14,0.6244439536224966
12,1857,1872-08-21,0.242308631374469
12,1857,1872-08-28,0.30567848337673875
12,1857,1872-09-04,0.21486730196660106
12,1857,1872-09-11,0.12609388900242197
12,1857,1872-09-18,0.39887889315574915
12,1857,1872-09-25,0.6465543685887174
12,1857,1872-10-02,0.8414577861938098
12,1857,1872-10-09,0.7609885362692264
12,1857,1872-10-16,0.4558242869254656
12,1857,1872-10-23,0.4048144537634334
12,1857,1872-10-30,0.32538928277524576
12,1857,1872-11-06,0.28010442893824805
12,1857,1872-11-13,0.6426060325957057
12,1857,1872-11-20,0.7581257580023679
12,1857,1872-11-27,0.7009177155523282
12,1857,1872-12-04,0.29675145324878044
12,1857,1872-12-11,0.4033590250259601
12,1857,1872-12-18,0.14297877390549504
12,1857,1872-12-24,0.24710979551835996
12,1857,1873-01-01,0.8956282002300902
12,1857,1873-01-08,0.4782915921519101
12,1857,1873-01-15,0.833498810141024
12,1857,1873-01-22,0.5822499195729924
12,1857,1873-01-29,0.40845866899111083
12,1857,1873-02-05,0.12188610342148058
12,1857,1873-02-12,0.6062026468813653
12,1857,1873-02-19,0.5579976978499958
12,1857,1873-02-26,0.5259655279355272
12,1857,1873-03-05,0.7735734651643057
12,1857,1873-03-12,0.33229171306181243
12,1857,1873-03-19,0.20279902707060674
12,1857,1873-03-26,0.37209589391869125
12,1857,1873-04-02,0.5752574341823369
12,1857,1873-04-09,0.5255311230239827
12,1857,1873-04-16,0.5773057789541468
12,1857,1873-04-23,0.5296752915144766
12,1857,1873-04-30,0.3499069788144928
12,1857,1873-05-07,0.34508222446004866
12,1857,1873-05-14,0.3925423499818006
12,1857,1873-05-21,0.4019680876788759
12,1857,1873-05-28,0.5857223144068403
12,1857,1873-06-04,0.7706960289258116
12,1857,1873-06-11,0.836402000080212
12,1857,1873-06-18,0.7803487917697001
12,1857,1873-06-25,0.8775243336174026
12,1857,1873-07-02,0.924039864404522
12,1857,1873-07-09,0.8547697451543663
12,1857,1873-07-16,0.9002252394359328
12,1857,1873-07-23,0.8676874027638632
12,1857,1873-07-30,0.7849914049380475
12,1857,1873-08-06,0.7110945457687634
12,1857,1873-08-13,0.9060104242751322
12,1857,1873-08-20,0.7778999995447806
12,1857,1873-08-27,0.7006027084465957
12,1857,1873-09-03,0.8126193525970999
12,1857,1873-09-10,0.396475022066314
12,1857,1873-09-17,0.34481385623839284
12,1857,1873-09-24,0.357025796339171
12,1857,1873-10-01,0.21979164112688626
12,1857,1873-10-08,0.2708450189969901
12,1857,1873-10-15,0.15051700577669838
12,1857,1873-10-22,0.1678810134287274
12,1857,1873-10-29,0.16739909728401695
12,1857,1873-11-05,0.2918792848176314
12,1857,1873-11-12,0.36816420696123114
12,1857,1873-11-19,0.48282469209554035
12,1857,1873-11-26,0.742363289189725
12,1857,1873-12-03,0.8700943199080763
12,1857,1873-12-10,0.9280844318731342
12,1857,1873-12-17,0.7005931288254081
12,1857,1873-12-24,0.727098237491745
12,1857,1873-12-31,0.9269800926188682
12,1857,1874-01-07,0.3077622601825791
12,1857,1874-01-14,0.2994351927152751
12,1857,1874-01-21,0.20787448875360326
12,1857,1874-01-28,0.11863383299013307
12,1857,1874-02-04,0.05237996081970435
12,1857,1874-02-11,0.19199462981471085
12,1857,1874-02-18,0.14048036389914823
12,1857,1874-02-25,0.13998438950113284
12,1857,1874-03-04,0.46833804546248875
12,1857,1874-03-11,0.4054766142009267
12,1857,1874-03-18,0.3620044321870335
12,1857,1874-03-25,0.4413236412994014
12,1857,1874-04-01,0.5911579751837603
12,1857,1874-04-08,0.6923002864471233
12,1857,1874-04-15,0.5354590394304435
12,1857,1874-04-22,0.34856220212228634
12,1857,1874-04-29,0.6030868344087502
12,1857,1874-05-06,0.7338097034816402
12,1857,1874-05-13,0.3141318554723092
12,1857,1874-05-20,0.2972022252984005
12,1857,1874-05-27,0.30053503231922285
12,1857,1874-06-03,0.13555628777909673
12,1857,1874-06-10,0.275540832232801
12,1857,1874-06-17,0.37301788582841433
12,1857,1874-06-24,0.3257822460100299
12,1857,1874-07-01,0.9296548094450326
12,1857,1874-07-08,0.40288354054205416
12,1857,1874-07-15,0.3643337247125257
12,1857,1874-07-22,0.35361520416274855
12,1857,1874-07-29,0.21475803845734256
12,1857,1874-08-05,0.07668116513775669
12,1857,1874-08-12,0.23555453601113657
12,1857,1874-08-19,0.17064140517141993
12,1857,1874-08-26,0.14918221451333016
12,1857,1874-09-02,0.4935083035987213
12,1857,1874-09-09,0.2026614080516462
12,1857,1874-09-16,0.23616592969305666
12,1857,1874-09-23,0.2591412452812333
12,1857,1874-09-30,0.1579662574899879
12,1857,1874-10-07,0.20429974120929478
12,1857,1874-10-14,0.29113295463825134
12,1857,1874-10-21,0.34013484162617164
12,1857,1874-10-28,0.30783247309622824
12,1857,1874-11-04,0.13895563654398663
12,1857,1874-11-11,0.05373552917172691
12,1857,1874-11-18,0.043635681202878154
12,1857,1874-11-25,0.08993196425271183
12,1857,1874-12-02,0.22202779746185702
12,1857,1874-12-09,0.7186049188598045
12,1857,1874-12-16,0.7221606535551968
12,1857,1874-12-23,0.7906058571411337
12,1857,1874-12-30,0.8741317008540602
12,1857,1875-01-06,0.8339101556416156
12,1857,1875-01-13,0.5836320714911853
12,1857,1875-01-20,0.3827536183533088
12,1857,1875-01-27,0.3927692185311554
12,1857,1875-02-03,0.10001390596675291
12,1857,1875-02-10,0.2424220663174344
12,1857,1875-02-17,0.29916927029264906
12,1857,1875-02-24,0.22836720924615936
12,1857,1875-03-03,0.598861791979056
12,1857,1875-03-10,0.676687560985489
12,1857,1875-03-17,0.7389948127789802
12,1857,1875-03-24,0.6079711313163589
12,1857,1875-03-31,0.7991864154136542
12,1857,1875-04-07,0.5424268995500394
12,1857,1875-04-14,0.35443532723582166
12,1857,1875-04-21,0.3347050451512769
12,1857,1875-04-28,0.2091131620962595
12,1857,1875-05-05,0.17494106303996584
12,1857,1875-05-12,0.5360749872077001
12,1857,1875-05-19,0.4349300020424743
12,1857,1875-05-26,0.6298089338730315
12,1857,1875-06-02,0.6665076548486367
12,1857,1875-06-09,0.4357099247480828
12,1857,1875-06-16,0.24965073507191868
12,1857,1875-06-23,0.26001100469070454
12,1857,1875-06-30,0.4992002519170706
12,1857,1875-07-07,0.04908791654602125
12,1857,1875-07-14,0.0472010281912704
12,1857,1875-07-21,0.03717734327204311
12,1857,1875-07-28,0.027842565471727854
12,1857,1875-08-04,0.02386855069219828
12,1857,1875-08-11,0.06798617029801589
12,1857,1875-08-18,0.04549047457677841
12,1857,1875-08-25,0.17334028388189796
12,1857,1875-09-01,0.5824266339717056
12,1857,1875-09-08,0.2630642382163702
12,1857,1875-09-15,0.29819349021349917
12,1857,1875-09-22,0.21213569097732285
12,1857,1875-09-29,0.20471052349434785
12,1857,1875-10-06,0.18538211736183088
12,1857,1875-10-13,0.19943453875775774
12,1857,1875-10-20,0.19446802419417478
12,1857,1875-10-27,0.22661266336235095
12,1857,1875-11-03,0.1786503329829935
12,1857,1875-11-10,0.044177849552909536
12,1857,1875-11-17,0.03399978449396503
12,1857,1875-11-24,0.08392571760306886
12,1857,1875-12-01,0.3384828805415089
12,1857,1875-12-08,0.8081764705995689
12,1857,1875-12-15,0.9216215990645041
12,1857,1875-12-22,0.7090929083619232
12,1857,1875-12-29,0.4087578280036125
12,1857,1876-01-05,0.321725333557825
12,1857,1876-01-12,0.17554952911204616
12,1857,1876-01-19,0.11045330652922007
12,1857,1876-01-26,0.08444206967934226
12,1857,1876-02-02,0.08435257347067046
12,1857,1876-02-09,0.14041722940085666
12,1857,1876-02-16,0.45087459704555666
12,1857,1876-02-23,0.4801878653735686
12,1857,1876-03-01,0.6784982410345314
12,1857,1876-03-08,0.5955374279582625
12,1857,1876-03-15,0.716299921994364
12,1857,1876-03-22,0.6790344205190828
12,1857,1876-03-29,0.3294793226907446
12,1857,1876-04-05,0.11655098084334961
12,1857,1876-04-12,0.08808002815983937
12,1857,1876-04-19,0.1453710721103291
12,1857,1876-04-26,0.21773716833208687
12,1857,1876-05-03,0.18601961477507145
12,1857,1876-05-10,0.34865166924843016
12,1857,1876-05-17,0.2662228758933137
12,1857,1876-05-24,0.17580231239990188
12,1857,1876-05-31,0.0869193064096308
12,1857,1876-06-07,0.07875145950170964
12,1857,1876-06-14,0.07710042744196982
12,1857,1876-06-21,0.06178376519173788
12,1857,1876-06-28,0.04953784489718345
12,1857,1876-07-05,0.044183160676214084
12,1857,1876-07-12,0.04390379290404767
12,1857,1876-07-19,0.04079647479718405
12,1857,1876-07-26,0.030464004936749504
12,1857,1876-08-02,0.020440150327289776
12,1857,1876-08-09,0.01785365862299725
12,1857,1876-08-16,0.014031741717317475
12,1857,1876-08-23,0.013074055179710092
12,1857,1876-08-30,0.017681808821923703
12,1857,1876-09-06,0.023925515553578303
12,1857,1876-09-13,0.03273437081774747
12,1857,1876-09-20,0.026216738862340896
12,1857,1876-09-27,0.02548125179217091
12,1857,1876-10-04,0.029118500150535125
12,1857,1876-10-11,0.0290119595498704
12,1857,1876-10-18,0.03052031851023503
12,1857,1876-10-25,0.03212388950430524
12,1857,1876-11-01,0.0267450146936167
12,1857,1876-11-08,0.025806508604220013
12,1857,1876-11-15,0.009293556512057493
12,1857,1876-11-22,0.01123497584068054
12,1857,1876-11-29,0.015111372153771332
12,1857,1876-12-06,0.021819731481158507
12,1857,1876-12-13,0.16604701004208652
12,1857,1876-12-20,0.16802038808163966
12,1857,1876-12-27,0.15532423263658993
12,1857,1877-01-03,0.32901332668765937
12,1857,1877-01-10,0.3036834024497252
12,1857,1877-01-17,0.08317198892045875
12,1857,1877-01-24,0.08523886691018616
12,1857,1877-01-31,0.0700365816023574
12,1857,1877-02-07,0.06052317686069485
12,1857,1877-02-14,0.04646806571227499
12,1857,1877-02-21,0.053860987822249025
12,1857,1877-02-28,0.0745069794062698
12,1857,1877-03-07,0.0852663056121027
12,1857,1877-03-14,0.36512453194208333
12,1857,1877-03-21,0.3630580693564562
12,1857,1877-03-28,0.6187633335600611
12,1857,1877-04-04,0.8615172942417662
12,1857,1877-04-11,0.5582496423956625
12,1857,1877-04-18,0.3500121109424957
12,1857,1877-04-25,0.2151396349795238
12,1857,1877-05-02,0.12706916327835513
12,1857,1877-05-09,0.3795718431312917
12,1857,1877-05-16,0.22154281070240303
12,1857,1877-05-23,0.22397193693451134
12,1857,1877-05-30,0.31304116641408275
12,1857,1877-06-06,0.15167054162748042
12,1857,1877-06-13,0.21902768068074327
12,1857,1877-06-20,0.20651849231322442
12,1857,1877-06-27,0.12317523932427753
12,1857,1877-07-04,0.2007541523957379
12,1857,1877-07-11,0.19631884460036303
12,1857,1877-07-18,0.1426255864145911
12,1857,1877-07-25,0.18513419742492696
12,1857,1877-08-01,0.2564768325844333
12,1857,1877-08-08,0.2513411418983668
12,1857,1877-08-15,0.2494528040383329
12,1857,1877-08-22,0.19116089761871824
12,1857,1877-08-29,0.23429946527237455
12,1857,1877-09-05,0.21391989893795244
12,1857,1877-09-12,0.36004673926712294
12,1857,1877-09-19,0.35885881957001736
12,1857,1877-09-26,0.24028029552725713
12,1857,1877-10-03,0.276002343797406
12,1857,1877-10-10,0.42036052902814375
12,1857,1877-10-17,0.34339613531576235
12,1857,1877-10-24,0.28913026397571606
12,1857,1877-10-31,0.23105365306170575
12,1857,1877-11-07,0.11225489922840376
12,1857,1877-11-14,0.1657181838037802
12,1857,1877-11-21,0.2683382199834085
12,1857,1877-11-28,0.28695473066074934
12,1857,1877-12-05,0.2591238922867575
12,1857,1877-12-12,0.5390849968584512
12,1857,1877-12-19,0.5092563495794222
12,1857,1877-12-24,0.5912504092224521
12,1857,1878-01-02,0.8186065568791369
12,1857,1878-01-09,0.4619044371716618
12,1857,1878-01-16,0.2134429470519707
12,1857,1878-01-23,0.10910011124683142
12,1857,1878-01-30,0.07337672737728926
12,1857,1878-02-06,0.03674600549666002
12,1857,1878-02-13,0.0226532046231892
12,1857,1878-02-20,0.014057353074346272
12,1857,1878-02-27,0.028093716235196183
12,1857,1878-03-06,0.0985243262953974
12,1857,1878-03-13,0.8729836858963685
12,1857,1878-03-20,0.952455835260495
12,1857,1878-03-27,0.99160881149956
12,1857,1878-04-03,0.9866399600078274
12,1857,1878-04-10,0.8520154645536557
12,1857,1878-04-17,0.28026999895819993
12,1857,1878-04-24,0.1537725564146942
12,1857,1878-05-01,0.07025748938591196
12,1857,1878-05-08,0.26755742754727163
12,1857,1878-05-15,0.3322476324364376
12,1857,1878-05-22,0.34704680129986076
12,1857,1878-05-29,0.5629300171458542
12,1857,1878-06-05,0.3041092967204985
12,1857,1878-06-12,0.41878620206192696
12,1857,1878-06-19,0.4614345944250241
12,1857,1878-06-26,0.3923743079575953
12,1857,1878-07-03,0.6147099171175138
12,1857,1878-07-10,0.4951423597008268
12,1857,1878-07-17,0.3895334819591906
12,1857,1878-07-24,0.4243369396887386
12,1857,1878-07-31,0.25859030690437906
12,1857,1878-08-07,0.6149656222368001
12,1857,1878-08-14,0.6127004796202232
12,1857,1878-08-21,0.5256045325656531
12,1857,1878-08-28,0.5775229830011722
12,1857,1878-09-04,0.56544639914302
12,1857,1878-09-11,0.8495601878395523
12,1857,1878-09-18,0.6965352001073012
12,1857,1878-09-25,0.61821006990131
12,1857,1878-10-02,0.44360507219216694
12,1857,1878-10-09,0.6583402762452756
12,1857,1878-10-16,0.7783144795426077
12,1857,1878-10-23,0.9754219884392908
12,1857,1878-10-30,0.9718010975311022
12,1857,1878-11-06,0.5387262007797229
12,1857,1878-11-13,0.3123141009664968
12,1857,1878-11-20,0.2186855853936706
12,1857,1878-11-27,0.23083423047878793
12,1857,1878-12-04,0.19855669143570143
12,1857,1878-12-11,0.7971706733235074
12,1857,1878-12-18,0.9612489204678413
12,1857,1878-12-24,0.98716217160653
12,1857,1879-01-01,0.98553514079861
12,1857,1879-01-08,0.919884905323178
12,1857,1879-01-15,0.6792394837581927
12,1857,1879-01-22,0.5286467199956509
12,1857,1879-01-29,0.5498855076209929
12,1857,1879-02-05,0.35367498943962705
12,1857,1879-02-12,0.23152138006272857
12,1857,1879-02-19,0.09387539981498799
12,1857,1879-02-26,0.036341907397643314
12,1857,1879-03-05,0.15955313294722548
12,1857,1879-03-12,0.19504417855680192
12,1857,1879-03-19,0.28281669181073293
12,1857,1879-03-26,0.18759211521137537
12,1857,1879-04-02,0.23399551837764046
12,1857,1879-04-09,0.28908410767119
12,1857,1879-04-16,0.48433165614227436
12,1857,1879-04-23,0.32861448884552236
12,1857,1879-04-30,0.22315218938474332
12,1857,1879-05-07,0.2626710631897923
12,1857,1879-05-14,0.18694839624188248
12,1857,1879-05-21,0.17266542312444136
12,1857,1879-05-28,0.15582343832699808
12,1857,1879-06-04,0.1315873541881669
12,1857,1879-06-11,0.14882642076149455
12,1857,1879-06-18,0.16892794979567236
12,1857,1879-06-25,0.13009922372613864
12,1857,1879-07-02,0.18176653820892058
12,1857,1879-07-09,0.1031362589514877
12,1857,1879-07-16,0.07378826252605587
12,1857,1879-07-23,0.07737987994320776
12,1857,1879-07-30,0.07219105651790672
12,1857,1879-08-06,0.04403954629874749
12,1857,1879-08-13,0.028552873010217777
12,1857,1879-08-20,0.023831574983645253
12,1857,1879-08-27,0.018345844588505356
12,1857,1879-09-03,0.025714185357434756
12,1857,1879-09-10,0.06516327418479724
12,1857,1879-09-17,0.05615748116752161
12,1857,1879-09-24,0.06233671241956408
12,1857,1879-10-01,0.061729951407015815
12,1857,1879-10-08,0.07162545763817683
12,1857,1879-10-15,0.06606689321208235
12,1857,1879-10-22,0.0638700439551846
12,1857,1879-10-29,0.058557552420167046
12,1857,1879-11-05,0.05263202965432548
12,1857,1879-11-12,0.04288212760674176
12,1857,1879-11-19,0.043571661646519384
12,1857,1879-11-26,0.043628299606778394
12,1857,1879-12-03,0.053859050808627906
12,1857,1879-12-10,0.3572105063820883
12,1857,1879-12-17,0.5348744542996581
12,1857,1879-12-24,0.62552685054635
12,1857,1879-12-31,0.9153054889128369
12,1857,1880-01-07,0.8642263203208758
12,1857,1880-01-14,0.5904314887969934
12,1857,1880-01-21,0.3496305226622457
12,1857,1880-01-28,0.20403512030093254
12,1857,1880-02-04,0.0404829757389998
12,1857,1880-02-11,0.03002680878487855
12,1857,1880-02-18,0.05149366034243813
12,1857,1880-02-25,0.09511629735542797
12,1857,1880-03-03,0.5019818591253805
12,1857,1880-03-10,0.8113334110072468
12,1857,1880-03-17,0.8706191679932946
12,1857,1880-03-24,0.8580315657485043
12,1857,1880-03-31,0.8106550633921856
12,1857,1880-04-07,0.4823401369172845
12,1857,1880-04-14,0.29235895874148726
12,1857,1880-04-21,0.14243658146169888
12,1857,1880-04-28,0.15577595622845067
12,1857,1880-05-05,0.23958449089296957
12,1857,1880-05-12,0.2883875973744213
12,1857,1880-05-19,0.47769771159506413
12,1857,1880-05-26,0.4755981368648907
12,1857,1880-06-02,0.5071162869548725
12,1857,1880-06-09,0.4137477023597652
12,1857,1880-06-16,0.23463273240596597
12,1857,1880-06-23,0.14620780043955645
12,1857,1880-06-30,0.41533486902951405
12,1857,1880-07-07,0.2958165029764336
12,1857,1880-07-14,0.1896556888083655
12,1857,1880-07-21,0.21041872794631405
12,1857,1880-07-28,0.15717026538882498
12,1857,1880-08-04,0.0594113166778111
12,1857,1880-08-11,0.1886308219629495
12,1857,1880-08-18,0.14669902332157653
12,1857,1880-08-25,0.14069433950465537
12,1857,1880-09-01,0.44728315258317186
12,1857,1880-09-08,0.1388244777181734
12,1857,1880-09-15,0.10916747232013577
12,1857,1880-09-22,0.1050468706725882
12,1857,1880-09-29,0.13732780089848906
12,1857,1880-10-06,0.14043566701818386
12,1857,1880-10-13,0.3063732402855463
12,1857,1880-10-20,0.22257333832628418
12,1857,1880-10-27,0.19484488190152982
12,1857,1880-11-03,0.09738200214078095
12,1857,1880-11-10,0.025935390587230895
12,1857,1880-11-17,0.06625500727326193
12,1857,1880-11-24,0.1016230944410021
12,1857,1880-12-01,0.08268183539409635
12,1857,1880-12-08,0.5256591338568556
12,1857,1880-12-15,0.7341627449703007
12,1857,1880-12-22,0.6655481712420792
12,1857,1880-12-29,0.8350379507321134
12,1857,1881-01-05,0.946002685659753
12,1857,1881-01-12,0.8435280945340395
12,1857,1881-01-19,0.40906621150597705
12,1857,1881-01-26,0.2630823877966591
12,1857,1881-02-02,0.13648376919035035
12,1857,1881-02-09,0.09388660403542368
12,1857,1881-02-16,0.1112644012149346
12,1857,1881-02-23,0.16836984529435353
12,1857,1881-03-02,0.33860714223387944
12,1857,1881-03-09,0.2763704632556454
12,1857,1881-03-16,0.13636499103358662
12,1857,1881-03-23,0.07619179166058587
12,1857,1881-03-30,0.10925846112104355
12,1857,1881-04-06,0.1466616198516298
12,1857,1881-04-13,0.311899585373945
12,1857,1881-04-20,0.40528216649623433
12,1857,1881-04-27,0.17467595803125752
12,1857,1881-05-04,0.185117456613741
12,1857,1881-05-11,0.1973641740968592
12,1857,1881-05-18,0.24718225825356482
12,1857,1881-05-25,0.2828210580549027
12,1857,1881-06-01,0.2789522076369851
12,1857,1881-06-08,0.18979110392944168
12,1857,1881-06-15,0.2937271937921829
12,1857,1881-06-22,0.07059286940403184
12,1857,1881-06-29,0.15332745441865805
12,1857,1881-07-06,0.201689320287749
12,1857,1881-07-13,0.16300532495199233
12,1857,1881-07-20,0.17977967821647003
12,1857,1881-07-27,0.18503400261068087
12,1857,1881-08-03,0.09115836649404271
12,1857,1881-08-10,0.12629819313044685
12,1857,1881-08-17,0.1632723351018659
12,1857,1881-08-24,0.18463114135859557
12,1857,1881-08-31,0.3175312012053408
12,1857,1881-09-07,0.23438498988737308
12,1857,1881-09-14,0.3884976545962565
12,1857,1881-09-21,0.35322856144308457
12,1857,1881-09-28,0.29940847612642235
12,1857,1881-10-05,0.5111366898427652
12,1857,1881-10-12,0.6341064810153568
12,1857,1881-10-19,0.5830057635993153
12,1857,1881-10-26,0.6143614598843284
12,1857,1881-11-02,0.5267127388982737
12,1857,1881-11-09,0.20868258450553492
12,1857,1881-11-16,0.4106999077484023
12,1857,1881-11-23,0.5443268383548789
12,1857,1881-11-30,0.709104264113167
12,1857,1881-12-07,0.9282393171565878
12,1857,1881-12-14,0.8834025019766988
12,1857,1881-12-21,0.7803932800278373
12,1857,1881-12-28,0.8107746258975429
12,1857,1882-01-04,0.9137220047301947
12,1857,1882-01-11,0.9244216413660329
12,1857,1882-01-18,0.7954955573083805
12,1857,1882-01-25,0.77540428546126
12,1857,1882-02-01,0.5898653115781266
12,1857,1882-02-08,0.8210401923846652
12,1857,1882-02-15,0.8187546166489826
12,1857,1882-02-22,0.7415751282831182
12,1857,1882-03-01,0.7498195777787197
12,1857,1882-03-08,0.3068336542433023
12,1857,1882-03-15,0.5642478455892462
12,1857,1882-03-22,0.6318330789130305
12,1857,1882-03-29,0.4751859774945727
12,1857,1882-04-05,0.2939900973814344
12,1857,1882-04-12,0.11454824102380624
12,1857,1882-04-19,0.4689198433481585
12,1857,1882-04-26,0.5877167248017007
12,1857,1882-05-03,0.2699707109582111
12,1857,1882-05-10,0.796074406123514
12,1857,1882-05-17,0.3019619060823692
12,1857,1882-05-24,0.22168675631707158
12,1857,1882-05-31,0.36551331115026875
12,1857,1882-06-07,0.4747918352996058
12,1857,1882-06-14,0.19716263513451643
12,1857,1882-06-21,0.14478052608846737
12,1857,1882-06-28,0.16780544513842663
12,1857,1882-07-05,0.3765796094608946
12,1857,1882-07-12,0.5266082568042167
12,1857,1882-07-19,0.4587985151479625
12,1857,1882-07-26,0.4761485433282379
12,1857,1882-08-02,0.37788031081260104
12,1857,1882-08-09,0.3132663792027493
12,1857,1882-08-16,0.554012519610468
12,1857,1882-08-23,0.6667616697014989
12,1857,1882-08-30,0.48436364221836314
12,1857,1882-09-06,0.6960774664392285
12,1857,1882-09-13,0.5911882423063897
12,1857,1882-09-20,0.6690204168415305
12,1857,1882-09-27,0.7973381921705667
12,1857,1882-10-04,0.7633932664840584
12,1857,1882-10-11,0.8063204750274096
12,1857,1882-10-18,0.611182956319841
12,1857,1882-10-25,0.7323390425254299
12,1857,1882-11-01,0.5999377124147753
12,1857,1882-11-08,0.6270661433261312
12,1857,1882-11-15,0.3934675068360882
12,1857,1882-11-22,0.5605892187747937
12,1857,1882-11-29,0.5389577137769237
12,1857,1882-12-06,0.49144011317526803
12,1857,1882-12-13,0.8448188534539542
12,1857,1882-12-20,0.8120114155696335
12,1857,1882-12-27,0.8601743389083972
12,1857,1883-01-03,0.9443301054128336
12,1857,1883-01-10,0.7420122855916507
12,1857,1883-01-17,0.45011127684565166
12,1857,1883-01-24,0.26074667231084
12,1857,1883-01-31,0.0943277932514652
12,1857,1883-02-07,0.08260509229199378
12,1857,1883-02-14,0.23543567178856661
12,1857,1883-02-21,0.47827677688239567
12,1857,1883-02-28,0.5368638362092405
12,1857,1883-03-07,0.5298689046464408
12,1857,1883-03-14,0.6273331401192836
12,1857,1883-03-21,0.5468597329039042
12,1857,1883-03-28,0.6094296428368509
12,1857,1883-04-04,0.8183754778033298
12,1857,1883-04-11,0.41789193469628916
12,1857,1883-04-18,0.21823124678330177
12,1857,1883-04-25,0.2112301785008691
12,1857,1883-05-02,0.22394782675367006
12,1857,1883-05-09,0.2075694428789582
12,1857,1883-05-16,0.3117184798273932
12,1857,1883-05-23,0.32516982418623147
12,1857,1883-05-30,0.4569434376013052
12,1857,1883-06-06,0.41106326624146483
12,1857,1883-06-13,0.32097587851827125
12,1857,1883-06-20,0.38789457385078285
12,1857,1883-06-27,0.3368233275108946
12,1857,1883-07-04,0.5289343930018674
12,1857,1883-07-11,0.6489003318615335
12,1857,1883-07-18,0.6481661090568649
12,1857,1883-07-25,0.6472256094721501
12,1857,1883-08-01,0.5673606746855914
12,1857,1883-08-08,0.4151038722605665
12,1857,1883-08-15,0.654574130480086
12,1857,1883-08-22,0.6264357883785523
12,1857,1883-08-29,0.6486220453818146
12,1857,1883-09-05,0.6370185791856096
12,1857,1883-09-12,0.2886488822636986
12,1857,1883-09-19,0.2729636827118301
12,1857,1883-09-26,0.2353923057052928
12,1857,1883-10-03,0.1598561601389634
12,1857,1883-10-10,0.3195880772921514
12,1857,1883-10-17,0.20096816944944235
12,1857,1883-10-24,0.176864083102396
12,1857,1883-10-31,0.15991915374177623
12,1857,1883-11-07,0.10540579022067152
12,1857,1883-11-14,0.18202227918898184
12,1857,1883-11-21,0.19650744906788697
12,1857,1883-11-28,0.1607329593142906
12,1857,1883-12-05,0.11736316181553699
12,1857,1883-12-12,0.26538671808734077
12,1857,1883-12-19,0.16826700974529624
12,1857,1883-12-24,0.2221662470638904
12,1857,1884-01-02,0.5688979008561392
12,1857,1884-01-09,0.6486202903602751
12,1857,1884-01-16,0.6491519905672529
12,1857,1884-01-23,0.5134690885688795
12,1857,1884-01-30,0.3346920771161527
12,1857,1884-02-06,0.1832591874601761
12,1857,1884-02-13,0.35034026439805077
12,1857,1884-02-20,0.601966607298641
12,1857,1884-02-27,0.4972875699199588
12,1857,1884-03-05,0.5690439818412296
12,1857,1884-03-12,0.5024005098516606
12,1857,1884-03-19,0.4992895682202638
12,1857,1884-03-26,0.2958221889277214
12,1857,1884-04-02,0.3822480099043093
12,1857,1884-04-09,0.22379190584786524
12,1857,1884-04-16,0.23434174236538508
12,1857,1884-04-23,0.28055376003091553
12,1857,1884-04-30,0.2814047541180142
12,1857,1884-05-07,0.34314931554362826
12,1857,1884-05-14,0.16962973951030563
12,1857,1884-05-21,0.18671301594370582
12,1857,1884-05-28,0.16775120264331217
12,1857,1884-06-04,0.18242562834656514
12,1857,1884-06-11,0.1969391439645879
12,1857,1884-06-18,0.12996409955207106
12,1857,1884-06-25,0.11224682956151773
12,1857,1884-07-02,0.16005776622728315
12,1857,1884-07-09,0.35210536882221577
12,1857,1884-07-16,0.27835985121806156
12,1857,1884-07-23,0.21822776484463685
12,1857,1884-07-30,0.16322935986733067
12,1857,1884-08-06,0.10806765091121211
12,1857,1884-08-13,0.2256438893876943
12,1857,1884-08-20,0.34572124905570506
12,1857,1884-08-27,0.3215000565152134
12,1857,1884-09-03,0.27293772160431784
12,1857,1884-09-10,0.229203324517489
12,1857,1884-09-17,0.18252139621623667
12,1857,1884-09-24,0.22994048093015157
12,1857,1884-10-01,0.28911240668308635
12,1857,1884-10-08,0.5348024434329441
12,1857,1884-10-15,0.5144864516111026
12,1857,1884-10-22,0.27089917897731697
12,1857,1884-10-29,0.20448851142379543
12,1857,1884-11-05,0.12584640745243103
12,1857,1884-11-12,0.0585131877927657
12,1857,1884-11-19,0.15356674014038543
12,1857,1884-11-26,0.13618976095708935
12,1857,1884-12-03,0.20376382653248373
12,1857,1884-12-10,0.6139470430131163
12,1857,1884-12-17,0.7495540362379873
12,1857,1884-12-24,0.7495456882485719
12,1857,1884-12-31,0.91955737823739
12,1857,1885-01-07,0.8809645797693644
12,1857,1885-01-14,0.7046867934669838
12,1857,1885-01-21,0.4718254611876846
12,1857,1885-01-28,0.2900796286925284
12,1857,1885-02-04,0.09683348622966854
12,1857,1885-02-11,0.1133285788332474
12,1857,1885-02-18,0.3022121949645584
12,1857,1885-02-25,0.3067280169422292
12,1857,1885-03-04,0.4594854410854373
12,1857,1885-03-11,0.4360558038807587
12,1857,1885-03-18,0.18785641757177238
12,1857,1885-03-25,0.19828817438632337
12,1857,1885-04-01,0.3971190535304013
12,1857,1885-04-08,0.5386477537566836
12,1857,1885-04-15,0.3531333934206722
12,1857,1885-04-22,0.3296366581524302
12,1857,1885-04-29,0.20104495677242457
12,1857,1885-05-06,0.09501618252860641
12,1857,1885-05-13,0.20490406629624563
12,1857,1885-05-20,0.22782521715977072
12,1857,1885-05-27,0.24515234072494746
12,1857,1885-06-03,0.2833626224169582
12,1857,1885-06-10,0.20794775379505487
12,1857,1885-06-17,0.21018481663743818
12,1857,1885-06-24,0.128204440321391
12,1857,1885-07-01,0.1753043424022337
12,1857,1885-07-08,0.22385452998079045
12,1857,1885-07-15,0.2268399928323075
12,1857,1885-07-22,0.1881597090593733
12,1857,1885-07-29,0.16008591351284376
12,1857,1885-08-05,0.11192616193043178
12,1857,1885-08-12,0.046946206933623676
12,1857,1885-08-19,0.061599087611236385
12,1857,1885-08-26,0.04421924395606361
12,1857,1885-09-02,0.051517109018401605
12,1857,1885-09-09,0.2365688124885151
12,1857,1885-09-16,0.423397124304558
12,1857,1885-09-23,0.5292235101167071
12,1857,1885-09-30,0.424324424952499
12,1857,1885-10-07,0.5259468865778391
12,1857,1885-10-14,0.3824738809428295
12,1857,1885-10-21,0.32031219582291753
12,1857,1885-10-28,0.4142368531547914
12,1857,1885-11-04,0.24957412373347587
12,1857,1885-11-11,0.10622154274386543
12,1857,1885-11-18,0.10361826365875534
12,1857,1885-11-25,0.10730251911004814
12,1857,1885-12-02,0.3554946798505124
12,1857,1885-12-09,0.6653094240080898
12,1857,1885-12-16,0.742025655939086
12,1857,1885-12-23,0.8814979084988152
12,1857,1885-12-30,0.730233709350126
12,1857,1886-01-06,0.5917430533987101
12,1857,1886-01-13,0.5153067193726761
12,1857,1886-01-20,0.22771464336942043
12,1857,1886-01-27,0.296339669587243
12,1857,1886-02-03,0.10935393399059508
12,1857,1886-02-10,0.027370258197185297
12,1857,1886-02-17,0.017619371431437058
12,1857,1886-02-24,0.018625978185591797
12,1857,1886-03-03,0.04129393718750356
12,1857,1886-03-10,0.47577536205535875
12,1857,1886-03-17,0.7299751735583063
12,1857,1886-03-24,0.8217530493527877
12,1857,1886-03-31,0.6200592139446133
12,1857,1886-04-07,0.30479543713313034
12,1857,1886-04-14,0.190656253417358
12,1857,1886-04-21,0.07493816570411811
12,1857,1886-04-28,0.08606963622262875
12,1857,1886-05-05,0.1269194046790644
12,1857,1886-05-12,0.19580193834311543
12,1857,1886-05-19,0.3179739900269912
12,1857,1886-05-26,0.24608548378348372
12,1857,1886-06-02,0.2685653800102538
12,1857,1886-06-09,0.2115499354439202
12,1857,1886-06-16,0.24618434565073874
12,1857,1886-06-23,0.2773169246956799
12,1857,1886-06-30,0.28248958713061806
12,1857,1886-07-07,0.36239746514466703
12,1857,1886-07-14,0.3881867455430028
12,1857,1886-07-21,0.2796807287458228
12,1857,1886-07-28,0.31623648545689353
12,1857,1886-08-04,0.20480160248795173
12,1857,1886-08-11,0.23019335442001176
12,1857,1886-08-18,0.2955387241677506
12,1857,1886-08-25,0.2515563066233068
12,1857,1886-09-01,0.3549312675071261
12,1857,1886-09-08,0.44742661308251
12,1857,1886-09-15,0.4906510743463575
12,1857,1886-09-22,0.42876134001763355
12,1857,1886-09-29,0.46076825904015284
12,1857,1886-10-06,0.7212714370591924
12,1857,1886-10-13,0.6283124071949123
12,1857,1886-10-20,0.5912840142992791
12,1857,1886-10-27,0.6035400836324326
12,1857,1886-11-03,0.297334467978278
12,1857,1886-11-10,0.039888570122747526
12,1857,1886-11-17,0.02811234239931311
12,1857,1886-11-24,0.042969535976186767
12,1857,1886-12-01,0.2272129794213123
12,1857,1886-12-08,0.6868485469225882
12,1857,1886-12-15,0.5624523792062862
12,1857,1886-12-22,0.3880091792973842
12,1857,1886-12-29,0.6122931591601029
12,1857,1887-01-05,0.7762702656158951
12,1857,1887-01-12,0.7338660802046759
12,1857,1887-01-19,0.4015562905938095
12,1857,1887-01-26,0.30974192002502277
12,1857,1887-02-02,0.08849468746908119
12,1857,1887-02-09,0.023366454636798015
12,1857,1887-02-16,0.0934176582074382
12,1857,1887-02-23,0.13013399743355483
12,1857,1887-03-02,0.333650371101187
12,1857,1887-03-09,0.7068897653479977
12,1857,1887-03-16,0.645454139664371
12,1857,1887-03-23,0.6603697641348674
12,1857,1887-03-30,0.42553407751588024
12,1857,1887-04-06,0.3955903191971311
12,1857,1887-04-13,0.36202127886213925
12,1857,1887-04-20,0.0733201483274579
12,1857,1887-04-27,0.0955881411926356
12,1857,1887-05-04,0.12663924799001694
12,1857,1887-05-11,0.10513860397300681
12,1857,1887-05-18,0.20992570225006507
12,1857,1887-05-25,0.14378922266017055
12,1857,1887-06-01,0.14973688719803796
12,1857,1887-06-08,0.12890708288838532
12,1857,1887-06-15,0.0559498863862949
12,1857,1887-06-22,0.05321320171712505
12,1857,1887-06-29,0.07089841979518496
12,1857,1887-07-06,0.1797843205128745
12,1857,1887-07-13,0.27383918805794516
12,1857,1887-07-20,0.22523087930841537
12,1857,1887-07-27,0.18752616442112383
12,1857,1887-08-03,0.1636854802296246
12,1857,1887-08-10,0.1539069424927054
12,1857,1887-08-17,0.15334191465638625
12,1857,1887-08-24,0.16759839287249473
12,1857,1887-08-31,0.16297911287680344
12,1857,1887-09-07,0.3088672697730062
12,1857,1887-09-14,0.6430062431316814
12,1857,1887-09-21,0.6857536568426498
12,1857,1887-09-28,0.6685327055953966
12,1857,1887-10-05,0.5935036530070943
12,1857,1887-10-12,0.6801812301649764
12,1857,1887-10-19,0.6385005464981096
12,1857,1887-10-26,0.5972082245416445
12,1857,1887-11-02,0.5295184800756664
12,1857,1887-11-09,0.19514580432218773
12,1857,1887-11-16,0.14364623638230126
12,1857,1887-11-23,0.21545763994829942
12,1857,1887-11-30,0.22543781297400814
12,1857,1887-12-07,0.5001096594406089
12,1857,1887-12-14,0.3581866200021078
12,1857,1887-12-21,0.22589866275910256
12,1857,1887-12-28,0.21827570258100412
12,1857,1888-01-04,0.3871929515980189
12,1857,1888-01-11,0.33600100368125935
12,1857,1888-01-18,0.07738711712600138
12,1857,1888-01-25,0.06847249945790698
12,1857,1888-02-01,0.0401393450423512
12,1857,1888-02-08,0.04088727854752664
12,1857,1888-02-15,0.07169180835386113
12,1857,1888-02-22,0.05925574255724155
12,1857,1888-02-29,0.08300920901221343
12,1857,1888-03-07,0.09979530123243374
12,1857,1888-03-14,0.4292029101345371
12,1857,1888-03-21,0.3807474518763255
12,1857,1888-03-28,0.42785467965271395
12,1857,1888-04-04,0.8445871548985131
12,1857,1888-04-11,0.8497130525745384
12,1857,1888-04-18,0.5297922627611982
12,1857,1888-04-25,0.22641067129697162
12,1857,1888-05-02,0.08012236344852024
12,1857,1888-05-09,0.12301167571994329
12,1857,1888-05-16,0.2186468335999607
12,1857,1888-05-23,0.2918889204247223
12,1857,1888-05-30,0.5315203381103564
12,1857,1888-06-06,0.38475423387123076
12,1857,1888-06-13,0.21572077550992405
12,1857,1888-06-20,0.37648397002019235
12,1857,1888-06-27,0.33407025297336806
12,1857,1888-07-04,0.257173631378697
12,1857,1888-07-11,0.41525403734024463
12,1857,1888-07-18,0.27133029837796624
12,1857,1888-07-25,0.28939755104689346
12,1857,1888-08-01,0.3253824447142808
12,1857,1888-08-08,0.2982527488919095
12,1857,1888-08-15,0.27688163384979686
12,1857,1888-08-22,0.3578616912125972
12,1857,1888-08-29,0.3665574969669771
12,1857,1888-09-05,0.3427209860278659
12,1857,1888-09-12,0.6583412157170391
12,1857,1888-09-19,0.6937002956964448
12,1857,1888-09-26,0.8021002020008206
12,1857,1888-10-03,0.7247881912379801
12,1857,1888-10-10,0.8440349230231876
12,1857,1888-10-17,0.4330637841024861
12,1857,1888-10-24,0.26233510223406886
12,1857,1888-10-31,0.1978598700524683
12,1857,1888-11-07,0.05731617391092136
12,1857,1888-11-14,0.1503103509628866
12,1857,1888-11-21,0.1422145365469857
12,1857,1888-11-28,0.3092549826639697
12,1857,1888-12-05,0.5355468280486959
12,1857,1888-12-12,0.8864987539009576
12,1857,1888-12-19,0.9222407285349401
12,1857,1888-12-24,0.9459659623236641
12,1857,1889-01-09,0.9789125648692061
12,1857,1889-01-16,0.5596443109745073
12,1857,1889-01-23,0.38081837200846447
12,1857,1889-02-06,0.03526633092181453
12,1857,1889-02-13,0.1966973811356231
12,1857,1889-02-20,0.14006759019802092
12,1857,1889-03-06,0.8160148916525152
12,1857,1889-03-13,0.8107395823661264
12,1857,1889-03-20,0.6853021392206443
12,1857,1889-03-27,0.5854266386296884
12,1857,1889-04-03,0.6010159469843697
12,1857,1889-04-10,0.5089525527400166
12,1857,1889-04-17,0.2708700318094773
12,1857,1889-04-24,0.2861924405719036
12,1857,1889-05-01,0.4016070483897704
12,1857,1889-05-08,0.30235149851359866
12,1857,1889-05-15,0.8334502090084827
12,1857,1889-05-22,0.5504635368684423
12,1857,1889-05-29,0.46981142317726754
12,1857,1889-06-05,0.3424783596972995
12,1857,1889-06-12,0.4804949627964945
12,1857,1889-06-19,0.3577657252995797
12,1857,1889-06-26,0.40171411248259586
12,1857,1889-07-03,0.47268240745794304
12,1857,1889-07-10,0.25134038126515973
12,1857,1889-07-17,0.5622694753660424
12,1857,1889-07-24,0.3504503867443331
12,1857,1889-07-31,0.27866892057379433
12,1857,1889-08-07,0.4202023401836432
12,1857,1889-08-14,0.23321310064852255
12,1857,1889-08-21,0.1808002309677582
12,1857,1889-08-28,0.1877671408257637
12,1857,1889-09-04,0.19496303138867113
12,1857,1889-09-11,0.5466674286398636
12,1857,1889-09-18,0.751305754251442
12,1857,1889-09-25,0.9014464652141764
12,1857,1889-10-02,0.8491860005796122
12,1857,1889-10-09,0.8596877449804488
12,1857,1889-10-16,0.8262813051044181
12,1857,1889-10-23,0.5434690210559955
12,1857,1889-10-30,0.4756351531229969
12,1857,1889-11-06,0.3067445928210664
12,1857,1889-11-13,0.239227982564682
12,1857,1889-11-20,0.27141354215117086
12,1857,1889-11-27,0.3387556919841851
12,1857,1889-12-04,0.6760932956938158
12,1857,1889-12-11,0.8280764512740325
12,1857,1889-12-18,0.8123461953607836
12,1857,1889-12-24,0.7759128338259657
12,1857,1890-01-01,0.9542744422301619
12,1857,1890-01-08,0.8911059854879311
12,1857,1890-01-15,0.79539834257201
12,1857,1890-01-22,0.700636723716171
12,1857,1890-01-29,0.5747291102318725
12,1857,1890-02-05,0.48595109523862545
12,1857,1890-02-12,0.6167393803345036
12,1857,1890-02-19,0.6861106891209663
12,1857,1890-02-26,0.573525037549197
12,1857,1890-03-05,0.49979833087627284
12,1857,1890-03-12,0.737099956861939
12,1857,1890-03-19,0.6958132803477441
12,1857,1890-03-26,0.7582418247177046
12,1857,1890-04-02,0.6916478648154505
12,1857,1890-04-09,0.5958237187463418
12,1857,1890-04-16,0.6163876306438918
12,1857,1890-04-23,0.3997517405072811
12,1857,1890-04-30,0.5071172059631868
12,1857,1890-05-07,0.17780990278465542
12,1857,1890-05-14,0.21349886251964828
12,1857,1890-05-21,0.1915442036739695
12,1857,1890-05-28,0.36700007974807203
12,1857,1890-06-04,0.5143876659480678
12,1857,1890-06-11,0.5474003386504136
12,1857,1890-06-18,0.5073880737557207
12,1857,1890-06-25,0.5955758855519679
12,1857,1890-07-02,0.7532644610093633
12,1857,1890-07-09,0.7349687790565705
12,1857,1890-07-16,0.6812099664145571
12,1857,1890-07-23,0.4923617262632521
12,1857,1890-07-30,0.31949452674214907
12,1857,1890-08-06,0.3862499262383001
12,1857,1890-08-13,0.5182959287045572
12,1857,1890-08-20,0.5423912885134342
12,1857,1890-08-27,0.7292385457489045
12,1857,1890-09-03,0.6467795963035221
12,1857,1890-09-10,0.7252376925104848
12,1857,1890-09-17,0.8245798071646453
12,1857,1890-09-24,0.8103373507928705
12,1857,1890-10-01,0.7849352939442301
12,1857,1890-10-08,0.7137976694938782
12,1857,1890-10-15,0.7508694080425383
12,1857,1890-10-22,0.6882576403013871
12,1857,1890-10-29,0.3854674654710727
12,1857,1891-02-11,0.7819388524658731
12,1857,1891-02-18,0.8862709309945821
12,1857,1891-02-25,0.9114223421793156
12,1857,1891-03-04,0.9516455479024719
12,1857,1891-03-11,0.9350318635835073
12,1857,1891-03-18,0.6821382529304417
12,1857,1891-03-25,0.6132283499702448
12,1857,1891-04-01,0.45224242070140397
12,1857,1891-04-08,0.24799691396203052
12,1857,1891-04-15,0.6256409251224059
12,1857,1891-04-22,0.7739759120991242
12,1857,1891-04-29,0.6016760878517838
12,1857,1891-05-06,0.5559176304719161
12,1857,1891-05-13,0.647853112851393
12,1857,1891-05-20,0.815070917361475
12,1857,1891-05-27,0.9285345629024074
12,1857,1891-06-03,0.8241075251977974
12,1857,1891-06-10,0.6238262422656029
12,1857,1891-06-17,0.5428219309536042
12,1857,1891-06-24,0.6209334456728217
12,1857,1891-07-01,0.72729566960755
12,1857,1891-07-08,0.7549924333248392
12,1857,1891-07-15,0.7211464201305934
12,1857,1891-07-22,0.9000698799183979
12,1857,1891-07-29,0.682083392316257
12,1857,1891-08-05,0.46263655437882645
12,1857,1891-08-12,0.30892839985198983
12,1857,1891-08-19,0.3319892783388304
12,1857,1891-08-26,0.45016493673468316
12,1857,1891-09-02,0.6034705859385022
12,1857,1891-09-09,0.8032780483341427
12,1857,1891-09-16,0.7460190675461016
12,1857,1891-09-23,0.7180963266404584
12,1857,1891-09-30,0.6569908591087674
12,1857,1891-10-07,0.37767762823325773
12,1857,1891-10-14,0.5087514574217431
12,1857,1891-10-21,0.4075919633609944
12,1857,1891-10-28,0.35332202398198237
12,1857,1891-11-04,0.2503470421500909
12,1857,1891-11-11,0.18039935165734985
12,1857,1891-11-18,0.1490317646102977
12,1857,1891-11-25,0.22712418614792151
12,1857,1891-12-02,0.3361260084044664
12,1857,1891-12-09,0.5713455111855994
12,1857,1891-12-16,0.7037959679623305
12,1857,1891-12-23,0.688713921554125
12,1857,1891-12-30,0.7283832214828364
12,1857,1892-01-06,0.6140436014961219
12,1857,1892-01-13,0.48947166727880476
12,1857,1892-01-20,0.2845947216452947
12,1857,1892-01-27,0.13034912425731107
12,1857,1892-02-03,0.28141171347774696
12,1857,1892-02-10,0.17215724822758624
12,1857,1892-02-17,0.271402759210429
12,1857,1892-02-24,0.4085046306569283
12,1857,1892-03-02,0.33215737086293806
12,1857,1892-03-09,0.7894449774112416
12,1857,1892-03-16,0.6801829174428075
12,1857,1892-03-23,0.6209550356455711
12,1857,1892-03-30,0.47543289497326197
12,1857,1892-04-06,0.11791515977942629
12,1857,1892-04-13,0.15141913627971068
12,1857,1892-04-20,0.3216258057968293
12,1857,1892-04-27,0.35430130512513947
12,1857,1892-05-04,0.3318022630226786
12,1857,1892-05-11,0.2966506443737638
12,1857,1892-05-18,0.3050276337110744
12,1857,1892-05-25,0.41434765649524635
12,1857,1892-06-01,0.5460628994493504
12,1857,1892-06-08,0.3431084021849359
12,1857,1892-06-15,0.22516743014737498
12,1857,1892-06-22,0.2248518676385064
12,1857,1892-06-29,0.19670725226548885
12,1857,1892-07-06,0.2082384824645008
12,1857,1892-07-13,0.20416109825613277
12,1857,1892-07-20,0.288728045273926
12,1857,1892-07-27,0.2569098538509512
12,1857,1892-08-03,0.1557049024563438
12,1857,1892-08-10,0.09079661007109915
12,1857,1892-08-17,0.19431386870483341
12,1857,1892-08-24,0.1924551957036573
12,1857,1892-08-31,0.28890212969655915
12,1857,1892-09-07,0.49135485745461194
12,1857,1892-09-14,0.22798994349629453
12,1857,1892-09-21,0.4491965808559927
12,1857,1892-09-28,0.4012117347335586
12,1857,1892-10-05,0.33184452708361023
12,1857,1892-10-12,0.28766944804899086
12,1857,1892-10-19,0.15785636388005211
12,1857,1892-10-26,0.1201426866208555
12,1857,1892-11-02,0.0884318995960207
12,1857,1892-11-09,0.029538118698334614
12,1857,1892-11-16,0.053715654870671085
12,1857,1892-11-23,0.05496929065737546
12,1857,1892-11-30,0.09021819187088555
12,1857,1892-12-07,0.6339510430636044
12,1857,1892-12-14,0.6155769080320661
12,1857,1892-12-21,0.7510013644153287
12,1857,1892-12-28,0.8003829744183834
12,1857,1893-01-04,0.5782046129618046
12,1857,1893-01-11,0.37763669694185065
12,1857,1893-01-18,0.24816521273986214
12,1857,1893-01-25,0.0763067338853462
12,1857,1893-02-01,0.09726073709481711
12,1857,1893-02-08,0.022102028081303723
12,1857,1893-02-15,0.06211150127080997
12,1857,1893-02-22,0.14325132616527667
12,1857,1893-03-01,0.16679988129830495
12,1857,1893-03-08,0.8251570098688886
12,1857,1893-03-15,0.5480439510844602
12,1857,1893-03-22,0.547439054314605
12,1857,1893-03-29,0.3368598114258265
12,1857,1893-04-05,0.17862190037050413
12,1857,1893-04-12,0.269954360052294
12,1857,1893-04-19,0.20814211565384008
12,1857,1893-04-26,0.19771800093592604
12,1857,1893-05-03,0.08113988468437308
12,1857,1893-05-10,0.06136759425128771
12,1857,1893-05-17,0.09853397175409644
12,1857,1893-05-24,0.1815239538754275
12,1857,1893-05-31,0.45537738885477363
12,1857,1893-06-07,0.15919952081373587
12,1857,1893-06-14,0.09830051695489249
12,1857,1893-06-21,0.044927679617209386
12,1857,1893-06-28,0.10339637398449558
12,1857,1893-07-05,0.22974252452865906
12,1857,1893-07-12,0.34809358678608077
12,1857,1893-07-19,0.35861222339129967
12,1857,1893-07-26,0.2508881112353024
12,1857,1893-08-02,0.24306826715403887
12,1857,1893-08-09,0.07017277478959603
12,1857,1893-08-16,0.193181931031312
12,1857,1893-08-23,0.17051562251476868
12,1857,1893-08-30,0.2204495816581581
12,1857,1893-09-06,0.5606656447108563
12,1857,1893-09-13,0.37364598247155895
12,1857,1893-09-20,0.53797317473418
12,1857,1893-09-27,0.5746394550746726
12,1857,1893-10-04,0.6579728889831277
12,1857,1893-10-11,0.7726923089254821
12,1857,1893-10-18,0.8215855007843067
12,1857,1893-10-25,0.5893099066595293
12,1857,1893-11-01,0.34631233014315
12,1857,1893-11-08,0.04892261916328273
12,1857,1893-11-15,0.044659321584389594
12,1857,1893-11-22,0.05106102447655194
12,1857,1893-11-29,0.044466174120244076
12,1857,1893-12-06,0.31530271613348615
12,1857,1893-12-13,0.3909353885639523
12,1857,1893-12-20,0.4488324438656104
12,1857,1893-12-27,0.5866968038828871
12,1857,1894-01-03,0.6095380870688808
12,1857,1894-01-10,0.5346485418162767
12,1857,1894-01-17,0.38721418165174765
12,1857,1894-01-24,0.1550971296004263
12,1857,1894-01-31,0.08578141105261831
12,1857,1894-02-07,0.01590606786451435
12,1857,1894-02-14,0.033701321134294124
12,1857,1894-02-21,0.06493357026892635
12,1857,1894-02-28,0.20328868313922988
12,1857,1894-03-07,0.5020765107046656
12,1857,1894-03-14,0.5011817390631084
12,1857,1894-03-21,0.3242666730018126
12,1857,1894-03-28,0.2243328671816115
12,1857,1894-04-04,0.06525596944633649
12,1857,1894-04-11,0.058750117037143716
12,1857,1894-04-18,0.07690011625092538
12,1857,1894-04-25,0.03475535093599953
12,1857,1894-05-02,0.07315638781574854
12,1857,1894-05-09,0.02956475324717304
12,1857,1894-05-16,0.08463918658171132
12,1857,1894-05-23,0.2886406270480731
12,1857,1894-05-30,0.4406387949525216
12,1857,1894-06-06,0.1645599133479899
12,1857,1894-06-13,0.04077229004952518
12,1857,1894-06-20,0.022680489970865945
12,1857,1894-06-27,0.009225081262745747
12,1857,1894-07-04,0.01705171650272726
12,1857,1894-07-11,0.01774046675571374
12,1857,1894-07-18,0.02308279206361827
12,1857,1894-07-25,0.025735131777447597
12,1857,1894-08-01,0.025383538825178777
12,1857,1894-08-08,0.007825361979700091
12,1857,1894-08-15,0.012428018650484905
12,1857,1894-08-22,0.0192168010706589
12,1857,1894-08-29,0.013927277552541943
12,1857,1894-09-05,0.10620443601351194
12,1857,1894-09-12,0.06879950345432496
12,1857,1894-09-19,0.07884649725341648
12,1857,1894-09-26,0.07745053382207578
12,1857,1894-10-03,0.0861426187736887
12,1857,1894-10-10,0.09289743774132533
12,1857,1894-10-17,0.058506510286318716
12,1857,1894-10-24,0.05648880765749959
12,1857,1894-10-31,0.04363941578124202
12,1857,1894-11-07,0.037184794293893014
12,1857,1894-11-14,0.00824977727335229
12,1857,1894-11-21,0.007155225955384925
12,1857,1894-11-28,0.006920948718556288
12,1857,1894-12-05,0.010174239344377906
12,1857,1894-12-12,0.14915598878262398
12,1857,1894-12-19,0.1662776497829951
12,1857,1894-12-24,0.17939369657315396
12,1857,1895-01-02,0.3352633200737847
12,1857,1895-01-09,0.12365360566331389
12,1857,1895-01-16,0.08738542281725822
12,1857,1895-01-23,0.04151544995963388
12,1857,1895-01-30,0.03625598930633979
12,1857,1895-02-06,0.006093115294987155
12,1857,1895-02-13,0.007029821752423832
12,1857,1895-02-20,0.013339324943513177
12,1857,1895-02-27,0.01249214161227485
12,1857,1895-03-06,0.49162267283923144
12,1857,1895-03-13,0.48848075434355126
12,1857,1895-03-20,0.19889285176181792
12,1857,1895-03-27,0.11346909737019714
12,1857,1895-04-03,0.04104939600168475
12,1857,1895-04-10,0.02298083439328368
12,1857,1895-04-17,0.03576585279130894
12,1857,1895-04-24,0.03553064130360385
12,1857,1895-05-01,0.018024340141802105
12,1857,1895-05-08,0.025345205973628694
12,1857,1895-05-15,0.022863519990230428
12,1857,1895-05-22,0.021956080032024004
12,1857,1895-05-29,0.03962592222306154
12,1857,1895-06-05,0.02192164568686768
12,1857,1895-06-12,0.010062928874179847
12,1857,1895-06-19,0.008603323443345934
12,1857,1895-06-26,0.011716306130106512
12,1857,1895-07-03,0.015859617870630532
12,1857,1895-07-10,0.016695817213731593
12,1857,1895-07-17,0.032976753418348353
12,1857,1895-07-24,0.03625233601940177
12,1857,1895-07-31,0.036910375630243734
12,1857,1895-08-07,0.03274666359244112
12,1857,1895-08-14,0.03581552108109143
12,1857,1895-08-21,0.03150360265263136
12,1857,1895-08-28,0.026653344748432204
12,1857,1895-09-04,0.03260652233772039
12,1857,1895-09-11,0.033866611784955855
12,1857,1895-09-18,0.047811683564035694
12,1857,1895-09-25,0.03954463997331561
12,1857,1895-10-02,0.03853308760739463
12,1857,1895-10-09,0.05086883486599828
12,1857,1895-10-16,0.06933259974589236
12,1857,1895-10-23,0.08657334027381541
12,1857,1895-10-30,0.08895519974196035
12,1857,1895-11-06,0.07326864642148577
12,1857,1895-11-13,0.05380302322244697
12,1857,1895-11-20,0.0798913368215664
12,1857,1895-11-27,0.06804012439259297
12,1857,1895-12-04,0.06605141440762166
12,1857,1895-12-11,0.1223159714608086
12,1857,1895-12-18,0.09667174747451164
12,1857,1895-12-24,0.069149433586683
12,1857,1896-01-01,0.30020458585718446
12,1857,1896-01-08,0.1339854582274819
12,1857,1896-01-15,0.08311230842056594
12,1857,1896-01-22,0.09269223042670878
12,1857,1896-01-29,0.04707675516149581
12,1857,1896-02-05,0.014673101158420432
12,1857,1896-02-12,0.05327586575895572
12,1857,1896-02-19,0.0705588146378958
12,1857,1896-02-26,0.06783269781678887
12,1857,1896-03-04,0.2946702981951366
12,1857,1896-03-11,0.08082746308493366
12,1857,1896-03-18,0.07833532440143466
12,1857,1896-03-25,0.07397597694602442
12,1857,1896-04-01,0.0809002537490295
12,1857,1896-04-08,0.09226355778671393
12,1857,1896-04-15,0.09616735466086275
12,1857,1896-04-22,0.09619273560244553
12,1857,1896-04-29,0.0844774938359852
12,1857,1896-05-06,0.09022546355776646
12,1857,1896-05-13,0.09252683024428125
12,1857,1896-05-20,0.12098884476309883
12,1857,1896-05-27,0.10475987129376067
12,1857,1896-06-03,0.11671847220340557
12,1857,1896-06-10,0.11498189606055825
12,1857,1896-06-17,0.11896849280506952
12,1857,1896-06-24,0.10828239249223677
12,1857,1896-07-01,0.2435579460461516
12,1857,1896-07-08,0.1999724646370519
12,1857,1896-07-15,0.1646152585023297
12,1857,1896-07-22,0.17435532443786472
12,1857,1896-07-29,0.13207044006535598
12,1857,1896-08-05,0.07449685468720912
12,1857,1896-08-12,0.16769007721138096
12,1857,1896-08-19,0.17308274096472778
12,1857,1896-08-26,0.16200325845447527
12,1857,1896-09-02,0.3174649121842839
12,1857,1896-09-09,0.17869589307317824
12,1857,1896-09-16,0.1957914123638431
12,1857,1896-09-23,0.18024057161499316
12,1857,1896-09-30,0.1960613867833525
12,1857,1896-10-07,0.15139847391001393
12,1857,1896-10-14,0.13475955215736837
12,1857,1896-10-21,0.2193993866681952
12,1857,1896-10-28,0.2436050455121437
12,1857,1896-11-04,0.2382082628694474
12,1857,1896-11-11,0.20269820419313264
12,1857,1896-11-18,0.19024331656986307
12,1857,1896-11-25,0.22793895673308276
12,1857,1896-12-02,0.5537477602430383
12,1857,1896-12-09,0.7236359808745065
12,1857,1896-12-16,0.677543850938583
12,1857,1896-12-23,0.6128613701418254
12,1857,1896-12-30,0.6964850635376509
12,1857,1897-01-06,0.6123375279010271
12,1857,1897-01-13,0.5309838740009782
12,1857,1897-01-20,0.4555626824124864
12,1857,1897-01-27,0.20164790012514602
12,1857,1897-02-03,0.07600174595322423
12,1857,1897-02-10,0.07762687286742036
12,1857,1897-02-17,0.1601231987876551
12,1857,1897-02-24,0.2550083337573245
12,1857,1897-03-03,0.4664456122652131
12,1857,1897-03-10,0.45376582789498676
12,1857,1897-03-17,0.20814925918429622
12,1857,1897-03-24,0.1933341001171632
12,1857,1897-03-31,0.20200304988458556
12,1857,1897-04-07,0.30938832994697885
12,1857,1897-04-14,0.3310092455989217
12,1857,1897-04-21,0.5077695928814118
12,1857,1897-04-28,0.5018510017208511
12,1857,1897-05-05,0.34806040205273203
12,1857,1897-05-12,0.31476852134803285
12,1857,1897-05-19,0.21866845227650572
12,1857,1897-05-26,0.18955429646658106
12,1857,1897-06-02,0.2476538258034001
12,1857,1897-06-09,0.25115806246180356
12,1857,1897-06-16,0.2382732867665913
12,1857,1897-06-23,0.17573515491049221
12,1857,1897-06-30,0.28608817784025026
12,1857,1897-07-07,0.18775260119600454
12,1857,1897-07-14,0.16689040566692104
12,1857,1897-07-21,0.20269625408637254
12,1857,1897-07-28,0.16603779519343048
12,1857,1897-08-04,0.0624586608259321
12,1857,1897-08-11,0.19131751911250006
12,1857,1897-08-18,0.21598735190160956
12,1857,1897-08-25,0.247861014526774
12,1857,1897-09-01,0.5987078219223307
12,1857,1897-09-08,0.2885752920433754
12,1857,1897-09-15,0.3370028048900242
12,1857,1897-09-22,0.388150415030989
12,1857,1897-09-29,0.3701344327193221
12,1857,1897-10-06,0.2935935238145912
12,1857,1897-10-13,0.20998567948896446
12,1857,1897-10-20,0.1323275895633726
12,1857,1897-10-27,0.11129267086854382
12,1857,1897-11-03,0.15263320497826935
12,1857,1897-11-10,0.09013706204397579
12,1857,1897-11-17,0.1055376382936426
12,1857,1897-11-24,0.42616320913399774
12,1857,1897-12-01,0.3711928390266874
12,1857,1897-12-08,0.7342710919693473
12,1857,1897-12-15,0.7726521098740156
12,1857,1897-12-22,0.33165005233236394
12,1857,1897-12-29,0.41208047198484987
12,1857,1898-01-05,0.2826371107271654
12,1857,1898-01-12,0.3412804079441635
12,1857,1898-01-19,0.23671681882157186
12,1857,1898-01-26,0.10634456135119558
12,1857,1898-02-02,0.06520185228539459
12,1857,1898-02-09,0.02754983320251069
12,1857,1898-02-16,0.09464582499679726
12,1857,1898-02-23,0.20550077653999851
12,1857,1898-03-02,0.3245878946919488
12,1857,1898-03-09,0.5612961043410414
12,1857,1898-03-16,0.4663253414674314
12,1857,1898-03-23,0.47128953223542636
12,1857,1898-03-30,0.38069600576721196
12,1857,1898-04-06,0.24172095984999015
12,1857,1898-04-13,0.3792671258864253
12,1857,1898-04-20,0.34973732936122026
12,1857,1898-04-27,0.4542683069219013
12,1857,1898-05-04,0.2937707025654491
12,1857,1898-05-11,0.5258131137610612
12,1857,1898-05-18,0.5703106133804813
12,1857,1898-05-25,0.5178163073546322
12,1857,1898-06-01,0.5910135051139218
12,1857,1898-06-08,0.4148929959064146
12,1857,1898-06-15,0.24540876007606852
12,1857,1898-06-22,0.3843121511028678
12,1857,1898-06-29,0.33055832497677473
12,1857,1898-07-06,0.3760782584847458
12,1857,1898-07-13,0.5863779087460116
12,1857,1898-07-20,0.5351888231718591
12,1857,1898-07-27,0.45735531573915983
12,1857,1898-08-03,0.41721042232234984
12,1857,1898-08-10,0.30649754878561775
12,1857,1898-08-17,0.31576444723091607
12,1857,1898-08-24,0.289873190253208
12,1857,1898-08-31,0.27874005917510575
12,1857,1898-09-07,0.31906574014968975
12,1857,1898-09-14,0.35850303198592215
12,1857,1898-09-21,0.47191057368604833
12,1857,1898-09-28,0.5974357080537229
12,1857,1898-10-05,0.43174533840799256
12,1857,1898-10-12,0.5636443476595971
12,1857,1898-10-19,0.5149685419785278
12,1857,1898-10-26,0.5889744199057865
12,1857,1898-11-02,0.44269373088516506
12,1857,1898-11-09,0.293891344219887
12,1857,1898-11-16,0.4130533533051813
12,1857,1898-11-23,0.47197572752071987
12,1857,1898-11-30,0.5365921264710961
12,1857,1898-12-07,0.6987196939369616
12,1857,1898-12-14,0.7341369302068398
12,1857,1898-12-21,0.5391301236303282
12,1857,1898-12-28,0.6061636597047341
12,1857,1899-01-04,0.36530965339046084
12,1857,1899-01-11,0.16771851862792067
12,1857,1899-01-18,0.16583349284421664
12,1857,1899-01-25,0.09582679396251588
12,1857,1899-02-01,0.11124570960816933
12,1857,1899-02-08,0.030391207825663513
12,1857,1899-02-15,0.03202007831855787
12,1857,1899-02-22,0.06712137758100892
12,1857,1899-03-01,0.09248902208647748
12,1857,1899-03-08,0.47507423563917456
12,1857,1899-03-15,0.4652708113333137
12,1857,1899-03-22,0.36964297746414093
12,1857,1899-03-29,0.4351340225429858
12,1857,1899-04-05,0.3142327369956979
12,1857,1899-04-12,0.41128140271385843
12,1857,1899-04-19,0.381096295714801
12,1857,1899-04-26,0.3298482894377608
12,1857,1899-05-03,0.12825981593216437
12,1857,1899-05-10,0.2676343770828456
12,1857,1899-05-17,0.36061271197043293
12,1857,1899-05-24,0.45421150037558994
12,1857,1899-05-31,0.8036856390810105
12,1857,1899-06-07,0.44535683865431863
12,1857,1899-06-14,0.4394132790524077
12,1857,1899-06-21,0.3807823580583139
12,1857,1899-06-28,0.4271541520099984
12,1857,1899-07-05,0.2983334450308951
12,1857,1899-07-12,0.38266182028676593
12,1857,1899-07-19,0.4413804872499179
12,1857,1899-07-26,0.38802275406670245
12,1857,1899-08-02,0.21050055184134275
12,1857,1899-08-09,0.34984058110123967
12,1857,1899-08-16,0.3681012768051559
12,1857,1899-08-23,0.44336818507302295
12,1857,1899-08-30,0.6601655325098748
12,1857,1899-09-06,0.35627061610409777
12,1857,1899-09-13,0.36126237220942664
12,1857,1899-09-20,0.40563988754478597
12,1857,1899-09-27,0.3720569334334583
12,1857,1899-10-04,0.4149482111467948
12,1857,1899-10-11,0.5401281598083925
12,1857,1899-10-18,0.45591405443529004
12,1857,1899-10-25,0.387363591968433
12,1857,1899-11-01,0.18805318008518654
12,1857,1899-11-08,0.07408485053488545
12,1857,1899-11-15,0.09265247648064259
12,1857,1899-11-22,0.15206047327259778
12,1857,1899-11-29,0.32753771562426914
12,1857,1899-12-06,0.8286539929525916
12,1857,1899-12-13,0.782663651846183
12,1857,1899-12-20,0.7815550921287642
12,1857,1899-12-27,0.7098741287273018
12,1857,1900-01-03,0.681286349117641
12,1857,1900-01-10,0.8290979215760188
12,1857,1900-01-17,0.7418549602306491
12,1857,1900-01-24,0.3693780389206462
12,1857,1900-01-31,0.29583353508239774
12,1857,1900-02-07,0.11003070763117617
12,1857,1900-02-14,0.11443937641534205
12,1857,1900-02-21,0.2434900566590694
12,1857,1900-02-28,0.31446021039081185
12,1857,1900-03-07,0.6002583334815225
12,1857,1900-03-14,0.8880942791256548
12,1857,1900-03-21,0.7617245759677652
12,1857,1900-03-28,0.7230502311372756
12,1857,1900-04-04,0.49752658835145697
12,1857,1900-04-11,0.44166003930827835
12,1857,1900-04-18,0.36701450627122906
12,1857,1900-04-25,0.7180171573427502
12,1857,1900-05-02,0.64872025759535
12,1857,1900-05-09,0.6841201805975972
12,1857,1900-05-16,0.8558598615823885
12,1857,1900-05-23,0.493727865049043
12,1857,1900-05-30,0.41601631542886136
12,1857,1900-06-06,0.42832707702238626
12,1857,1900-06-13,0.5597869964892094
12,1857,1900-06-20,0.48871970817171284
12,1857,1900-06-27,0.5318575400165705
12,1857,1900-07-04,0.4527580385185834
12,1857,1900-07-11,0.44397073953122934
12,1857,1900-07-18,0.4547180557210917
12,1857,1900-07-25,0.38718258395287425
12,1857,1900-08-01,0.2698433569965926
12,1857,1900-08-08,0.11279905552075388
12,1857,1900-08-15,0.15322790241948184
12,1857,1900-08-22,0.2647254307372106
12,1857,1900-08-29,0.27595941486492265
12,1857,1900-09-05,0.46382018981125805
12,1857,1900-09-12,0.4781517196258429
12,1857,1900-09-19,0.3979950862596895
12,1857,1900-09-26,0.4826117953006975
12,1857,1900-10-03,0.5996102451386571
12,1857,1900-10-10,0.7593681604880148
12,1857,1900-10-17,0.8933978172151693
12,1857,1900-10-24,0.8835020729865747
12,1857,1900-10-31,0.7356850151992138
12,1857,1900-11-07,0.13630709969050925
12,1857,1900-11-14,0.06415998637568768
12,1857,1900-11-21,0.0429540211928163
12,1857,1900-11-28,0.030939693125030428
12,1857,1900-12-05,0.3556608764540866
12,1857,1900-12-12,0.675561501808223
12,1857,1900-12-19,0.6444443216349522
12,1857,1900-12-24,0.720290238791724
12,1857,1901-01-02,0.68113936656957
12,1857,1901-01-09,0.4015643412583467
12,1857,1901-01-16,0.4472821368929105
12,1857,1901-01-23,0.2595841370215781
12,1857,1901-01-30,0.29962061529316575
12,1857,1901-02-06,0.0949756340043482
12,1857,1901-02-13,0.33283842973273353
12,1857,1901-02-20,0.3966441069033811
12,1857,1901-02-27,0.4987259820045067
12,1857,1901-03-06,0.8128340694761568
12,1857,1901-03-13,0.8580526071734725
12,1857,1901-03-20,0.7840909795330302
12,1857,1901-03-27,0.7491058235130661
12,1857,1901-04-03,0.29955841044107423
12,1857,1901-04-10,0.43135697269676826
12,1857,1901-04-17,0.3422755168831487
12,1857,1901-04-24,0.241344690460547
12,1857,1901-05-01,0.45229464869571756
12,1857,1901-05-08,0.2960599854023565
12,1857,1901-05-15,0.3959618738190829
12,1857,1901-05-22,0.33276625310251823
12,1857,1901-05-29,0.4360337078981951
12,1857,1901-06-05,0.3207054029757744
12,1857,1901-06-12,0.36132020486508903
12,1857,1901-06-19,0.13086738121870595
12,1857,1901-06-26,0.47754044283954994
12,1857,1901-07-03,0.5445316892529811
12,1857,1901-07-10,0.31886936917846936
12,1857,1901-07-17,0.6420418593965556
12,1857,1901-07-24,0.21125281278730862
12,1857,1901-07-31,0.17258184388576064
12,1857,1901-08-07,0.050291203991649755
12,1857,1901-08-14,0.12034105060536296
12,1857,1901-08-21,0.11319217562317453
12,1857,1901-08-28,0.219676417976401
12,1857,1901-09-04,0.3332966593060136
12,1857,1901-09-11,0.29677158810747273
12,1857,1901-09-18,0.425689467879743
12,1857,1901-09-25,0.17240588349887986
12,1857,1901-10-02,0.32303967425296387
12,1857,1901-10-09,0.22104211298975862
12,1857,1901-10-16,0.23410769687456562
12,1857,1901-10-23,0.253958950238169
12,1857,1901-10-30,0.21952141803209513
12,1857,1901-11-06,0.12677475643340302
12,1857,1901-11-13,0.1547629564472212
12,1857,1901-11-20,0.20976908688940604
12,1857,1901-11-27,0.2963431643627275
12,1857,1901-12-04,0.3726459843605632
12,1857,1901-12-11,0.5936069453293541
12,1857,1901-12-18,0.4378227348395874
12,1857,1901-12-24,0.47943586425822765
12,1857,1902-01-01,0.8465136429831664
12,1857,1902-01-08,0.5658230382494168
12,1857,1902-01-15,0.5214283932215626
12,1857,1902-01-22,0.29640982273082317
12,1857,1902-01-29,0.20789727225617954
12,1857,1902-02-05,0.035460451146783104
12,1857,1902-02-12,0.13287489608342898
12,1857,1902-02-19,0.28032626512524117
12,1857,1902-02-26,0.5049427204410095
12,1857,1902-03-05,0.7884847875796628
12,1857,1902-03-12,0.7311915476834934
12,1857,1902-03-19,0.6114091686604972
12,1857,1902-03-26,0.33779947871737565
12,1857,1902-04-02,0.315956849722832
12,1857,1902-04-09,0.27365923929304165
12,1857,1902-04-16,0.31731546204543776
12,1857,1902-04-23,0.4071956135759497
12,1857,1902-04-30,0.37385343409546723
12,1857,1902-05-07,0.25321440818204427
12,1857,1902-05-14,0.564474895649782
12,1857,1902-05-21,0.660675397535828
12,1857,1902-05-28,0.8776455120158948
12,1857,1902-06-04,0.46125268858486584
12,1857,1902-06-11,0.27098150073744337
12,1857,1902-06-18,0.1419589874161402
12,1857,1902-06-25,0.31755677656509695
12,1857,1902-07-02,0.4359266993134278
12,1857,1902-07-09,0.186061678325587
12,1857,1902-07-16,0.32734643030042465
12,1857,1902-07-23,0.2663965508965434
12,1857,1902-07-30,0.14167178437744654
12,1857,1902-08-06,0.037880990201336416
12,1857,1902-08-13,0.12685941597161293
12,1857,1902-08-20,0.16232957063560524
12,1857,1902-08-27,0.6661200334130493
12,1857,1902-09-03,0.4856574704490965
12,1857,1902-09-10,0.3905560592481385
12,1857,1902-09-17,0.2696512082171273
12,1857,1902-09-24,0.3024416174785118
12,1857,1902-10-01,0.4137514280406286
12,1857,1902-10-08,0.3145439477036781
12,1857,1902-10-15,0.2506338373597582
12,1857,1902-10-22,0.2560833123987935
12,1857,1902-10-29,0.2825852835626576
12,1857,1902-11-05,0.04007884861802153
12,1857,1902-11-12,0.04804977591229153
12,1857,1902-11-19,0.07321387209177202
12,1857,1902-11-26,0.10502648487019028
12,1857,1902-12-03,0.4463059085507891
12,1857,1902-12-10,0.6413114872793659
12,1857,1902-12-17,0.4692536138305709
12,1857,1902-12-24,0.3831357286327126
12,1857,1902-12-31,0.5432044757852255
12,1857,1903-01-07,0.3527120170000507
12,1857,1903-01-14,0.418135435265403
12,1857,1903-01-21,0.4713619747036824
12,1857,1903-01-28,0.28264357188327055
12,1857,1903-02-04,0.056461751133702026
12,1857,1903-02-11,0.13082060387183198
12,1857,1903-02-18,0.24438555817351243
12,1857,1903-02-25,0.37329152617357975
12,1857,1903-03-04,0.8819973854074702
12,1857,1903-03-11,0.7483520397376944
12,1857,1903-03-18,0.6216279809347168
12,1857,1903-03-25,0.5954621442024836
12,1857,1903-04-01,0.36821908315322605
12,1857,1903-04-08,0.17339046433831698
12,1857,1903-04-15,0.3031973227322386
12,1857,1903-04-22,0.45464625566154654
12,1857,1903-04-29,0.4358349006833816
12,1857,1903-05-06,0.3014777448663671
12,1857,1903-05-13,0.8499063296182002
12,1857,1903-05-20,0.1869669991838744
12,1857,1903-05-27,0.649522722575996
12,1857,1903-06-03,0.6695155885214517
12,1857,1903-06-10,0.3693060654575563
12,1857,1903-06-17,0.03229685523380956
12,1857,1903-06-24,0.22317254021933147
12,1857,1903-07-01,0.41199002808868607
12,1857,1903-07-08,0.14458789061042876
12,1857,1903-07-15,0.9622245170706
12,1857,1903-07-22,0.28416381810395724
12,1857,1903-07-29,0.1837205894325085
12,1857,1903-08-05,0.04285593055254945
12,1857,1903-08-12,0.2031055731742428
12,1857,1903-08-19,0.19340191350247804
12,1857,1903-08-26,0.23171073477926046
12,1857,1903-09-02,0.6514453032178179
12,1857,1903-09-09,0.15605861141046304
12,1857,1903-09-16,0.16560695211979617
12,1857,1903-09-23,0.08848089272317942
12,1857,1903-09-30,0.1367293619942203
12,1857,1903-10-07,0.0969414821240212
12,1857,1903-10-14,0.3029398555040932
12,1857,1903-10-21,0.8235082643304841
12,1857,1903-10-28,0.7783182233685247
12,1857,1903-11-04,0.2137954397298275
12,1857,1903-11-11,0.07894046411985221
12,1857,1903-11-18,0.04204673505451617
12,1857,1903-11-25,0.058080756639540855
12,1857,1903-12-02,0.5912952403666618
12,1857,1903-12-09,0.6974158826067882
12,1857,1903-12-16,0.6612455837796701
12,1857,1903-12-23,0.6447948830442408
12,1857,1903-12-30,0.5232264557306657
12,1857,1904-01-06,0.15115622425414807
12,1857,1904-01-13,0.13019922746458198
12,1857,1904-01-20,0.07256316439774003
12,1857,1904-01-27,0.027981434296614205
12,1857,1904-02-03,0.041609714550744845
12,1857,1904-02-10,0.08153942297413458
12,1857,1904-02-17,0.16960310955429447
12,1857,1904-02-24,0.23280263953996053
12,1857,1904-03-02,0.6012560740377279
12,1857,1904-03-09,0.5472022723112034
12,1857,1904-03-16,0.36141676197313194
12,1857,1904-03-23,0.41312274463398574
12,1857,1904-03-30,0.2508958621103639
12,1857,1904-04-06,0.36765332240754595
12,1857,1904-04-13,0.43010158373920426
12,1857,1904-04-20,0.5088474415976835
12,1857,1904-04-27,0.4148993070065279
12,1857,1904-05-04,0.24092535755476036
12,1857,1904-05-11,0.28139032685060567
12,1857,1904-05-18,0.3469717509602035
12,1857,1904-05-25,0.3663497526692223
12,1857,1904-06-01,0.7027932098711834
12,1857,1904-06-08,0.5580704903969589
12,1857,1904-06-15,0.47870001896181036
12,1857,1904-06-22,0.3423140852398099
12,1857,1904-06-29,0.33461490907313224
12,1857,1904-07-06,0.15953069302972683
12,1857,1904-07-13,0.2610803141480421
12,1857,1904-07-20,0.3212540557229307
12,1857,1904-07-27,0.3005096201605031
12,1857,1904-08-03,0.07827260206378765
12,1857,1904-08-10,0.16917704716685406
12,1857,1904-08-17,0.1752547448549106
12,1857,1904-08-24,0.23065365793361967
12,1857,1904-08-31,0.6394298670398328
12,1857,1904-09-07,0.26643871035546823
12,1857,1904-09-14,0.21293083344347744
12,1857,1904-09-21,0.2228444848813821
12,1857,1904-09-28,0.37375235401703766
12,1857,1904-10-05,0.11461032946150992
12,1857,1904-10-12,0.1554747784966088
12,1857,1904-10-19,0.15152205085854248
12,1857,1904-10-26,0.16620430477213907
12,1857,1904-11-02,0.17010961187102927
12,1857,1904-11-09,0.05293488833256401
12,1857,1904-11-16,0.06850473585805417
12,1857,1904-11-23,0.10498410733245055
12,1857,1904-11-30,0.09211423942173945
12,1857,1904-12-07,0.3279852631009439
12,1857,1904-12-14,0.181002868062182
12,1857,1904-12-21,0.09569200490973352
12,1857,1904-12-28,0.19412461756673946
12,1857,1905-01-04,0.12361955827470927
12,1857,1905-01-11,0.10118492626125385
12,1857,1905-01-18,0.06874434057833465
12,1857,1905-01-25,0.05225667147891924
12,1857,1905-02-01,0.07197517218793274
12,1857,1905-02-08,0.0242856437277344
12,1857,1905-02-15,0.10028426932054062
12,1857,1905-02-22,0.09183924691659584
12,1857,1905-03-01,0.23293567564739234
12,1857,1905-03-08,0.6363609682528353
12,1857,1905-03-15,0.45505887131596123
12,1857,1905-03-22,0.4409824653526887
12,1857,1905-03-29,0.31674066999410555
12,1857,1905-04-05,0.1158720614773283
12,1857,1905-04-12,0.13845110089025764
12,1857,1905-04-19,0.04825808960183875
12,1857,1905-04-26,0.17676268195505945
12,1857,1905-05-03,0.14671243865989889
12,1857,1905-05-10,0.1299189879977503
12,1857,1905-05-17,0.4010773985870283
12,1857,1905-05-24,0.19055836620312083
12,1857,1905-05-31,0.37525460874663763
12,1857,1905-06-07,0.1436297294348163
12,1857,1905-06-14,0.12642608109747533
12,1857,1905-06-21,0.1142651723720502
12,1857,1905-06-28,0.16534852093663197
12,1857,1905-07-05,0.22760439990658474
12,1857,1905-07-12,0.14655776026213596
12,1857,1905-07-19,0.16117015265348075
12,1857,1905-07-26,0.1150039180134437
12,1857,1905-08-02,0.07209115649794953
12,1857,1905-08-09,0.06008470419807397
12,1857,1905-08-16,0.16362490540795163
12,1857,1905-08-23,0.15053557618485333
12,1857,1905-08-30,0.2604759782779929
12,1857,1905-09-06,0.43518001145470503
12,1857,1905-09-13,0.16843528922920553
12,1857,1905-09-20,0.17550276671365433
12,1857,1905-09-27,0.1853265290635449
12,1857,1905-10-04,0.12614507472391026
12,1857,1905-10-11,0.18514267331581202
12,1857,1905-10-18,0.500213055965261
12,1857,1905-10-25,0.4005764735630566
12,1857,1905-11-01,0.23961034545258023
12,1857,1905-11-08,0.4287367030184025
12,1857,1905-11-15,0.5242581541896717
12,1857,1905-11-22,0.6429778976803356
12,1857,1905-11-29,0.6228432136502303
12,1857,1905-12-06,0.4491332443199067
12,1857,1905-12-13,0.17928687783030747
12,1857,1905-12-20,0.1921461448234395
12,1857,1905-12-27,0.41188994718914007
12,1857,1906-01-03,0.5609588570564686
12,1857,1906-01-10,0.4134332107785628
12,1857,1906-01-17,0.4700646792324733
12,1857,1906-01-24,0.5343155423207303
12,1857,1906-01-31,0.32284906799914836
12,1857,1906-02-07,0.3134785733579839
12,1857,1906-02-14,0.41896651578512206
12,1857,1906-02-21,0.5369307550669055
12,1857,1906-02-28,0.18445758678828164
12,1857,1906-03-07,0.3663437996290474
12,1857,1906-03-14,0.6079151038994224
12,1857,1906-03-21,0.109099644216237
12,1857,1906-03-28,0.24263068861792966
12,1857,1906-04-04,0.09411832535458382
12,1857,1906-04-11,0.08624656917778509
12,1857,1906-04-18,0.20474600876053092
12,1857,1906-04-25,0.5232968853592874
12,1857,1906-05-02,0.5644267281876078
12,1857,1906-05-09,0.3875150090081445
12,1857,1906-05-16,0.3089783909604668
12,1857,1906-05-23,0.4639947250368462
12,1857,1906-05-30,0.30566780487741413
12,1857,1906-06-06,0.25686185354773455
12,1857,1906-06-13,0.3328070904894575
12,1857,1906-06-20,0.3489458479555433
12,1857,1906-06-27,0.5851387842725382
12,1857,1906-07-04,0.564281363088469
12,1857,1906-07-11,0.37054032215417254
12,1857,1906-07-18,0.43018139428230273
12,1857,1906-07-25,0.4676874961809453
12,1857,1906-08-01,0.2943930446673229
12,1857,1906-08-08,0.17510851139848657
12,1857,1906-08-15,0.3285796843147262
12,1857,1906-08-22,0.34576839870559806
12,1857,1906-08-29,0.3550582973126694
12,1857,1906-09-05,0.5982515945792044
12,1857,1906-09-12,0.22997804706047728
12,1857,1906-09-19,0.41268573355778926
12,1857,1906-09-26,0.37043823100194956
12,1857,1906-10-03,0.3100654963915842
12,1857,1906-10-10,0.2987237208148919
12,1857,1906-10-17,0.2906805030769581
12,1857,1906-10-24,0.36466959382758213
12,1857,1906-10-31,0.17123953393191668
12,1857,1906-11-07,0.1289641595583377
12,1857,1906-11-14,0.11047222309135242
12,1857,1906-11-21,0.20699382387593612
12,1857,1906-11-28,0.596312946231267
12,1857,1906-12-05,0.5232332743564518
12,1857,1906-12-12,0.5925021648981782
12,1857,1906-12-19,0.4486226792404874
12,1857,1906-12-24,0.4857784543488258
12,1857,1907-01-02,0.8069933365612492
12,1857,1907-01-09,0.6392941922215574
12,1857,1907-01-16,0.7386161483234464
12,1857,1907-01-23,0.6833100828589191
12,1857,1907-01-30,0.49333527708317837
12,1857,1907-02-06,0.2166354638336097
12,1857,1907-02-13,0.1841019287060023
12,1857,1907-02-20,0.6384768948449964
12,1857,1907-02-27,0.4458793693102684
12,1857,1907-03-06,0.7875224363378598
12,1857,1907-03-13,0.7163888938102834
12,1857,1907-03-20,0.45692480841653
12,1857,1907-03-27,0.11806055063148159
12,1857,1907-04-03,0.19788611254242944
12,1857,1907-04-10,0.1978283484473837
12,1857,1907-04-17,0.17776226587058988
12,1857,1907-04-24,0.35985165327283536
12,1857,1907-05-01,0.2758814518319839
12,1857,1907-05-08,0.44904899662119907
12,1857,1907-05-15,0.45490165816792155
12,1857,1907-05-22,0.6320896443154839
12,1857,1907-05-29,0.7030691873547058
12,1857,1907-06-05,0.5246842812611826
12,1857,1907-06-12,0.6152501020353072
12,1857,1907-06-19,0.5966926446030724
12,1857,1907-06-26,0.5615650585159525
12,1857,1907-07-03,0.5555837006197122
12,1857,1907-07-10,0.4457251050238449
12,1857,1907-07-17,0.3462921429767523
12,1857,1907-07-24,0.3098460991154603
12,1857,1907-07-31,0.14906848458758412
12,1857,1907-08-07,0.08779627037012837
12,1857,1907-08-14,0.2635064386539611
12,1857,1907-08-21,0.3537744990306504
12,1857,1907-08-28,0.5465434067022518
12,1857,1907-09-04,0.7027282804693136
12,1857,1907-09-11,0.4988613510221747
12,1857,1907-09-18,0.5323641868107459
12,1857,1907-09-25,0.38115331037273426
12,1857,1907-10-02,0.32656030544696213
12,1857,1907-10-09,0.385015190590137
12,1857,1907-10-16,0.31903071532053306
12,1857,1907-10-23,0.6051522727993682
12,1857,1907-10-30,0.44224676036323063
12,1857,1907-11-06,0.3208644110762729
12,1857,1907-11-13,0.36598069242625547
12,1857,1907-11-20,0.31381239038249353
12,1857,1907-11-27,0.28516273011941606
12,1857,1907-12-04,0.11174024639408213
12,1857,1907-12-11,0.3349168937734695
12,1857,1907-12-18,0.20156358817334835
12,1857,1907-12-24,0.36669543684166284
12,1857,1908-01-01,0.909872078456541
12,1857,1908-01-08,0.7576031237771478
12,1857,1908-01-15,0.8575852221950728
12,1857,1908-01-22,0.8049015945337386
12,1857,1908-01-29,0.5677447637414116
12,1857,1908-02-05,0.2054977669700581
12,1857,1908-02-12,0.5438846178979619
12,1857,1908-02-19,0.6329750508576768
12,1857,1908-02-26,0.5092437748480616
12,1857,1908-03-04,0.7423059914884668
12,1857,1908-03-11,0.440107546633984
12,1857,1908-03-18,0.20235532674856446
12,1857,1908-03-25,0.21077233243220728
12,1857,1908-04-01,0.10674426891275937
12,1857,1908-04-08,0.10088667211254784
12,1857,1908-04-15,0.09868237363633993
12,1857,1908-04-22,0.23433294546493594
12,1857,1908-04-29,0.27514084036024
12,1857,1908-05-06,0.2879974366165095
12,1857,1908-05-13,0.35558678129219284
12,1857,1908-05-20,0.2997116409401466
12,1857,1908-05-27,0.42003929578381954
12,1857,1908-06-03,0.2869046837080787
12,1857,1908-06-10,0.18238878586113635
12,1857,1908-06-17,0.1693063073120886
12,1857,1908-06-24,0.1522926894703104
12,1857,1908-07-01,0.1863518030872543
12,1857,1908-07-08,0.10996242555822724
12,1857,1908-07-15,0.12264714798132807
12,1857,1908-07-22,0.12387794886942703
12,1857,1908-07-29,0.11805884852464661
12,1857,1908-08-05,0.06898414555742138
12,1857,1908-08-12,0.20887492317486725
12,1857,1908-08-19,0.24102310214113665
12,1857,1908-08-26,0.17283029928535715
12,1857,1908-09-02,0.4147862563903926
12,1857,1908-09-09,0.14600177877560147
12,1857,1908-09-16,0.15581035767440551
12,1857,1908-09-23,0.18199213006423978
12,1857,1908-09-30,0.14982026435167947
12,1857,1908-10-07,0.17480698365061906
12,1857,1908-10-14,0.1851557797529155
12,1857,1908-10-21,0.20571918361147468
12,1857,1908-10-28,0.1576568186046196
12,1857,1908-11-04,0.14730956224582611
12,1857,1908-11-11,0.121788393237836
12,1857,1908-11-18,0.11647692258638305
12,1857,1908-11-25,0.1349667801642321
12,1857,1908-12-02,0.20089636987379128
12,1857,1908-12-09,0.3119437513057183
12,1857,1908-12-16,0.3297688000489545
12,1857,1908-12-23,0.29831096657059375
12,1857,1908-12-30,0.3327093668810909
12,1857,1909-01-06,0.39614517834170465
12,1857,1909-01-13,0.26212857065942446
12,1857,1909-01-20,0.13554697547496236
12,1857,1909-01-27,0.07279441019751877
12,1857,1909-02-03,0.015090301860016978
12,1857,1909-02-10,0.030647557312566194
12,1857,1909-02-17,0.08831272667470813
12,1857,1909-02-24,0.2148797855528675
12,1857,1909-03-03,0.49837893763927976
12,1857,1909-03-10,0.34086234579744334
12,1857,1909-03-17,0.12007907628466762
12,1857,1909-03-24,0.13059768426396157
12,1857,1909-03-31,0.09236668481866284
12,1857,1909-04-07,0.07259476481663649
12,1857,1909-04-14,0.16166218167636898
12,1857,1909-04-21,0.14110748185779504
12,1857,1909-04-28,0.1822180597728532
12,1857,1909-05-05,0.16371232311315928
12,1857,1909-05-12,0.11799701766076669
12,1857,1909-05-19,0.220511112125136
12,1857,1909-05-26,0.28105645095056353
12,1857,1909-06-02,0.30724638045975255
12,1857,1909-06-09,0.35763722177493545
12,1857,1909-06-16,0.2852805809433756
12,1857,1909-06-23,0.20795076441033025
12,1857,1909-06-30,0.3299210396835164
12,1857,1909-07-07,0.21438729166605794
12,1857,1909-07-14,0.15472103293783596
12,1857,1909-07-21,0.1813843973755568
12,1857,1909-07-28,0.19758021018116967
12,1857,1909-08-04,0.07021633781946031
12,1857,1909-08-11,0.2206069356434034
12,1857,1909-08-18,0.2859776854408367
12,1857,1909-08-25,0.2418125656077168
12,1857,1909-09-01,0.7801806495395259
12,1857,1909-09-08,0.3385805824035547
12,1857,1909-09-15,0.18170161127262985
12,1857,1909-09-22,0.17688486932132444
12,1857,1909-09-29,0.14889209448455004
12,1857,1909-10-06,0.16477957659601605
12,1857,1909-10-13,0.21641822243461317
12,1857,1909-10-20,0.2634545776725037
12,1857,1909-10-27,0.24653188484863436
12,1857,1909-11-03,0.1961380634023791
12,1857,1909-11-10,0.11315841400631901
12,1857,1909-11-17,0.13718864010505358
12,1857,1909-11-24,0.41228116279989513
12,1857,1909-12-01,0.46052445445079626
12,1857,1909-12-08,0.7530595166544369
12,1857,1909-12-15,0.8466247089617374
12,1857,1909-12-22,0.6178601231232397
12,1857,1909-12-29,0.8378194291415166
12,1857,1910-01-05,0.7948475269442632
12,1857,1910-01-12,0.5586825141928753
12,1857,1910-01-19,0.21199144540918147
12,1857,1910-01-26,0.023697543742549877
12,1857,1910-02-02,0.004421742384734013
12,1857,1910-02-09,0.007311827738465036
12,1857,1910-02-16,0.029086302518482
12,1857,1910-02-23,0.3395884137896195
12,1857,1910-03-02,0.7598511593188235
12,1857,1910-03-09,0.7452871488857912
12,1857,1910-03-16,0.36251946351289926
12,1857,1910-03-23,0.2903909042812115
12,1857,1910-03-30,0.2583025122514641
12,1857,1910-04-06,0.21639014672165557
12,1857,1910-04-13,0.2019161800468572
12,1857,1910-04-20,0.15396993329845188
12,1857,1910-04-27,0.2324214598369743
12,1857,1910-05-04,0.20046701765376904
12,1857,1910-05-11,0.038244157865778894
12,1857,1910-05-18,0.07172607953121393
12,1857,1910-05-25,0.275642939084553
12,1857,1910-06-01,0.3097361218814903
12,1857,1910-06-08,0.5994852435139434
12,1857,1910-06-15,0.46421272159202026
12,1857,1910-06-22,0.1710145211385983
12,1857,1910-06-29,0.13564791931004982
12,1857,1910-07-06,0.17869780506848357
12,1857,1910-07-13,0.08694180356100113
12,1857,1910-07-20,0.0497136072148295
12,1857,1910-07-27,0.07908133067376606
12,1857,1910-08-03,0.027794510849599136
12,1857,1910-08-10,0.14821985151917047
12,1857,1910-08-17,0.2669271996420864
12,1857,1910-08-24,0.5013321434230759
12,1857,1910-08-31,0.7945869672326753
12,1857,1910-09-07,0.49949867412402105
12,1857,1910-09-14,0.3711719818672327
12,1857,1910-09-21,0.34797642032056136
12,1857,1910-09-28,0.2861565631484299
12,1857,1910-10-05,0.24543232560255715
12,1857,1910-10-12,0.3159717285495649
12,1857,1910-10-19,0.23139735749119927
12,1857,1910-10-26,0.34367759508809315
12,1857,1910-11-02,0.3549683600910983
12,1857,1910-11-09,0.4819267076011253
12,1857,1910-11-16,0.39393024314909614
12,1857,1910-11-23,0.36948025942885543
12,1857,1910-11-30,0.5733308683434468
12,1857,1910-12-07,0.6898144926141125
12,1857,1910-12-14,0.7556955689530555
12,1857,1910-12-21,0.5366828725292901
12,1857,1910-12-28,0.566355822794454
12,1857,1911-01-04,0.3380080826355403
12,1857,1911-01-11,0.09019937556955904
12,1857,1911-01-18,0.1439490929441476
12,1857,1911-01-25,0.10992124212935271
12,1857,1911-02-01,0.042886431562239105
12,1857,1911-02-08,0.03708097539544783
12,1857,1911-02-15,0.21457432447149208
12,1857,1911-02-22,0.27586044396457005
12,1857,1911-03-01,0.5778053299994789
12,1857,1911-03-08,0.7378347983101725
12,1857,1911-03-15,0.261100616672551
12,1857,1911-03-22,0.22836806503551177
12,1857,1911-03-29,0.17187901971220648
12,1857,1911-04-05,0.1559573379217746
12,1857,1911-04-12,0.2542078807550654
12,1857,1911-04-19,0.2400861855741801
12,1857,1911-04-26,0.14736623046660124
12,1857,1911-05-03,0.14797866177502939
12,1857,1911-05-10,0.12497537486321904
12,1857,1911-05-17,0.19667701180807617
12,1857,1911-05-24,0.4809186863883669
12,1857,1911-05-31,0.3546128838743273
12,1857,1911-06-07,0.3451245020699619
12,1857,1911-06-14,0.4219590354169222
12,1857,1911-06-21,0.2786486521378937
12,1857,1911-06-28,0.49970865780131507
12,1857,1911-07-05,0.4068433905317153
12,1857,1911-07-12,0.39693707160921526
12,1857,1911-07-19,0.25337022147013716
12,1857,1911-07-26,0.236442006870538
12,1857,1911-08-02,0.07185535082550301
12,1857,1911-08-09,0.06988028458604306
12,1857,1911-08-16,0.23342127293412043
12,1857,1911-08-23,0.22908791915062313
12,1857,1911-08-30,0.6324659528917106
12,1857,1911-09-06,0.5784746073563447
12,1857,1911-09-13,0.25425666071693187
12,1857,1911-09-20,0.23333305871225965
12,1857,1911-09-27,0.16766448974303172
12,1857,1911-10-04,0.10848259134110513
12,1857,1911-10-11,0.1944297005060139
12,1857,1911-10-18,0.15759198517317155
12,1857,1911-10-25,0.11562084460592575
12,1857,1911-11-01,0.15854992491561185
12,1857,1911-11-08,0.10032754364705657
12,1857,1911-11-15,0.19266740994541764
12,1857,1911-11-22,0.27314276313718766
12,1857,1911-11-29,0.2521437635526347
12,1857,1911-12-06,0.3651050894230783
12,1857,1911-12-13,0.21329359154016359
12,1857,1911-12-20,0.21735387067164075
12,1857,1911-12-27,0.3524347129785459
12,1857,1912-01-03,0.6998186877537775
12,1857,1912-01-10,0.5068927482284812
12,1857,1912-01-17,0.24621650734484216
12,1857,1912-01-24,0.08189884237971193
12,1857,1912-01-31,0.032801673718737025
12,1857,1912-02-07,0.024150813431542528
12,1857,1912-02-14,0.1393281437566569
12,1857,1912-02-21,0.397992513980303
12,1857,1912-02-28,0.5151877066051015
12,1857,1912-03-06,0.6058904923826463
12,1857,1912-03-13,0.3939065768251095
12,1857,1912-03-20,0.306327777513311
12,1857,1912-03-27,0.22305290620181908
12,1857,1912-04-03,0.14604610303824153
12,1857,1912-04-10,0.14806333426997947
12,1857,1912-04-17,0.15182578796350238
12,1857,1912-04-24,0.26806841157716144
12,1857,1912-05-01,0.34014799612856417
12,1857,1912-05-08,0.3135215985639176
12,1857,1912-05-15,0.5359236392311256
12,1857,1912-05-22,0.5825351236104052
12,1857,1912-05-29,0.6395490370188445
12,1857,1912-06-05,0.6398017649528337
12,1857,1912-06-12,0.5579305258125568
12,1857,1912-06-19,0.4647546374613998
12,1857,1912-06-26,0.36272833897549583
12,1857,1912-07-03,0.24965466747778675
12,1857,1912-07-10,0.20417279491011756
12,1857,1912-07-17,0.12200115427278228
12,1857,1912-07-24,0.1152432047916724
12,1857,1912-07-31,0.16077227865336952
12,1857,1912-08-07,0.09233508426372651
12,1857,1912-08-14,0.3609283028178976
12,1857,1912-08-21,0.3626468520927404
12,1857,1912-08-28,0.5003780366432188
12,1857,1912-09-04,0.5379135433512502
12,1857,1912-09-11,0.10625420711685175
12,1857,1912-09-18,0.11750951304880568
12,1857,1912-09-25,0.13838095485268664
12,1857,1912-10-02,0.11814011029860576
12,1857,1912-10-09,0.286140920763316
12,1857,1912-10-16,0.38848446493001815
12,1857,1912-10-23,0.40334302932694943
12,1857,1912-10-30,0.48765248630484237
12,1857,1912-11-06,0.4282426306326027
12,1857,1912-11-13,0.4299229642214854
12,1857,1912-11-20,0.40768176835406056
12,1857,1912-11-27,0.5240295851000306
12,1857,1912-12-04,0.40203938277950274
12,1857,1912-12-11,0.40667699997164
12,1857,1912-12-18,0.535787098085822
12,1857,1912-12-24,0.5169827405200713
12,1857,1913-01-01,0.8082112233644986
12,1857,1913-01-08,0.626796451650381
12,1857,1913-01-15,0.49328024818530763
12,1857,1913-01-22,0.2686227906010161
12,1857,1913-01-29,0.15469232985621179
12,1857,1913-02-05,0.03592995931940666
12,1857,1913-02-12,0.2949149711278572
12,1857,1913-02-19,0.4581098630284962
12,1857,1913-02-26,0.38794003168468816
12,1857,1913-03-05,0.7729392151625148
12,1857,1913-03-12,0.3873706235942591
12,1857,1913-03-19,0.26141919274016573
12,1857,1913-03-26,0.4326466904253229
12,1857,1913-04-02,0.24936511243320314
12,1857,1913-04-09,0.30432260483005874
12,1857,1913-04-16,0.32111748246510874
12,1857,1913-04-23,0.2687729689312697
12,1857,1913-04-30,0.4098607377911763
12,1857,1913-05-07,0.5873692345788666
12,1857,1913-05-14,0.8162571837907006
12,1857,1913-05-21,0.9016682803197898
12,1857,1913-05-28,0.8644115334221005
12,1857,1913-06-04,0.7516752950176564
12,1857,1913-06-11,0.696429539253944
12,1857,1913-06-18,0.5735981216341378
12,1857,1913-06-25,0.4981654685315931
12,1857,1913-07-02,0.5798883037618848
12,1857,1913-07-09,0.7074394648413277
12,1857,1913-07-16,0.5009550817543098
12,1857,1913-07-23,0.434894367003239
12,1857,1913-07-30,0.22371900251294644
12,1857,1913-08-06,0.0677065832463922
12,1857,1913-08-13,0.4004522000903197
12,1857,1913-08-20,0.46327491602456006
12,1857,1913-08-27,0.579320256016209
12,1857,1913-09-03,0.678523950138517
12,1857,1913-09-10,0.24356354021690252
12,1857,1913-09-17,0.22697187148567904
12,1857,1913-09-24,0.24786598855317724
12,1857,1913-10-01,0.25504571114110675
12,1857,1913-10-08,0.25458846349051417
12,1857,1913-10-15,0.3951415506481251
12,1857,1913-10-22,0.44040149845076126
12,1857,1913-10-29,0.31078071918208144
12,1857,1913-11-05,0.25216748877716505
12,1857,1913-11-12,0.17033888550989246
12,1857,1913-11-19,0.19859649573083774
12,1857,1913-11-26,0.38161804464198507
12,1857,1913-12-03,0.41692326835131377
12,1857,1913-12-10,0.4345268305311876
12,1857,1913-12-17,0.4312872754001288
12,1857,1913-12-24,0.36397225143601675
12,1857,1913-12-31,0.7814941683937706
12,1857,1914-01-07,0.8223031875668468
12,1857,1914-01-14,0.4800901832335146
12,1857,1914-01-21,0.3056239816546052
12,1857,1914-01-28,0.04295858575555821
12,1857,1914-02-04,0.0021616633249095484
12,1857,1914-02-11,0.033088148547325114
12,1857,1914-02-18,0.033954088212560136
12,1857,1914-02-25,0.2529950822799358
12,1857,1914-03-04,0.8473063483066252
12,1857,1914-03-11,0.08276667036253153
12,1857,1914-03-18,0.04308419122210167
12,1857,1914-03-25,0.05798983448414203
12,1857,1914-04-01,0.10867600660978306
12,1857,1914-04-08,0.11625429966159939
12,1857,1914-04-15,0.1401481790421709
12,1857,1914-04-22,0.12276344276345473
12,1857,1914-04-29,0.1028910028875609
12,1857,1914-05-06,0.09893838332774632
12,1857,1914-05-13,0.15611967618987144
12,1857,1914-05-20,0.37077030551615014
12,1857,1914-05-27,0.5316303597110046
12,1857,1914-06-03,0.5672177988893825
12,1857,1914-06-10,0.6215666959595555
12,1857,1914-06-17,0.4739171220510307
12,1857,1914-06-24,0.3694042262674141
12,1857,1914-07-01,0.47589556554754536
12,1857,1914-07-08,0.29363602418007245
12,1857,1914-07-15,0.25721397080661684
12,1857,1914-07-22,0.35919309554989953
12,1857,1914-11-04,0.9724737574461302
12,1857,1914-11-11,0.8812846708346929
12,1857,1914-11-18,0.9598883823860455
12,1857,1914-11-25,0.9463725084872076
12,1857,1914-12-02,0.9493517161243266
12,1857,1914-12-09,0.9840094937917208
12,1857,1914-12-16,0.9839627100022589
12,1857,1914-12-23,0.8652380757859238
12,1857,1914-12-30,0.7906397046274068
12,1857,1915-01-06,0.6412859035673006
12,1857,1915-01-13,0.6573475375029596
12,1857,1915-01-20,0.6313527169808771
12,1857,1915-01-27,0.7755691865525841
12,1857,1915-02-03,0.7537691775035396
12,1857,1915-02-10,0.42251692102109184
12,1857,1915-02-17,0.23560944716478477
12,1857,1915-02-24,0.20481421756337376
12,1857,1915-03-03,0.14189637267036112
12,1857,1915-03-10,0.1492553856370072
12,1857,1915-03-17,0.20422930524787747
12,1857,1915-03-24,0.16855681817403045
12,1857,1915-03-31,0.07871922243875257
12,1857,1915-04-07,0.05288856967374377
12,1857,1915-04-14,0.0505093270451906
12,1857,1915-04-21,0.06032646698760839
12,1857,1915-04-28,0.039161050755050025
12,1857,1915-05-05,0.05461894494548756
12,1857,1915-05-12,0.2129660953730137
12,1857,1915-05-19,0.06787696862403365
12,1857,1915-05-26,0.15586416573972078
12,1857,1915-06-02,0.12761485930981478
12,1857,1915-06-09,0.22980984704439572
12,1857,1915-06-16,0.24008348813970765
12,1857,1915-06-23,0.3145721499265673
12,1857,1915-06-30,0.3337269578691622
12,1857,1915-07-07,0.494438703606448
12,1857,1915-07-14,0.6217392483646141
12,1857,1915-07-21,0.9677170393719736
12,1857,1915-07-28,0.29083867769368765
12,1857,1915-08-04,0.11776605114034035
12,1857,1915-08-11,0.12894749508936035
12,1857,1915-08-18,0.09008712354824477
12,1857,1915-08-25,0.08904797440255893
12,1857,1915-09-01,0.05163546872673502
12,1857,1915-09-08,0.08829289043874267
12,1857,1915-09-15,0.10562170135349715
12,1857,1915-09-22,0.16932918721048293
12,1857,1915-09-29,0.5126885811757758
12,1857,1915-10-06,0.13662768448480095
12,1857,1915-10-13,0.2987403049381687
12,1857,1915-10-20,0.3779103964582693
12,1857,1915-10-27,0.5636142707797775
12,1857,1915-11-03,0.8327757697048179
12,1857,1915-11-10,0.871682481287242
12,1857,1915-11-17,0.907684309339973
12,1857,1915-11-24,0.9151158421477416
12,1857,1915-12-01,0.8949076865382151
12,1857,1915-12-08,0.8470337339925725
12,1857,1915-12-15,0.7711083686128873
12,1857,1915-12-22,0.40873548803296045
12,1857,1915-12-29,0.4432008135290694
12,1857,1916-01-05,0.31978283618650083
12,1857,1916-01-12,0.40261984533039724
12,1857,1916-01-19,0.33976104328918416
12,1857,1916-01-26,0.317042019107813
12,1857,1916-02-02,0.41611296467942943
12,1857,1916-02-09,0.4872466751541886
12,1857,1916-02-16,0.5425389011560227
12,1857,1916-02-23,0.5658440756539929
12,1857,1916-03-01,0.5343282658957865
12,1857,1916-03-08,0.687686748698113
12,1857,1916-03-15,0.6094210376025622
12,1857,1916-03-22,0.8097228440038309
12,1857,1916-03-29,0.8006847473836343
12,1857,1916-04-05,0.6842039157035358
12,1857,1916-04-12,0.7253547803241458
12,1857,1916-04-19,0.42569764797989473
12,1857,1916-04-26,0.4760438939210354
12,1857,1916-05-03,0.49899210745836103
12,1857,1916-05-10,0.3985997473623553
12,1857,1916-05-17,0.4162734963841072
12,1857,1916-05-24,0.39660460700400013
12,1857,1916-05-31,0.3435768314972883
12,1857,1916-06-07,0.7802719754266265
12,1857,1916-06-14,0.5327343675779584
12,1857,1916-06-21,0.46780344328171536
12,1857,1916-06-28,0.4885274991724751
12,1857,1916-07-05,0.1914902849514101
12,1857,1916-07-12,0.26864095140372607
12,1857,1916-07-19,0.24390078820683994
12,1857,1916-07-26,0.17783782521145455
12,1857,1916-08-02,0.13744083500011384
12,1857,1916-08-09,0.09774728331361884
12,1857,1916-08-16,0.24206000226243174
12,1857,1916-08-23,0.3391430488695725
12,1857,1916-08-30,0.7109399576606112
12,1857,1916-09-06,0.7956650968509152
12,1857,1916-09-13,0.67104786317079
12,1857,1916-09-20,0.6542392486015219
12,1857,1916-09-27,0.5373220164269065
12,1857,1916-10-04,0.5596226518325653
12,1857,1916-10-11,0.5749358311687227
12,1857,1916-10-18,0.617205759547068
12,1857,1916-10-25,0.6803631204136399
12,1857,1916-11-01,0.6635579976986767
12,1857,1916-11-08,0.6733663436114935
12,1857,1916-11-15,0.7256117428825472
12,1857,1916-11-22,0.8364119966067738
12,1857,1916-11-29,0.8443938682121999
12,1857,1916-12-06,0.9287961260592617
12,1857,1916-12-13,0.9248553433404186
12,1857,1916-12-20,0.902966802584705
12,1857,1916-12-27,0.9092477049446107
12,1866,1856-01-05,0.006211168139607798
12,1866,1856-01-12,0.023849561860920607
12,1866,1856-01-19,0.04173564418521786
12,1866,1856-01-26,0.06337732585740379
12,1866,1856-02-02,0.06619552382600111
12,1866,1856-02-09,0.07002748923288982
12,1866,1856-02-16,0.08382778193361816
12,1866,1856-02-23,0.09353081129605326
12,1866,1856-03-01,0.09317075108492423
12,1866,1856-03-08,0.21852257729940625
12,1866,1856-03-15,0.24282802236158568
12,1866,1856-03-22,0.3130777160439429
12,1866,1856-03-29,0.01644051235389914
12,1866,1856-04-05,0.003743752004705422
12,1866,1856-04-12,0.0286019650128355
12,1866,1856-04-19,0.05227451455520551
12,1866,1856-04-26,0.07363112793339692
12,1866,1856-05-03,0.040863718030810015
12,1866,1856-05-10,0.11692847605761253
12,1866,1856-05-17,0.0982523961011941
12,1866,1856-05-24,0.8791541809481337
12,1866,1856-05-31,0.9692116051858275
12,1866,1856-06-07,0.8380750236310515
12,1866,1856-06-14,0.8377471293611752
12,1866,1856-06-21,0.5730895880063474
12,1866,1856-06-28,0.724982544278795
12,1866,1856-07-05,0.2382092143362867
12,1866,1856-07-12,0.3162792669204169
12,1866,1856-07-19,0.7662258808156629
12,1866,1856-07-26,0.7915087089852186
12,1866,1856-08-02,0.4961192468530725
12,1866,1856-08-09,0.4276042565914213
12,1866,1856-08-16,0.26295518023500225
12,1866,1856-08-23,0.4975782556490346
12,1866,1856-08-30,0.3287839093811909
12,1866,1856-09-06,0.34116672528728215
12,1866,1856-09-13,0.6221680680639149
12,1866,1856-09-20,0.4617223123572321
12,1866,1856-09-27,0.053879645778498575
12,1866,1856-10-04,1.918920780913567e-05
12,1866,1856-10-11,9.024526585794219e-05
12,1866,1856-10-18,2.5908767997302164e-05
12,1866,1856-10-25,0.0022569749544878465
12,1866,1856-11-01,0.00020987315545739488
12,1866,1856-11-08,0.007522301068991207
12,1866,1856-11-15,0.033915925440418736
12,1866,1856-11-22,0.3611675667000503
12,1866,1856-11-29,0.7837344916577068
12,1866,1856-12-06,0.8360838224598546
12,1866,1856-12-13,0.844930567916864
12,1866,1856-12-20,0.17206648052673762
12,1866,1856-12-27,0.08220298084937411
12,1866,1857-01-03,0.03522019720259666
12,1866,1857-01-10,0.3762758032716311
12,1866,1857-01-17,0.493112954717932
12,1866,1857-01-24,0.7106492593601926
12,1866,1857-01-31,0.31785545827102296
12,1866,1857-02-07,0.3338486357518974
12,1866,1857-02-14,0.45116697672972317
12,1866,1857-02-21,0.6876495101144979
12,1866,1857-02-28,0.6715101191688234
12,1866,1857-03-07,0.4926801494482725
12,1866,1857-03-14,0.4125065591551874
12,1866,1857-03-21,0.3105430073607116
12,1866,1857-03-28,0.033439016503839195
12,1866,1857-04-04,0.0008045253800193313
12,1866,1857-04-11,0.013245727035988291
12,1866,1857-04-18,0.1924763947131597
12,1866,1857-04-25,0.14584028776581046
12,1866,1857-05-02,0.15917548904334766
12,1866,1857-05-09,0.46372482134928794
12,1866,1857-05-16,0.5639078644879928
12,1866,1857-05-23,0.7632348461018873
12,1866,1857-05-30,0.8147218388027715
12,1866,1857-06-06,0.8016855394802294
12,1866,1857-06-13,0.6866991653915983
12,1866,1857-06-20,0.789535944226591
12,1866,1857-06-27,0.49872263977927006
12,1866,1857-07-04,0.4445409302969651
12,1866,1857-07-11,0.685758135248015
12,1866,1857-07-18,0.8843729861086822
12,1866,1857-07-25,0.785528493477009
12,1866,1857-08-01,0.4553071473498049
12,1866,1857-08-08,0.7578869761226652
12,1866,1857-08-15,0.8450450282041789
12,1866,1857-08-22,0.8802182736843999
12,1866,1857-08-29,0.8857145782713389
12,1866,1857-09-05,0.84777765289912
12,1866,1857-09-12,0.5339469000120277
12,1866,1857-09-19,0.5352309704427259
12,1866,1857-09-26,0.45747106707800683
12,1866,1858-02-10,0.35923110478798415
12,1866,1858-02-17,0.7364129024845836
12,1866,1858-02-24,0.7073046219633117
12,1866,1858-03-03,0.471250261960393
12,1866,1858-03-10,0.6691667319803074
12,1866,1858-03-17,0.6177410893054264
12,1866,1858-03-24,0.454354811955918
12,1866,1858-03-31,0.3032854122016825
12,1866,1858-04-07,0.2948673388917934
12,1866,1858-04-14,0.2129220596244666
12,1866,1858-04-21,0.18291769867053032
12,1866,1858-04-28,0.1496511611842736
12,1866,1858-05-05,0.11479129066411349
12,1866,1858-05-12,0.08864015040060991
12,1866,1858-05-19,0.09420839893017528
12,1866,1858-05-26,0.08701127273854437
12,1866,1858-06-02,0.083854644401955
12,1866,1858-06-09,0.11722614228905999
12,1866,1858-06-16,0.08303342620311512
12,1866,1858-06-23,0.04757498585669528
12,1866,1858-06-30,0.062326668359725654
12,1866,1858-07-07,0.21183946415681634
12,1866,1858-07-14,0.11155956601601406
12,1866,1858-07-21,0.11854872470494704
12,1866,1858-07-28,0.09161980730679933
12,1866,1858-08-04,0.06179488424299032
12,1866,1858-08-11,0.05843509392030401
12,1866,1858-08-18,0.08480146198075762
12,1866,1858-08-25,0.0761917454258669
12,1866,1858-09-01,0.1454481203348708
12,1866,1858-09-08,0.1467299924646614
12,1866,1858-09-15,0.06786874831031502
12,1866,1858-09-22,0.05715931357382554
12,1866,1858-09-29,0.039965458966801364
12,1866,1858-10-06,0.0458325152713082
12,1866,1858-10-13,0.044064331209900026
12,1866,1858-10-20,0.040430845349244515
12,1866,1858-10-27,0.047778588828775566
12,1866,1858-11-03,0.04462866604887929
12,1866,1858-11-10,0.06078531599757456
12,1866,1858-11-17,0.06253899123486435
12,1866,1858-11-24,0.05417226819811458
12,1866,1858-12-01,0.04170423775392774
12,1866,1858-12-08,0.04694421888424926
12,1866,1858-12-15,0.07190054717279655
12,1866,1858-12-22,0.05635640373144797
12,1866,1858-12-29,0.07644352544530168
12,1866,1859-01-05,0.15074304540941255
12,1866,1859-01-12,0.24757624955018054
12,1866,1859-01-19,0.06245725742546061
12,1866,1859-01-26,0.08224820041008303
12,1866,1859-02-02,0.07203730919016316
12,1866,1859-02-09,0.06182162733823182
12,1866,1859-02-16,0.08327070332609601
12,1866,1859-02-23,0.08471786560698041
12,1866,1859-03-02,0.08159048133314445
12,1866,1859-03-09,0.1234766175778041
12,1866,1859-03-16,0.06237763940922143
12,1866,1859-03-23,0.07143418687296929
12,1866,1859-03-30,0.08767289761817931
12,1866,1859-04-06,0.14073219792236297
12,1866,1859-04-13,0.18445356823467304
12,1866,1859-04-20,0.11911442285634358
12,1866,1859-04-27,0.12313455580697473
12,1866,1859-05-04,0.08029943851237473
12,1866,1859-05-11,0.15682036322430526
12,1866,1859-05-18,0.4408457836408486
12,1866,1859-05-25,0.4012503237697764
12,1866,1859-06-01,0.534528099000871
12,1866,1859-06-08,0.6612464908770849
12,1866,1859-06-15,0.36251406383925544
12,1866,1859-06-22,0.18857089478728437
12,1866,1859-06-29,0.1969946227297545
12,1866,1859-07-06,0.38308543546566654
12,1866,1859-07-13,0.45440220674919374
12,1866,1859-07-20,0.5541267144974925
12,1866,1859-07-27,0.4883716399900545
12,1866,1859-08-03,0.4529030545291169
12,1866,1859-08-10,0.52863847940603
12,1866,1859-08-17,0.5258305482689684
12,1866,1859-08-24,0.5021089442722432
12,1866,1859-08-31,0.5168268215165552
12,1866,1859-09-07,0.6180603355565415
12,1866,1859-09-14,0.4537524240652089
12,1866,1859-09-21,0.31372076097406426
12,1866,1859-09-28,0.3292373110601114
12,1866,1859-10-05,0.2979139006185005
12,1866,1859-10-12,0.4552098726465659
12,1866,1859-10-19,0.36951540332407595
12,1866,1859-10-26,0.3825094150527644
12,1866,1859-11-02,0.38586587536331324
12,1866,1859-11-09,0.4268485103904522
12,1866,1859-11-16,0.3620129233628501
12,1866,1859-11-23,0.48637822301836675
12,1866,1859-11-30,0.4794997071867636
12,1866,1859-12-07,0.4714109563180567
12,1866,1859-12-14,0.6995768797630594
12,1866,1859-12-21,0.34526196218352273
12,1866,1859-12-28,0.2991392705415625
12,1866,1860-01-04,0.37066688523712965
12,1866,1860-01-11,0.5036671816072491
12,1866,1860-01-18,0.43317864626232916
12,1866,1860-01-25,0.4121453016218071
12,1866,1860-02-01,0.30303654223524545
12,1866,1860-02-08,0.681193486931452
12,1866,1860-02-15,0.7189807249786071
12,1866,1860-02-22,0.7376179688717809
12,1866,1860-02-29,0.7122632549649183
12,1866,1860-03-07,0.7231587817791494
12,1866,1860-03-14,0.7052026477266653
12,1866,1860-03-21,0.7080021246958689
12,1866,1860-03-28,0.6239965396043361
12,1866,1860-04-04,0.5550082031906338
12,1866,1860-04-11,0.4632475653075468
12,1866,1860-04-18,0.7955232273020852
12,1866,1860-04-25,0.7171353235889208
12,1866,1860-05-02,0.6072925992608411
12,1866,1860-05-09,0.6930744736420034
12,1866,1860-05-16,0.7914912329332264
12,1866,1860-05-23,0.7496067848686492
12,1866,1860-05-30,0.8274705675948641
12,1866,1860-06-06,0.7965954463334186
12,1866,1860-06-13,0.5794625695691021
12,1866,1860-06-20,0.7038017751881425
12,1866,1860-06-27,0.6698378323872173
12,1866,1860-07-04,0.6439587280436774
12,1866,1860-07-11,0.6640838559125536
12,1866,1860-07-18,0.4837238034354872
12,1866,1860-07-25,0.5373807369994086
12,1866,1860-08-01,0.48372589101160446
12,1866,1860-08-08,0.4269705403147414
12,1866,1860-08-15,0.5173118554985295
12,1866,1860-08-22,0.4982439088479105
12,1866,1860-08-29,0.602507298170117
12,1866,1860-09-05,0.6580775254192862
12,1866,1860-09-12,0.5182374609849302
12,1866,1860-09-19,0.37538251687965635
12,1866,1860-09-26,0.33595679569895176
12,1866,1860-10-03,0.2673987736675975
12,1866,1860-10-10,0.48814027556803097
12,1866,1860-10-17,0.28927245263644674
12,1866,1860-10-24,0.5062039148385792
12,1866,1860-10-31,0.46155331075823175
12,1866,1860-11-07,0.4787727080339812
12,1866,1860-11-14,0.23828931574455875
12,1866,1860-11-21,0.32895968310863377
12,1866,1860-11-28,0.6432156673558931
12,1866,1860-12-05,0.6849889441944744
12,1866,1860-12-12,0.5679074563136364
12,1866,1860-12-19,0.4863794160365415
12,1866,1860-12-26,0.44632153031974503
12,1866,1861-01-02,0.2220049582811171
12,1866,1861-01-09,0.36616911095968796
12,1866,1861-01-16,0.6192507653876433
12,1866,1861-01-23,0.7085368237126566
12,1866,1861-01-30,0.6653291061810527
12,1866,1861-02-06,0.63189188760869
12,1866,1861-02-13,0.5981079191288159
12,1866,1861-02-20,0.5283656566332036
12,1866,1861-02-27,0.8101407848704256
12,1866,1861-03-06,0.8886510980411434
12,1866,1861-03-13,0.888870231740322
12,1866,1861-03-20,0.6876988803339781
12,1866,1861-03-27,0.5983588798447484
12,1866,1861-04-03,0.43121484272194943
12,1866,1861-04-10,0.6085506053658797
12,1866,1861-04-17,0.6143977355727676
12,1866,1861-04-24,0.39626615933041087
12,1866,1861-05-01,0.36286880929636767
12,1866,1861-05-08,0.44487521791151236
12,1866,1861-05-15,0.4734505162264481
12,1866,1861-05-22,0.4720713071469826
12,1866,1861-05-29,0.8303437535067092
12,1866,1861-06-05,0.7032677594831367
12,1866,1861-06-12,0.7577073245147021
12,1866,1861-06-19,0.6945191092347133
12,1866,1861-06-26,0.601515490346385
12,1866,1861-07-03,0.3542948248445157
12,1866,1861-07-10,0.6419022297371144
12,1866,1861-07-17,0.6065214669365587
12,1866,1861-07-24,0.7574111639883284
12,1866,1861-07-31,0.7042456594160611
12,1866,1861-08-07,0.788651112858316
12,1866,1861-08-14,0.6827513135215848
12,1866,1861-08-21,0.7034773927191792
12,1866,1861-08-28,0.6389574830383047
12,1866,1861-09-04,0.6473894171310696
12,1866,1861-09-11,0.5724084479752729
12,1866,1861-09-18,0.3004957573414767
12,1866,1861-09-25,0.32272666813285406
12,1866,1861-10-02,0.13554057661264085
12,1866,1861-10-09,0.29934089669045283
12,1866,1861-10-16,0.2054362921704914
12,1866,1861-10-23,0.28433906702942546
12,1866,1861-10-30,0.19972365906163123
12,1866,1861-11-06,0.2112518362462438
12,1866,1861-11-13,0.27829021078763355
12,1866,1861-11-20,0.21389229829808756
12,1866,1861-11-27,0.21720184666446513
12,1866,1861-12-04,0.18113618226954156
12,1866,1861-12-11,0.16843678769593984
12,1866,1861-12-18,0.34830580581926784
12,1866,1861-12-25,0.2966680152423616
12,1866,1862-01-01,0.36691304347109044
12,1866,1862-01-08,0.4777115038210179
12,1866,1862-01-15,0.2829239061454793
12,1866,1862-01-22,0.11185521404452499
12,1866,1862-01-29,0.14900264561090512
12,1866,1862-02-05,0.08353884719127301
12,1866,1862-02-12,0.15451992162753592
12,1866,1862-02-19,0.22814912738924129
12,1866,1862-02-26,0.23234542339146758
12,1866,1862-03-05,0.4286722303189893
12,1866,1862-03-12,0.6195909636806711
12,1866,1862-03-19,0.38957015590539945
12,1866,1862-03-26,0.32721909001435007
12,1866,1862-04-02,0.2525188346641902
12,1866,1862-04-09,0.3208849741631488
12,1866,1862-04-16,0.27535654275119414
12,1866,1862-04-23,0.30334567024559267
12,1866,1862-04-30,0.22230009510410786
12,1866,1862-05-07,0.26804330822778843
12,1866,1862-05-14,0.25185043640500787
12,1866,1862-05-21,0.24805506127659996
12,1866,1862-05-28,0.29290984434341055
12,1866,1862-06-04,0.4371477718029187
12,1866,1862-06-11,0.5682423747582395
12,1866,1862-06-18,0.6018151966775913
12,1866,1862-06-25,0.5314023801673003
12,1866,1862-07-02,0.48257905588874955
12,1866,1862-07-09,0.5780221853218998
12,1866,1862-07-16,0.4343910219015788
12,1866,1862-07-23,0.37394875589018195
12,1866,1862-07-30,0.4513179466112142
12,1866,1862-08-06,0.18283553472169237
12,1866,1862-08-13,0.4778891233927639
12,1866,1862-08-20,0.46849330386533633
12,1866,1862-08-27,0.5616514518773159
12,1866,1862-09-03,0.5402376082531919
12,1866,1862-09-10,0.45852180733133313
12,1866,1862-09-17,0.39891180887879024
12,1866,1862-09-24,0.38302543338693973
12,1866,1862-10-01,0.35937989844438917
12,1866,1862-10-08,0.4593662188192553
12,1866,1862-10-15,0.34339036168515025
12,1866,1862-10-22,0.34723207870169603
12,1866,1862-10-29,0.36592425666263906
12,1866,1862-11-05,0.22851677927223824
12,1866,1862-11-12,0.488966636964525
12,1866,1862-11-19,0.43967889236727237
12,1866,1862-11-26,0.5190800463248919
12,1866,1862-12-03,0.46023790008105087
12,1866,1862-12-10,0.4554933065097543
12,1866,1862-12-17,0.5913281321852051
12,1866,1862-12-24,0.5274406296063885
12,1866,1862-12-31,0.7432619980763763
12,1866,1863-01-07,0.6092792838285138
12,1866,1863-01-14,0.5474250092392645
12,1866,1863-01-21,0.3389844173488394
12,1866,1863-01-28,0.3180004297174175
12,1866,1863-02-04,0.5396492935056029
12,1866,1863-02-11,0.5869760255055438
12,1866,1863-02-18,0.6363159483876999
12,1866,1863-02-25,0.7688252448351188
12,1866,1863-03-04,0.6012714679929041
12,1866,1863-03-11,0.7391268490311783
12,1866,1863-03-18,0.5983175962482478
12,1866,1863-03-25,0.6023276218120739
12,1866,1863-04-01,0.5841137994046122
12,1866,1863-04-08,0.4712472563860072
12,1866,1863-04-15,0.48201373351092486
12,1866,1863-04-22,0.30751488737479393
12,1866,1863-04-29,0.31582193487550964
12,1866,1863-05-06,0.3600563076134836
12,1866,1863-05-13,0.3613166592817834
12,1866,1863-05-20,0.4534096139171585
12,1866,1863-05-27,0.6266117881969896
12,1866,1863-06-03,0.8059722536046218
12,1866,1863-06-10,0.8184337518213093
12,1866,1863-06-17,0.790753811895627
12,1866,1863-06-24,0.7565981706449202
12,1866,1863-07-01,0.7752520014021856
12,1866,1863-07-08,0.7501941128491152
12,1866,1863-07-15,0.5061289852654922
12,1866,1863-07-22,0.536381384932224
12,1866,1863-07-29,0.6211851050324527
12,1866,1863-08-05,0.48319816979024116
12,1866,1863-08-12,0.6848577601426574
12,1866,1863-08-19,0.6369740735031894
12,1866,1863-08-26,0.7165987928015648
12,1866,1863-09-02,0.8541886885640969
12,1866,1863-09-09,0.7770123225097445
12,1866,1863-09-16,0.6937133328589996
12,1866,1863-09-23,0.6301733707098618
12,1866,1863-09-30,0.6303047387579669
12,1866,1863-10-07,0.6515064694326574
12,1866,1863-10-14,0.524106327037381
12,1866,1863-10-21,0.453450801651502
12,1866,1863-10-28,0.32994792572240284
12,1866,1863-11-04,0.08786306197810659
12,1866,1863-11-11,0.16834359299169113
12,1866,1863-11-18,0.4637481051111528
12,1866,1863-11-25,0.6244362930210631
12,1866,1863-12-02,0.4515330433850422
12,1866,1863-12-09,0.7734400166225781
12,1866,1863-12-16,0.9102365637039179
12,1866,1863-12-23,0.8435195920045128
12,1866,1863-12-30,0.8774841645332224
12,1866,1864-01-06,0.5481288773769429
12,1866,1864-01-13,0.5031222619089306
12,1866,1864-01-20,0.26787171158403983
12,1866,1864-01-27,0.6918469638625004
12,1866,1864-02-03,0.6602863019709844
12,1866,1864-02-10,0.7938121457019017
12,1866,1864-02-17,0.8919723421095337
12,1866,1864-02-24,0.7976910602835523
12,1866,1864-03-02,0.8981390613658029
12,1866,1864-03-09,0.796322204857188
12,1866,1864-03-16,0.7402867602341293
12,1866,1864-03-23,0.7440183248242072
12,1866,1864-03-30,0.6433280528852455
12,1866,1864-04-06,0.5671933693602726
12,1866,1864-04-13,0.4810112118568644
12,1866,1864-04-20,0.28082760915936456
12,1866,1864-04-27,0.46768341021719
12,1866,1864-05-04,0.1800006279243023
12,1866,1864-05-11,0.43954786741625346
12,1866,1864-05-18,0.8152957353581891
12,1866,1864-05-25,0.9241699072579017
12,1866,1864-06-01,0.91165476998793
12,1866,1864-06-08,0.8679361689051944
12,1866,1864-06-15,0.6505185955066396
12,1866,1864-06-22,0.783102706589009
12,1866,1864-06-29,0.5140231544948102
12,1866,1864-07-06,0.4620128632763024
12,1866,1864-07-13,0.6630053128787732
12,1866,1864-07-20,0.5321199544251064
12,1866,1864-07-27,0.30910264813471255
12,1866,1864-08-03,0.4025972442573436
12,1866,1864-08-10,0.26211749979901783
12,1866,1864-08-17,0.6701641169364807
12,1866,1864-08-24,0.8424930453897775
12,1866,1864-08-31,0.835939377981472
12,1866,1864-09-07,0.8576984082832777
12,1866,1864-09-14,0.6304982317433453
12,1866,1864-09-21,0.7698721478562117
12,1866,1864-09-28,0.8030062645645429
12,1866,1864-10-05,0.5174382108526251
12,1866,1864-10-12,0.8115464147641513
12,1866,1864-10-19,0.7835224027708595
12,1866,1864-10-26,0.8039891596905241
12,1866,1864-11-02,0.7542393802434045
12,1866,1864-11-09,0.8515988192068474
12,1866,1864-11-16,0.8775111782473455
12,1866,1864-11-23,0.7898983562107861
12,1866,1864-11-30,0.7907913833472128
12,1866,1864-12-07,0.5377407986546126
12,1866,1864-12-14,0.7473993353525198
12,1866,1864-12-21,0.6255721458849695
12,1866,1864-12-28,0.40695694453635034
12,1866,1865-01-04,0.3314515024736184
12,1866,1865-01-11,0.6876166017191901
12,1866,1865-01-18,0.6831807240364324
12,1866,1865-01-25,0.5252552692479909
12,1866,1865-02-01,0.4920121594471697
12,1866,1865-02-08,0.3493058550972842
12,1866,1865-02-15,0.3429407795206204
12,1866,1865-02-22,0.5047521997105994
12,1866,1865-03-01,0.6075274825593979
12,1866,1865-03-08,0.8236538518520082
12,1866,1865-03-15,0.6708435477286901
12,1866,1865-03-22,0.639005848001851
12,1866,1865-03-29,0.6049376978836462
12,1866,1865-04-05,0.6283194605087481
12,1866,1865-04-12,0.4457184703322366
12,1866,1865-04-19,0.5304135971248264
12,1866,1865-04-26,0.38564362148073206
12,1866,1865-05-03,0.33855580347207875
12,1866,1865-05-10,0.452202573608392
12,1866,1865-05-17,0.5826822143970342
12,1866,1865-05-24,0.7609262621266892
12,1866,1865-05-31,0.8138449928995495
12,1866,1865-06-07,0.7943526575150184
12,1866,1865-06-14,0.6850889754941455
12,1866,1865-06-21,0.7317378719854051
12,1866,1865-06-28,0.6246203052176887
12,1866,1865-07-05,0.5233848546988464
12,1866,1865-07-12,0.5568157358779514
12,1866,1865-07-19,0.5243428648315247
12,1866,1865-07-26,0.35450294537200533
12,1866,1865-08-02,0.19050271629614693
12,1866,1865-08-09,0.23481968550349097
12,1866,1865-08-16,0.3081945324850832
12,1866,1865-08-23,0.48838150882976966
12,1866,1865-08-30,0.6523827418837722
12,1866,1865-09-06,0.6459448088562044
12,1866,1865-09-13,0.5518399380588828
12,1866,1865-09-20,0.5145577201072027
12,1866,1865-09-27,0.4882062982154498
12,1866,1865-10-04,0.011712203338211252
12,1866,1865-10-11,0.0237231783787172
12,1866,1865-10-18,0.3537766883743686
12,1866,1865-10-25,0.7550247309299709
12,1866,1865-11-01,0.5830844769293642
12,1866,1865-11-08,0.6493186338842303
12,1866,1865-11-15,0.7010885495917211
12,1866,1865-11-22,0.8420339414406451
12,1866,1865-11-29,0.8863068975721456
12,1866,1865-12-06,0.5141996227261556
12,1866,1865-12-13,0.5516057827690427
12,1866,1865-12-20,0.460306479175733
12,1866,1865-12-27,0.37565484188547466
12,1866,1866-01-03,0.04183451222611488
12,1866,1866-01-10,0.350415055395402
12,1866,1866-01-17,0.5153090639011789
12,1866,1866-01-24,0.5255231751311227
12,1866,1866-01-31,0.43740665969462816
12,1866,1866-02-07,0.4472932027426813
12,1866,1866-02-14,0.7873634230707928
12,1866,1866-02-21,0.8967145925355826
12,1866,1866-02-28,0.9277539946581594
12,1866,1866-03-07,0.8585174577002358
12,1866,1866-03-14,0.8196560188426751
12,1866,1866-03-21,0.7737377065075003
12,1866,1866-03-28,0.37097157347945237
12,1866,1866-04-04,0.3475523335551516
12,1866,1866-04-11,0.48668442641172444
12,1866,1866-04-18,0.24552254546702534
12,1866,1866-04-25,0.27053662105363036
12,1866,1866-08-08,0.4379077096623595
12,1866,1866-08-15,0.9423806559803138
12,1866,1866-08-22,0.9968101124429869
12,1866,1866-08-29,0.9934263486957511
12,1866,1866-09-05,0.8769495329881232
12,1866,1866-09-12,0.716267475063962
12,1866,1866-09-19,0.07362486504680106
12,1866,1866-09-26,0.09655042763780393
12,1866,1866-10-03,0.021373712422733074
12,1866,1866-10-10,0.1536296776543542
12,1866,1866-10-17,0.48746827431987616
12,1866,1866-10-24,0.8101479085469371
12,1866,1866-10-31,0.790900455724712
12,1866,1866-11-07,0.7359204369640036
12,1866,1866-11-14,0.7936080475252728
12,1866,1866-11-21,0.7143080250987991
12,1866,1866-11-28,0.7055461058951674
12,1866,1866-12-05,0.5899833003970818
12,1866,1866-12-12,0.7326002980453951
12,1866,1866-12-19,0.5112435591892593
12,1866,1866-12-26,0.6215849076922241
12,1866,1867-01-02,0.5593322315598559
12,1866,1867-01-09,0.6919812401160129
12,1866,1867-01-16,0.5059107452651012
12,1866,1867-01-23,0.4942815613518477
12,1866,1867-01-30,0.5180760932481021
12,1866,1867-02-06,0.4276798064200715
12,1866,1867-02-13,0.5831548242836677
12,1866,1867-02-20,0.46148157579918725
12,1866,1867-02-27,0.4527963954782634
12,1866,1867-03-06,0.6529092831087018
12,1866,1867-03-13,0.6118381244749906
12,1866,1867-03-20,0.5100566680539647
12,1866,1867-03-27,0.5384485690033931
12,1866,1867-04-03,0.6229714329900731
12,1866,1867-04-10,0.5486394660491207
12,1866,1867-04-17,0.4052495213642645
12,1866,1867-04-24,0.37757414664339006
12,1866,1867-05-01,0.3379813163470679
12,1866,1867-05-08,0.39341211804365
12,1866,1867-05-15,0.42779918711168613
12,1866,1867-05-22,0.49602967335096027
12,1866,1867-05-29,0.5137270473483264
12,1866,1867-06-05,0.5502889159373173
12,1866,1867-06-12,0.3244305083487494
12,1866,1867-06-19,0.24448231459377212
12,1866,1867-06-26,0.32704909564474116
12,1866,1867-07-03,0.42510091466680733
12,1866,1867-07-10,0.3738932784582774
12,1866,1867-07-17,0.2411446011210494
12,1866,1867-07-24,0.2257817053962271
12,1866,1867-07-31,0.21466997623014994
12,1866,1867-08-07,0.1299309420916868
12,1866,1867-08-14,0.1509364460977664
12,1866,1867-08-21,0.13125351485847933
12,1866,1867-08-28,0.19026409809924377
12,1866,1867-09-04,0.18608042711789208
12,1866,1867-09-11,0.10275979407073524
12,1866,1867-09-18,0.05976745228909043
12,1866,1867-09-25,0.04978050452548278
12,1866,1867-10-02,0.03960514130531985
12,1866,1867-10-09,0.05049147441936284
12,1866,1867-10-16,0.04127894099106838
12,1866,1867-10-23,0.07293146896149158
12,1866,1867-10-30,0.07629648716945214
12,1866,1867-11-06,0.07724984061323766
12,1866,1867-11-13,0.08845270599211842
12,1866,1867-11-20,0.07745357807365272
12,1866,1867-11-27,0.06971294530919184
12,1866,1867-12-04,0.07327428723809892
12,1866,1867-12-11,0.10552772369809835
12,1866,1867-12-18,0.13927377786740225
12,1866,1867-12-26,0.10540578771723923
12,1866,1868-01-01,0.29578749098416884
12,1866,1868-01-08,0.38528723100760326
12,1866,1868-01-15,0.11879446892336046
12,1866,1868-01-22,0.07609483926882732
12,1866,1868-01-29,0.050908376190348735
12,1866,1868-02-05,0.024758511018148008
12,1866,1868-02-12,0.04484679070567719
12,1866,1868-02-19,0.07534226988151244
12,1866,1868-02-26,0.10904289455391529
12,1866,1868-03-04,0.2809344629500893
12,1866,1868-03-11,0.37523486263708
12,1866,1868-03-18,0.3258378782785712
12,1866,1868-03-25,0.3963307206110103
12,1866,1868-04-01,0.6198735477980517
12,1866,1868-04-08,0.5166556813243762
12,1866,1868-04-15,0.33108646359898847
12,1866,1868-04-22,0.1741490797252314
12,1866,1868-04-29,0.10080897918279211
12,1866,1868-05-06,0.11896520853996191
12,1866,1868-05-13,0.20620275395662654
12,1866,1868-05-20,0.24751624434377037
12,1866,1868-05-27,0.3248608543249338
12,1866,1868-06-03,0.3514564574511122
12,1866,1868-06-10,0.22907386063774285
12,1866,1868-06-17,0.12960640320855737
12,1866,1868-06-24,0.12423352975592816
12,1866,1868-07-01,0.2552228415521149
12,1866,1868-07-08,0.3611541962858505
12,1866,1868-07-15,0.2241960987439366
12,1866,1868-07-22,0.22030589743010792
12,1866,1868-07-29,0.1807551674098316
12,1866,1868-08-05,0.14503899065161663
12,1866,1868-08-12,0.22864089420958605
12,1866,1868-08-19,0.2553327550153717
12,1866,1868-08-26,0.20706618751302322
12,1866,1868-09-02,0.2990062411455746
12,1866,1868-09-09,0.2819480139856223
12,1866,1868-09-16,0.1791552825232254
12,1866,1868-09-23,0.1406327218059037
12,1866,1868-09-30,0.13075613715238144
12,1866,1868-10-07,0.15629925138603082
12,1866,1868-10-14,0.11703854161945755
12,1866,1868-10-21,0.09400294459611716
12,1866,1868-10-28,0.08344906330204925
12,1866,1868-11-04,0.07103658543956774
12,1866,1868-11-11,0.12008584739610173
12,1866,1868-11-18,0.10636574200930293
12,1866,1868-11-25,0.16636340087895396
12,1866,1868-12-02,0.2913599485071972
12,1866,1868-12-09,0.2958616396834169
12,1866,1868-12-16,0.5998097104096957
12,1866,1868-12-23,0.59500107285709
12,1866,1868-12-30,0.8187629345844629
12,1866,1869-01-06,0.87655334999355
12,1866,1869-01-13,0.720512963242446
12,1866,1869-01-20,0.4777899284707874
12,1866,1869-01-27,0.3603517882211926
12,1866,1869-02-03,0.2820858066718677
12,1866,1869-02-10,0.40152020661351695
12,1866,1869-02-17,0.37139892547277686
12,1866,1869-02-24,0.4240924889930057
12,1866,1869-03-03,0.5974161433563027
12,1866,1869-03-10,0.7679204638229542
12,1866,1869-03-17,0.7863083524871661
12,1866,1869-03-24,0.7019126963360323
12,1866,1869-03-31,0.6944384152097538
12,1866,1869-04-07,0.3250642417368983
12,1866,1869-04-14,0.41173395147780417
12,1866,1869-04-21,0.38741521709739674
12,1866,1869-04-28,0.34339776526116855
12,1866,1869-05-05,0.3942781086015392
12,1866,1869-05-12,0.6687137488252753
12,1866,1869-05-19,0.7929986598239611
12,1866,1869-05-26,0.7538240689639414
12,1866,1869-06-02,0.7657682030720591
12,1866,1869-06-09,0.7298641501195597
12,1866,1869-06-16,0.49766805995267005
12,1866,1869-06-23,0.2889691884944273
12,1866,1869-06-30,0.689764650992724
12,1866,1869-07-07,0.3799073551251848
12,1866,1869-07-14,0.34054078562977375
12,1866,1869-07-21,0.3568322090560759
12,1866,1869-07-28,0.2172626054909625
12,1866,1869-08-04,0.11596747886730795
12,1866,1869-08-11,0.204240492459776
12,1866,1869-08-18,0.1835531467731289
12,1866,1869-08-25,0.20145289994886964
12,1866,1869-09-01,0.295552766053431
12,1866,1869-09-08,0.24769478160944666
12,1866,1869-09-15,0.22146347912060663
12,1866,1869-09-22,0.2681202865324707
12,1866,1869-09-29,0.34513415496337685
12,1866,1869-10-06,0.2975458776127172
12,1866,1869-10-13,0.17216583663245508
12,1866,1869-10-20,0.08440523483267143
12,1866,1869-10-27,0.08832452829049316
12,1866,1869-11-03,0.07326412216487148
12,1866,1869-11-10,0.0846105130864922
12,1866,1869-11-17,0.19805045591569598
12,1866,1869-11-24,0.1879158115862407
12,1866,1869-12-01,0.21180058428531254
12,1866,1869-12-08,0.42673905826886777
12,1866,1869-12-15,0.3312460958165182
12,1866,1869-12-22,0.3897183327486081
12,1866,1869-12-29,0.5955953795615083
12,1866,1870-01-05,0.6256365075021045
12,1866,1870-01-12,0.4682199400681937
12,1866,1870-01-19,0.29769763753868606
12,1866,1870-01-26,0.3547054385834626
12,1866,1870-02-02,0.5392848590627609
12,1866,1870-02-09,0.4109686845719225
12,1866,1870-02-16,0.40807193101474354
12,1866,1870-02-23,0.5846091125305422
12,1866,1870-03-02,0.6399040348952063
12,1866,1870-03-09,0.7831719058756001
12,1866,1870-03-16,0.6921077379696153
12,1866,1870-03-23,0.6856661203598984
12,1866,1870-03-30,0.7620430968997476
12,1866,1870-04-06,0.5991447361293686
12,1866,1870-04-13,0.5871419574277885
12,1866,1870-04-20,0.5117910572641065
12,1866,1870-04-27,0.42484324153871983
12,1866,1870-05-04,0.49362103387744133
12,1866,1870-05-11,0.6949751627409225
12,1866,1870-05-18,0.6386910532156405
12,1866,1870-05-25,0.6376373491535834
12,1866,1870-06-01,0.6613953362979118
12,1866,1870-06-08,0.5577815382480573
12,1866,1870-06-15,0.7043903594742256
12,1866,1870-06-22,0.5795496843709268
12,1866,1870-06-29,0.8398303310919427
12,1866,1870-07-06,0.7292811057599522
12,1866,1870-07-13,0.49906787387620766
12,1866,1870-07-20,0.4649627575196065
12,1866,1870-07-27,0.42265117589308765
12,1866,1870-08-03,0.5142844465988968
12,1866,1870-08-10,0.6884601169002259
12,1866,1870-08-17,0.9202705844315519
12,1866,1870-08-24,0.8202680847619467
12,1866,1870-08-31,0.8153385524459513
12,1866,1870-09-07,0.5409529759073057
12,1866,1870-09-14,0.21042245169370538
12,1866,1870-09-21,0.2996136091662416
12,1866,1870-09-28,0.3534388785583521
12,1866,1870-10-05,0.3578510319219319
12,1866,1870-10-12,0.2693253261488445
12,1866,1870-10-19,0.18672950135109154
12,1866,1870-10-26,0.1691103794925789
12,1866,1870-11-02,0.16571125800929282
12,1866,1870-11-09,0.21051945315236598
12,1866,1870-11-16,0.15771459461540843
12,1866,1870-11-23,0.11450592029205604
12,1866,1870-11-30,0.0823961544938287
12,1866,1870-12-07,0.12212986799732171
12,1866,1870-12-14,0.07163621515636022
12,1866,1870-12-21,0.0473972870265499
12,1866,1870-12-28,0.06082485900196816
12,1866,1871-01-04,0.17768632923206124
12,1866,1871-01-11,0.15782474134920613
12,1866,1871-01-18,0.07778514838122726
12,1866,1871-01-25,0.059128356600544246
12,1866,1871-02-01,0.07533041167418429
12,1866,1871-02-08,0.058259613541657936
12,1866,1871-02-15,0.11899111541117831
12,1866,1871-02-22,0.2600579496582906
12,1866,1871-03-01,0.6960972331054085
12,1866,1871-03-08,0.6463162647265419
12,1866,1871-03-15,0.8009442250469596
12,1866,1871-03-22,0.600485833743619
12,1866,1871-03-29,0.42716453440689195
12,1866,1871-04-05,0.22261673620546324
12,1866,1871-04-12,0.28578837774882554
12,1866,1871-04-19,0.34083784779166915
12,1866,1871-04-26,0.2942807732442437
12,1866,1871-05-03,0.6027080339372938
12,1866,1871-05-10,0.49372175976457167
12,1866,1871-05-17,0.4200638525288633
12,1866,1871-05-24,0.30367324541749807
12,1866,1871-05-31,0.301981376424174
12,1866,1871-06-07,0.26209381755458006
12,1866,1871-06-14,0.19078169654269814
12,1866,1871-06-21,0.1480384210669474
12,1866,1871-06-28,0.41883702955879826
12,1866,1871-07-05,0.5469364482427883
12,1866,1871-07-12,0.31354625929275387
12,1866,1871-07-19,0.14636013379905435
12,1866,1871-07-26,0.06136268881182661
12,1866,1871-08-02,0.019232124183650612
12,1866,1871-08-09,0.020850837317471466
12,1866,1871-08-16,0.03267677694215356
12,1866,1871-08-23,0.032482166582980185
12,1866,1871-08-30,0.10779229421802766
12,1866,1871-09-06,0.23001031673280797
12,1866,1871-09-13,0.14196608438015712
12,1866,1871-09-20,0.22489658360531
12,1866,1871-09-27,0.34867049110884696
12,1866,1871-10-04,0.6845492466995763
12,1866,1871-10-11,0.5525611483392582
12,1866,1871-10-18,0.6887766875052653
12,1866,1871-10-25,0.47661110954426017
12,1866,1871-11-01,0.18508660930576318
12,1866,1871-11-08,0.13866360099723846
12,1866,1871-11-15,0.12142446150856101
12,1866,1871-11-22,0.20010492119357914
12,1866,1871-11-29,0.17251026002025588
12,1866,1871-12-06,0.12119151238580991
12,1866,1871-12-13,0.06213886625040074
12,1866,1871-12-20,0.12732466098320688
12,1866,1871-12-27,0.26462657549351515
12,1866,1872-01-03,0.7890438302069935
12,1866,1872-01-10,0.6191882103749228
12,1866,1872-01-17,0.24154209112688083
12,1866,1872-01-24,0.14688782017122645
12,1866,1872-01-31,0.17326515560750735
12,1866,1872-02-07,0.04380282525910987
12,1866,1872-02-14,0.31333679176703017
12,1866,1872-02-21,0.4989323026983323
12,1866,1872-02-28,0.7770204433255449
12,1866,1872-03-06,0.7203425970618246
12,1866,1872-03-13,0.880243439230646
12,1866,1872-03-20,0.8414645875674706
12,1866,1872-03-27,0.9467972629873208
12,1866,1872-04-03,0.8914705177601545
12,1866,1872-04-10,0.8243332830052642
12,1866,1872-04-17,0.7415411084938818
12,1866,1872-04-24,0.6554316751955025
12,1866,1872-05-01,0.6230395231906611
12,1866,1872-05-08,0.7036585788828426
12,1866,1872-05-15,0.560610355529145
12,1866,1872-05-22,0.7535305657687725
12,1866,1872-05-29,0.9262521286612485
12,1866,1872-06-05,0.9144845631262744
12,1866,1872-06-12,0.7377515790482475
12,1866,1872-06-19,0.6874970562976491
12,1866,1872-06-26,0.7594212409333576
12,1866,1872-07-03,0.7418655313190907
12,1866,1872-07-10,0.5952513263643231
12,1866,1872-07-17,0.6624103445897842
12,1866,1872-07-24,0.6598384378335131
12,1866,1872-07-31,0.9119437565223493
12,1866,1872-08-07,0.8655837828375068
12,1866,1872-08-14,0.7524370758626096
12,1866,1872-08-21,0.4088496805224468
12,1866,1872-08-28,0.4176622734067981
12,1866,1872-09-04,0.4770056993649532
12,1866,1872-09-11,0.39647184850427347
12,1866,1872-09-18,0.5563425552421388
12,1866,1872-09-25,0.8310147666409833
12,1866,1872-10-02,0.8517809731991797
12,1866,1872-10-09,0.8005888780609738
12,1866,1872-10-16,0.4942097056594779
12,1866,1872-10-23,0.6785469675355182
12,1866,1872-10-30,0.6693777915810933
12,1866,1872-11-06,0.6445864016532572
12,1866,1872-11-13,0.7675795758236789
12,1866,1872-11-20,0.9036579013270497
12,1866,1872-11-27,0.8454968893289262
12,1866,1872-12-04,0.6915456830930375
12,1866,1872-12-11,0.502042404946281
12,1866,1872-12-18,0.3108831300475695
12,1866,1872-12-24,0.1547432254364346
12,1866,1873-01-01,0.8439576365180363
12,1866,1873-01-08,0.5450666946385408
12,1866,1873-01-15,0.721135367735512
12,1866,1873-01-22,0.3640840188999515
12,1866,1873-01-29,0.2945305299790264
12,1866,1873-02-05,0.17856193270780646
12,1866,1873-02-12,0.42187323797506654
12,1866,1873-02-19,0.440022168345303
12,1866,1873-02-26,0.5224396987857106
12,1866,1873-03-05,0.7852979530118487
12,1866,1873-03-12,0.5670759058550695
12,1866,1873-03-19,0.4939122648635594
12,1866,1873-03-26,0.48159379276059805
12,1866,1873-04-02,0.7832526756780441
12,1866,1873-04-09,0.753597573225585
12,1866,1873-04-16,0.7780430533045555
12,1866,1873-04-23,0.7427653997774548
12,1866,1873-04-30,0.602119728769594
12,1866,1873-05-07,0.5586987397752575
12,1866,1873-05-14,0.699919132189712
12,1866,1873-05-21,0.670622377717101
12,1866,1873-05-28,0.9186668211388718
12,1866,1873-06-04,0.9176873873911214
12,1866,1873-06-11,0.9775741931617006
12,1866,1873-06-18,0.9782358733096197
12,1866,1873-06-25,0.9156784135711573
12,1866,1873-07-02,0.952861395057716
12,1866,1873-07-09,0.7865930834504259
12,1866,1873-07-16,0.8450480478481451
12,1866,1873-07-23,0.705423425650901
12,1866,1873-07-30,0.5093094184963064
12,1866,1873-08-06,0.46007725939686717
12,1866,1873-08-13,0.42161486640231455
12,1866,1873-08-20,0.3495591496479304
12,1866,1873-08-27,0.409173627816766
12,1866,1873-09-03,0.5246746349082073
12,1866,1873-09-10,0.4052883878556222
12,1866,1873-09-17,0.39174053509138745
12,1866,1873-09-24,0.36915735168338326
12,1866,1873-10-01,0.09202026174895679
12,1866,1873-10-08,0.5352656478856271
12,1866,1873-10-15,0.1562031897486906
12,1866,1873-10-22,0.25323186238562545
12,1866,1873-10-29,0.5666343912562989
12,1866,1873-11-05,0.42837543423746444
12,1866,1873-11-12,0.7385589499910423
12,1866,1873-11-19,0.8900181619831627
12,1866,1873-11-26,0.9205565803610741
12,1866,1873-12-03,0.9417818259472894
12,1866,1873-12-10,0.7497042641632128
12,1866,1873-12-17,0.20323121113333298
12,1866,1873-12-24,0.12684226967844417
12,1866,1873-12-31,0.6636808302699653
12,1866,1874-01-07,0.3966047634546296
12,1866,1874-01-14,0.2954762166741638
12,1866,1874-01-21,0.16964322310814603
12,1866,1874-01-28,0.07203075032100281
12,1866,1874-02-04,0.049230970043850505
12,1866,1874-02-11,0.15958532139236942
12,1866,1874-02-18,0.17104147634701936
12,1866,1874-02-25,0.21636211937926494
12,1866,1874-03-04,0.4518314436637928
12,1866,1874-03-11,0.4583205388189537
12,1866,1874-03-18,0.3734699008441092
12,1866,1874-03-25,0.431139381857184
12,1866,1874-04-01,0.5639708678081725
12,1866,1874-04-08,0.6272322635555336
12,1866,1874-04-15,0.4124662296185821
12,1866,1874-04-22,0.26398194050229307
12,1866,1874-04-29,0.7325915693359245
12,1866,1874-05-06,0.590729141697414
12,1866,1874-05-13,0.560200669471811
12,1866,1874-05-20,0.5556319897888533
12,1866,1874-05-27,0.5020522883800803
12,1866,1874-06-03,0.5009940500853654
12,1866,1874-06-10,0.44730809524093146
12,1866,1874-06-17,0.3518335670998796
12,1866,1874-06-24,0.33194887468815953
12,1866,1874-07-01,0.8756428511112876
12,1866,1874-07-08,0.5706621156162922
12,1866,1874-07-15,0.3282783323485604
12,1866,1874-07-22,0.20601418822424059
12,1866,1874-07-29,0.15766046947074838
12,1866,1874-08-05,0.08749369201663966
12,1866,1874-08-12,0.18591121102610522
12,1866,1874-08-19,0.38042857043217443
12,1866,1874-08-26,0.424914952608599
12,1866,1874-09-02,0.6185668304493831
12,1866,1874-09-09,0.26564239797925365
12,1866,1874-09-16,0.1513311621490816
12,1866,1874-09-23,0.1226288375149359
12,1866,1874-09-30,0.13027293693881162
12,1866,1874-10-07,0.2632238708308816
12,1866,1874-10-14,0.2796793839837001
12,1866,1874-10-21,0.17240399126592335
12,1866,1874-10-28,0.3643115206775168
12,1866,1874-11-04,0.2032092765193956
12,1866,1874-11-11,0.23544538267103943
12,1866,1874-11-18,0.12058124464972889
12,1866,1874-11-25,0.29888374018014446
12,1866,1874-12-02,0.3024907941203329
12,1866,1874-12-09,0.8803288992143941
12,1866,1874-12-16,0.8371807372137565
12,1866,1874-12-23,0.7854430700092535
12,1866,1874-12-30,0.9217198700455771
12,1866,1875-01-06,0.7045192014947328
12,1866,1875-01-13,0.5114865581094722
12,1866,1875-01-20,0.2146440263914746
12,1866,1875-01-27,0.08664683418649664
12,1866,1875-02-03,0.0887162079701326
12,1866,1875-02-10,0.09199546879089701
12,1866,1875-02-17,0.26223088258724164
12,1866,1875-02-24,0.2832588418381302
12,1866,1875-03-03,0.60895395911592
12,1866,1875-03-10,0.7998942984558456
12,1866,1875-03-17,0.7530386963258486
12,1866,1875-03-24,0.6286836446416759
12,1866,1875-03-31,0.7177945838596252
12,1866,1875-04-07,0.5145639086919438
12,1866,1875-04-14,0.3433843796182652
12,1866,1875-04-21,0.33182358397519557
12,1866,1875-04-28,0.2652005941584727
12,1866,1875-05-05,0.28539408909850056
12,1866,1875-05-12,0.6353294019811305
12,1866,1875-05-19,0.5800490980284653
12,1866,1875-05-26,0.7487950215973914
12,1866,1875-06-02,0.827249758359895
12,1866,1875-06-09,0.7299075365926417
12,1866,1875-06-16,0.4247747340398104
12,1866,1875-06-23,0.520326155571284
12,1866,1875-06-30,0.8540057711359924
12,1866,1875-07-07,0.2200517856687981
12,1866,1875-07-14,0.20367903173607543
12,1866,1875-07-21,0.07702643622123945
12,1866,1875-07-28,0.06699995432253893
12,1866,1875-08-04,0.1103865510426545
12,1866,1875-08-11,0.11182369168178276
12,1866,1875-08-18,0.13070549870899556
12,1866,1875-08-25,0.1447270281341052
12,1866,1875-09-01,0.32044364919089063
12,1866,1875-09-08,0.1907559495627949
12,1866,1875-09-15,0.1733678265482426
12,1866,1875-09-22,0.1413947539015242
12,1866,1875-09-29,0.14856715217754235
12,1866,1875-10-06,0.1894765204319405
12,1866,1875-10-13,0.15241382891147076
12,1866,1875-10-20,0.1493978033717698
12,1866,1875-10-27,0.3459136956814219
12,1866,1875-11-03,0.38340566329749354
12,1866,1875-11-10,0.3472846014776786
12,1866,1875-11-17,0.3258874981786763
12,1866,1875-11-24,0.4355148411527609
12,1866,1875-12-01,0.2684152457172865
12,1866,1875-12-08,0.5881594558456218
12,1866,1875-12-15,0.7085685270767969
12,1866,1875-12-22,0.42398081411220323
12,1866,1875-12-29,0.4549151861231938
12,1866,1876-01-05,0.33828172503457093
12,1866,1876-01-12,0.2965682111267201
12,1866,1876-01-19,0.31690486338957186
12,1866,1876-01-26,0.30240969992351463
12,1866,1876-02-02,0.5389545368325046
12,1866,1876-02-09,0.36578280891129406
12,1866,1876-02-16,0.5690577625816138
12,1866,1876-02-23,0.5926868685793506
12,1866,1876-03-01,0.770906921751997
12,1866,1876-03-08,0.8030250600585381
12,1866,1876-03-15,0.7715126142724109
12,1866,1876-03-22,0.6318219647903622
12,1866,1876-03-29,0.41326543303981866
12,1866,1876-04-05,0.1373485608331127
12,1866,1876-04-12,0.1486159586046174
12,1866,1876-04-19,0.12035729949828568
12,1866,1876-04-26,0.22957007467825594
12,1866,1876-05-03,0.11101500120696887
12,1866,1876-05-10,0.2339474611341012
12,1866,1876-05-17,0.25488456508312907
12,1866,1876-05-24,0.16453948305261293
12,1866,1876-05-31,0.14564369703311159
12,1866,1876-06-07,0.1308345471027601
12,1866,1876-06-14,0.11593062837444083
12,1866,1876-06-21,0.09465300170990285
12,1866,1876-06-28,0.06868251327881726
12,1866,1876-07-05,0.0713881427230528
12,1866,1876-07-12,0.0896503535823222
12,1866,1876-07-19,0.061820529567386644
12,1866,1876-07-26,0.04150833739471956
12,1866,1876-08-02,0.02966606529150972
12,1866,1876-08-09,0.025904706535328597
12,1866,1876-08-16,0.02029441651449206
12,1866,1876-08-23,0.014594132570992908
12,1866,1876-08-30,0.016965735109212263
12,1866,1876-09-06,0.02158274845695594
12,1866,1876-09-13,0.024753038322477963
12,1866,1876-09-20,0.01704856183981427
12,1866,1876-09-27,0.015426838865373308
12,1866,1876-10-04,0.01654768513726976
12,1866,1876-10-11,0.016961285233157472
12,1866,1876-10-18,0.017225131435378405
12,1866,1876-10-25,0.01798547544245284
12,1866,1876-11-01,0.015533600202040454
12,1866,1876-11-08,0.01754785441963306
12,1866,1876-11-15,0.017416546346232815
12,1866,1876-11-22,0.020064864325272828
12,1866,1876-11-29,0.02265368700612012
12,1866,1876-12-06,0.033179515666318285
12,1866,1876-12-13,0.11688759385061216
12,1866,1876-12-20,0.1023419813477791
12,1866,1876-12-27,0.1058575989162157
12,1866,1877-01-03,0.3125328052891727
12,1866,1877-01-10,0.2976794612708773
12,1866,1877-01-17,0.08811668668590955
12,1866,1877-01-24,0.09985054067384547
12,1866,1877-01-31,0.07946918146808997
12,1866,1877-02-07,0.06987064454471661
12,1866,1877-02-14,0.10797227029180383
12,1866,1877-02-21,0.12239009264410874
12,1866,1877-02-28,0.15472841488373773
12,1866,1877-03-07,0.19196214151651203
12,1866,1877-03-14,0.3859236159945268
12,1866,1877-03-21,0.4203892012516077
12,1866,1877-03-28,0.7712509429292647
12,1866,1877-04-04,0.8956831980935536
12,1866,1877-04-11,0.709314984108842
12,1866,1877-04-18,0.3536481305857392
12,1866,1877-04-25,0.2395978959411681
12,1866,1877-05-02,0.19962209120416805
12,1866,1877-05-09,0.22158156566619383
12,1866,1877-05-16,0.42694828108467203
12,1866,1877-05-23,0.4370690011497871
12,1866,1877-05-30,0.57454570904735
12,1866,1877-06-06,0.41491929145929524
12,1866,1877-06-13,0.3175082968358974
12,1866,1877-06-20,0.2932613093696464
12,1866,1877-06-27,0.1890083533817315
12,1866,1877-07-04,0.38821196772011685
12,1866,1877-07-11,0.4447664016233719
12,1866,1877-07-18,0.21182579317589972
12,1866,1877-07-25,0.12972952647761946
12,1866,1877-08-01,0.16720413650760288
12,1866,1877-08-08,0.14665583702359783
12,1866,1877-08-15,0.22778803916094947
12,1866,1877-08-22,0.2426510194602447
12,1866,1877-08-29,0.14774858992496068
12,1866,1877-09-05,0.39523907933958746
12,1866,1877-09-12,0.5303896686306054
12,1866,1877-09-19,0.5248652382115596
12,1866,1877-09-26,0.42613520084824796
12,1866,1877-10-03,0.267746443601725
12,1866,1877-10-10,0.2008372423324454
12,1866,1877-10-17,0.21245252399801806
12,1866,1877-10-24,0.39879404987772116
12,1866,1877-10-31,0.33150527160291243
12,1866,1877-11-07,0.34527153190846754
12,1866,1877-11-14,0.35599931565531734
12,1866,1877-11-21,0.36480567265258895
12,1866,1877-11-28,0.34025060630643555
12,1866,1877-12-05,0.47647584018963113
12,1866,1877-12-12,0.3865076848794882
12,1866,1877-12-19,0.33247688490814
12,1866,1877-12-24,0.29479730753128514
12,1866,1878-01-02,0.5996592436197558
12,1866,1878-01-09,0.4137636297818908
12,1866,1878-01-16,0.20641901141942215
12,1866,1878-01-23,0.04908547886023435
12,1866,1878-01-30,0.034690260875010884
12,1866,1878-02-06,0.047548844376144095
12,1866,1878-02-13,0.03549038829069932
12,1866,1878-02-20,0.040633676249039144
12,1866,1878-02-27,0.11421131864731066
12,1866,1878-03-06,0.4400424088130348
12,1866,1878-03-13,0.9537480733971415
12,1866,1878-03-20,0.9884907893862764
12,1866,1878-03-27,0.9955856585984837
12,1866,1878-04-03,0.8783378218841273
12,1866,1878-04-10,0.731587258066492
12,1866,1878-04-17,0.30873081113589557
12,1866,1878-04-24,0.26693190881412804
12,1866,1878-05-01,0.2898382306587164
12,1866,1878-05-08,0.4370079185465329
12,1866,1878-05-15,0.5724551984795937
12,1866,1878-05-22,0.5868519280716586
12,1866,1878-05-29,0.6692175165099052
12,1866,1878-06-05,0.5507041656830071
12,1866,1878-06-12,0.46739439663612203
12,1866,1878-06-19,0.4850670873739408
12,1866,1878-06-26,0.5026082873436769
12,1866,1878-07-03,0.6569393342089903
12,1866,1878-07-10,0.7423724029426273
12,1866,1878-07-17,0.588954806952015
12,1866,1878-07-24,0.54471775838655
12,1866,1878-07-31,0.41912200041724057
12,1866,1878-08-07,0.5442956405357846
12,1866,1878-08-14,0.6293513129721834
12,1866,1878-08-21,0.7547282757915434
12,1866,1878-08-28,0.7987677981107603
12,1866,1878-09-04,0.7832613602656657
12,1866,1878-09-11,0.8182133302177502
12,1866,1878-09-18,0.5715203106177432
12,1866,1878-09-25,0.4677433293950455
12,1866,1878-10-02,0.44926651511523036
12,1866,1878-10-09,0.5864654189081813
12,1866,1878-10-16,0.5526914060148507
12,1866,1878-10-23,0.9531099245875452
12,1866,1878-10-30,0.9690122893736011
12,1866,1878-11-06,0.6716975284800373
12,1866,1878-11-13,0.5927575336001022
12,1866,1878-11-20,0.42944140313166557
12,1866,1878-11-27,0.5472252621046957
12,1866,1878-12-04,0.29708995769094726
12,1866,1878-12-11,0.7266957231666686
12,1866,1878-12-18,0.9254953536207065
12,1866,1878-12-24,0.9711088190636032
12,1866,1879-01-01,0.9881917692026636
12,1866,1879-01-08,0.9519300726476646
12,1866,1879-01-15,0.8165571595579012
12,1866,1879-01-22,0.8780019431819908
12,1866,1879-01-29,0.6871147804622394
12,1866,1879-02-05,0.7413988702083726
12,1866,1879-02-12,0.5700523192048166
12,1866,1879-02-19,0.40596786653251643
12,1866,1879-02-26,0.30182189148094296
12,1866,1879-03-05,0.48751627422802024
12,1866,1879-03-12,0.5798012461937855
12,1866,1879-03-19,0.6431782736063227
12,1866,1879-03-26,0.38112168999584933
12,1866,1879-04-02,0.40582807977969765
12,1866,1879-04-09,0.435570559068028
12,1866,1879-04-16,0.6212646115548546
12,1866,1879-04-23,0.43452014057763233
12,1866,1879-04-30,0.29008120197991183
12,1866,1879-05-07,0.30533191781839525
12,1866,1879-05-14,0.24321426046315817
12,1866,1879-05-21,0.2710867545093163
12,1866,1879-05-28,0.22032651356611363
12,1866,1879-06-04,0.1692716796516853
12,1866,1879-06-11,0.17926631173600385
12,1866,1879-06-18,0.19917553018649264
12,1866,1879-06-25,0.15523158510012822
12,1866,1879-07-02,0.24757362999904478
12,1866,1879-07-09,0.15567303099296112
12,1866,1879-07-16,0.07718758296161735
12,1866,1879-07-23,0.059156222716641706
12,1866,1879-07-30,0.05059715617795907
12,1866,1879-08-06,0.0303304570975917
12,1866,1879-08-13,0.033824620400742605
12,1866,1879-08-20,0.030097150842564216
12,1866,1879-08-27,0.024703662816557847
12,1866,1879-09-03,0.032896973815262805
12,1866,1879-09-10,0.055982658247608154
12,1866,1879-09-17,0.046960862505042944
12,1866,1879-09-24,0.04243812966056823
12,1866,1879-10-01,0.039010509043218934
12,1866,1879-10-08,0.04564103332556076
12,1866,1879-10-15,0.05047886964175522
12,1866,1879-10-22,0.04912668998596024
12,1866,1879-10-29,0.044563544553936525
12,1866,1879-11-05,0.05323402502965584
12,1866,1879-11-12,0.050257897827295325
12,1866,1879-11-19,0.15229359446991814
12,1866,1879-11-26,0.16698393451171464
12,1866,1879-12-03,0.20899999896384963
12,1866,1879-12-10,0.5306673058853951
12,1866,1879-12-17,0.5502498488837448
12,1866,1879-12-24,0.6083630756755303
12,1866,1879-12-31,0.9342962901761134
12,1866,1880-01-07,0.8475944169538003
12,1866,1880-01-14,0.489907911109672
12,1866,1880-01-21,0.26243447271855447
12,1866,1880-01-28,0.17787761732587043
12,1866,1880-02-04,0.08554565374443963
12,1866,1880-02-11,0.11146547278260038
12,1866,1880-02-18,0.15253808723766793
12,1866,1880-02-25,0.24383877634014373
12,1866,1880-03-03,0.6550918375645257
12,1866,1880-03-10,0.862607741141023
12,1866,1880-03-17,0.9179477761073207
12,1866,1880-03-24,0.8700323596857333
12,1866,1880-03-31,0.8229597081937916
12,1866,1880-04-07,0.43832055869356695
12,1866,1880-04-14,0.21903863049381353
12,1866,1880-04-21,0.1438441293041197
12,1866,1880-04-28,0.18435407656682043
12,1866,1880-05-05,0.29064932553327594
12,1866,1880-05-12,0.3693151996581317
12,1866,1880-05-19,0.5123554003717468
12,1866,1880-05-26,0.5344578600972671
12,1866,1880-06-02,0.5164251024439972
12,1866,1880-06-09,0.46034685628265204
12,1866,1880-06-16,0.24439978759718714
12,1866,1880-06-23,0.2190727774261858
12,1866,1880-06-30,0.5897742925017795
12,1866,1880-07-07,0.36293089406328566
12,1866,1880-07-14,0.153079509072926
12,1866,1880-07-21,0.14429279319682786
12,1866,1880-07-28,0.1287952565121371
12,1866,1880-08-04,0.07444914139413611
12,1866,1880-08-11,0.13468482312279165
12,1866,1880-08-18,0.10863056353444273
12,1866,1880-08-25,0.10396077032191092
12,1866,1880-09-01,0.3012779569016895
12,1866,1880-09-08,0.17007903805299868
12,1866,1880-09-15,0.13271931198881176
12,1866,1880-09-22,0.11808026881572153
12,1866,1880-09-29,0.1616417685305684
12,1866,1880-10-06,0.15689807500664846
12,1866,1880-10-13,0.19671486748725192
12,1866,1880-10-20,0.1395552029521384
12,1866,1880-10-27,0.12637681321181712
12,1866,1880-11-03,0.06202739879296024
12,1866,1880-11-10,0.05022587951680549
12,1866,1880-11-17,0.13538753781166846
12,1866,1880-11-24,0.17333814915326262
12,1866,1880-12-01,0.11680200526465956
12,1866,1880-12-08,0.5787606983349902
12,1866,1880-12-15,0.7113697119416298
12,1866,1880-12-22,0.6661411766433747
12,1866,1880-12-29,0.8883418464210348
12,1866,1881-01-05,0.9455061856332634
12,1866,1881-01-12,0.7063117992602794
12,1866,1881-01-19,0.3102045690516646
12,1866,1881-01-26,0.3537334705355053
12,1866,1881-02-02,0.27049405063524967
12,1866,1881-02-09,0.36167411098804936
12,1866,1881-02-16,0.29059366219139765
12,1866,1881-02-23,0.3519655588652001
12,1866,1881-03-02,0.46117485697008076
12,1866,1881-03-09,0.40003009347378143
12,1866,1881-03-16,0.2823089353341057
12,1866,1881-03-23,0.1969403218398238
12,1866,1881-03-30,0.23158769864089754
12,1866,1881-04-06,0.2315178471704357
12,1866,1881-04-13,0.3829502352451696
12,1866,1881-04-20,0.33474064298484246
12,1866,1881-04-27,0.15687174598308168
12,1866,1881-05-04,0.2006616031065306
12,1866,1881-05-11,0.13892155554317343
12,1866,1881-05-18,0.2037220190949963
12,1866,1881-05-25,0.19132527022732032
12,1866,1881-06-01,0.20987198728500195
12,1866,1881-06-08,0.24864077186430422
12,1866,1881-06-15,0.3915537734123008
12,1866,1881-06-22,0.15129382728905952
12,1866,1881-06-29,0.33678247875148604
12,1866,1881-07-06,0.33663652422619184
12,1866,1881-07-13,0.1905398748017522
12,1866,1881-07-20,0.15861857829557827
12,1866,1881-07-27,0.17249401007728585
12,1866,1881-08-03,0.09175250097015437
12,1866,1881-08-10,0.15279418672297138
12,1866,1881-08-17,0.2334739811958277
12,1866,1881-08-24,0.18499446187516003
12,1866,1881-08-31,0.32807793471895286
12,1866,1881-09-07,0.601262821728014
12,1866,1881-09-14,0.6087674339107246
12,1866,1881-09-21,0.5531849044989902
12,1866,1881-09-28,0.40569932559097177
12,1866,1881-10-05,0.42295668202318787
12,1866,1881-10-12,0.3546709762505013
12,1866,1881-10-19,0.6094957454897617
12,1866,1881-10-26,0.643389676386802
12,1866,1881-11-02,0.5627762199108652
12,1866,1881-11-09,0.49034187609346114
12,1866,1881-11-16,0.5024098013278581
12,1866,1881-11-23,0.4767261478817628
12,1866,1881-11-30,0.6505253245327427
12,1866,1881-12-07,0.9029795847250573
12,1866,1881-12-14,0.8071687205978378
12,1866,1881-12-21,0.7407833104839634
12,1866,1881-12-28,0.8578953502020278
12,1866,1882-01-04,0.8529512605690968
12,1866,1882-01-11,0.8550413844297592
12,1866,1882-01-18,0.6947023544484289
12,1866,1882-01-25,0.6192250325111545
12,1866,1882-02-01,0.40322193378905663
12,1866,1882-02-08,0.8467256889586483
12,1866,1882-02-15,0.91894303927836
12,1866,1882-02-22,0.8793392204871009
12,1866,1882-03-01,0.9507579920839709
12,1866,1882-03-08,0.2109384965722657
12,1866,1882-03-15,0.7578392676342296
12,1866,1882-03-22,0.4215551463957998
12,1866,1882-03-29,0.5675999108892732
12,1866,1882-04-05,0.4151183741759409
12,1866,1882-04-12,0.8958907822982664
12,1866,1882-04-19,0.337665603719693
12,1866,1882-04-26,0.3727157524166335
12,1866,1882-05-03,0.2513575563778144
12,1866,1882-05-10,0.5422619823714346
12,1866,1882-05-17,0.3111597109235565
12,1866,1882-05-24,0.2529264010348551
12,1866,1882-05-31,0.391119892260438
12,1866,1882-06-07,0.5566521433815702
12,1866,1882-06-14,0.25858351738129715
12,1866,1882-06-21,0.2082590844331309
12,1866,1882-06-28,0.27262352347914875
12,1866,1882-07-05,0.6343035000566013
12,1866,1882-07-12,0.7690201280175517
12,1866,1882-07-19,0.5920999374719493
12,1866,1882-07-26,0.5685185584237703
12,1866,1882-08-02,0.4412262987807109
12,1866,1882-08-09,0.3716176221730991
12,1866,1882-08-16,0.5551425028987673
12,1866,1882-08-23,0.44896271830775514
12,1866,1882-08-30,0.6733321999703284
12,1866,1882-09-06,0.8369885046774126
12,1866,1882-09-13,0.797226350048752
12,1866,1882-09-20,0.655293582919508
12,1866,1882-09-27,0.8586156512767645
12,1866,1882-10-04,0.8023794334207637
12,1866,1882-10-11,0.8206933971594931
12,1866,1882-10-18,0.6337860412944396
12,1866,1882-10-25,0.5858610257939153
12,1866,1882-11-01,0.39350367544938125
12,1866,1882-11-08,0.5476169862953926
12,1866,1882-11-15,0.5227451119161377
12,1866,1882-11-22,0.6301711378850539
12,1866,1882-11-29,0.6230526614159833
12,1866,1882-12-06,0.6097369341837706
12,1866,1882-12-13,0.7659730586067303
12,1866,1882-12-20,0.7125007638874504
12,1866,1882-12-27,0.7708371266626838
12,1866,1883-01-03,0.9134600201742346
12,1866,1883-01-10,0.6931877294969467
12,1866,1883-01-17,0.3954898825280541
12,1866,1883-01-24,0.261886075575338
12,1866,1883-01-31,0.22738466265434654
12,1866,1883-02-07,0.14790414915526287
12,1866,1883-02-14,0.280231505270502
12,1866,1883-02-21,0.6002698857246317
12,1866,1883-02-28,0.6032423287591677
12,1866,1883-03-07,0.8561540185212181
12,1866,1883-03-14,0.5708429357255806
12,1866,1883-03-21,0.5365921553491513
12,1866,1883-03-28,0.6070821841791211
12,1866,1883-04-04,0.6895963641509312
12,1866,1883-04-11,0.4222140734872564
12,1866,1883-04-18,0.2617977298434271
12,1866,1883-04-25,0.27012638997203636
12,1866,1883-05-02,0.32839882942157145
12,1866,1883-05-09,0.35709867632074854
12,1866,1883-05-16,0.3198734148131605
12,1866,1883-05-23,0.6672102560671189
12,1866,1883-05-30,0.7477978699409223
12,1866,1883-06-06,0.7406310330864403
12,1866,1883-06-13,0.6638766547016933
12,1866,1883-06-20,0.5457007545329355
12,1866,1883-06-27,0.48200979759763196
12,1866,1883-07-04,0.7181033858529283
12,1866,1883-07-11,0.7350937398904004
12,1866,1883-07-18,0.6829634120569226
12,1866,1883-07-25,0.6427296627304545
12,1866,1883-08-01,0.5555029834797486
12,1866,1883-08-08,0.4399119778854724
12,1866,1883-08-15,0.5176032643885776
12,1866,1883-08-22,0.5246670168942208
12,1866,1883-08-29,0.5365749718429459
12,1866,1883-09-05,0.5643409218478787
12,1866,1883-09-12,0.300339285468472
12,1866,1883-09-19,0.3473990649871092
12,1866,1883-09-26,0.18516594632849911
12,1866,1883-10-03,0.15604094867782972
12,1866,1883-10-10,0.16282217233557097
12,1866,1883-10-17,0.12931309320480147
12,1866,1883-10-24,0.14745631984518565
12,1866,1883-10-31,0.11949105901475855
12,1866,1883-11-07,0.14176583201684995
12,1866,1883-11-14,0.22386179924405863
12,1866,1883-11-21,0.23669017736532444
12,1866,1883-11-28,0.20337167957419852
12,1866,1883-12-05,0.16580551150223394
12,1866,1883-12-12,0.28580571990912185
12,1866,1883-12-19,0.24982503826134864
12,1866,1883-12-24,0.37779227082755656
12,1866,1884-01-02,0.8007233987913681
12,1866,1884-01-09,0.8885805839665595
12,1866,1884-01-16,0.7257711935125548
12,1866,1884-01-23,0.5326176796783414
12,1866,1884-01-30,0.3328966233057722
12,1866,1884-02-06,0.265188457981662
12,1866,1884-02-13,0.4089149808196569
12,1866,1884-02-20,0.7810107813574239
12,1866,1884-02-27,0.8228328025838527
12,1866,1884-03-05,0.9275350780754148
12,1866,1884-03-12,0.9000909847408869
12,1866,1884-03-19,0.7836876511249464
12,1866,1884-03-26,0.41306099477879227
12,1866,1884-04-02,0.4548197982029693
12,1866,1884-04-09,0.32759380369757624
12,1866,1884-04-16,0.17661108278242243
12,1866,1884-04-23,0.19124964513674714
12,1866,1884-04-30,0.1747880226678935
12,1866,1884-05-07,0.2372133636602486
12,1866,1884-05-14,0.18867745346986048
12,1866,1884-05-21,0.20055396252088883
12,1866,1884-05-28,0.1936377372558178
12,1866,1884-06-04,0.20301169775268696
12,1866,1884-06-11,0.24091160528370656
12,1866,1884-06-18,0.17950931408928364
12,1866,1884-06-25,0.21179552313885588
12,1866,1884-07-02,0.21330926850401816
12,1866,1884-07-09,0.4324154146974776
12,1866,1884-07-16,0.308660272707671
12,1866,1884-07-23,0.2547232174358335
12,1866,1884-07-30,0.23939194035166744
12,1866,1884-08-06,0.16379349629557516
12,1866,1884-08-13,0.27077904649295775
12,1866,1884-08-20,0.3861979958369254
12,1866,1884-08-27,0.36525890687390705
12,1866,1884-09-03,0.34988509818914887
12,1866,1884-09-10,0.35851904752424263
12,1866,1884-09-17,0.2871149504230221
12,1866,1884-09-24,0.2677531013326478
12,1866,1884-10-01,0.3296573455630004
12,1866,1884-10-08,0.5784224008854324
12,1866,1884-10-15,0.2949032337261053
12,1866,1884-10-22,0.37959159882324356
12,1866,1884-10-29,0.3057560654109012
12,1866,1884-11-05,0.14138268410389584
12,1866,1884-11-12,0.20317519375380266
12,1866,1884-11-19,0.5604348874019295
12,1866,1884-11-26,0.47112861516720045
12,1866,1884-12-03,0.6208901689304186
12,1866,1884-12-10,0.7857675321175202
12,1866,1884-12-17,0.7176081880163478
12,1866,1884-12-24,0.7183768008410267
12,1866,1884-12-31,0.9444626962939067
12,1866,1885-01-07,0.8953987545958122
12,1866,1885-01-14,0.6502278420918215
12,1866,1885-01-21,0.35975432899371507
12,1866,1885-01-28,0.24758846536754023
12,1866,1885-02-04,0.2621961858127602
12,1866,1885-02-11,0.1504373820697013
12,1866,1885-02-18,0.24557789213099057
12,1866,1885-02-25,0.3372785735869574
12,1866,1885-03-04,0.5478258353414803
12,1866,1885-03-11,0.7030746207817186
12,1866,1885-03-18,0.3599071926660588
12,1866,1885-03-25,0.41190957832092595
12,1866,1885-04-01,0.38891514480696887
12,1866,1885-04-08,0.34347106513234216
12,1866,1885-04-15,0.22129941578628526
12,1866,1885-04-22,0.20341626431244314
12,1866,1885-04-29,0.1777423050877234
12,1866,1885-05-06,0.1085740195746766
12,1866,1885-05-13,0.23757786384294316
12,1866,1885-05-20,0.23983137469399438
12,1866,1885-05-27,0.15942365229471828
12,1866,1885-06-03,0.23453453052339385
12,1866,1885-06-10,0.12091574029293903
12,1866,1885-06-17,0.14213962171557143
12,1866,1885-06-24,0.12761913998038976
12,1866,1885-07-01,0.17770850439748864
12,1866,1885-07-08,0.3244256023825882
12,1866,1885-07-15,0.3282374810766916
12,1866,1885-07-22,0.22992901507962787
12,1866,1885-07-29,0.19486078337602833
12,1866,1885-08-05,0.11590122793451244
12,1866,1885-08-12,0.10585599589747982
12,1866,1885-08-19,0.12184617078561918
12,1866,1885-08-26,0.10951578831313977
12,1866,1885-09-02,0.13241058732407834
12,1866,1885-09-09,0.42094411304223806
12,1866,1885-09-16,0.5850938176387813
12,1866,1885-09-23,0.6029081562771217
12,1866,1885-09-30,0.5048980957695346
12,1866,1885-10-07,0.5596643337159901
12,1866,1885-10-14,0.43839215809125653
12,1866,1885-10-21,0.3457563556676981
12,1866,1885-10-28,0.4543120547534666
12,1866,1885-11-04,0.41928831235589864
12,1866,1885-11-11,0.38454830053095884
12,1866,1885-11-18,0.1943514923225355
12,1866,1885-11-25,0.40086060839700566
12,1866,1885-12-02,0.4606324968815271
12,1866,1885-12-09,0.6768590753173014
12,1866,1885-12-16,0.723723045405029
12,1866,1885-12-23,0.55682155219492
12,1866,1885-12-30,0.7831104606311149
12,1866,1886-01-06,0.70561881884053
12,1866,1886-01-13,0.5797214800210646
12,1866,1886-01-20,0.2545296824864338
12,1866,1886-01-27,0.3429595385320977
12,1866,1886-02-03,0.07544336451898252
12,1866,1886-02-10,0.07399799488113933
12,1866,1886-02-17,0.05253734683176388
12,1866,1886-02-24,0.0937879610434063
12,1866,1886-03-03,0.06590116894695451
12,1866,1886-03-10,0.2994124882757848
12,1866,1886-03-17,0.6263852788951233
12,1866,1886-03-24,0.8602535002870887
12,1866,1886-03-31,0.8298666427668016
12,1866,1886-04-07,0.5263166490529757
12,1866,1886-04-14,0.28522929908659406
12,1866,1886-04-21,0.10243027571218091
12,1866,1886-04-28,0.11545661531896564
12,1866,1886-05-05,0.1645289927827985
12,1866,1886-05-12,0.1100802708927325
12,1866,1886-05-19,0.5307486765429209
12,1866,1886-05-26,0.4846204847134351
12,1866,1886-06-02,0.4712236447086564
12,1866,1886-06-09,0.42669214677423284
12,1866,1886-06-16,0.42519738455219713
12,1866,1886-06-23,0.3323617026331474
12,1866,1886-06-30,0.40231385971078176
12,1866,1886-07-07,0.5500417807068478
12,1866,1886-07-14,0.45416479979824925
12,1866,1886-07-21,0.34536509185509506
12,1866,1886-07-28,0.3648309849361235
12,1866,1886-08-04,0.2638501325467778
12,1866,1886-08-11,0.3646921696473693
12,1866,1886-08-18,0.447272630905734
12,1866,1886-08-25,0.35175686639405307
12,1866,1886-09-01,0.2547440394701595
12,1866,1886-09-08,0.5374146329438537
12,1866,1886-09-15,0.48785858180194736
12,1866,1886-09-22,0.45382956472931507
12,1866,1886-09-29,0.6134639310989032
12,1866,1886-10-06,0.7576542776506655
12,1866,1886-10-13,0.5154189040779189
12,1866,1886-10-20,0.2825023449775874
12,1866,1886-10-27,0.2243870113356652
12,1866,1886-11-03,0.20115877102671464
12,1866,1886-11-10,0.12179936325933359
12,1866,1886-11-17,0.11005423034937549
12,1866,1886-11-24,0.09606346779310998
12,1866,1886-12-01,0.211893254021305
12,1866,1886-12-08,0.5410801830442247
12,1866,1886-12-15,0.44150459188945135
12,1866,1886-12-22,0.2211698830309971
12,1866,1886-12-29,0.6968722319118039
12,1866,1887-01-05,0.8652449512538339
12,1866,1887-01-12,0.7064640753496234
12,1866,1887-01-19,0.28692229282608206
12,1866,1887-01-26,0.18411643285915438
12,1866,1887-02-02,0.08583365672129031
12,1866,1887-02-09,0.13797660036459955
12,1866,1887-02-16,0.13185377668473416
12,1866,1887-02-23,0.19131569606403015
12,1866,1887-03-02,0.4515252248330514
12,1866,1887-03-09,0.7143062419312636
12,1866,1887-03-16,0.6620769061337057
12,1866,1887-03-23,0.4720503200647806
12,1866,1887-03-30,0.35733511734434864
12,1866,1887-04-06,0.19747172427380016
12,1866,1887-04-13,0.12864270691740573
12,1866,1887-04-20,0.06390440471590106
12,1866,1887-04-27,0.04753349862199992
12,1866,1887-05-04,0.10204926480779383
12,1866,1887-05-11,0.06497669574259737
12,1866,1887-05-18,0.11912549526367083
12,1866,1887-05-25,0.120743463094785
12,1866,1887-06-01,0.11261583171492057
12,1866,1887-06-08,0.1619267900581504
12,1866,1887-06-15,0.09253670833234579
12,1866,1887-06-22,0.08491071960798868
12,1866,1887-06-29,0.13685091371334795
12,1866,1887-07-06,0.3338179763477263
12,1866,1887-07-13,0.3676384092828593
12,1866,1887-07-20,0.2423243757912149
12,1866,1887-07-27,0.21687223848585974
12,1866,1887-08-03,0.1663358734455802
12,1866,1887-08-10,0.12260733241262899
12,1866,1887-08-17,0.3510147723335381
12,1866,1887-08-24,0.3543406590680452
12,1866,1887-08-31,0.38522885574187693
12,1866,1887-09-07,0.3298900266836792
12,1866,1887-09-14,0.6391890094737043
12,1866,1887-09-21,0.6716282149232947
12,1866,1887-09-28,0.6862945156372965
12,1866,1887-10-05,0.6939879939509417
12,1866,1887-10-12,0.561541825635565
12,1866,1887-10-19,0.3895504783014878
12,1866,1887-10-26,0.3563680185852141
12,1866,1887-11-02,0.27688811734003743
12,1866,1887-11-09,0.19080394315540186
12,1866,1887-11-16,0.15682105628897425
12,1866,1887-11-23,0.1851956111678809
12,1866,1887-11-30,0.18294416065805486
12,1866,1887-12-07,0.30967632995492045
12,1866,1887-12-14,0.20454706407769793
12,1866,1887-12-21,0.11599946443955661
12,1866,1887-12-28,0.12044122491844697
12,1866,1888-01-04,0.292591118081362
12,1866,1888-01-11,0.29119943292922096
12,1866,1888-01-18,0.12770462531262725
12,1866,1888-01-25,0.11590754597017576
12,1866,1888-02-01,0.04319663178888766
12,1866,1888-02-08,0.043385418577520214
12,1866,1888-02-15,0.1009517627567157
12,1866,1888-02-22,0.1410532547720936
12,1866,1888-02-29,0.17200268123910992
12,1866,1888-03-07,0.31677797926843104
12,1866,1888-03-14,0.5944504388978515
12,1866,1888-03-21,0.5852196164095967
12,1866,1888-03-28,0.7174691947827084
12,1866,1888-04-04,0.8005703660049782
12,1866,1888-04-11,0.7105812600543888
12,1866,1888-04-18,0.3495857868158843
12,1866,1888-04-25,0.2413268977702183
12,1866,1888-05-02,0.1803920591442765
12,1866,1888-05-09,0.24834310436391957
12,1866,1888-05-16,0.20739432169433616
12,1866,1888-05-23,0.5023797142100788
12,1866,1888-05-30,0.7217009512289045
12,1866,1888-06-06,0.6312132397889473
12,1866,1888-06-13,0.61245181151187
12,1866,1888-06-20,0.41915109586959687
12,1866,1888-06-27,0.3853945980104833
12,1866,1888-07-04,0.33771122125518765
12,1866,1888-07-11,0.4324817064796931
12,1866,1888-07-18,0.34302553749389586
12,1866,1888-07-25,0.33828639621134987
12,1866,1888-08-01,0.32694949187746475
12,1866,1888-08-08,0.30963334506458107
12,1866,1888-08-15,0.32689284842804595
12,1866,1888-08-22,0.5494100534430326
12,1866,1888-08-29,0.5625615354609855
12,1866,1888-09-05,0.543112152645815
12,1866,1888-09-12,0.7425034019006462
12,1866,1888-09-19,0.4626263194549002
12,1866,1888-09-26,0.7950039149122573
12,1866,1888-10-03,0.7062060574025636
12,1866,1888-10-10,0.6186831396012591
12,1866,1888-10-17,0.5075780193739584
12,1866,1888-10-24,0.29006313341504414
12,1866,1888-10-31,0.22605071970054635
12,1866,1888-11-07,0.13798200504671615
12,1866,1888-11-14,0.28486941489940654
12,1866,1888-11-21,0.2433874448832023
12,1866,1888-11-28,0.37675202191949103
12,1866,1888-12-05,0.5362366480103866
12,1866,1888-12-12,0.8409193478971527
12,1866,1888-12-19,0.8753805140758348
12,1866,1888-12-24,0.9034931777452888
12,1866,1889-01-09,0.9110280781041781
12,1866,1889-01-16,0.5867518806447064
12,1866,1889-01-23,0.1974398485673638
12,1866,1889-02-06,0.11189856454043248
12,1866,1889-02-13,0.2564034324478495
12,1866,1889-02-20,0.31730994456247225
12,1866,1889-03-06,0.8851777932801139
12,1866,1889-03-13,0.8872541274873731
12,1866,1889-03-20,0.7601942584869096
12,1866,1889-03-27,0.7284932526431608
12,1866,1889-04-03,0.7334520662030597
12,1866,1889-04-10,0.5235534101576076
12,1866,1889-04-17,0.4324173154072655
12,1866,1889-04-24,0.5085061105550068
12,1866,1889-05-01,0.5758326425989608
12,1866,1889-05-08,0.437100688384731
12,1866,1889-05-15,0.93220572919944
12,1866,1889-05-22,0.7598036298782982
12,1866,1889-05-29,0.7327872772872179
12,1866,1889-06-05,0.6062583284259617
12,1866,1889-06-12,0.7141924449205661
12,1866,1889-06-19,0.6568888557590118
12,1866,1889-06-26,0.6402789517668771
12,1866,1889-07-03,0.7167231113008965
12,1866,1889-07-10,0.41429327082997985
12,1866,1889-07-17,0.5757366018907216
12,1866,1889-07-24,0.3952281842921806
12,1866,1889-07-31,0.2878955737421838
12,1866,1889-08-07,0.43745662964867404
12,1866,1889-08-14,0.4065455356159729
12,1866,1889-08-21,0.5408607934985991
12,1866,1889-08-28,0.5842124608019069
12,1866,1889-09-04,0.4122320566623933
12,1866,1889-09-11,0.7893888140427442
12,1866,1889-09-18,0.833143193544675
12,1866,1889-09-25,0.8808447698978311
12,1866,1889-10-02,0.6697727102124953
12,1866,1889-10-09,0.8127379867787905
12,1866,1889-10-16,0.7321228740551811
12,1866,1889-10-23,0.5038818674951325
12,1866,1889-10-30,0.4737025312621924
12,1866,1889-11-06,0.34107239269670525
12,1866,1889-11-13,0.372954843001992
12,1866,1889-11-20,0.4107482242423475
12,1866,1889-11-27,0.43480449370676305
12,1866,1889-12-04,0.6841633481514805
12,1866,1889-12-11,0.7754561085685877
12,1866,1889-12-18,0.6399857884429268
12,1866,1889-12-24,0.5459267595423896
12,1866,1890-01-01,0.7646422566239438
12,1866,1890-01-08,0.8273442613807834
12,1866,1890-01-15,0.7952803395068601
12,1866,1890-01-22,0.7929234337052042
12,1866,1890-01-29,0.7717644761611602
12,1866,1890-02-05,0.6229696186319235
12,1866,1890-02-12,0.7372018698796058
12,1866,1890-02-19,0.7062115190243629
12,1866,1890-02-26,0.8779872640475181
12,1866,1890-03-05,0.5573818883417477
12,1866,1890-03-12,0.6954790078714277
12,1866,1890-03-19,0.6060736076285301
12,1866,1890-03-26,0.5523159687428512
12,1866,1890-04-02,0.6038718949306838
12,1866,1890-04-09,0.4009027085136139
12,1866,1890-04-16,0.5262440313768938
12,1866,1890-04-23,0.3593969038048758
12,1866,1890-04-30,0.4708936228246964
12,1866,1890-05-07,0.23116044501185354
12,1866,1890-05-14,0.28174759064778443
12,1866,1890-05-21,0.3053182458574582
12,1866,1890-05-28,0.5264582811436952
12,1866,1890-06-04,0.6229023668706094
12,1866,1890-06-11,0.6940323599190451
12,1866,1890-06-18,0.6811354268014856
12,1866,1890-06-25,0.7686979151224348
12,1866,1890-07-02,0.7569197630901063
12,1866,1890-07-09,0.8518512095467587
12,1866,1890-07-16,0.8167786853674578
12,1866,1890-07-23,0.722628641904549
12,1866,1890-07-30,0.6203995598000678
12,1866,1890-08-06,0.34011038409336203
12,1866,1890-08-13,0.772879396251565
12,1866,1890-08-20,0.7568464477628906
12,1866,1890-08-27,0.9192322986105093
12,1866,1890-09-03,0.7575922737564785
12,1866,1890-09-10,0.6525342302794143
12,1866,1890-09-17,0.6886704325027676
12,1866,1890-09-24,0.697881382417696
12,1866,1890-10-01,0.5308329537853443
12,1866,1890-10-08,0.6728161428310071
12,1866,1890-10-15,0.6996554918222406
12,1866,1890-10-22,0.6759846134431106
12,1866,1890-10-29,0.531250202408232
12,1866,1891-02-11,0.851979633485283
12,1866,1891-02-18,0.9257495206644194
12,1866,1891-02-25,0.9563200966770475
12,1866,1891-03-04,0.9743625183498208
12,1866,1891-03-11,0.9720700917446093
12,1866,1891-03-18,0.9386751458365139
12,1866,1891-03-25,0.9251591065327341
12,1866,1891-04-01,0.8431525191275007
12,1866,1891-04-08,0.6508517762518451
12,1866,1891-04-15,0.8115295070188552
12,1866,1891-04-22,0.8680495068275059
12,1866,1891-04-29,0.8592035707462208
12,1866,1891-05-06,0.7956622746539268
12,1866,1891-05-13,0.8124566997552282
12,1866,1891-05-20,0.9025569740201778
12,1866,1891-05-27,0.9850535798226164
12,1866,1891-06-03,0.975987425635882
12,1866,1891-06-10,0.9816926053779939
12,1866,1891-06-17,0.911066133561735
12,1866,1891-06-24,0.9349943496508021
12,1866,1891-07-01,0.824143663444423
12,1866,1891-07-08,0.7939783031112623
12,1866,1891-07-15,0.6983713902566391
12,1866,1891-07-22,0.8737636441484803
12,1866,1891-07-29,0.8047337758281372
12,1866,1891-08-05,0.6981517309292077
12,1866,1891-08-12,0.7465983325839247
12,1866,1891-08-19,0.75648238556385
12,1866,1891-08-26,0.7806024058222768
12,1866,1891-09-02,0.8077473612156257
12,1866,1891-09-09,0.8879458309552677
12,1866,1891-09-16,0.8475358226233158
12,1866,1891-09-23,0.7997351424284855
12,1866,1891-09-30,0.6429659797302522
12,1866,1891-10-07,0.4568401534150471
12,1866,1891-10-14,0.5285611613103901
12,1866,1891-10-21,0.42104054141990666
12,1866,1891-10-28,0.4103426102798075
12,1866,1891-11-04,0.1666272785201701
12,1866,1891-11-11,0.5232844349360002
12,1866,1891-11-18,0.5008659248434645
12,1866,1891-11-25,0.6589486501299932
12,1866,1891-12-02,0.6476773688844394
12,1866,1891-12-09,0.6826397995049377
12,1866,1891-12-16,0.8051077113181913
12,1866,1891-12-23,0.4977941863902636
12,1866,1891-12-30,0.4640944990490023
12,1866,1892-01-06,0.5080539453990841
12,1866,1892-01-13,0.4153081513361628
12,1866,1892-01-20,0.3927757555950078
12,1866,1892-01-27,0.38512899801988665
12,1866,1892-02-03,0.43744379777608566
12,1866,1892-02-10,0.5316831443693905
12,1866,1892-02-17,0.5551539299176808
12,1866,1892-02-24,0.6617530028455226
12,1866,1892-03-02,0.6189738777403324
12,1866,1892-03-09,0.8144758936604172
12,1866,1892-03-16,0.7195083178049237
12,1866,1892-03-23,0.697954491229652
12,1866,1892-03-30,0.6517091830287209
12,1866,1892-04-06,0.2783450685996132
12,1866,1892-04-13,0.3056262229876343
12,1866,1892-04-20,0.34990792756838013
12,1866,1892-04-27,0.40789930590728984
12,1866,1892-05-04,0.525000497294766
12,1866,1892-05-11,0.38478371149282453
12,1866,1892-05-18,0.4756129028661585
12,1866,1892-05-25,0.5683785476849857
12,1866,1892-06-01,0.6053688756352631
12,1866,1892-06-08,0.5688118014541391
12,1866,1892-06-15,0.49004676889158005
12,1866,1892-06-22,0.5067926455537789
12,1866,1892-06-29,0.46126461171254973
12,1866,1892-07-06,0.4245063499748945
12,1866,1892-07-13,0.35527435858027007
12,1866,1892-07-20,0.4023877286073273
12,1866,1892-07-27,0.3517808405642598
12,1866,1892-08-03,0.29505186866439703
12,1866,1892-08-10,0.3056824941558205
12,1866,1892-08-17,0.4103094694690765
12,1866,1892-08-24,0.43918966820144245
12,1866,1892-08-31,0.5167024298902237
12,1866,1892-09-07,0.632841289413666
12,1866,1892-09-14,0.3797845726776888
12,1866,1892-09-21,0.5177611278636864
12,1866,1892-09-28,0.3987761124916046
12,1866,1892-10-05,0.30073011437999025
12,1866,1892-10-12,0.25139406119718655
12,1866,1892-10-19,0.18331845120674387
12,1866,1892-10-26,0.07570197862887941
12,1866,1892-11-02,0.15578254760445442
12,1866,1892-11-09,0.1854416575272986
12,1866,1892-11-16,0.27792431532256484
12,1866,1892-11-23,0.32060595640938794
12,1866,1892-11-30,0.245795831754765
12,1866,1892-12-07,0.6236123710609767
12,1866,1892-12-14,0.5634955230274106
12,1866,1892-12-21,0.5792681838508026
12,1866,1892-12-28,0.5509412229284307
12,1866,1893-01-04,0.4509179680474938
12,1866,1893-01-11,0.3158418654947618
12,1866,1893-01-18,0.27557240086921947
12,1866,1893-01-25,0.18586624416866032
12,1866,1893-02-01,0.2709344702895563
12,1866,1893-02-08,0.17045825550957905
12,1866,1893-02-15,0.21019380933727935
12,1866,1893-02-22,0.326208239809883
12,1866,1893-03-01,0.2679659643100541
12,1866,1893-03-08,0.7504873734283684
12,1866,1893-03-15,0.5407190998297242
12,1866,1893-03-22,0.5295463253511105
12,1866,1893-03-29,0.36003825020638625
12,1866,1893-04-05,0.21308652248329152
12,1866,1893-04-12,0.25822033631170216
12,1866,1893-04-19,0.20600303631475922
12,1866,1893-04-26,0.21409679573071652
12,1866,1893-05-03,0.14384264012068582
12,1866,1893-05-10,0.06422392074238054
12,1866,1893-05-17,0.0729491794937673
12,1866,1893-05-24,0.14780062072284927
12,1866,1893-05-31,0.5820497514297831
12,1866,1893-06-07,0.47247619205736857
12,1866,1893-06-14,0.6159284777439968
12,1866,1893-06-21,0.26071073619931306
12,1866,1893-06-28,0.21523437727535324
12,1866,1893-07-05,0.3011679057356792
12,1866,1893-07-12,0.28251117572675505
12,1866,1893-07-19,0.3585802413675813
12,1866,1893-07-26,0.33296002348774967
12,1866,1893-08-02,0.22825949977604354
12,1866,1893-08-09,0.0810354402913767
12,1866,1893-08-16,0.1279507676785861
12,1866,1893-08-23,0.2914803156824745
12,1866,1893-08-30,0.2176457547159984
12,1866,1893-09-06,0.7307981408568663
12,1866,1893-09-13,0.6226509703668621
12,1866,1893-09-20,0.7672679010988889
12,1866,1893-09-27,0.5705662415695156
12,1866,1893-10-04,0.24395597733774874
12,1866,1893-10-11,0.3519479067639698
12,1866,1893-10-18,0.27459755901823324
12,1866,1893-10-25,0.23707988342869019
12,1866,1893-11-01,0.1435283267531645
12,1866,1893-11-08,0.09041027999193608
12,1866,1893-11-15,0.1053834091337135
12,1866,1893-11-22,0.13650415530807236
12,1866,1893-11-29,0.10883294372906407
12,1866,1893-12-06,0.3391024708277689
12,1866,1893-12-13,0.3786411951907066
12,1866,1893-12-20,0.3222887397950169
12,1866,1893-12-27,0.31837754092193027
12,1866,1894-01-03,0.3696201186060907
12,1866,1894-01-10,0.3392778210707307
12,1866,1894-01-17,0.27460380473675705
12,1866,1894-01-24,0.20316808230831587
12,1866,1894-01-31,0.18803643228607136
12,1866,1894-02-07,0.12950958198333418
12,1866,1894-02-14,0.10831756336158538
12,1866,1894-02-21,0.13838921250527078
12,1866,1894-02-28,0.31160706225459334
12,1866,1894-03-07,0.3441175620917884
12,1866,1894-03-14,0.33445034013050606
12,1866,1894-03-21,0.27720879700913464
12,1866,1894-03-28,0.2425263159496336
12,1866,1894-04-04,0.13413226703090897
12,1866,1894-04-11,0.07534001829087737
12,1866,1894-04-18,0.08111175576463375
12,1866,1894-04-25,0.06405005294610272
12,1866,1894-05-02,0.11823619058149976
12,1866,1894-05-09,0.05743109051430104
12,1866,1894-05-16,0.08092139389401132
12,1866,1894-05-23,0.17311371476136816
12,1866,1894-05-30,0.21440078770997578
12,1866,1894-06-06,0.11426327690501846
12,1866,1894-06-13,0.0434515553314484
12,1866,1894-06-20,0.02872034204651433
12,1866,1894-06-27,0.014693049261293311
12,1866,1894-07-04,0.020786099424010534
12,1866,1894-07-11,0.017782672870153986
12,1866,1894-07-18,0.018868827514126447
12,1866,1894-07-25,0.021630619184642864
12,1866,1894-08-01,0.018833123183980505
12,1866,1894-08-08,0.01844619583524984
12,1866,1894-08-15,0.022472167803315533
12,1866,1894-08-22,0.030456662830686813
12,1866,1894-08-29,0.022885948539454096
12,1866,1894-09-05,0.07912578780775192
12,1866,1894-09-12,0.05856501358020295
12,1866,1894-09-19,0.05383511572774065
12,1866,1894-09-26,0.04580991467298744
12,1866,1894-10-03,0.03958275046681246
12,1866,1894-10-10,0.039778928787933834
12,1866,1894-10-17,0.028055577509280574
12,1866,1894-10-24,0.028288054775246856
12,1866,1894-10-31,0.02094892742166133
12,1866,1894-11-07,0.029343430285188536
12,1866,1894-11-14,0.022999105535634716
12,1866,1894-11-21,0.020174167207906043
12,1866,1894-11-28,0.01760410689982556
12,1866,1894-12-05,0.020389503196758463
12,1866,1894-12-12,0.09095222540498193
12,1866,1894-12-19,0.10759510539678098
12,1866,1894-12-24,0.08937250425807558
12,1866,1895-01-02,0.21310287573959694
12,1866,1895-01-09,0.14050555367973563
12,1866,1895-01-16,0.06223437018806651
12,1866,1895-01-23,0.032635358066139014
12,1866,1895-01-30,0.027396268085079178
12,1866,1895-02-06,0.02103919014056529
12,1866,1895-02-13,0.022308637737299058
12,1866,1895-02-20,0.023573955987686034
12,1866,1895-02-27,0.019152125242961122
12,1866,1895-03-06,0.21865452736355956
12,1866,1895-03-13,0.16768901658809768
12,1866,1895-03-20,0.0623285517039935
12,1866,1895-03-27,0.060519354476366465
12,1866,1895-04-03,0.030495109821124418
12,1866,1895-04-10,0.015532605043630092
12,1866,1895-04-17,0.019647584795340792
12,1866,1895-04-24,0.01940713590575678
12,1866,1895-05-01,0.014801335837685906
12,1866,1895-05-08,0.018288204262877434
12,1866,1895-05-15,0.015656754419872007
12,1866,1895-05-22,0.016117561920897833
12,1866,1895-05-29,0.029387977391237313
12,1866,1895-06-05,0.021460703928132936
12,1866,1895-06-12,0.014934996730659551
12,1866,1895-06-19,0.015374365131428874
12,1866,1895-06-26,0.019224387875999793
12,1866,1895-07-03,0.028296686056294554
12,1866,1895-07-10,0.02845698406324489
12,1866,1895-07-17,0.041542170887849776
12,1866,1895-07-24,0.045672740031449194
12,1866,1895-07-31,0.045438533086460536
12,1866,1895-08-07,0.05043823326852239
12,1866,1895-08-14,0.06386809315405037
12,1866,1895-08-21,0.06533156258568362
12,1866,1895-08-28,0.0584166715597455
12,1866,1895-09-04,0.07210549007828328
12,1866,1895-09-11,0.07079008059563685
12,1866,1895-09-18,0.08933246515254512
12,1866,1895-09-25,0.07724051806270917
12,1866,1895-10-02,0.06453501084917176
12,1866,1895-10-09,0.0770026957294662
12,1866,1895-10-16,0.09184429987391363
12,1866,1895-10-23,0.11257138453981774
12,1866,1895-10-30,0.10372870303777397
12,1866,1895-11-06,0.10007757765523485
12,1866,1895-11-13,0.1174800908715661
12,1866,1895-11-20,0.1662040000849865
12,1866,1895-11-27,0.12897723424804516
12,1866,1895-12-04,0.11983516902010555
12,1866,1895-12-11,0.16222575433122252
12,1866,1895-12-18,0.1349229523639151
12,1866,1895-12-24,0.11103589739791775
12,1866,1896-01-01,0.5443636539903214
12,1866,1896-01-08,0.21154569568431963
12,1866,1896-01-15,0.12297229967403442
12,1866,1896-01-22,0.13967219200315859
12,1866,1896-01-29,0.08651349787782496
12,1866,1896-02-05,0.047566395643329526
12,1866,1896-02-12,0.07814883522440928
12,1866,1896-02-19,0.09637403348600233
12,1866,1896-02-26,0.09254501058192131
12,1866,1896-03-04,0.27581887331349486
12,1866,1896-03-11,0.10309640454048298
12,1866,1896-03-18,0.09531985372198294
12,1866,1896-03-25,0.0880104761370342
12,1866,1896-04-01,0.09385896056580154
12,1866,1896-04-08,0.11589072707284206
12,1866,1896-04-15,0.11887314047676442
12,1866,1896-04-22,0.12040638877614449
12,1866,1896-04-29,0.11052242863353305
12,1866,1896-05-06,0.13746755775079308
12,1866,1896-05-13,0.14804371957284906
12,1866,1896-05-20,0.18569083957460925
12,1866,1896-05-27,0.1613567802346852
12,1866,1896-06-03,0.1784706922127149
12,1866,1896-06-10,0.1772522252304639
12,1866,1896-06-17,0.17631329268713697
12,1866,1896-06-24,0.1716097908948049
12,1866,1896-07-01,0.4325703286112086
12,1866,1896-07-08,0.27744647352260104
12,1866,1896-07-15,0.21905449010585842
12,1866,1896-07-22,0.2132280027705858
12,1866,1896-07-29,0.17347651033944486
12,1866,1896-08-05,0.13859284336236252
12,1866,1896-08-12,0.2109957694980331
12,1866,1896-08-19,0.21072168382867099
12,1866,1896-08-26,0.1994772666478303
12,1866,1896-09-02,0.3059399609866063
12,1866,1896-09-09,0.20308592527886513
12,1866,1896-09-16,0.1528737634726645
12,1866,1896-09-23,0.22099482295178544
12,1866,1896-09-30,0.1840523906916039
12,1866,1896-10-07,0.24088531085401965
12,1866,1896-10-14,0.21707357701980978
12,1866,1896-10-21,0.2399202843749021
12,1866,1896-10-28,0.1531181363363138
12,1866,1896-11-04,0.3302381823852731
12,1866,1896-11-11,0.3828446929148314
12,1866,1896-11-18,0.35809205389330406
12,1866,1896-11-25,0.3764790591158866
12,1866,1896-12-02,0.37944367382455124
12,1866,1896-12-09,0.48466325910663055
12,1866,1896-12-16,0.47947357623968
12,1866,1896-12-23,0.48964056693231217
12,1866,1896-12-30,0.6865165289926745
12,1866,1897-01-06,0.653364424734482
12,1866,1897-01-13,0.47299417135631217
12,1866,1897-01-20,0.34892698157280244
12,1866,1897-01-27,0.2989646985274654
12,1866,1897-02-03,0.12174942449748084
12,1866,1897-02-10,0.19273126003535032
12,1866,1897-02-17,0.15808087573069995
12,1866,1897-02-24,0.24091336802000018
12,1866,1897-03-03,0.47290850115849736
12,1866,1897-03-10,0.45287145286461905
12,1866,1897-03-17,0.28951273595829796
12,1866,1897-03-24,0.2700819038043644
12,1866,1897-03-31,0.2775433621499872
12,1866,1897-04-07,0.3075138919978519
12,1866,1897-04-14,0.36538698290799776
12,1866,1897-04-21,0.35627402716895307
12,1866,1897-04-28,0.3490249625207
12,1866,1897-05-05,0.26753383402359493
12,1866,1897-05-12,0.2656788758642593
12,1866,1897-05-19,0.384955925114799
12,1866,1897-05-26,0.23594399608908267
12,1866,1897-06-02,0.2675695753961653
12,1866,1897-06-09,0.275648337213384
12,1866,1897-06-16,0.26694286637812775
12,1866,1897-06-23,0.27632232319610694
12,1866,1897-06-30,0.5166322745176654
12,1866,1897-07-07,0.3503496834132421
12,1866,1897-07-14,0.3035274502040604
12,1866,1897-07-21,0.31318860613346516
12,1866,1897-07-28,0.27233760802139045
12,1866,1897-08-04,0.17420327499197735
12,1866,1897-08-11,0.29336481402708403
12,1866,1897-08-18,0.3194137863982535
12,1866,1897-08-25,0.34675263519160415
12,1866,1897-09-01,0.6185115156842359
12,1866,1897-09-08,0.40587830381093626
12,1866,1897-09-15,0.3974901357559052
12,1866,1897-09-22,0.35367257561700755
12,1866,1897-09-29,0.22927380993519547
12,1866,1897-10-06,0.2918904610908516
12,1866,1897-10-13,0.25037155834332864
12,1866,1897-10-20,0.1466980335048306
12,1866,1897-10-27,0.2899750318666906
12,1866,1897-11-03,0.300742447352193
12,1866,1897-11-10,0.3013677986063463
12,1866,1897-11-17,0.3208029156892918
12,1866,1897-11-24,0.44418097648876037
12,1866,1897-12-01,0.32413941013922415
12,1866,1897-12-08,0.6095079874230359
12,1866,1897-12-15,0.6801701279536485
12,1866,1897-12-22,0.36273578850231314
12,1866,1897-12-29,0.4381268184927768
12,1866,1898-01-05,0.36926510093343
12,1866,1898-01-12,0.30274869214863837
12,1866,1898-01-19,0.2753689648438226
12,1866,1898-01-26,0.2446288911611282
12,1866,1898-02-02,0.20067020049671336
12,1866,1898-02-09,0.18609816229406634
12,1866,1898-02-16,0.35864709017420043
12,1866,1898-02-23,0.5602116839194478
12,1866,1898-03-02,0.5929731430777364
12,1866,1898-03-09,0.72437087292355
12,1866,1898-03-16,0.6134925653083703
12,1866,1898-03-23,0.5642598475096382
12,1866,1898-03-30,0.5278843230230643
12,1866,1898-04-06,0.13416193663352788
12,1866,1898-04-13,0.46484005022871033
12,1866,1898-04-20,0.5369053210268433
12,1866,1898-04-27,0.6638714450102511
12,1866,1898-05-04,0.6211097517115801
12,1866,1898-05-11,0.73815318607007
12,1866,1898-05-18,0.737937941456687
12,1866,1898-05-25,0.773804540929785
12,1866,1898-06-01,0.653717682134327
12,1866,1898-06-08,0.6415082113230326
12,1866,1898-06-15,0.37340733418564903
12,1866,1898-06-22,0.44050860698518374
12,1866,1898-06-29,0.41605982539747605
12,1866,1898-07-06,0.5160831615253142
12,1866,1898-07-13,0.5878832121029747
12,1866,1898-07-20,0.5383813531794756
12,1866,1898-07-27,0.45221719284357365
12,1866,1898-08-03,0.39854213801360905
12,1866,1898-08-10,0.433193453549856
12,1866,1898-08-17,0.44977166059320367
12,1866,1898-08-24,0.4423151155790441
12,1866,1898-08-31,0.4368633038018563
12,1866,1898-09-07,0.4706567268557954
12,1866,1898-09-14,0.4970190692053678
12,1866,1898-09-21,0.5286425058010429
12,1866,1898-09-28,0.5257386037653863
12,1866,1898-10-05,0.4447432519719558
12,1866,1898-10-12,0.5327173375216401
12,1866,1898-10-19,0.31176437467179685
12,1866,1898-10-26,0.6247184653103096
12,1866,1898-11-02,0.43824453885728104
12,1866,1898-11-09,0.46789110626225217
12,1866,1898-11-16,0.5034393989867687
12,1866,1898-11-23,0.36467273935206274
12,1866,1898-11-30,0.3960620200792422
12,1866,1898-12-07,0.42719222433204096
12,1866,1898-12-14,0.40305575008257377
12,1866,1898-12-21,0.25009891207061874
12,1866,1898-12-28,0.29884320070363546
12,1866,1899-01-04,0.22137258126607734
12,1866,1899-01-11,0.14450914945866727
12,1866,1899-01-18,0.16347408807837274
12,1866,1899-01-25,0.19530884959884326
12,1866,1899-02-01,0.1663225638374676
12,1866,1899-02-08,0.1914151207082871
12,1866,1899-02-15,0.12718310106213618
12,1866,1899-02-22,0.15376218728917412
12,1866,1899-03-01,0.23111738375684832
12,1866,1899-03-08,0.5001636354867237
12,1866,1899-03-15,0.5691657513556964
12,1866,1899-03-22,0.5005179030151706
12,1866,1899-03-29,0.5408320783261854
12,1866,1899-04-05,0.3496899507922472
12,1866,1899-04-12,0.4534103398351983
12,1866,1899-04-19,0.4607886234330756
12,1866,1899-04-26,0.453531640208173
12,1866,1899-05-03,0.335371998926605
12,1866,1899-05-10,0.434132898379729
12,1866,1899-05-17,0.48882020078575666
12,1866,1899-05-24,0.540148791129455
12,1866,1899-05-31,0.7835663749246906
12,1866,1899-06-07,0.5632653006378316
12,1866,1899-06-14,0.577091751730402
12,1866,1899-06-21,0.5229165464224477
12,1866,1899-06-28,0.6033173696700537
12,1866,1899-07-05,0.4540448766788305
12,1866,1899-07-12,0.5012225685486454
12,1866,1899-07-19,0.4498015805903246
12,1866,1899-07-26,0.5511053449586081
12,1866,1899-08-02,0.42641398141341297
12,1866,1899-08-09,0.5145159562969699
12,1866,1899-08-16,0.5539465748875932
12,1866,1899-08-23,0.5072683975242753
12,1866,1899-08-30,0.6402779733793172
12,1866,1899-09-06,0.4229112120496715
12,1866,1899-09-13,0.40590068279755787
12,1866,1899-09-20,0.4047954408268586
12,1866,1899-09-27,0.33613868054014245
12,1866,1899-10-04,0.15862819090971622
12,1866,1899-10-11,0.36588331756359044
12,1866,1899-10-18,0.4330797063808711
12,1866,1899-10-25,0.4216421559696573
12,1866,1899-11-01,0.2773586210307471
12,1866,1899-11-08,0.17858769390202614
12,1866,1899-11-15,0.1622493472786532
12,1866,1899-11-22,0.21521753741471877
12,1866,1899-11-29,0.2610691649316958
12,1866,1899-12-06,0.3901480924000902
12,1866,1899-12-13,0.6241268998114305
12,1866,1899-12-20,0.6407297228819466
12,1866,1899-12-27,0.6074370268464354
12,1866,1900-01-03,0.6862104186545439
12,1866,1900-01-10,0.6304344422826633
12,1866,1900-01-17,0.7308805554657869
12,1866,1900-01-24,0.3395321420604868
12,1866,1900-01-31,0.28211772949662006
12,1866,1900-02-07,0.0954716737269655
12,1866,1900-02-14,0.11742557271529769
12,1866,1900-02-21,0.3170244148541706
12,1866,1900-02-28,0.474067783501893
12,1866,1900-03-07,0.6954104202200593
12,1866,1900-03-14,0.92589968653154
12,1866,1900-03-21,0.8341186095734977
12,1866,1900-03-28,0.7100436242515282
12,1866,1900-04-04,0.43734549384563304
12,1866,1900-04-11,0.3608191103256481
12,1866,1900-04-18,0.3756690352653011
12,1866,1900-04-25,0.5477599262577365
12,1866,1900-05-02,0.463326243027256
12,1866,1900-05-09,0.5970127474870621
12,1866,1900-05-16,0.8120942073637115
12,1866,1900-05-23,0.516267284523597
12,1866,1900-05-30,0.5449435109072733
12,1866,1900-06-06,0.4081655537164058
12,1866,1900-06-13,0.5072871229550582
12,1866,1900-06-20,0.5429736869021299
12,1866,1900-06-27,0.40014625362996126
12,1866,1900-07-04,0.3684315838253968
12,1866,1900-07-11,0.36559355839405794
12,1866,1900-07-18,0.36971219524120913
12,1866,1900-07-25,0.23415477881046864
12,1866,1900-08-01,0.34380368062446126
12,1866,1900-08-08,0.3297025871617386
12,1866,1900-08-15,0.45056428860426223
12,1866,1900-08-22,0.6132667201501533
12,1866,1900-08-29,0.46039509334857526
12,1866,1900-09-05,0.5674147314659688
12,1866,1900-09-12,0.6021851912119505
12,1866,1900-09-19,0.5603496172579471
12,1866,1900-09-26,0.5797888715867917
12,1866,1900-10-03,0.506342145640027
12,1866,1900-10-10,0.48206212954646044
12,1866,1900-10-17,0.5692076718884085
12,1866,1900-10-24,0.4705250430441787
12,1866,1900-10-31,0.2653160612329763
12,1866,1900-11-07,0.15822670525199653
12,1866,1900-11-14,0.14485892439899664
12,1866,1900-11-21,0.13808904359396562
12,1866,1900-11-28,0.1314323368383052
12,1866,1900-12-05,0.4025696168393315
12,1866,1900-12-12,0.5210354099061619
12,1866,1900-12-19,0.45301111067170974
12,1866,1900-12-24,0.39717982028572824
12,1866,1901-01-02,0.3853157832609522
12,1866,1901-01-09,0.19140887872670567
12,1866,1901-01-16,0.5524413676476824
12,1866,1901-01-23,0.434412026265416
12,1866,1901-01-30,0.5146667368660056
12,1866,1901-02-06,0.40027155830800165
12,1866,1901-02-13,0.6510442361327806
12,1866,1901-02-20,0.44603102046725407
12,1866,1901-02-27,0.6239121994088189
12,1866,1901-03-06,0.6422277124487611
12,1866,1901-03-13,0.6172735716489353
12,1866,1901-03-20,0.5324459770503138
12,1866,1901-03-27,0.49865475096270956
12,1866,1901-04-03,0.26596840124871635
12,1866,1901-04-10,0.30978346231679177
12,1866,1901-04-17,0.27960966753462824
12,1866,1901-04-24,0.2521009712707785
12,1866,1901-05-01,0.3851283971764887
12,1866,1901-05-08,0.2692464805536107
12,1866,1901-05-15,0.4285665318765997
12,1866,1901-05-22,0.3039915291962191
12,1866,1901-05-29,0.3799102572093968
12,1866,1901-06-05,0.30947820729603115
12,1866,1901-06-12,0.40598990240509686
12,1866,1901-06-19,0.23458122973248088
12,1866,1901-06-26,0.3797286204394495
12,1866,1901-07-03,0.4706943665365004
12,1866,1901-07-10,0.21224316010668923
12,1866,1901-07-17,0.46991839867050883
12,1866,1901-07-24,0.23602251112724285
12,1866,1901-07-31,0.2302524663955541
12,1866,1901-08-07,0.10586089761155393
12,1866,1901-08-14,0.22126173520961498
12,1866,1901-08-21,0.23214834542170049
12,1866,1901-08-28,0.2776895657312339
12,1866,1901-09-04,0.37363080706033996
12,1866,1901-09-11,0.31327601220214235
12,1866,1901-09-18,0.3889615940994017
12,1866,1901-09-25,0.195686332075689
12,1866,1901-10-02,0.27924938585971565
12,1866,1901-10-09,0.22312216193242604
12,1866,1901-10-16,0.2269050421257653
12,1866,1901-10-23,0.11217005819302338
12,1866,1901-10-30,0.25412589593642015
12,1866,1901-11-06,0.22037428378654544
12,1866,1901-11-13,0.34566744559760154
12,1866,1901-11-20,0.3449216562326453
12,1866,1901-11-27,0.3318365770954198
12,1866,1901-12-04,0.3791690511027322
12,1866,1901-12-11,0.482269515303433
12,1866,1901-12-18,0.3488239909506838
12,1866,1901-12-24,0.28916647656864375
12,1866,1902-01-01,0.692887218537412
12,1866,1902-01-08,0.38666799637589405
12,1866,1902-01-15,0.39787454136698913
12,1866,1902-01-22,0.2919072499708599
12,1866,1902-01-29,0.4377423495179211
12,1866,1902-02-05,0.14020566046106497
12,1866,1902-02-12,0.3864106254668908
12,1866,1902-02-19,0.41820789004911546
12,1866,1902-02-26,0.5692897220660075
12,1866,1902-03-05,0.7765299952745279
12,1866,1902-03-12,0.7110230892661601
12,1866,1902-03-19,0.6595957257874638
12,1866,1902-03-26,0.47334225791023554
12,1866,1902-04-02,0.4173968145108452
12,1866,1902-04-09,0.2605675983265022
12,1866,1902-04-16,0.331058616313595
12,1866,1902-04-23,0.45016989749529934
12,1866,1902-04-30,0.5641267199713482
12,1866,1902-05-07,0.3367323244062539
12,1866,1902-05-14,0.5159905506602374
12,1866,1902-05-21,0.5542096037590762
12,1866,1902-05-28,0.7999319627809401
12,1866,1902-06-04,0.49194956279979496
12,1866,1902-06-11,0.3163186421107503
12,1866,1902-06-18,0.2150607390918656
12,1866,1902-06-25,0.4528083859703346
12,1866,1902-07-02,0.5683698376467019
12,1866,1902-07-09,0.19355527669700098
12,1866,1902-07-16,0.2911811553787823
12,1866,1902-07-23,0.23503236323116555
12,1866,1902-07-30,0.2813067074381497
12,1866,1902-08-06,0.08721052044638196
12,1866,1902-08-13,0.2170683642558227
12,1866,1902-08-20,0.2070407887330901
12,1866,1902-08-27,0.5917111311697802
12,1866,1902-09-03,0.4666195444736296
12,1866,1902-09-10,0.3817215042774902
12,1866,1902-09-17,0.26518238642261943
12,1866,1902-09-24,0.25847158008967736
12,1866,1902-10-01,0.32062423175161164
12,1866,1902-10-08,0.10477295296710779
12,1866,1902-10-15,0.20519448164056087
12,1866,1902-10-22,0.20894760517836325
12,1866,1902-10-29,0.26350595647144276
12,1866,1902-11-05,0.10881949239390121
12,1866,1902-11-12,0.11356885884792138
12,1866,1902-11-19,0.11192188840148086
12,1866,1902-11-26,0.1642789765207828
12,1866,1902-12-03,0.3368848555368725
12,1866,1902-12-10,0.4749993673403659
12,1866,1902-12-17,0.3423717391397714
12,1866,1902-12-24,0.2122920101247286
12,1866,1902-12-31,0.4110744467646387
12,1866,1903-01-07,0.2528595624567256
12,1866,1903-01-14,0.3390597191509691
12,1866,1903-01-21,0.39424147038676755
12,1866,1903-01-28,0.4336828688906532
12,1866,1903-02-04,0.24700675791305696
12,1866,1903-02-11,0.32062553482851963
12,1866,1903-02-18,0.37961171757258666
12,1866,1903-02-25,0.5669096842976199
12,1866,1903-03-04,0.8265331122071309
12,1866,1903-03-11,0.6526283460266984
12,1866,1903-03-18,0.537938628901887
12,1866,1903-03-25,0.5354472671324573
12,1866,1903-04-01,0.350846298163085
12,1866,1903-04-08,0.12086451961654326
12,1866,1903-04-15,0.2152424323906025
12,1866,1903-04-22,0.3011799768233395
12,1866,1903-04-29,0.34406084611483523
12,1866,1903-05-06,0.2658420101812089
12,1866,1903-05-13,0.8353470935060505
12,1866,1903-05-20,0.2203154927900179
12,1866,1903-05-27,0.5507386368585241
12,1866,1903-06-03,0.435044852808219
12,1866,1903-06-10,0.23757597122356275
12,1866,1903-06-17,0.12146388615144262
12,1866,1903-06-24,0.24042697707106478
12,1866,1903-07-01,0.41897475384736294
12,1866,1903-07-08,0.11959915470246349
12,1866,1903-07-15,0.7951475962326351
12,1866,1903-07-22,0.18241484312148384
12,1866,1903-07-29,0.18301911659383233
12,1866,1903-08-05,0.09803355041437038
12,1866,1903-08-12,0.18728003363295526
12,1866,1903-08-19,0.17507226201079568
12,1866,1903-08-26,0.20724704547587247
12,1866,1903-09-02,0.4827765980200513
12,1866,1903-09-09,0.0722393874250911
12,1866,1903-09-16,0.2179992187349594
12,1866,1903-09-23,0.22752120473883575
12,1866,1903-09-30,0.2714933933292624
12,1866,1903-10-07,0.17023412433397866
12,1866,1903-10-14,0.1698904668139636
12,1866,1903-10-21,0.3974751186961525
12,1866,1903-10-28,0.3980450819185903
12,1866,1903-11-04,0.1866224821183497
12,1866,1903-11-11,0.14657983880943712
12,1866,1903-11-18,0.09817436288879437
12,1866,1903-11-25,0.11804326970622121
12,1866,1903-12-02,0.3483613968290744
12,1866,1903-12-09,0.3819541955546362
12,1866,1903-12-16,0.31704806369381355
12,1866,1903-12-23,0.21023715558528983
12,1866,1903-12-30,0.22084085822725716
12,1866,1904-01-06,0.1594777015148028
12,1866,1904-01-13,0.1859098883127993
12,1866,1904-01-20,0.13508259216284788
12,1866,1904-01-27,0.10995145193652771
12,1866,1904-02-03,0.14078169981277636
12,1866,1904-02-10,0.1988778224413667
12,1866,1904-02-17,0.24531339090326243
12,1866,1904-02-24,0.3483493003879285
12,1866,1904-03-02,0.4976387886597276
12,1866,1904-03-09,0.4600309864135354
12,1866,1904-03-16,0.3065153018792308
12,1866,1904-03-23,0.32400721524163156
12,1866,1904-03-30,0.2151865327208524
12,1866,1904-04-06,0.2763570779199223
12,1866,1904-04-13,0.3153550920184623
12,1866,1904-04-20,0.5093977872926301
12,1866,1904-04-27,0.38962528512454786
12,1866,1904-05-04,0.20801769017752694
12,1866,1904-05-11,0.24197580646042124
12,1866,1904-05-18,0.23431992838288535
12,1866,1904-05-25,0.2537989945158993
12,1866,1904-06-01,0.547014532110724
12,1866,1904-06-08,0.42958169683934
12,1866,1904-06-15,0.40283611461807783
12,1866,1904-06-22,0.3468118597584542
12,1866,1904-06-29,0.4456447345011063
12,1866,1904-07-06,0.19467760285112812
12,1866,1904-07-13,0.2558851074252503
12,1866,1904-07-20,0.2489986148300449
12,1866,1904-07-27,0.28755802044184386
12,1866,1904-08-03,0.13904145268449872
12,1866,1904-08-10,0.21813789858666546
12,1866,1904-08-17,0.20879741302553315
12,1866,1904-08-24,0.23581922888376275
12,1866,1904-08-31,0.5634986277310723
12,1866,1904-09-07,0.2812863234801343
12,1866,1904-09-14,0.18685843404542413
12,1866,1904-09-21,0.16284853075338665
12,1866,1904-09-28,0.25549743807159264
12,1866,1904-10-05,0.09573460636898415
12,1866,1904-10-12,0.10092073950964955
12,1866,1904-10-19,0.08930273678736826
12,1866,1904-10-26,0.11587682557777519
12,1866,1904-11-02,0.10163380373892315
12,1866,1904-11-09,0.08207900649990862
12,1866,1904-11-16,0.07704294095732551
12,1866,1904-11-23,0.08189598304615155
12,1866,1904-11-30,0.08180957362527032
12,1866,1904-12-07,0.2001292611394318
12,1866,1904-12-14,0.1419170650912915
12,1866,1904-12-21,0.07923097304135582
12,1866,1904-12-28,0.2121404858321289
12,1866,1905-01-04,0.18691977549570793
12,1866,1905-01-11,0.15947014431217316
12,1866,1905-01-18,0.12915248458268988
12,1866,1905-01-25,0.1234223007292582
12,1866,1905-02-01,0.20751614196367502
12,1866,1905-02-08,0.1376124923940555
12,1866,1905-02-15,0.23045903332051715
12,1866,1905-02-22,0.274714687126666
12,1866,1905-03-01,0.4294810755701353
12,1866,1905-03-08,0.5705692076284848
12,1866,1905-03-15,0.5481566807098077
12,1866,1905-03-22,0.31294956819611514
12,1866,1905-03-29,0.25965847193166475
12,1866,1905-04-05,0.0987451420513639
12,1866,1905-04-12,0.09626060905437982
12,1866,1905-04-19,0.06781784944529275
12,1866,1905-04-26,0.16659746523318353
12,1866,1905-05-03,0.19365554670678678
12,1866,1905-05-10,0.16424512691179666
12,1866,1905-05-17,0.39191236414315533
12,1866,1905-05-24,0.2481054569632585
12,1866,1905-05-31,0.3788749384248755
12,1866,1905-06-07,0.21742917272773254
12,1866,1905-06-14,0.18469933897028723
12,1866,1905-06-21,0.17265196905095828
12,1866,1905-06-28,0.2691883469578709
12,1866,1905-07-05,0.3725612032832487
12,1866,1905-07-12,0.2088728409683499
12,1866,1905-07-19,0.2168003956448376
12,1866,1905-07-26,0.16322959083278246
12,1866,1905-08-02,0.1327269495939856
12,1866,1905-08-09,0.14602568460630352
12,1866,1905-08-16,0.24052301214860075
12,1866,1905-08-23,0.24167144657698753
12,1866,1905-08-30,0.3302512519289784
12,1866,1905-09-06,0.4646864087213895
12,1866,1905-09-13,0.18486605020221694
12,1866,1905-09-20,0.3220438610620925
12,1866,1905-09-27,0.3496598628038675
12,1866,1905-10-04,0.1053366366554641
12,1866,1905-10-11,0.3470020689925939
12,1866,1905-10-18,0.5480750934055139
12,1866,1905-10-25,0.46467071313332464
12,1866,1905-11-01,0.3315248685332444
12,1866,1905-11-08,0.43459130121272055
12,1866,1905-11-15,0.4428922759694515
12,1866,1905-11-22,0.4669502117323506
12,1866,1905-11-29,0.5720287968218177
12,1866,1905-12-06,0.43387783602596613
12,1866,1905-12-13,0.22181769047735034
12,1866,1905-12-20,0.16142880545265254
12,1866,1905-12-27,0.21566349599452506
12,1866,1906-01-03,0.2904711123149788
12,1866,1906-01-10,0.3022883395881144
12,1866,1906-01-17,0.4874281006249779
12,1866,1906-01-24,0.5213955461356162
12,1866,1906-01-31,0.35820824874867685
12,1866,1906-02-07,0.5229074396078867
12,1866,1906-02-14,0.5956823591351431
12,1866,1906-02-21,0.5356097762214335
12,1866,1906-02-28,0.3813497484041815
12,1866,1906-03-07,0.4277001867655815
12,1866,1906-03-14,0.4766915378700889
12,1866,1906-03-21,0.15751923304140947
12,1866,1906-03-28,0.3307360362896154
12,1866,1906-04-04,0.14647282960736446
12,1866,1906-04-11,0.1765610936431595
12,1866,1906-04-18,0.17205602936437656
12,1866,1906-04-25,0.3671648343598499
12,1866,1906-05-02,0.3621297415499159
12,1866,1906-05-09,0.1751332173440403
12,1866,1906-05-16,0.32938000095786724
12,1866,1906-05-23,0.48105602989763696
12,1866,1906-05-30,0.42830916642861616
12,1866,1906-06-06,0.3761026084738233
12,1866,1906-06-13,0.39086880042867583
12,1866,1906-06-20,0.40529907181160374
12,1866,1906-06-27,0.6428373077803694
12,1866,1906-07-04,0.4986989240582364
12,1866,1906-07-11,0.3281825416681809
12,1866,1906-07-18,0.313464033376504
12,1866,1906-07-25,0.3213800943461017
12,1866,1906-08-01,0.2661931888778511
12,1866,1906-08-08,0.24847744717383202
12,1866,1906-08-15,0.3046506038560718
12,1866,1906-08-22,0.31315808450800536
12,1866,1906-08-29,0.33391108266908276
12,1866,1906-09-05,0.507494106521132
12,1866,1906-09-12,0.20422328904351347
12,1866,1906-09-19,0.22635273841150905
12,1866,1906-09-26,0.31769742175351545
12,1866,1906-10-03,0.19140780216214226
12,1866,1906-10-10,0.13117311631134548
12,1866,1906-10-17,0.08499665496037803
12,1866,1906-10-24,0.06901525147551923
12,1866,1906-10-31,0.13712661573388035
12,1866,1906-11-07,0.18874070235131488
12,1866,1906-11-14,0.23558289470064003
12,1866,1906-11-21,0.2386262814826246
12,1866,1906-11-28,0.4204877162872086
12,1866,1906-12-05,0.3325069729811772
12,1866,1906-12-12,0.36257484985548666
12,1866,1906-12-19,0.18930127604433875
12,1866,1906-12-24,0.2311154361376956
12,1866,1907-01-02,0.3939400343636308
12,1866,1907-01-09,0.3148987109855822
12,1866,1907-01-16,0.3567837175721899
12,1866,1907-01-23,0.710806667028562
12,1866,1907-01-30,0.3391805998691355
12,1866,1907-02-06,0.2170763472150653
12,1866,1907-02-13,0.17241340567095562
12,1866,1907-02-20,0.3669848769525446
12,1866,1907-02-27,0.2684938681088956
12,1866,1907-03-06,0.5005476494944879
12,1866,1907-03-13,0.4000733060240198
12,1866,1907-03-20,0.2394868652828818
12,1866,1907-03-27,0.11096318019437316
12,1866,1907-04-03,0.16148783331822752
12,1866,1907-04-10,0.1831897044040352
12,1866,1907-04-17,0.24553143986091655
12,1866,1907-04-24,0.2704366536131241
12,1866,1907-05-01,0.32643563994563035
12,1866,1907-05-08,0.3108091654491991
12,1866,1907-05-15,0.27783281085629186
12,1866,1907-05-22,0.44435482193000736
12,1866,1907-05-29,0.5020690213989352
12,1866,1907-06-05,0.41835123333827795
12,1866,1907-06-12,0.47738019377812424
12,1866,1907-06-19,0.4593679722388258
12,1866,1907-06-26,0.44350681611185433
12,1866,1907-07-03,0.4441629765793224
12,1866,1907-07-10,0.3718023199411343
12,1866,1907-07-17,0.28836827893105077
12,1866,1907-07-24,0.2724922807226136
12,1866,1907-07-31,0.17882599658613832
12,1866,1907-08-07,0.14730390370117583
12,1866,1907-08-14,0.29242543859950026
12,1866,1907-08-21,0.24264530114812996
12,1866,1907-08-28,0.5111643565009717
12,1866,1907-09-04,0.6170759330312534
12,1866,1907-09-11,0.4634013256828611
12,1866,1907-09-18,0.398494568061204
12,1866,1907-09-25,0.27512105348971505
12,1866,1907-10-02,0.20477362191714318
12,1866,1907-10-09,0.19993384119257707
12,1866,1907-10-16,0.17366271688743426
12,1866,1907-10-23,0.3043651658510317
12,1866,1907-10-30,0.16454538872447802
12,1866,1907-11-06,0.025176114820366486
12,1866,1907-11-13,0.17325681037419227
12,1866,1907-11-20,0.2051816869236752
12,1866,1907-11-27,0.3189765534930512
12,1866,1907-12-04,0.2285845278317282
12,1866,1907-12-11,0.3306149684940654
12,1866,1907-12-18,0.10724946604091444
12,1866,1907-12-24,0.14165479942560338
12,1866,1908-01-01,0.6018982493975152
12,1866,1908-01-08,0.6723693222552077
12,1866,1908-01-15,0.40735335193057814
12,1866,1908-01-22,0.5912105286138191
12,1866,1908-01-29,0.3942308750346962
12,1866,1908-02-05,0.09198700071367029
12,1866,1908-02-12,0.21943960893619718
12,1866,1908-02-19,0.2085145606826245
12,1866,1908-02-26,0.30630181054171834
12,1866,1908-03-04,0.6072342107498472
12,1866,1908-03-11,0.4227351179551311
12,1866,1908-03-18,0.16674814393596862
12,1866,1908-03-25,0.2727783101970826
12,1866,1908-04-01,0.0825824685403156
12,1866,1908-04-08,0.08098843623135991
12,1866,1908-04-15,0.09185055506758504
12,1866,1908-04-22,0.1691679765991592
12,1866,1908-04-29,0.2660186787926438
12,1866,1908-05-06,0.26108283629541607
12,1866,1908-05-13,0.2945011186312038
12,1866,1908-05-20,0.2788361422220539
12,1866,1908-05-27,0.3401501379076281
12,1866,1908-06-03,0.33801452611651217
12,1866,1908-06-10,0.1617059297593062
12,1866,1908-06-17,0.17741701050233177
12,1866,1908-06-24,0.1694885880655181
12,1866,1908-07-01,0.2264947051725371
12,1866,1908-07-08,0.21712081779892198
12,1866,1908-07-15,0.18953441301198862
12,1866,1908-07-22,0.16691349052031582
12,1866,1908-07-29,0.15504394585435846
12,1866,1908-08-05,0.12310961469863575
12,1866,1908-08-12,0.23748298910362947
12,1866,1908-08-19,0.279871368441972
12,1866,1908-08-26,0.22057267923594967
12,1866,1908-09-02,0.38286743500569365
12,1866,1908-09-09,0.2053077015649645
12,1866,1908-09-16,0.19426235869568176
12,1866,1908-09-23,0.19618238048205477
12,1866,1908-09-30,0.15099587811092785
12,1866,1908-10-07,0.17056292061814782
12,1866,1908-10-14,0.17809286363468438
12,1866,1908-10-21,0.1807536138336824
12,1866,1908-10-28,0.15294575391774803
12,1866,1908-11-04,0.15163616828032733
12,1866,1908-11-11,0.17148377280821844
12,1866,1908-11-18,0.16343660124448664
12,1866,1908-11-25,0.18913832121573168
12,1866,1908-12-02,0.20618018300942564
12,1866,1908-12-09,0.24420826333920795
12,1866,1908-12-16,0.24791834389812586
12,1866,1908-12-23,0.17688775441430082
12,1866,1908-12-30,0.19384243360453324
12,1866,1909-01-06,0.36867789583354255
12,1866,1909-01-13,0.2659532392009901
12,1866,1909-01-20,0.1388952435499303
12,1866,1909-01-27,0.23818722775083387
12,1866,1909-02-03,0.11775747641028825
12,1866,1909-02-10,0.16214951482796566
12,1866,1909-02-17,0.22507450667240944
12,1866,1909-02-24,0.34436219354516184
12,1866,1909-03-03,0.5444050207269121
12,1866,1909-03-10,0.4161216992986461
12,1866,1909-03-17,0.2080246651728543
12,1866,1909-03-24,0.23625613818548133
12,1866,1909-03-31,0.18856150292571872
12,1866,1909-04-07,0.19874230927268444
12,1866,1909-04-14,0.17483285364129705
12,1866,1909-04-21,0.16695416112392517
12,1866,1909-04-28,0.1989461114720211
12,1866,1909-05-05,0.15666515966760075
12,1866,1909-05-12,0.2017327031021037
12,1866,1909-05-19,0.3018541482595567
12,1866,1909-05-26,0.3487133749155307
12,1866,1909-06-02,0.3811668946338059
12,1866,1909-06-09,0.42105932666732493
12,1866,1909-06-16,0.3591763502412557
12,1866,1909-06-23,0.292518921779236
12,1866,1909-06-30,0.555245403951937
12,1866,1909-07-07,0.3076228855314776
12,1866,1909-07-14,0.24915216340201535
12,1866,1909-07-21,0.22556042562780673
12,1866,1909-07-28,0.23257953310666538
12,1866,1909-08-04,0.18046749670456985
12,1866,1909-08-11,0.26585916680844734
12,1866,1909-08-18,0.279801262754878
12,1866,1909-08-25,0.25785538658551826
12,1866,1909-09-01,0.6654193827865512
12,1866,1909-09-08,0.3614569205474962
12,1866,1909-09-15,0.23012538645663222
12,1866,1909-09-22,0.19763285021499413
12,1866,1909-09-29,0.14953384650627768
12,1866,1909-10-06,0.14223711519000148
12,1866,1909-10-13,0.11384311123096064
12,1866,1909-10-20,0.09588868555585103
12,1866,1909-10-27,0.12455302318826825
12,1866,1909-11-03,0.30854248920499694
12,1866,1909-11-10,0.3817198885857734
12,1866,1909-11-17,0.4013311683688855
12,1866,1909-11-24,0.3833759364778096
12,1866,1909-12-01,0.2537083611160553
12,1866,1909-12-08,0.42508004501228086
12,1866,1909-12-15,0.5120394423503336
12,1866,1909-12-22,0.14186723616226757
12,1866,1909-12-29,0.29560456196532137
12,1866,1910-01-05,0.31622287243838687
12,1866,1910-01-12,0.24346298686939633
12,1866,1910-01-19,0.09830755014550173
12,1866,1910-01-26,0.08342307559469489
12,1866,1910-02-02,0.022311827301877238
12,1866,1910-02-09,0.026428731905849823
12,1866,1910-02-16,0.07913327255950581
12,1866,1910-02-23,0.19104084865583018
12,1866,1910-03-02,0.5046469561158256
12,1866,1910-03-09,0.46464981392455873
12,1866,1910-03-16,0.22206750630425331
12,1866,1910-03-23,0.09058714840529618
12,1866,1910-03-30,0.2500982878999289
12,1866,1910-04-06,0.25227708061359333
12,1866,1910-04-13,0.24522503457521505
12,1866,1910-04-20,0.20738493742893016
12,1866,1910-04-27,0.1966729879080067
12,1866,1910-05-04,0.2124263330179118
12,1866,1910-05-11,0.09348906757310707
12,1866,1910-05-18,0.1378300689989919
12,1866,1910-05-25,0.2946598630750767
12,1866,1910-06-01,0.3228509236833035
12,1866,1910-06-08,0.5439921431981745
12,1866,1910-06-15,0.4065305640320906
12,1866,1910-06-22,0.12864356301665994
12,1866,1910-06-29,0.1898401173799374
12,1866,1910-07-06,0.14156853297594912
12,1866,1910-07-13,0.09586934139607643
12,1866,1910-07-20,0.09101186412374128
12,1866,1910-07-27,0.1541233949683852
12,1866,1910-08-03,0.09512241165370978
12,1866,1910-08-10,0.21582363682225603
12,1866,1910-08-17,0.2899834536768456
12,1866,1910-08-24,0.43716697913873453
12,1866,1910-08-31,0.6700010757315116
12,1866,1910-09-07,0.4656709691345776
12,1866,1910-09-14,0.33967196482703205
12,1866,1910-09-21,0.26143401979531694
12,1866,1910-09-28,0.2153297121925724
12,1866,1910-10-05,0.08281016990179212
12,1866,1910-10-12,0.276854600771599
12,1866,1910-10-19,0.19171758153531565
12,1866,1910-10-26,0.132538449602837
12,1866,1910-11-02,0.38388071314707434
12,1866,1910-11-09,0.42383962755358684
12,1866,1910-11-16,0.3922462689506716
12,1866,1910-11-23,0.3786783721908655
12,1866,1910-11-30,0.30125413259167005
12,1866,1910-12-07,0.3646495718623279
12,1866,1910-12-14,0.23455066430179242
12,1866,1910-12-21,0.13111769359142886
12,1866,1910-12-28,0.15297690611703982
12,1866,1911-01-04,0.15165821333202573
12,1866,1911-01-11,0.11534358641823812
12,1866,1911-01-18,0.1312167186647288
12,1866,1911-01-25,0.14541198344474462
12,1866,1911-02-01,0.1385507175536172
12,1866,1911-02-08,0.09075953630563788
12,1866,1911-02-15,0.1533573557613969
12,1866,1911-02-22,0.24476128847294937
12,1866,1911-03-01,0.3373648655695616
12,1866,1911-03-08,0.5401109711998051
12,1866,1911-03-15,0.31738422537392763
12,1866,1911-03-22,0.23367085427290682
12,1866,1911-03-29,0.2277155737599879
12,1866,1911-04-05,0.16648304249513257
12,1866,1911-04-12,0.1943269792007188
12,1866,1911-04-19,0.20864717636822702
12,1866,1911-04-26,0.2104295295385011
12,1866,1911-05-03,0.18562390611212493
12,1866,1911-05-10,0.1685164167582949
12,1866,1911-05-17,0.27619683065503564
12,1866,1911-05-24,0.4449424814219548
12,1866,1911-05-31,0.35427754471671236
12,1866,1911-06-07,0.34173406191048694
12,1866,1911-06-14,0.39624238320107785
12,1866,1911-06-21,0.2832007119056007
12,1866,1911-06-28,0.5473098110344703
12,1866,1911-07-05,0.5393728903437722
12,1866,1911-07-12,0.43570760519081875
12,1866,1911-07-19,0.24994525442450913
12,1866,1911-07-26,0.2171074178598821
12,1866,1911-08-02,0.0920098635940828
12,1866,1911-08-09,0.10431830993737982
12,1866,1911-08-16,0.17426795233807127
12,1866,1911-08-23,0.17489325597824712
12,1866,1911-08-30,0.4331057716073841
12,1866,1911-09-06,0.4286680186424756
12,1866,1911-09-13,0.2113055554768167
12,1866,1911-09-20,0.1839038045648546
12,1866,1911-09-27,0.06320765634441232
12,1866,1911-10-04,0.08531660786513492
12,1866,1911-10-11,0.152014506208904
12,1866,1911-10-18,0.12763409214473623
12,1866,1911-10-25,0.10443878219654171
12,1866,1911-11-01,0.08205397759500309
12,1866,1911-11-08,0.08189382234789688
12,1866,1911-11-15,0.13790217967926274
12,1866,1911-11-22,0.18883104127347144
12,1866,1911-11-29,0.17887344064957064
12,1866,1911-12-06,0.22248530419735588
12,1866,1911-12-13,0.14347260513866916
12,1866,1911-12-20,0.12175704236874363
12,1866,1911-12-27,0.17716018175580514
12,1866,1912-01-03,0.4897915512577392
12,1866,1912-01-10,0.4625947726335862
12,1866,1912-01-17,0.24480971174884839
12,1866,1912-01-24,0.1662544148956658
12,1866,1912-01-31,0.1097716019391647
12,1866,1912-02-07,0.06925065862979231
12,1866,1912-02-14,0.2141584055245611
12,1866,1912-02-21,0.30680357236060024
12,1866,1912-02-28,0.44684875118595213
12,1866,1912-03-06,0.49087466048409795
12,1866,1912-03-13,0.32480880601407885
12,1866,1912-03-20,0.36195775108382683
12,1866,1912-03-27,0.3012127800713139
12,1866,1912-04-03,0.18908101980085104
12,1866,1912-04-10,0.19318886421236087
12,1866,1912-04-17,0.2541383688675225
12,1866,1912-04-24,0.3557497441103421
12,1866,1912-05-01,0.41451707346364347
12,1866,1912-05-08,0.39669108267162667
12,1866,1912-05-15,0.6304233262924546
12,1866,1912-05-22,0.48964284736158736
12,1866,1912-05-29,0.5047435397627018
12,1866,1912-06-05,0.5248585781459746
12,1866,1912-06-12,0.450903486788068
12,1866,1912-06-19,0.44276641663208166
12,1866,1912-06-26,0.41471682820603617
12,1866,1912-07-03,0.43520923077340373
12,1866,1912-07-10,0.23546636808597984
12,1866,1912-07-17,0.16773391914431007
12,1866,1912-07-24,0.1708044279086471
12,1866,1912-07-31,0.23022706862141623
12,1866,1912-08-07,0.18086168290322255
12,1866,1912-08-14,0.3384985162021533
12,1866,1912-08-21,0.34760844192527474
12,1866,1912-08-28,0.4900648095114897
12,1866,1912-09-04,0.3252354460930132
12,1866,1912-09-11,0.21729514648252415
12,1866,1912-09-18,0.2091286343733252
12,1866,1912-09-25,0.22504344390257472
12,1866,1912-10-02,0.1713967540183976
12,1866,1912-10-09,0.21173446031163815
12,1866,1912-10-16,0.2658277889434549
12,1866,1912-10-23,0.13387865588129308
12,1866,1912-10-30,0.38299938314196985
12,1866,1912-11-06,0.37878670010386756
12,1866,1912-11-13,0.3822857367158415
12,1866,1912-11-20,0.3360017186134856
12,1866,1912-11-27,0.2848306534987801
12,1866,1912-12-04,0.19186148578151555
12,1866,1912-12-11,0.18033636666867242
12,1866,1912-12-18,0.21022954983821893
12,1866,1912-12-24,0.17464706395828752
12,1866,1913-01-01,0.3928010271884139
12,1866,1913-01-08,0.5248435846283243
12,1866,1913-01-15,0.3063138718244864
12,1866,1913-01-22,0.21093621731925377
12,1866,1913-01-29,0.1920093335039102
12,1866,1913-02-05,0.08843220172901203
12,1866,1913-02-12,0.24674276698235575
12,1866,1913-02-19,0.31783332757299637
12,1866,1913-02-26,0.35083706991082214
12,1866,1913-03-05,0.6118241131386039
12,1866,1913-03-12,0.31437971647803936
12,1866,1913-03-19,0.19575593025904253
12,1866,1913-03-26,0.30848177853635084
12,1866,1913-04-02,0.19058428474081965
12,1866,1913-04-09,0.24294828996532428
12,1866,1913-04-16,0.29063918471212424
12,1866,1913-04-23,0.35822582253032376
12,1866,1913-04-30,0.3243288276770819
12,1866,1913-05-07,0.3975289676913487
12,1866,1913-05-14,0.536973859076639
12,1866,1913-05-21,0.630066509937448
12,1866,1913-05-28,0.616545510907841
12,1866,1913-06-04,0.4779453593440396
12,1866,1913-06-11,0.4467649483196606
12,1866,1913-06-18,0.3716819584781608
12,1866,1913-06-25,0.3391676284498658
12,1866,1913-07-02,0.4526642745104507
12,1866,1913-07-09,0.43771802278574556
12,1866,1913-07-16,0.27700275277461867
12,1866,1913-07-23,0.22978202606908246
12,1866,1913-07-30,0.1432935283736914
12,1866,1913-08-06,0.08160171131286421
12,1866,1913-08-13,0.19950290606205218
12,1866,1913-08-20,0.19864966522954564
12,1866,1913-08-27,0.2819325022368222
12,1866,1913-09-03,0.3353721444373953
12,1866,1913-09-10,0.10611235333175548
12,1866,1913-09-17,0.093740731162662
12,1866,1913-09-24,0.09277004519240366
12,1866,1913-10-01,0.05017454348097324
12,1866,1913-10-08,0.0890773049822877
12,1866,1913-10-15,0.11314981174408045
12,1866,1913-10-22,0.128772678503221
12,1866,1913-10-29,0.11606903967216958
12,1866,1913-11-05,0.10589466130735381
12,1866,1913-11-12,0.0953929713014234
12,1866,1913-11-19,0.09371557455003075
12,1866,1913-11-26,0.16324042943924721
12,1866,1913-12-03,0.142070896512598
12,1866,1913-12-10,0.16227371231373755
12,1866,1913-12-17,0.14199021421459895
12,1866,1913-12-24,0.08923426360104235
12,1866,1913-12-31,0.4152262534676312
12,1866,1914-01-07,0.5562542632164951
12,1866,1914-01-14,0.23589028689926564
12,1866,1914-01-21,0.09555805728484022
12,1866,1914-01-28,0.08054137899491876
12,1866,1914-02-04,0.03631716436840634
12,1866,1914-02-11,0.028807661287374435
12,1866,1914-02-18,0.028038470032864426
12,1866,1914-02-25,0.1384753756782219
12,1866,1914-03-04,0.5818270847567356
12,1866,1914-03-11,0.1259869572723242
12,1866,1914-03-18,0.07713424340776796
12,1866,1914-03-25,0.10805056374387406
12,1866,1914-04-01,0.12949701369151373
12,1866,1914-04-08,0.1309600012235904
12,1866,1914-04-15,0.19950718209955
12,1866,1914-04-22,0.22204829412565008
12,1866,1914-04-29,0.22453822627297326
12,1866,1914-05-06,0.21858462286837158
12,1866,1914-05-13,0.33879923647584004
12,1866,1914-05-20,0.4766881540818325
12,1866,1914-05-27,0.5810967824876716
12,1866,1914-06-03,0.5620074009539814
12,1866,1914-06-10,0.6157091790305799
12,1866,1914-06-17,0.5264629595344748
12,1866,1914-06-24,0.49661320054268676
12,1866,1914-07-01,0.7190421986158682
12,1866,1914-07-08,0.3907904291379363
12,1866,1914-07-15,0.35163579492228914
12,1866,1914-07-22,0.3845686972520448
12,1866,1914-11-04,0.9993189815293094
12,1866,1914-11-11,0.998313590270894
12,1866,1914-11-18,0.99950819777784
12,1866,1914-11-25,0.9987349264484211
12,1866,1914-12-02,0.9972147895393175
12,1866,1914-12-09,0.9967749346472691
12,1866,1914-12-16,0.9932575291752384
12,1866,1914-12-23,0.8776014164454589
12,1866,1914-12-30,0.9040274242543846
12,1866,1915-01-06,0.84814311028878
12,1866,1915-01-13,0.7961616465894562
12,1866,1915-01-20,0.7660430149851766
12,1866,1915-01-27,0.7846134587535676
12,1866,1915-02-03,0.7273444910332537
12,1866,1915-02-10,0.49445105337571227
12,1866,1915-02-17,0.24502247465923738
12,1866,1915-02-24,0.24625426319431096
12,1866,1915-03-03,0.11510439654595167
12,1866,1915-03-10,0.10622599912862447
12,1866,1915-03-17,0.1435016420893544
12,1866,1915-03-24,0.09293488933789834
12,1866,1915-03-31,0.027077113114595836
12,1866,1915-04-07,0.03579108022793559
12,1866,1915-04-14,0.05906156877730696
12,1866,1915-04-21,0.05753745884910264
12,1866,1915-04-28,0.0513254694834963
12,1866,1915-05-05,0.09480211044293234
12,1866,1915-05-12,0.4314270057648208
12,1866,1915-05-19,0.2141468954282375
12,1866,1915-05-26,0.3961900933552728
12,1866,1915-06-02,0.271401704077382
12,1866,1915-06-09,0.4367162646717704
12,1866,1915-06-16,0.3568717866771884
12,1866,1915-06-23,0.3658004300893372
12,1866,1915-06-30,0.24684155132931163
12,1866,1915-07-07,0.39870517786842263
12,1866,1915-07-14,0.48007768332823814
12,1866,1915-07-21,0.9718415726395624
12,1866,1915-07-28,0.2235251346918902
12,1866,1915-08-04,0.1127292049561047
12,1866,1915-08-11,0.12608101734261257
12,1866,1915-08-18,0.11046279964181996
12,1866,1915-08-25,0.0574397607747707
12,1866,1915-09-01,0.05873976653037342
12,1866,1915-09-08,0.069179551962834
12,1866,1915-09-15,0.06273601493015471
12,1866,1915-09-22,0.11658552999289389
12,1866,1915-09-29,0.3131190452454855
12,1866,1915-10-06,0.09824874010462728
12,1866,1915-10-13,0.18877623049895093
12,1866,1915-10-20,0.24340983259592797
12,1866,1915-10-27,0.3597547361715911
12,1866,1915-11-03,0.6718658152454109
12,1866,1915-11-10,0.7333201901066494
12,1866,1915-11-17,0.7390644824697308
12,1866,1915-11-24,0.6438269958020321
12,1866,1915-12-01,0.6863925828284586
12,1866,1915-12-08,0.6974939512630614
12,1866,1915-12-15,0.6633835916501148
12,1866,1915-12-22,0.44794600690750197
12,1866,1915-12-29,0.44335391295231513
12,1866,1916-01-05,0.42033646749683823
12,1866,1916-01-12,0.5240440435915316
12,1866,1916-01-19,0.5426975151867365
12,1866,1916-01-26,0.5411853925327929
12,1866,1916-02-02,0.5413873441853392
12,1866,1916-02-09,0.6813859669516054
12,1866,1916-02-16,0.577876525081666
12,1866,1916-02-23,0.6060564940524675
12,1866,1916-03-01,0.596348423373936
12,1866,1916-03-08,0.6776895014493572
12,1866,1916-03-15,0.49244945515586164
12,1866,1916-03-22,0.6028280422352333
12,1866,1916-03-29,0.5912827963081903
12,1866,1916-04-05,0.4837966922900549
12,1866,1916-04-12,0.59039746601811
12,1866,1916-04-19,0.3555957700660533
12,1866,1916-04-26,0.37187312090905505
12,1866,1916-05-03,0.2877341596678905
12,1866,1916-05-10,0.384295532098498
12,1866,1916-05-17,0.26120390003546107
12,1866,1916-05-24,0.23096695099664827
12,1866,1916-05-31,0.18537801399774384
12,1866,1916-06-07,0.40915203552037327
12,1866,1916-06-14,0.25041240183697044
12,1866,1916-06-21,0.2628538972967898
12,1866,1916-06-28,0.2662775442691182
12,1866,1916-07-05,0.12117838438205658
12,1866,1916-07-12,0.14094558405943775
12,1866,1916-07-19,0.0743952105789799
12,1866,1916-07-26,0.20081377389947086
12,1866,1916-08-02,0.20675055717940852
12,1866,1916-08-09,0.23630010393703577
12,1866,1916-08-16,0.31871091852091055
12,1866,1916-08-23,0.26053120571709804
12,1866,1916-08-30,0.5252118158947272
12,1866,1916-09-06,0.6089190318638321
12,1866,1916-09-13,0.5250127210194709
12,1866,1916-09-20,0.5289757949479816
12,1866,1916-09-27,0.5764955133944728
12,1866,1916-10-04,0.6403812865335538
12,1866,1916-10-11,0.7169629277201567
12,1866,1916-10-18,0.7422600357793682
12,1866,1916-10-25,0.7942883849352378
12,1866,1916-11-01,0.8113711646381632
12,1866,1916-11-08,0.8458844458311338
12,1866,1916-11-15,0.8588144281965118
12,1866,1916-11-22,0.875872439777235
12,1866,1916-11-29,0.8805854183473524
12,1866,1916-12-06,0.9371345329023133
12,1866,1916-12-13,0.9333452178971833
12,1866,1916-12-20,0.9101828378895872
12,1866,1916-12-27,0.9255830442299445
12,1890,1856-01-05,0.028339931575279892
12,1890,1856-01-12,0.05925253538092586
12,1890,1856-01-19,0.12954834886956404
12,1890,1856-01-26,0.22509640054949506
12,1890,1856-02-02,0.3198264543949014
12,1890,1856-02-09,0.21724900730936003
12,1890,1856-02-16,0.2768756007556137
12,1890,1856-02-23,0.34574558596211113
12,1890,1856-03-01,0.29911301695754944
12,1890,1856-03-08,0.4445003919273994
12,1890,1856-03-15,0.642978180620096
12,1890,1856-03-22,0.6767002670605575
12,1890,1856-03-29,0.2732466293657697
12,1890,1856-04-05,0.1664104296027851
12,1890,1856-04-12,0.2572426334087331
12,1890,1856-04-19,0.5050126322189898
12,1890,1856-04-26,0.6969309848970838
12,1890,1856-05-03,0.5324575043538099
12,1890,1856-05-10,0.6109686202394851
12,1890,1856-05-17,0.7235303106814418
12,1890,1856-05-24,0.9814621319571055
12,1890,1856-05-31,0.99724772724939
12,1890,1856-06-07,0.9790090556431275
12,1890,1856-06-14,0.9721829466852561
12,1890,1856-06-21,0.8818144489891225
12,1890,1856-06-28,0.8933491216315049
12,1890,1856-07-05,0.25323097734974975
12,1890,1856-07-12,0.4624270846246246
12,1890,1856-07-19,0.8807127797349888
12,1890,1856-07-26,0.9340839007614652
12,1890,1856-08-02,0.8589722916647966
12,1890,1856-08-09,0.784263196973382
12,1890,1856-08-16,0.6692740381093177
12,1890,1856-08-23,0.7609116958010118
12,1890,1856-08-30,0.7557107549785896
12,1890,1856-09-06,0.719961975921418
12,1890,1856-09-13,0.9281673807392603
12,1890,1856-09-20,0.9334068639138529
12,1890,1856-09-27,0.7984581865995265
12,1890,1856-10-04,0.020958216839610157
12,1890,1856-10-11,0.014862300287242006
12,1890,1856-10-18,0.0052006896645461825
12,1890,1856-10-25,0.021187817899644985
12,1890,1856-11-01,0.00037449921179063243
12,1890,1856-11-08,0.00696582144106406
12,1890,1856-11-15,0.01956450957301358
12,1890,1856-11-22,0.061941814081489154
12,1890,1856-11-29,0.24975955480788956
12,1890,1856-12-06,0.8021571181538536
12,1890,1856-12-13,0.6494963717348917
12,1890,1856-12-20,0.05024208058193235
12,1890,1856-12-27,0.12572192495317785
12,1890,1857-01-03,0.11393911868919883
12,1890,1857-01-10,0.3213480682070509
12,1890,1857-01-17,0.7898571046099304
12,1890,1857-01-24,0.8138076978067411
12,1890,1857-01-31,0.6860451128713191
12,1890,1857-02-07,0.5439716984140628
12,1890,1857-02-14,0.6425367654241804
12,1890,1857-02-21,0.7304751556229461
12,1890,1857-02-28,0.7740347423509548
12,1890,1857-03-07,0.5102953507996513
12,1890,1857-03-14,0.4295585569868229
12,1890,1857-03-21,0.39969304231077
12,1890,1857-03-28,0.27542226138976345
12,1890,1857-04-04,0.03205549825282977
12,1890,1857-04-11,0.07022501063854444
12,1890,1857-04-18,0.3721864558414134
12,1890,1857-04-25,0.4271021242285649
12,1890,1857-05-02,0.5220850550785352
12,1890,1857-05-09,0.6574358610040658
12,1890,1857-05-16,0.7357378893128649
12,1890,1857-05-23,0.848919515302218
12,1890,1857-05-30,0.8773344074757599
12,1890,1857-06-06,0.6379560753981365
12,1890,1857-06-13,0.27606556512188724
12,1890,1857-06-20,0.7045578224777012
12,1890,1857-06-27,0.43675649479000694
12,1890,1857-07-04,0.4338217848618807
12,1890,1857-07-11,0.6749297866156606
12,1890,1857-07-18,0.9787807400551943
12,1890,1857-07-25,0.9224088077325886
12,1890,1857-08-01,0.8648975050046852
12,1890,1857-08-08,0.9265392441315985
12,1890,1857-08-15,0.9457332820399761
12,1890,1857-08-22,0.9277136771702705
12,1890,1857-08-29,0.9445667773406816
12,1890,1857-09-05,0.8906020702081796
12,1890,1857-09-12,0.6581847381925717
12,1890,1857-09-19,0.7126049374617361
12,1890,1857-09-26,0.7289329429616056
12,1890,1858-02-10,0.8888819676352776
12,1890,1858-02-17,0.9483692574041266
12,1890,1858-02-24,0.9807684627976476
12,1890,1858-03-03,0.9100609767876602
12,1890,1858-03-10,0.946860296004089
12,1890,1858-03-17,0.9331570296697966
12,1890,1858-03-24,0.8290327594691846
12,1890,1858-03-31,0.7689811349707752
12,1890,1858-04-07,0.761872741614056
12,1890,1858-04-14,0.7461899852672205
12,1890,1858-04-21,0.777822611628186
12,1890,1858-04-28,0.7964655311547899
12,1890,1858-05-05,0.7043433114183429
12,1890,1858-05-12,0.6637340948478904
12,1890,1858-05-19,0.777845502566379
12,1890,1858-05-26,0.735652758726215
12,1890,1858-06-02,0.6900629927801362
12,1890,1858-06-09,0.7213467902431652
12,1890,1858-06-16,0.6067882792438014
12,1890,1858-06-23,0.42547006195243986
12,1890,1858-06-30,0.42252441491840026
12,1890,1858-07-07,0.7522197203993223
12,1890,1858-07-14,0.6582617544184086
12,1890,1858-07-21,0.7384155023300893
12,1890,1858-07-28,0.6738697019118186
12,1890,1858-08-04,0.567358447328892
12,1890,1858-08-11,0.5471513342404077
12,1890,1858-08-18,0.607593460597957
12,1890,1858-08-25,0.5872411688048436
12,1890,1858-09-01,0.6253419802807748
12,1890,1858-09-08,0.5494373172960499
12,1890,1858-09-15,0.33935318158860933
12,1890,1858-09-22,0.32169844743234244
12,1890,1858-09-29,0.2294111625634919
12,1890,1858-10-06,0.2620845244156398
12,1890,1858-10-13,0.28501317196764575
12,1890,1858-10-20,0.299536726443299
12,1890,1858-10-27,0.3850213910659942
12,1890,1858-11-03,0.36515186183754744
12,1890,1858-11-10,0.48345612530625964
12,1890,1858-11-17,0.49655680808326474
12,1890,1858-11-24,0.4480503720536349
12,1890,1858-12-01,0.2990395319115894
12,1890,1858-12-08,0.29864897632653625
12,1890,1858-12-15,0.5056463811128843
12,1890,1858-12-22,0.3979686026821258
12,1890,1858-12-29,0.4990624655889075
12,1890,1859-01-05,0.6199333384862086
12,1890,1859-01-12,0.8921259427846823
12,1890,1859-01-19,0.38653738056304565
12,1890,1859-01-26,0.5089498107993782
12,1890,1859-02-02,0.4267942962123535
12,1890,1859-02-09,0.39637428215034703
12,1890,1859-02-16,0.39708448987653877
12,1890,1859-02-23,0.3613630318545362
12,1890,1859-03-02,0.2993803645701195
12,1890,1859-03-09,0.32896767920185194
12,1890,1859-03-16,0.23321788436302474
12,1890,1859-03-23,0.2649223869868196
12,1890,1859-03-30,0.31483048981142703
12,1890,1859-04-06,0.37275169096496946
12,1890,1859-04-13,0.5613495511414393
12,1890,1859-04-20,0.4784485205906142
12,1890,1859-04-27,0.49602386695879574
12,1890,1859-05-04,0.14598448749323797
12,1890,1859-05-11,0.12428817638463571
12,1890,1859-05-18,0.33277681943571075
12,1890,1859-05-25,0.2380608868331252
12,1890,1859-06-01,0.2959663517437081
12,1890,1859-06-08,0.803555664274006
12,1890,1859-06-15,0.8663884693496098
12,1890,1859-06-22,0.7056606407653034
12,1890,1859-06-29,0.6646267064515955
12,1890,1859-07-06,0.7863199031773452
12,1890,1859-07-13,0.6580005707360533
12,1890,1859-07-20,0.8254439168489485
12,1890,1859-07-27,0.8184913486773454
12,1890,1859-08-03,0.8057507022263803
12,1890,1859-08-10,0.8310457734790639
12,1890,1859-08-17,0.827385455118814
12,1890,1859-08-24,0.7126741367109948
12,1890,1859-08-31,0.6849652150223325
12,1890,1859-09-07,0.7068371086750307
12,1890,1859-09-14,0.5585645438218759
12,1890,1859-09-21,0.3594383704302659
12,1890,1859-09-28,0.33376115209019436
12,1890,1859-10-05,0.243935624399777
12,1890,1859-10-12,0.41160717386565004
12,1890,1859-10-19,0.37596087395299155
12,1890,1859-10-26,0.48803992305729893
12,1890,1859-11-02,0.4641284472057201
12,1890,1859-11-09,0.46565314863079743
12,1890,1859-11-16,0.4006609488187378
12,1890,1859-11-23,0.4493345147456838
12,1890,1859-11-30,0.4300585732247192
12,1890,1859-12-07,0.3368859628573271
12,1890,1859-12-14,0.5737276057943413
12,1890,1859-12-21,0.21864416298899977
12,1890,1859-12-28,0.2033544728366721
12,1890,1860-01-04,0.23808500954936881
12,1890,1860-01-11,0.4526779895641249
12,1890,1860-01-18,0.4623872453586338
12,1890,1860-01-25,0.35023296102214574
12,1890,1860-02-01,0.13016290491543778
12,1890,1860-02-08,0.3302235846665995
12,1890,1860-02-15,0.3456405016002824
12,1890,1860-02-22,0.33715841437322025
12,1890,1860-02-29,0.4353981680954987
12,1890,1860-03-07,0.5842374277227005
12,1890,1860-03-14,0.5853064203031519
12,1890,1860-03-21,0.5040958698059337
12,1890,1860-03-28,0.4273048330375637
12,1890,1860-04-04,0.20524079289558697
12,1890,1860-04-11,0.33459338394854765
12,1890,1860-04-18,0.36804113301578917
12,1890,1860-04-25,0.4452475736924805
12,1890,1860-05-02,0.37751809861318036
12,1890,1860-05-09,0.5261482222637432
12,1890,1860-05-16,0.6809732381633404
12,1890,1860-05-23,0.8099849989929084
12,1890,1860-05-30,0.9105513922357357
12,1890,1860-06-06,0.8247829107598044
12,1890,1860-06-13,0.3862136875865385
12,1890,1860-06-20,0.6097822605585477
12,1890,1860-06-27,0.5892035058985411
12,1890,1860-07-04,0.34326321993573394
12,1890,1860-07-11,0.5512146094464788
12,1890,1860-07-18,0.5432773447635894
12,1890,1860-07-25,0.6732181097254961
12,1890,1860-08-01,0.6150268579436494
12,1890,1860-08-08,0.5248863469770958
12,1890,1860-08-15,0.60832268075541
12,1890,1860-08-22,0.5856242867228796
12,1890,1860-08-29,0.5999552161764569
12,1890,1860-09-05,0.5709456194212443
12,1890,1860-09-12,0.47105003706738025
12,1890,1860-09-19,0.3027199487110418
12,1890,1860-09-26,0.2901766872331656
12,1890,1860-10-03,0.26490275712862965
12,1890,1860-10-10,0.5213090270161871
12,1890,1860-10-17,0.4022670519475148
12,1890,1860-10-24,0.639507583252929
12,1890,1860-10-31,0.6152344107990971
12,1890,1860-11-07,0.5767269960579765
12,1890,1860-11-14,0.15378654553752394
12,1890,1860-11-21,0.07457655227116723
12,1890,1860-11-28,0.22271620945258602
12,1890,1860-12-05,0.3989246577495213
12,1890,1860-12-12,0.2942922349097589
12,1890,1860-12-19,0.4180590263464499
12,1890,1860-12-26,0.6840941161992299
12,1890,1861-01-02,0.25327482792621003
12,1890,1861-01-09,0.0576313336311883
12,1890,1861-01-16,0.21584210042458696
12,1890,1861-01-23,0.35784054320157127
12,1890,1861-01-30,0.417402679591002
12,1890,1861-02-06,0.5894741462447729
12,1890,1861-02-13,0.8070676979607622
12,1890,1861-02-20,0.4200426923001731
12,1890,1861-02-27,0.7234264386476987
12,1890,1861-03-06,0.7584043795137797
12,1890,1861-03-13,0.7623960367341464
12,1890,1861-03-20,0.3557087366427267
12,1890,1861-03-27,0.7711368233121588
12,1890,1861-04-03,0.6670093176333447
12,1890,1861-04-10,0.9418368273546436
12,1890,1861-04-17,0.9812234659542957
12,1890,1861-04-24,0.9655295745947405
12,1890,1861-05-01,0.910358174264934
12,1890,1861-05-08,0.9306764747826501
12,1890,1861-05-15,0.8146359467299767
12,1890,1861-05-22,0.36132316748751875
12,1890,1861-05-29,0.7204580921207934
12,1890,1861-06-05,0.5707359469651786
12,1890,1861-06-12,0.620001731331326
12,1890,1861-06-19,0.5053159107848637
12,1890,1861-06-26,0.6852801867120345
12,1890,1861-07-03,0.5243063851152502
12,1890,1861-07-10,0.7176330397614354
12,1890,1861-07-17,0.7810430289670618
12,1890,1861-07-24,0.8731519363286728
12,1890,1861-07-31,0.8750898173261388
12,1890,1861-08-07,0.9538060833778326
12,1890,1861-08-14,0.9194521107752022
12,1890,1861-08-21,0.9562105886104214
12,1890,1861-08-28,0.9372564359039083
12,1890,1861-09-04,0.9436781552327195
12,1890,1861-09-11,0.7722321169414003
12,1890,1861-09-18,0.4223408845961113
12,1890,1861-09-25,0.4776500331890138
12,1890,1861-10-02,0.2867481463580394
12,1890,1861-10-09,0.4236853388721676
12,1890,1861-10-16,0.42461175158559344
12,1890,1861-10-23,0.481923320335207
12,1890,1861-10-30,0.28042285336142214
12,1890,1861-11-06,0.2383653877597436
12,1890,1861-11-13,0.5446071008772745
12,1890,1861-11-20,0.4615894803055109
12,1890,1861-11-27,0.46678754944020184
12,1890,1861-12-04,0.27268710220888137
12,1890,1861-12-11,0.25431440152163054
12,1890,1861-12-18,0.3352866310273141
12,1890,1861-12-25,0.3097916664574678
12,1890,1862-01-01,0.3201797768991743
12,1890,1862-01-08,0.4730901780850467
12,1890,1862-01-15,0.41749115583639207
12,1890,1862-01-22,0.21589544348146011
12,1890,1862-01-29,0.3269050397698623
12,1890,1862-02-05,0.22796804881506222
12,1890,1862-02-12,0.3792276625046954
12,1890,1862-02-19,0.3800104031954876
12,1890,1862-02-26,0.3494019514422434
12,1890,1862-03-05,0.4989293393795056
12,1890,1862-03-12,0.6794891236477625
12,1890,1862-03-19,0.48747499689957063
12,1890,1862-03-26,0.41929135480202734
12,1890,1862-04-02,0.3118040196906063
12,1890,1862-04-09,0.3094813421831637
12,1890,1862-04-16,0.3165313416763871
12,1890,1862-04-23,0.3929807402924164
12,1890,1862-04-30,0.2839586940756258
12,1890,1862-05-07,0.29765540112253985
12,1890,1862-05-14,0.2970334182063284
12,1890,1862-05-21,0.31825473822395955
12,1890,1862-05-28,0.25899513919595196
12,1890,1862-06-04,0.36447692116525104
12,1890,1862-06-11,0.4744731357453273
12,1890,1862-06-18,0.4734780230655774
12,1890,1862-06-25,0.408373277307527
12,1890,1862-07-02,0.45946284660188963
12,1890,1862-07-09,0.5804776352881885
12,1890,1862-07-16,0.5051604202859807
12,1890,1862-07-23,0.4003216267113268
12,1890,1862-07-30,0.6173575550607902
12,1890,1862-08-06,0.24028954644808712
12,1890,1862-08-13,0.6056382969931222
12,1890,1862-08-20,0.4869576451160098
12,1890,1862-08-27,0.5983114021871427
12,1890,1862-09-03,0.33536113060576994
12,1890,1862-09-10,0.3007797997307964
12,1890,1862-09-17,0.26135581519888285
12,1890,1862-09-24,0.26290018841561585
12,1890,1862-10-01,0.2815521878253791
12,1890,1862-10-08,0.36381923504252645
12,1890,1862-10-15,0.32887857963278416
12,1890,1862-10-22,0.2994694371076052
12,1890,1862-10-29,0.3356192961088554
12,1890,1862-11-05,0.06782805334624813
12,1890,1862-11-12,0.24050050616876414
12,1890,1862-11-19,0.19292832985403793
12,1890,1862-11-26,0.23132395932545327
12,1890,1862-12-03,0.1325117420860256
12,1890,1862-12-10,0.29711194541038405
12,1890,1862-12-17,0.44265332051249334
12,1890,1862-12-24,0.3483327260181336
12,1890,1862-12-31,0.5116311975383961
12,1890,1863-01-07,0.3626161760021092
12,1890,1863-01-14,0.42658691674896093
12,1890,1863-01-21,0.14628910362187586
12,1890,1863-01-28,0.07036126247393185
12,1890,1863-02-04,0.170199434008803
12,1890,1863-02-11,0.17981502176102224
12,1890,1863-02-18,0.17541751581819012
12,1890,1863-02-25,0.7419832112214166
12,1890,1863-03-04,0.7434888105594569
12,1890,1863-03-11,0.8030266552647679
12,1890,1863-03-18,0.6472189734847236
12,1890,1863-03-25,0.6516004369763998
12,1890,1863-04-01,0.3380081735552639
12,1890,1863-04-08,0.3048595489582392
12,1890,1863-04-15,0.4426937294164058
12,1890,1863-04-22,0.36740121518268803
12,1890,1863-04-29,0.522275518258666
12,1890,1863-05-06,0.5999144906042377
12,1890,1863-05-13,0.5827000774626874
12,1890,1863-05-20,0.5118401496993814
12,1890,1863-05-27,0.49596155414876014
12,1890,1863-06-03,0.516432638085069
12,1890,1863-06-10,0.3439347820195702
12,1890,1863-06-17,0.344287671972714
12,1890,1863-06-24,0.49365026273613033
12,1890,1863-07-01,0.6450622717129343
12,1890,1863-07-08,0.6680505785227334
12,1890,1863-07-15,0.3470654801241412
12,1890,1863-07-22,0.45802976582638927
12,1890,1863-07-29,0.5867843154802633
12,1890,1863-08-05,0.4357041380203544
12,1890,1863-08-12,0.6134666236321512
12,1890,1863-08-19,0.6284203571855229
12,1890,1863-08-26,0.7021868436841595
12,1890,1863-09-02,0.7953577773789688
12,1890,1863-09-09,0.6172644646873744
12,1890,1863-09-16,0.5233151914233717
12,1890,1863-09-23,0.40396482580194043
12,1890,1863-09-30,0.4487348534165662
12,1890,1863-10-07,0.45071638184940405
12,1890,1863-10-14,0.4940716568441414
12,1890,1863-10-21,0.4357335988841535
12,1890,1863-10-28,0.3977131973777221
12,1890,1863-11-04,0.05013370917116103
12,1890,1863-11-11,0.029784598447559076
12,1890,1863-11-18,0.09276201024392797
12,1890,1863-11-25,0.1275222855146445
12,1890,1863-12-02,0.026904345523544447
12,1890,1863-12-09,0.04328100074749852
12,1890,1863-12-16,0.2495964537017696
12,1890,1863-12-23,0.17935075171061982
12,1890,1863-12-30,0.47339796214366137
12,1890,1864-01-06,0.2124824392487624
12,1890,1864-01-13,0.6013120313073272
12,1890,1864-01-20,0.32797820368775915
12,1890,1864-01-27,0.7930380933540718
12,1890,1864-02-03,0.42294267938495034
12,1890,1864-02-10,0.5776568530196429
12,1890,1864-02-17,0.9171873430486871
12,1890,1864-02-24,0.9241884024483649
12,1890,1864-03-02,0.9882552909747553
12,1890,1864-03-09,0.9522939872210712
12,1890,1864-03-16,0.9410707224140195
12,1890,1864-03-23,0.7650254955245591
12,1890,1864-03-30,0.7666249728992522
12,1890,1864-04-06,0.5138205590664211
12,1890,1864-04-13,0.5266158018023889
12,1890,1864-04-20,0.21522909745820373
12,1890,1864-04-27,0.44460507231311747
12,1890,1864-05-04,0.09233197807394797
12,1890,1864-05-11,0.04545696906984893
12,1890,1864-05-18,0.18006042092077057
12,1890,1864-05-25,0.8276794184301733
12,1890,1864-06-01,0.900455106946794
12,1890,1864-06-08,0.8902517026467779
12,1890,1864-06-15,0.8791059287120644
12,1890,1864-06-22,0.9720957853189083
12,1890,1864-06-29,0.7820893810120723
12,1890,1864-07-06,0.42912661754344494
12,1890,1864-07-13,0.758298245840849
12,1890,1864-07-20,0.8631956287078699
12,1890,1864-07-27,0.32066321632843364
12,1890,1864-08-03,0.453255765213409
12,1890,1864-08-10,0.09388544304811705
12,1890,1864-08-17,0.3223871522485265
12,1890,1864-08-24,0.47684124063860595
12,1890,1864-08-31,0.7431470524497323
12,1890,1864-09-07,0.7062931539657417
12,1890,1864-09-14,0.4344262105873346
12,1890,1864-09-21,0.5835303587890645
12,1890,1864-09-28,0.6583471439702866
12,1890,1864-10-05,0.41690351420177096
12,1890,1864-10-12,0.7458506918643846
12,1890,1864-10-19,0.876365931219398
12,1890,1864-10-26,0.9471543472480811
12,1890,1864-11-02,0.9339667199727173
12,1890,1864-11-09,0.9296367700219231
12,1890,1864-11-16,0.9752703337746319
12,1890,1864-11-23,0.9387648087393604
12,1890,1864-11-30,0.9789120376130849
12,1890,1864-12-07,0.8760762014206056
12,1890,1864-12-14,0.9603643537496859
12,1890,1864-12-21,0.9129072905739919
12,1890,1864-12-28,0.8069530077275262
12,1890,1865-01-04,0.5116354655867836
12,1890,1865-01-11,0.858186864083398
12,1890,1865-01-18,0.9546779249105786
12,1890,1865-01-25,0.8261137897426512
12,1890,1865-02-01,0.8567585097271542
12,1890,1865-02-08,0.6875488958265048
12,1890,1865-02-15,0.7113863205785901
12,1890,1865-02-22,0.6790694485030537
12,1890,1865-03-01,0.7596501699432718
12,1890,1865-03-08,0.8239502056818566
12,1890,1865-03-15,0.6627798019996672
12,1890,1865-03-22,0.5957600207314365
12,1890,1865-03-29,0.6247714616180229
12,1890,1865-04-05,0.7569050672023498
12,1890,1865-04-12,0.5386465501034483
12,1890,1865-04-19,0.6901867783768124
12,1890,1865-04-26,0.6494003077466125
12,1890,1865-05-03,0.6394517188621159
12,1890,1865-05-10,0.3229945444553606
12,1890,1865-05-17,0.45302115162814677
12,1890,1865-05-24,0.6038330045814757
12,1890,1865-05-31,0.7390470101638383
12,1890,1865-06-07,0.7251719688650359
12,1890,1865-06-14,0.7249610036604586
12,1890,1865-06-21,0.8320582836478468
12,1890,1865-06-28,0.70524087257075
12,1890,1865-07-05,0.4744487988345314
12,1890,1865-07-12,0.5051037269593598
12,1890,1865-07-19,0.6123308023125482
12,1890,1865-07-26,0.42963402293638026
12,1890,1865-08-02,0.18440417057847477
12,1890,1865-08-09,0.08811245007224376
12,1890,1865-08-16,0.14456550768344756
12,1890,1865-08-23,0.1960445515660631
12,1890,1865-08-30,0.2589142886757108
12,1890,1865-09-06,0.32711450609923165
12,1890,1865-09-13,0.3675991332735262
12,1890,1865-09-20,0.3358318198625129
12,1890,1865-09-27,0.3308207385942949
12,1890,1865-10-04,0.013556066497351731
12,1890,1865-10-11,0.001423061410077347
12,1890,1865-10-18,0.022979997090389965
12,1890,1865-10-25,0.11981590844829176
12,1890,1865-11-01,0.13411373606527008
12,1890,1865-11-08,0.2136739935536237
12,1890,1865-11-15,0.7124777155500669
12,1890,1865-11-22,0.8182692354645417
12,1890,1865-11-29,0.9466362948561186
12,1890,1865-12-06,0.36184409616404534
12,1890,1865-12-13,0.41426892514322095
12,1890,1865-12-20,0.28006825681890263
12,1890,1865-12-27,0.5070091373892134
12,1890,1866-01-03,0.030380777112790226
12,1890,1866-01-10,0.0608620887496896
12,1890,1866-01-17,0.21213124133817954
12,1890,1866-01-24,0.35630485493537195
12,1890,1866-01-31,0.3095562308800513
12,1890,1866-02-07,0.5227622274347127
12,1890,1866-02-14,0.9256984891286538
12,1890,1866-02-21,0.959934691686567
12,1890,1866-02-28,0.9896379152505442
12,1890,1866-03-07,0.9337627346280339
12,1890,1866-03-14,0.8975267747680822
12,1890,1866-03-21,0.961226417309681
12,1890,1866-03-28,0.891039121038347
12,1890,1866-04-04,0.6830156263431543
12,1890,1866-04-11,0.7396270069964533
12,1890,1866-04-18,0.7280053989116119
12,1890,1866-04-25,0.5551395814736206
12,1890,1866-08-08,0.012329892129106304
12,1890,1866-08-15,0.18922317244084688
12,1890,1866-08-22,0.9902076074548454
12,1890,1866-08-29,0.992747625101063
12,1890,1866-09-05,0.8486727243134093
12,1890,1866-09-12,0.8175612621458029
12,1890,1866-09-19,0.061179667212118816
12,1890,1866-09-26,0.016217341744480078
12,1890,1866-10-03,0.0010648976886548517
12,1890,1866-10-10,0.007910944451280068
12,1890,1866-10-17,0.07668846542616918
12,1890,1866-10-24,0.5364645082414548
12,1890,1866-10-31,0.7273455804016876
12,1890,1866-11-07,0.5198449951894583
12,1890,1866-11-14,0.7645198275258769
12,1890,1866-11-21,0.6312569922101335
12,1890,1866-11-28,0.6573963762896521
12,1890,1866-12-05,0.35326574998760624
12,1890,1866-12-12,0.5215242502480179
12,1890,1866-12-19,0.13273647804401242
12,1890,1866-12-26,0.3597514010047966
12,1890,1867-01-02,0.22085520582054893
12,1890,1867-01-09,0.47543692960261624
12,1890,1867-01-16,0.49295737790454935
12,1890,1867-01-23,0.6052553101040644
12,1890,1867-01-30,0.582678220482188
12,1890,1867-02-06,0.47295093251550047
12,1890,1867-02-13,0.7789224504406062
12,1890,1867-02-20,0.677506825118246
12,1890,1867-02-27,0.684695290430137
12,1890,1867-03-06,0.7731601190733133
12,1890,1867-03-13,0.7349387337848163
12,1890,1867-03-20,0.5182840691261522
12,1890,1867-03-27,0.47782053199205937
12,1890,1867-04-03,0.5408126053959601
12,1890,1867-04-10,0.572294577493068
12,1890,1867-04-17,0.5218259705766009
12,1890,1867-04-24,0.5495710999984174
12,1890,1867-05-01,0.4609911119411726
12,1890,1867-05-08,0.4676112875255648
12,1890,1867-05-15,0.502582130490026
12,1890,1867-05-22,0.5532367693845726
12,1890,1867-05-29,0.5196082516343856
12,1890,1867-06-05,0.5914207733903935
12,1890,1867-06-12,0.3715784250288574
12,1890,1867-06-19,0.2747877873989891
12,1890,1867-06-26,0.2915061555283735
12,1890,1867-07-03,0.3576239445700534
12,1890,1867-07-10,0.32928501725203074
12,1890,1867-07-17,0.2739011318569874
12,1890,1867-07-24,0.34278687363022153
12,1890,1867-07-31,0.47240538648200114
12,1890,1867-08-07,0.32702281946634604
12,1890,1867-08-14,0.4218391170692573
12,1890,1867-08-21,0.39734317629855914
12,1890,1867-08-28,0.447820138278554
12,1890,1867-09-04,0.26207391536035346
12,1890,1867-09-11,0.17408826184901072
12,1890,1867-09-18,0.10782281164662132
12,1890,1867-09-25,0.10008250210009327
12,1890,1867-10-02,0.07870354960545785
12,1890,1867-10-09,0.125508287492243
12,1890,1867-10-16,0.11951045202609192
12,1890,1867-10-23,0.22525145400523236
12,1890,1867-10-30,0.25182283802520244
12,1890,1867-11-06,0.23581213018743882
12,1890,1867-11-13,0.29342329223669683
12,1890,1867-11-20,0.2628815319360151
12,1890,1867-11-27,0.2423887000773385
12,1890,1867-12-04,0.2050871165930629
12,1890,1867-12-11,0.2738212106152881
12,1890,1867-12-18,0.29069136722771105
12,1890,1867-12-26,0.17998593649257677
12,1890,1868-01-01,0.283858411047792
12,1890,1868-01-08,0.5370758879882789
12,1890,1868-01-15,0.2023801512731358
12,1890,1868-01-22,0.15441985159191385
12,1890,1868-01-29,0.10905001177896312
12,1890,1868-02-05,0.04242625042462792
12,1890,1868-02-12,0.08361935143965465
12,1890,1868-02-19,0.16088336187051946
12,1890,1868-02-26,0.24585289124203377
12,1890,1868-03-04,0.35497953908347446
12,1890,1868-03-11,0.4832884031367798
12,1890,1868-03-18,0.43516962751964045
12,1890,1868-03-25,0.4768185524397028
12,1890,1868-04-01,0.6666729140738537
12,1890,1868-04-08,0.7148292378845449
12,1890,1868-04-15,0.5532900231118741
12,1890,1868-04-22,0.33351464275320925
12,1890,1868-04-29,0.19768989733283532
12,1890,1868-05-06,0.12771330716597534
12,1890,1868-05-13,0.20016402739460845
12,1890,1868-05-20,0.21788031446250308
12,1890,1868-05-27,0.23773065444850155
12,1890,1868-06-03,0.18590782519241705
12,1890,1868-06-10,0.10677412821232138
12,1890,1868-06-17,0.0682610748732565
12,1890,1868-06-24,0.08272466075538734
12,1890,1868-07-01,0.11143210868535496
12,1890,1868-07-08,0.25531362790796924
12,1890,1868-07-15,0.19380202653075518
12,1890,1868-07-22,0.2710387104142356
12,1890,1868-07-29,0.2619052468941623
12,1890,1868-08-05,0.19255544661032267
12,1890,1868-08-12,0.35489009028078106
12,1890,1868-08-19,0.413752563090474
12,1890,1868-08-26,0.4122980297212873
12,1890,1868-09-02,0.43143045524502704
12,1890,1868-09-09,0.41650624234148337
12,1890,1868-09-16,0.2794188599728482
12,1890,1868-09-23,0.25118312828079326
12,1890,1868-09-30,0.19220328927706276
12,1890,1868-10-07,0.1821663175354307
12,1890,1868-10-14,0.1462142949745391
12,1890,1868-10-21,0.10393891736246108
12,1890,1868-10-28,0.11228800107465334
12,1890,1868-11-04,0.08436638786344855
12,1890,1868-11-11,0.14210863100232396
12,1890,1868-11-18,0.11087144256487251
12,1890,1868-11-25,0.13367149376269438
12,1890,1868-12-02,0.21232506321433106
12,1890,1868-12-09,0.1353598548756819
12,1890,1868-12-16,0.39304269426911176
12,1890,1868-12-23,0.3488999718302425
12,1890,1868-12-30,0.6730468077075262
12,1890,1869-01-06,0.7624438282106946
12,1890,1869-01-13,0.7831466705975535
12,1890,1869-01-20,0.48411762641772177
12,1890,1869-01-27,0.36443006070587314
12,1890,1869-02-03,0.2526740934457442
12,1890,1869-02-10,0.43861888806821414
12,1890,1869-02-17,0.40850267328953166
12,1890,1869-02-24,0.4351844292993477
12,1890,1869-03-03,0.5142384729163075
12,1890,1869-03-10,0.5584348418984219
12,1890,1869-03-17,0.6638892543435573
12,1890,1869-03-24,0.638636752544241
12,1890,1869-03-31,0.6361633904179496
12,1890,1869-04-07,0.10971488576150706
12,1890,1869-04-14,0.24012245278537683
12,1890,1869-04-21,0.24150832378892587
12,1890,1869-04-28,0.22850746794371973
12,1890,1869-05-05,0.19594857090849108
12,1890,1869-05-12,0.5173732548688632
12,1890,1869-05-19,0.644060399668179
12,1890,1869-05-26,0.6080228232464667
12,1890,1869-06-02,0.5566643213253812
12,1890,1869-06-09,0.45146950983125433
12,1890,1869-06-16,0.46113362968051885
12,1890,1869-06-23,0.277369730798205
12,1890,1869-06-30,0.5533819749715632
12,1890,1869-07-07,0.3020251076701816
12,1890,1869-07-14,0.41407872515732946
12,1890,1869-07-21,0.5348638691046191
12,1890,1869-07-28,0.4313305133853613
12,1890,1869-08-04,0.18471375013319996
12,1890,1869-08-11,0.4911521000430807
12,1890,1869-08-18,0.5193427670705332
12,1890,1869-08-25,0.5507505928796472
12,1890,1869-09-01,0.5494246831972174
12,1890,1869-09-08,0.4909333212494688
12,1890,1869-09-15,0.5044181708387556
12,1890,1869-09-22,0.612407723466088
12,1890,1869-09-29,0.4838416020679248
12,1890,1869-10-06,0.44364380412495363
12,1890,1869-10-13,0.3061159667135655
12,1890,1869-10-20,0.18963604364830328
12,1890,1869-10-27,0.20348549567082752
12,1890,1869-11-03,0.15926711573876778
12,1890,1869-11-10,0.11094515518913145
12,1890,1869-11-17,0.20258716355206827
12,1890,1869-11-24,0.1809377196618577
12,1890,1869-12-01,0.13153309618154818
12,1890,1869-12-08,0.274897248937065
12,1890,1869-12-15,0.29719147897130205
12,1890,1869-12-22,0.279846606654597
12,1890,1869-12-29,0.40294052889949716
12,1890,1870-01-05,0.3007534872583257
12,1890,1870-01-12,0.3221868607955182
12,1890,1870-01-19,0.21492085011918005
12,1890,1870-01-26,0.2255787920241064
12,1890,1870-02-02,0.2697142493940705
12,1890,1870-02-09,0.30625508341452146
12,1890,1870-02-16,0.29097858994435694
12,1890,1870-02-23,0.32192201742605603
12,1890,1870-03-02,0.32940281742781086
12,1890,1870-03-09,0.41822061927338045
12,1890,1870-03-16,0.44124576431737117
12,1890,1870-03-23,0.4167675968762176
12,1890,1870-03-30,0.3687939627680998
12,1890,1870-04-06,0.29496741598389203
12,1890,1870-04-13,0.44851154538538074
12,1890,1870-04-20,0.46066962629514996
12,1890,1870-04-27,0.3764060116453498
12,1890,1870-05-04,0.40527801305931926
12,1890,1870-05-11,0.5434428860414803
12,1890,1870-05-18,0.4797512363895112
12,1890,1870-05-25,0.5035761519232897
12,1890,1870-06-01,0.4367674974941025
12,1890,1870-06-08,0.27250463461988333
12,1890,1870-06-15,0.28464419414585473
12,1890,1870-06-22,0.2472727981693263
12,1890,1870-06-29,0.33555835788785193
12,1890,1870-07-06,0.22675280317012153
12,1890,1870-07-13,0.26679730900308324
12,1890,1870-07-20,0.2956352422131708
12,1890,1870-07-27,0.10510146670805019
12,1890,1870-08-03,0.04664162491839999
12,1890,1870-08-10,0.03627079557061833
12,1890,1870-08-17,0.32428581959156894
12,1890,1870-08-24,0.4239847283202031
12,1890,1870-08-31,0.7273573405168571
12,1890,1870-09-07,0.7394129966199089
12,1890,1870-09-14,0.7190778523921383
12,1890,1870-09-21,0.8056084241551045
12,1890,1870-09-28,0.5976262503179515
12,1890,1870-10-05,0.5035082472101525
12,1890,1870-10-12,0.3977275919004184
12,1890,1870-10-19,0.45815338123717736
12,1890,1870-10-26,0.3510457577802479
12,1890,1870-11-02,0.3708964225891137
12,1890,1870-11-09,0.2811072102208484
12,1890,1870-11-16,0.22408129935841545
12,1890,1870-11-23,0.1614639448168721
12,1890,1870-11-30,0.1240723154062148
12,1890,1870-12-07,0.15844579315561835
12,1890,1870-12-14,0.10032490784519447
12,1890,1870-12-21,0.06971492070920683
12,1890,1870-12-28,0.06816070604109174
12,1890,1871-01-04,0.10609075361242508
12,1890,1871-01-11,0.19643716079944512
12,1890,1871-01-18,0.09641575258393363
12,1890,1871-01-25,0.09789388428334442
12,1890,1871-02-01,0.09632698682433731
12,1890,1871-02-08,0.10766315375000576
12,1890,1871-02-15,0.12299356808749684
12,1890,1871-02-22,0.19036327064170058
12,1890,1871-03-01,0.3018857934445541
12,1890,1871-03-08,0.11209246332270956
12,1890,1871-03-15,0.37845474363676596
12,1890,1871-03-22,0.2586900994518051
12,1890,1871-03-29,0.18194096743660612
12,1890,1871-04-05,0.038322337976756035
12,1890,1871-04-12,0.17121674917802715
12,1890,1871-04-19,0.291282376541501
12,1890,1871-04-26,0.24929061866207827
12,1890,1871-05-03,0.4914699875313015
12,1890,1871-05-10,0.4512654416095296
12,1890,1871-05-17,0.4354050262545915
12,1890,1871-05-24,0.2575101898220992
12,1890,1871-05-31,0.26467963031499436
12,1890,1871-06-07,0.22508583494382214
12,1890,1871-06-14,0.1645271966993393
12,1890,1871-06-21,0.14612437617979585
12,1890,1871-06-28,0.17912414564264026
12,1890,1871-07-05,0.20882071290432022
12,1890,1871-07-12,0.1847140832723054
12,1890,1871-07-19,0.15600326784602978
12,1890,1871-07-26,0.06481943409052572
12,1890,1871-08-02,0.02597799792900491
12,1890,1871-08-09,0.04086731107608192
12,1890,1871-08-16,0.07937960662409103
12,1890,1871-08-23,0.06676163366095322
12,1890,1871-08-30,0.17902123665444653
12,1890,1871-09-06,0.3223860114352378
12,1890,1871-09-13,0.2396031077559346
12,1890,1871-09-20,0.31656193616186656
12,1890,1871-09-27,0.12243383613354306
12,1890,1871-10-04,0.20931056601337186
12,1890,1871-10-11,0.08881206527505557
12,1890,1871-10-18,0.10254279223200917
12,1890,1871-10-25,0.05944448404052349
12,1890,1871-11-01,0.04659977923388414
12,1890,1871-11-08,0.07736843117923851
12,1890,1871-11-15,0.15737435201470423
12,1890,1871-11-22,0.4246142845180329
12,1890,1871-11-29,0.29399315046115654
12,1890,1871-12-06,0.1740298155345958
12,1890,1871-12-13,0.10768017652589935
12,1890,1871-12-20,0.35431006234720136
12,1890,1871-12-27,0.33321124592706397
12,1890,1872-01-03,0.7349812136550657
12,1890,1872-01-10,0.7979532281600187
12,1890,1872-01-17,0.4413705304261313
12,1890,1872-01-24,0.27477411055908346
12,1890,1872-01-31,0.27608184334252034
12,1890,1872-02-07,0.1306193559715269
12,1890,1872-02-14,0.4383193352927347
12,1890,1872-02-21,0.6056050667727071
12,1890,1872-02-28,0.6382155204991736
12,1890,1872-03-06,0.4884138961253492
12,1890,1872-03-13,0.8120956814577368
12,1890,1872-03-20,0.7953696229396292
12,1890,1872-03-27,0.8854741628415997
12,1890,1872-04-03,0.6944929589147033
12,1890,1872-04-10,0.6723953724469685
12,1890,1872-04-17,0.2633365394814618
12,1890,1872-04-24,0.26731015591977425
12,1890,1872-05-01,0.18438679977413405
12,1890,1872-05-08,0.20895793801237672
12,1890,1872-05-15,0.06866361356869068
12,1890,1872-05-22,0.337551213252207
12,1890,1872-05-29,0.6509213876055556
12,1890,1872-06-05,0.7549619002180782
12,1890,1872-06-12,0.39094585019134254
12,1890,1872-06-19,0.7526855419193136
12,1890,1872-06-26,0.8296943408361958
12,1890,1872-07-03,0.6665603334391527
12,1890,1872-07-10,0.4727194576125404
12,1890,1872-07-17,0.6435338147746525
12,1890,1872-07-24,0.3932822280650322
12,1890,1872-07-31,0.4908112848383805
12,1890,1872-08-07,0.4039967537160708
12,1890,1872-08-14,0.46980492345502256
12,1890,1872-08-21,0.2414566807983721
12,1890,1872-08-28,0.3911551766343858
12,1890,1872-09-04,0.31513089314758436
12,1890,1872-09-11,0.22000652246392824
12,1890,1872-09-18,0.17505154988129654
12,1890,1872-09-25,0.47629547414846396
12,1890,1872-10-02,0.3418016659500484
12,1890,1872-10-09,0.23070026498613957
12,1890,1872-10-16,0.05779282843126785
12,1890,1872-10-23,0.26440248827051727
12,1890,1872-10-30,0.24598315069078533
12,1890,1872-11-06,0.2695969171697442
12,1890,1872-11-13,0.2046105350924218
12,1890,1872-11-20,0.6878528107489518
12,1890,1872-11-27,0.6379797950416561
12,1890,1872-12-04,0.4933653700350702
12,1890,1872-12-11,0.3275658712262378
12,1890,1872-12-18,0.5835227002201095
12,1890,1872-12-24,0.3255543644640164
12,1890,1873-01-01,0.8640802277548194
12,1890,1873-01-08,0.6268728155894451
12,1890,1873-01-15,0.8823658187178375
12,1890,1873-01-22,0.6119404238794452
12,1890,1873-01-29,0.722034428379139
12,1890,1873-02-05,0.5592065663753649
12,1890,1873-02-12,0.7067960545117001
12,1890,1873-02-19,0.6765880464552176
12,1890,1873-02-26,0.6501411920880434
12,1890,1873-03-05,0.585044011314182
12,1890,1873-03-12,0.30680717898569104
12,1890,1873-03-19,0.2312520141623565
12,1890,1873-03-26,0.261332551972547
12,1890,1873-04-02,0.5461690409955412
12,1890,1873-04-09,0.4846907231846671
12,1890,1873-04-16,0.40512397519748566
12,1890,1873-04-23,0.4015375965308646
12,1890,1873-04-30,0.4161921559792502
12,1890,1873-05-07,0.23731735335401116
12,1890,1873-05-14,0.24699335016746157
12,1890,1873-05-21,0.10627634702079845
12,1890,1873-05-28,0.4035509244800036
12,1890,1873-06-04,0.14914526350295465
12,1890,1873-06-11,0.49234219810799607
12,1890,1873-06-18,0.8601517405726784
12,1890,1873-06-25,0.8409957714402232
12,1890,1873-07-02,0.8772147791646131
12,1890,1873-07-09,0.8777830179855902
12,1890,1873-07-16,0.9866878874018368
12,1890,1873-07-23,0.9564034345590948
12,1890,1873-07-30,0.9431522203644215
12,1890,1873-08-06,0.9376199425742648
12,1890,1873-08-13,0.952809891652668
12,1890,1873-08-20,0.8443683281831993
12,1890,1873-08-27,0.8460187927279347
12,1890,1873-09-03,0.6837835746238659
12,1890,1873-09-10,0.32908514217310864
12,1890,1873-09-17,0.371129590870288
12,1890,1873-09-24,0.4744063836542456
12,1890,1873-10-01,0.01217081119501522
12,1890,1873-10-08,0.22918248587842452
12,1890,1873-10-15,0.02833473638864778
12,1890,1873-10-22,0.023147929291041713
12,1890,1873-10-29,0.09200050807335346
12,1890,1873-11-05,0.1246421000973737
12,1890,1873-11-12,0.11679912560018683
12,1890,1873-11-19,0.5320384020415598
12,1890,1873-11-26,0.9552094661548858
12,1890,1873-12-03,0.9889355473169845
12,1890,1873-12-10,0.9865277706772712
12,1890,1873-12-17,0.9402743729004268
12,1890,1873-12-24,0.8884899369335683
12,1890,1873-12-31,0.9527823557181119
12,1890,1874-01-07,0.5364651801445353
12,1890,1874-01-14,0.3816123456801263
12,1890,1874-01-21,0.37039295690955787
12,1890,1874-01-28,0.24181315590169433
12,1890,1874-02-04,0.2126706833831259
12,1890,1874-02-11,0.5314876074356185
12,1890,1874-02-18,0.41918796997901464
12,1890,1874-02-25,0.23360553197701098
12,1890,1874-03-04,0.43318658802469595
12,1890,1874-03-11,0.45776328936634836
12,1890,1874-03-18,0.4844730233599455
12,1890,1874-03-25,0.579852834100175
12,1890,1874-04-01,0.6734995298221126
12,1890,1874-04-08,0.7970902975483918
12,1890,1874-04-15,0.5596719831316095
12,1890,1874-04-22,0.43728030332035805
12,1890,1874-04-29,0.5667593979522473
12,1890,1874-05-06,0.5647995458744631
12,1890,1874-05-13,0.4385787348544726
12,1890,1874-05-20,0.47038660429974294
12,1890,1874-05-27,0.4368418243602103
12,1890,1874-06-03,0.44893209092855324
12,1890,1874-06-10,0.5930173924864889
12,1890,1874-06-17,0.5476367976457264
12,1890,1874-06-24,0.6604164605313665
12,1890,1874-07-01,0.8247364447757977
12,1890,1874-07-08,0.46580834031076446
12,1890,1874-07-15,0.3360720584763543
12,1890,1874-07-22,0.36715296623079685
12,1890,1874-07-29,0.21549054696459816
12,1890,1874-08-05,0.08870518868223073
12,1890,1874-08-12,0.07369935970031095
12,1890,1874-08-19,0.21705912431481267
12,1890,1874-08-26,0.3634408783200631
12,1890,1874-09-02,0.500063891621589
12,1890,1874-09-09,0.24748683358593904
12,1890,1874-09-16,0.4150490540737197
12,1890,1874-09-23,0.45774428446162874
12,1890,1874-09-30,0.21674373177112327
12,1890,1874-10-07,0.1927686851296721
12,1890,1874-10-14,0.20868311693984484
12,1890,1874-10-21,0.07478023063011602
12,1890,1874-10-28,0.23301336548294718
12,1890,1874-11-04,0.12364435296116123
12,1890,1874-11-11,0.15611593735897705
12,1890,1874-11-18,0.036493977758052576
12,1890,1874-11-25,0.32202363085260216
12,1890,1874-12-02,0.07608503325801759
12,1890,1874-12-09,0.6382562829635173
12,1890,1874-12-16,0.5479851970493117
12,1890,1874-12-23,0.6876139958834929
12,1890,1874-12-30,0.7786409872916012
12,1890,1875-01-06,0.7841167358486287
12,1890,1875-01-13,0.819787086504945
12,1890,1875-01-20,0.74463633103319
12,1890,1875-01-27,0.531082518277806
12,1890,1875-02-03,0.6373250681255406
12,1890,1875-02-10,0.7612568160927843
12,1890,1875-02-17,0.7311826206826674
12,1890,1875-02-24,0.32007041272173326
12,1890,1875-03-03,0.6184411254454409
12,1890,1875-03-10,0.5790775587812356
12,1890,1875-03-17,0.7584164228196333
12,1890,1875-03-24,0.6393261405823752
12,1890,1875-03-31,0.8494088923343881
12,1890,1875-04-07,0.5515685020337693
12,1890,1875-04-14,0.4265772844341924
12,1890,1875-04-21,0.3842800791030352
12,1890,1875-04-28,0.3140017650198643
12,1890,1875-05-05,0.2425189367111981
12,1890,1875-05-12,0.5128559618464317
12,1890,1875-05-19,0.49098774879937246
12,1890,1875-05-26,0.6125747633173554
12,1890,1875-06-02,0.47337027974078255
12,1890,1875-06-09,0.2939216865136694
12,1890,1875-06-16,0.21100169581485675
12,1890,1875-06-23,0.17289445207119067
12,1890,1875-06-30,0.2528708286090747
12,1890,1875-07-07,0.028710654364594728
12,1890,1875-07-14,0.06813983244736557
12,1890,1875-07-21,0.031084485791003827
12,1890,1875-07-28,0.03728153639719911
12,1890,1875-08-04,0.09185617425123298
12,1890,1875-08-11,0.14115288748099927
12,1890,1875-08-18,0.24353230122284897
12,1890,1875-08-25,0.26806024333735523
12,1890,1875-09-01,0.5426498709924684
12,1890,1875-09-08,0.25528972912094616
12,1890,1875-09-15,0.3444539392814304
12,1890,1875-09-22,0.23711813882352348
12,1890,1875-09-29,0.22608822956594252
12,1890,1875-10-06,0.22767295188896897
12,1890,1875-10-13,0.08768664836440061
12,1890,1875-10-20,0.038214201218770574
12,1890,1875-10-27,0.09559057019984905
12,1890,1875-11-03,0.17471646783012054
12,1890,1875-11-10,0.138466768702326
12,1890,1875-11-17,0.1927166788857226
12,1890,1875-11-24,0.7529440062038862
12,1890,1875-12-01,0.5953978622279948
12,1890,1875-12-08,0.8015816559909477
12,1890,1875-12-15,0.8279682433663937
12,1890,1875-12-22,0.5875502189234547
12,1890,1875-12-29,0.24678121652530666
12,1890,1876-01-05,0.05951577008245974
12,1890,1876-01-12,0.026112899615249624
12,1890,1876-01-19,0.06373752405432526
12,1890,1876-01-26,0.06383230883317277
12,1890,1876-02-02,0.30507451183536055
12,1890,1876-02-09,0.33618291254390115
12,1890,1876-02-16,0.7485776729432428
12,1890,1876-02-23,0.7469060811094684
12,1890,1876-03-01,0.6773413668881538
12,1890,1876-03-08,0.32941961027727845
12,1890,1876-03-15,0.5296560100032063
12,1890,1876-03-22,0.6148439428486331
12,1890,1876-03-29,0.5480274191771253
12,1890,1876-04-05,0.16887089354684878
12,1890,1876-04-12,0.28839021708286894
12,1890,1876-04-19,0.2661512224603642
12,1890,1876-04-26,0.6949629683006947
12,1890,1876-05-03,0.27308574534428703
12,1890,1876-05-10,0.4908045642130064
12,1890,1876-05-17,0.4006676410706289
12,1890,1876-05-24,0.35829625140650045
12,1890,1876-05-31,0.12124747506237595
12,1890,1876-06-07,0.11050886427317475
12,1890,1876-06-14,0.10184672558464175
12,1890,1876-06-21,0.08784008620519394
12,1890,1876-06-28,0.062365024758367485
12,1890,1876-07-05,0.051354251608422066
12,1890,1876-07-12,0.06188804116230263
12,1890,1876-07-19,0.04962431729550153
12,1890,1876-07-26,0.042835688046885506
12,1890,1876-08-02,0.027222640880513967
12,1890,1876-08-09,0.028540137953447002
12,1890,1876-08-16,0.029485215520520677
12,1890,1876-08-23,0.026315227668940344
12,1890,1876-08-30,0.03383095257258868
12,1890,1876-09-06,0.03850693469053138
12,1890,1876-09-13,0.05225665457585213
12,1890,1876-09-20,0.042086811000351276
12,1890,1876-09-27,0.04104931780376947
12,1890,1876-10-04,0.045126565755373584
12,1890,1876-10-11,0.05120812103856529
12,1890,1876-10-18,0.04399435471128934
12,1890,1876-10-25,0.050394192074535965
12,1890,1876-11-01,0.044047577174892556
12,1890,1876-11-08,0.0503831614094629
12,1890,1876-11-15,0.06335681289604171
12,1890,1876-11-22,0.08102960332277509
12,1890,1876-11-29,0.0899085815789026
12,1890,1876-12-06,0.11631063988944255
12,1890,1876-12-13,0.3260285123765862
12,1890,1876-12-20,0.27979247310527966
12,1890,1876-12-27,0.2723290505288901
12,1890,1877-01-03,0.4623786675504622
12,1890,1877-01-10,0.6657991083500846
12,1890,1877-01-17,0.1565502012879534
12,1890,1877-01-24,0.17428156525696104
12,1890,1877-01-31,0.14322600429112314
12,1890,1877-02-07,0.13166744959839213
12,1890,1877-02-14,0.20356016815991954
12,1890,1877-02-21,0.20103238200953624
12,1890,1877-02-28,0.17630429246263732
12,1890,1877-03-07,0.14802350736602593
12,1890,1877-03-14,0.38950964171821695
12,1890,1877-03-21,0.44148565662906564
12,1890,1877-03-28,0.5785820096053164
12,1890,1877-04-04,0.9279611210296544
12,1890,1877-04-11,0.8460344100973562
12,1890,1877-04-18,0.4546265357459797
12,1890,1877-04-25,0.32979107960728593
12,1890,1877-05-02,0.20544355569429823
12,1890,1877-05-09,0.1351917116963362
12,1890,1877-05-16,0.247334112336975
12,1890,1877-05-23,0.2440900433297478
12,1890,1877-05-30,0.22823510398809213
12,1890,1877-06-06,0.1052065628714059
12,1890,1877-06-13,0.2652711774976316
12,1890,1877-06-20,0.25914836468669294
12,1890,1877-06-27,0.1400668554946389
12,1890,1877-07-04,0.15229539154458574
12,1890,1877-07-11,0.48170731217992885
12,1890,1877-07-18,0.30555687150133903
12,1890,1877-07-25,0.22176431499737256
12,1890,1877-08-01,0.32937756485403097
12,1890,1877-08-08,0.34498306088785086
12,1890,1877-08-15,0.40054784622410056
12,1890,1877-08-22,0.33007257931167955
12,1890,1877-08-29,0.0780213841495023
12,1890,1877-09-05,0.169363439258695
12,1890,1877-09-12,0.3809118278762771
12,1890,1877-09-19,0.40536171375251373
12,1890,1877-09-26,0.30335392957925217
12,1890,1877-10-03,0.3836390405790724
12,1890,1877-10-10,0.136688461776546
12,1890,1877-10-17,0.061221338875613755
12,1890,1877-10-24,0.14874562598904298
12,1890,1877-10-31,0.11714716645541504
12,1890,1877-11-07,0.08358025068447685
12,1890,1877-11-14,0.2508232868386223
12,1890,1877-11-21,0.5346714107842486
12,1890,1877-11-28,0.5658337408991829
12,1890,1877-12-05,0.7667185932620293
12,1890,1877-12-12,0.6262580754609571
12,1890,1877-12-19,0.5969883014380033
12,1890,1877-12-24,0.5791322997652822
12,1890,1878-01-02,0.7822174259371547
12,1890,1878-01-09,0.5380101394005389
12,1890,1878-01-16,0.3600894673494134
12,1890,1878-01-23,0.10162636937657654
12,1890,1878-01-30,0.0838317249153215
12,1890,1878-02-06,0.28650969992215514
12,1890,1878-02-13,0.21812872457011115
12,1890,1878-02-20,0.09811706840082733
12,1890,1878-02-27,0.13564019511251255
12,1890,1878-03-06,0.37804204341845676
12,1890,1878-03-13,0.9122744564437648
12,1890,1878-03-20,0.9832709833387997
12,1890,1878-03-27,0.9976449652162424
12,1890,1878-04-03,0.9210614008740644
12,1890,1878-04-10,0.8470498140071387
12,1890,1878-04-17,0.28780398959690195
12,1890,1878-04-24,0.19804085203659247
12,1890,1878-05-01,0.08790887335287377
12,1890,1878-05-08,0.32884218457014447
12,1890,1878-05-15,0.4263696655337166
12,1890,1878-05-22,0.4300327781766004
12,1890,1878-05-29,0.5227364937036403
12,1890,1878-06-05,0.4486588921756906
12,1890,1878-06-12,0.3751952061827795
12,1890,1878-06-19,0.41271097302063503
12,1890,1878-06-26,0.33361674454054974
12,1890,1878-07-03,0.3702560515671676
12,1890,1878-07-10,0.4186992522019387
12,1890,1878-07-17,0.2946812146626874
12,1890,1878-07-24,0.36374324661934043
12,1890,1878-07-31,0.2459258896360661
12,1890,1878-08-07,0.3951257531683579
12,1890,1878-08-14,0.4002318612512777
12,1890,1878-08-21,0.613281547280424
12,1890,1878-08-28,0.5296157111226661
12,1890,1878-09-04,0.29252761303489044
12,1890,1878-09-11,0.7089390033823824
12,1890,1878-09-18,0.6169743043158108
12,1890,1878-09-25,0.6268917076779912
12,1890,1878-10-02,0.2952738172379139
12,1890,1878-10-09,0.4126546859312601
12,1890,1878-10-16,0.15792604453387943
12,1890,1878-10-23,0.8759163750051809
12,1890,1878-10-30,0.9260917167853012
12,1890,1878-11-06,0.2658416420017867
12,1890,1878-11-13,0.3556719051673808
12,1890,1878-11-20,0.41592791811071095
12,1890,1878-11-27,0.8372392990687818
12,1890,1878-12-04,0.34501213015284604
12,1890,1878-12-11,0.7097826472711204
12,1890,1878-12-18,0.8340909475108114
12,1890,1878-12-24,0.9189803242376091
12,1890,1879-01-01,0.8859985057205421
12,1890,1879-01-08,0.7428493709234851
12,1890,1879-01-15,0.4098159826468806
12,1890,1879-01-22,0.730998897516269
12,1890,1879-01-29,0.544317846573313
12,1890,1879-02-05,0.8177118988010529
12,1890,1879-02-12,0.33151874905790507
12,1890,1879-02-19,0.1394611392160751
12,1890,1879-02-26,0.02639056829690775
12,1890,1879-03-05,0.08696866611169257
12,1890,1879-03-12,0.061556770332943586
12,1890,1879-03-19,0.2071953602436042
12,1890,1879-03-26,0.061887499859441905
12,1890,1879-04-02,0.10823825068167817
12,1890,1879-04-09,0.2162293692252632
12,1890,1879-04-16,0.5957171697392115
12,1890,1879-04-23,0.32288954896624183
12,1890,1879-04-30,0.25088168638449265
12,1890,1879-05-07,0.2945646103904395
12,1890,1879-05-14,0.2608145677348234
12,1890,1879-05-21,0.2227646000628957
12,1890,1879-05-28,0.21446368850293296
12,1890,1879-06-04,0.16594007974816674
12,1890,1879-06-11,0.16969268398146173
12,1890,1879-06-18,0.18067493652715988
12,1890,1879-06-25,0.16500292017733398
12,1890,1879-07-02,0.17264429171909326
12,1890,1879-07-09,0.1804797921460126
12,1890,1879-07-16,0.07543458788447892
12,1890,1879-07-23,0.06245847850124709
12,1890,1879-07-30,0.06043288341503832
12,1890,1879-08-06,0.03842652348787672
12,1890,1879-08-13,0.05081055064909785
12,1890,1879-08-20,0.04691267270367386
12,1890,1879-08-27,0.04552705657588402
12,1890,1879-09-03,0.05202332173433942
12,1890,1879-09-10,0.12053723332070054
12,1890,1879-09-17,0.1002208620502821
12,1890,1879-09-24,0.09135182544337642
12,1890,1879-10-01,0.07898256090439464
12,1890,1879-10-08,0.08782540724478212
12,1890,1879-10-15,0.07200668491911973
12,1890,1879-10-22,0.08547328457266212
12,1890,1879-10-29,0.08229240268850366
12,1890,1879-11-05,0.07853961356360553
12,1890,1879-11-12,0.03595921526887644
12,1890,1879-11-19,0.13465879142035872
12,1890,1879-11-26,0.15883425199345633
12,1890,1879-12-03,0.17269949632937726
12,1890,1879-12-10,0.5302664278632152
12,1890,1879-12-17,0.7384805568782471
12,1890,1879-12-24,0.755578663320871
12,1890,1879-12-31,0.9128212317591536
12,1890,1880-01-07,0.9167774343134693
12,1890,1880-01-14,0.4695509790777205
12,1890,1880-01-21,0.26560177202437235
12,1890,1880-01-28,0.1674135379651123
12,1890,1880-02-04,0.07374531423479007
12,1890,1880-02-11,0.1144828981473907
12,1890,1880-02-18,0.139385761867703
12,1890,1880-02-25,0.18472343327751817
12,1890,1880-03-03,0.39850295667935404
12,1890,1880-03-10,0.7257383709762045
12,1890,1880-03-17,0.8258914061163783
12,1890,1880-03-24,0.8693300253825691
12,1890,1880-03-31,0.7952262394929739
12,1890,1880-04-07,0.5773791127838577
12,1890,1880-04-14,0.3728540128944605
12,1890,1880-04-21,0.22973909175851395
12,1890,1880-04-28,0.22663255304561553
12,1890,1880-05-05,0.28167234823263804
12,1890,1880-05-12,0.3586155452843639
12,1890,1880-05-19,0.45176094087051255
12,1890,1880-05-26,0.501772459842326
12,1890,1880-06-02,0.4371115049931187
12,1890,1880-06-09,0.3947718285451861
12,1890,1880-06-16,0.28273665335197373
12,1890,1880-06-23,0.3382393357238489
12,1890,1880-06-30,0.3196741177274098
12,1890,1880-07-07,0.4924343742880774
12,1890,1880-07-14,0.28149032607402924
12,1890,1880-07-21,0.2512450752660416
12,1890,1880-07-28,0.165179731639579
12,1890,1880-08-04,0.10083545765984606
12,1890,1880-08-11,0.19796579558981584
12,1890,1880-08-18,0.17210243040403952
12,1890,1880-08-25,0.17973438953507967
12,1890,1880-09-01,0.29156741099536754
12,1890,1880-09-08,0.1902908689483172
12,1890,1880-09-15,0.20022874955535594
12,1890,1880-09-22,0.19798620924575147
12,1890,1880-09-29,0.21899137693019233
12,1890,1880-10-06,0.2201583445560381
12,1890,1880-10-13,0.30271802870205344
12,1890,1880-10-20,0.20927425322438498
12,1890,1880-10-27,0.19540564980447198
12,1890,1880-11-03,0.091977243890538
12,1890,1880-11-10,0.0794524250024911
12,1890,1880-11-17,0.15540637114932304
12,1890,1880-11-24,0.29100834023786537
12,1890,1880-12-01,0.14425339827472783
12,1890,1880-12-08,0.4936231607793805
12,1890,1880-12-15,0.6330739858470464
12,1890,1880-12-22,0.6000623333640157
12,1890,1880-12-29,0.7944929169066823
12,1890,1881-01-05,0.9482136126921914
12,1890,1881-01-12,0.8040266115004444
12,1890,1881-01-19,0.2032284498442063
12,1890,1881-01-26,0.31345690665623954
12,1890,1881-02-02,0.18527144354481098
12,1890,1881-02-09,0.10227488027128447
12,1890,1881-02-16,0.09020096261966287
12,1890,1881-02-23,0.1822470038977577
12,1890,1881-03-02,0.13855833968424566
12,1890,1881-03-09,0.1572832494726213
12,1890,1881-03-16,0.0740886122968482
12,1890,1881-03-23,0.10396119498494538
12,1890,1881-03-30,0.06837251075435184
12,1890,1881-04-06,0.11660276038756934
12,1890,1881-04-13,0.2898543911666829
12,1890,1881-04-20,0.4338305857496015
12,1890,1881-04-27,0.24866224754963245
12,1890,1881-05-04,0.3567478914279389
12,1890,1881-05-11,0.28885941213331623
12,1890,1881-05-18,0.3017813798219713
12,1890,1881-05-25,0.32309281847893756
12,1890,1881-06-01,0.28399328207536206
12,1890,1881-06-08,0.1803199704896632
12,1890,1881-06-15,0.26354113461245127
12,1890,1881-06-22,0.1357797955075727
12,1890,1881-06-29,0.17559104813286464
12,1890,1881-07-06,0.35978678693915367
12,1890,1881-07-13,0.2151802725973218
12,1890,1881-07-20,0.15405025062134975
12,1890,1881-07-27,0.19097792116633305
12,1890,1881-08-03,0.09765157563531769
12,1890,1881-08-10,0.1579726875999759
12,1890,1881-08-17,0.2681418471632389
12,1890,1881-08-24,0.15709972524332785
12,1890,1881-08-31,0.07127215453249779
12,1890,1881-09-07,0.23179490150709525
12,1890,1881-09-14,0.3165789871014022
12,1890,1881-09-21,0.28577296566218285
12,1890,1881-09-28,0.27557148148940236
12,1890,1881-10-05,0.4459574043944511
12,1890,1881-10-12,0.20048611554184712
12,1890,1881-10-19,0.44578916996755846
12,1890,1881-10-26,0.49844667319543134
12,1890,1881-11-02,0.4009929113159901
12,1890,1881-11-09,0.31305648646482054
12,1890,1881-11-16,0.6122139964974221
12,1890,1881-11-23,0.6561882306756436
12,1890,1881-11-30,0.6697070477799245
12,1890,1881-12-07,0.8499052035327244
12,1890,1881-12-14,0.7580071602447508
12,1890,1881-12-21,0.6513053359719949
12,1890,1881-12-28,0.7579612265720389
12,1890,1882-01-04,0.7895220833684818
12,1890,1882-01-11,0.8883671295049329
12,1890,1882-01-18,0.6822939441132257
12,1890,1882-01-25,0.7042116034906952
12,1890,1882-02-01,0.10632226543998623
12,1890,1882-02-08,0.5549244886220903
12,1890,1882-02-15,0.6843070333376438
12,1890,1882-02-22,0.5005565062445694
12,1890,1882-03-01,0.7531245273090098
12,1890,1882-03-08,0.18675496203044223
12,1890,1882-03-15,0.6872764642153475
12,1890,1882-03-22,0.6629161298089703
12,1890,1882-03-29,0.8515659500174085
12,1890,1882-04-05,0.18027807091818038
12,1890,1882-04-12,0.8813938118439898
12,1890,1882-04-19,0.3984747700524542
12,1890,1882-04-26,0.4874114764729982
12,1890,1882-05-03,0.16803238849744404
12,1890,1882-05-10,0.792282249399733
12,1890,1882-05-17,0.26112973113933885
12,1890,1882-05-24,0.24813054483399954
12,1890,1882-05-31,0.2690198693834941
12,1890,1882-06-07,0.36173264186525217
12,1890,1882-06-14,0.19001393575395265
12,1890,1882-06-21,0.15690516771618856
12,1890,1882-06-28,0.14784228962149704
12,1890,1882-07-05,0.25242742343932995
12,1890,1882-07-12,0.7179312703221478
12,1890,1882-07-19,0.48514902333761317
12,1890,1882-07-26,0.5464273534785931
12,1890,1882-08-02,0.3064327114453575
12,1890,1882-08-09,0.39836200634284974
12,1890,1882-08-16,0.6172234508467012
12,1890,1882-08-23,0.33542625306055873
12,1890,1882-08-30,0.4150357073424287
12,1890,1882-09-06,0.46678974073469826
12,1890,1882-09-13,0.4326520461235045
12,1890,1882-09-20,0.13158215819226785
12,1890,1882-09-27,0.5693735794980868
12,1890,1882-10-04,0.44907400855202345
12,1890,1882-10-11,0.4583371212709057
12,1890,1882-10-18,0.21878010063758582
12,1890,1882-10-25,0.4791702903045033
12,1890,1882-11-01,0.3518497706033638
12,1890,1882-11-08,0.44990100033697894
12,1890,1882-11-15,0.4294545045154541
12,1890,1882-11-22,0.567238525843065
12,1890,1882-11-29,0.5252884203255991
12,1890,1882-12-06,0.37070922327434547
12,1890,1882-12-13,0.5935980205171072
12,1890,1882-12-20,0.5305470494590399
12,1890,1882-12-27,0.5725470186747914
12,1890,1883-01-03,0.6533142596380129
12,1890,1883-01-10,0.4964301598430741
12,1890,1883-01-17,0.243598623153424
12,1890,1883-01-24,0.19092291837353167
12,1890,1883-01-31,0.40347148182023307
12,1890,1883-02-07,0.19997652580925676
12,1890,1883-02-14,0.341457670683476
12,1890,1883-02-21,0.6542588552252135
12,1890,1883-02-28,0.4795618871207851
12,1890,1883-03-07,0.5344361711435281
12,1890,1883-03-14,0.476639636412086
12,1890,1883-03-21,0.44906804517464155
12,1890,1883-03-28,0.4944094200241761
12,1890,1883-04-04,0.7738266475029083
12,1890,1883-04-11,0.3906840178257361
12,1890,1883-04-18,0.19766027471742922
12,1890,1883-04-25,0.19178716384489183
12,1890,1883-05-02,0.19653292928920194
12,1890,1883-05-09,0.18924107649222277
12,1890,1883-05-16,0.061087410507889635
12,1890,1883-05-23,0.22628455896084812
12,1890,1883-05-30,0.2632751377484281
12,1890,1883-06-06,0.18699129111824941
12,1890,1883-06-13,0.20273575171205604
12,1890,1883-06-20,0.3241677458051131
12,1890,1883-06-27,0.2794593394969299
12,1890,1883-07-04,0.28593838828216767
12,1890,1883-07-11,0.5240336068853315
12,1890,1883-07-18,0.46828782279324893
12,1890,1883-07-25,0.5387862679575888
12,1890,1883-08-01,0.4509318634877572
12,1890,1883-08-08,0.3707131712009133
12,1890,1883-08-15,0.5356155749070322
12,1890,1883-08-22,0.5321404332976297
12,1890,1883-08-29,0.5194566140004166
12,1890,1883-09-05,0.3555682760424884
12,1890,1883-09-12,0.2054563996792731
12,1890,1883-09-19,0.29116756154155893
12,1890,1883-09-26,0.1829287005772177
12,1890,1883-10-03,0.25141721857532384
12,1890,1883-10-10,0.3223808210138921
12,1890,1883-10-17,0.30932600892929424
12,1890,1883-10-24,0.23358523581413224
12,1890,1883-10-31,0.21748433796538783
12,1890,1883-11-07,0.14277441116143125
12,1890,1883-11-14,0.2574978262031257
12,1890,1883-11-21,0.24137655746661404
12,1890,1883-11-28,0.2002345690857392
12,1890,1883-12-05,0.11698636707760371
12,1890,1883-12-12,0.21620658965606476
12,1890,1883-12-19,0.19701868871872918
12,1890,1883-12-24,0.25215286050835695
12,1890,1884-01-02,0.5687832323184033
12,1890,1884-01-09,0.8441255219031252
12,1890,1884-01-16,0.7277676773228128
12,1890,1884-01-23,0.5389174967211835
12,1890,1884-01-30,0.3445044331223011
12,1890,1884-02-06,0.22853748690678916
12,1890,1884-02-13,0.19025754997842356
12,1890,1884-02-20,0.49104572823613873
12,1890,1884-02-27,0.36064495147787706
12,1890,1884-03-05,0.3286219569946076
12,1890,1884-03-12,0.3550406343748955
12,1890,1884-03-19,0.5957662820134709
12,1890,1884-03-26,0.2595643395946558
12,1890,1884-04-02,0.33282194613802707
12,1890,1884-04-09,0.43819788906466905
12,1890,1884-04-16,0.24718534299396136
12,1890,1884-04-23,0.22459011369314935
12,1890,1884-04-30,0.2110865542065739
12,1890,1884-05-07,0.26784274685774656
12,1890,1884-05-14,0.14817244252294667
12,1890,1884-05-21,0.20032131527923464
12,1890,1884-05-28,0.17888468025020823
12,1890,1884-06-04,0.15964532437201565
12,1890,1884-06-11,0.21273102637955651
12,1890,1884-06-18,0.1601323663006283
12,1890,1884-06-25,0.28969731473393173
12,1890,1884-07-02,0.20893467520358486
12,1890,1884-07-09,0.525933748398571
12,1890,1884-07-16,0.4770157449078399
12,1890,1884-07-23,0.3988615612143495
12,1890,1884-07-30,0.25489574166398055
12,1890,1884-08-06,0.1584051118781739
12,1890,1884-08-13,0.3014168586025502
12,1890,1884-08-20,0.4291357616213122
12,1890,1884-08-27,0.4385167650136965
12,1890,1884-09-03,0.29782148501297573
12,1890,1884-09-10,0.285332385263031
12,1890,1884-09-17,0.26734946337189464
12,1890,1884-09-24,0.25670349956044564
12,1890,1884-10-01,0.24960758551494167
12,1890,1884-10-08,0.44668683736346243
12,1890,1884-10-15,0.09874463091216
12,1890,1884-10-22,0.14213229429596955
12,1890,1884-10-29,0.1214008291431552
12,1890,1884-11-05,0.015912655005640406
12,1890,1884-11-12,0.009190944065093732
12,1890,1884-11-19,0.1514379572963661
12,1890,1884-11-26,0.1134654933326621
12,1890,1884-12-03,0.07678783973508715
12,1890,1884-12-10,0.31693082736258693
12,1890,1884-12-17,0.5349797073081676
12,1890,1884-12-24,0.5737802559084081
12,1890,1884-12-31,0.7884769082135996
12,1890,1885-01-07,0.7076630139806492
12,1890,1885-01-14,0.5074546700958797
12,1890,1885-01-21,0.312219092998781
12,1890,1885-01-28,0.2024768991628558
12,1890,1885-02-04,0.38217752952403955
12,1890,1885-02-11,0.22503656530398158
12,1890,1885-02-18,0.3097191796797484
12,1890,1885-02-25,0.21965712613056507
12,1890,1885-03-04,0.32273038304587726
12,1890,1885-03-11,0.22540915201781705
12,1890,1885-03-18,0.1532872870729734
12,1890,1885-03-25,0.3011003966590031
12,1890,1885-04-01,0.342992427679561
12,1890,1885-04-08,0.5938228587242627
12,1890,1885-04-15,0.4141836054047654
12,1890,1885-04-22,0.37763601625949095
12,1890,1885-04-29,0.19991741880800276
12,1890,1885-05-06,0.10431846075406696
12,1890,1885-05-13,0.35753286275247664
12,1890,1885-05-20,0.5427944398252341
12,1890,1885-05-27,0.368777084590218
12,1890,1885-06-03,0.5478124266640416
12,1890,1885-06-10,0.3657257399827315
12,1890,1885-06-17,0.3222813223480906
12,1890,1885-06-24,0.18886076547383204
12,1890,1885-07-01,0.24424919419913044
12,1890,1885-07-08,0.3293371120356234
12,1890,1885-07-15,0.25796931790384325
12,1890,1885-07-22,0.21299829224801212
12,1890,1885-07-29,0.17087087381053534
12,1890,1885-08-05,0.11191196297415756
12,1890,1885-08-12,0.1062278727964138
12,1890,1885-08-19,0.16073965274208904
12,1890,1885-08-26,0.13225243527524458
12,1890,1885-09-02,0.1102381228139525
12,1890,1885-09-09,0.3215645331855459
12,1890,1885-09-16,0.5395827694304284
12,1890,1885-09-23,0.6090706819084655
12,1890,1885-09-30,0.5086263029837701
12,1890,1885-10-07,0.517128146511484
12,1890,1885-10-14,0.31876656258080066
12,1890,1885-10-21,0.29118087858757535
12,1890,1885-10-28,0.4027728924226162
12,1890,1885-11-04,0.44168739690564984
12,1890,1885-11-11,0.3126264508983294
12,1890,1885-11-18,0.06763833417760295
12,1890,1885-11-25,0.1982144710423639
12,1890,1885-12-02,0.21605652547915952
12,1890,1885-12-09,0.41392819979313555
12,1890,1885-12-16,0.4838047630933558
12,1890,1885-12-23,0.2922583500307758
12,1890,1885-12-30,0.488947033994926
12,1890,1886-01-06,0.37496517527028606
12,1890,1886-01-13,0.24169430623258162
12,1890,1886-01-20,0.07121290686928156
12,1890,1886-01-27,0.5552474022569495
12,1890,1886-02-03,0.13492658916387076
12,1890,1886-02-10,0.1459868642363171
12,1890,1886-02-17,0.09060319358904907
12,1890,1886-02-24,0.2669085001590996
12,1890,1886-03-03,0.05688330937893802
12,1890,1886-03-10,0.30907142456318615
12,1890,1886-03-17,0.5048969616706579
12,1890,1886-03-24,0.8648449147346156
12,1890,1886-03-31,0.6901351024861162
12,1890,1886-04-07,0.5273852431732362
12,1890,1886-04-14,0.34600158660024405
12,1890,1886-04-21,0.14414993082169422
12,1890,1886-04-28,0.1622861249818382
12,1890,1886-05-05,0.18031508118336784
12,1890,1886-05-12,0.05637922530252322
12,1890,1886-05-19,0.21449154370234363
12,1890,1886-05-26,0.1725562539025279
12,1890,1886-06-02,0.1601250621309053
12,1890,1886-06-09,0.1442573515618859
12,1890,1886-06-16,0.5132758613834066
12,1890,1886-06-23,0.38206407251082586
12,1890,1886-06-30,0.3213825850520491
12,1890,1886-07-07,0.44893058560455285
12,1890,1886-07-14,0.431168356843508
12,1890,1886-07-21,0.22437705267417588
12,1890,1886-07-28,0.26844296291862335
12,1890,1886-08-04,0.16790269406951283
12,1890,1886-08-11,0.28984608107013354
12,1890,1886-08-18,0.42387558559139166
12,1890,1886-08-25,0.33561546720132596
12,1890,1886-09-01,0.06743201577377156
12,1890,1886-09-08,0.22499538113479256
12,1890,1886-09-15,0.32916580788886163
12,1890,1886-09-22,0.30300661336136925
12,1890,1886-09-29,0.2872588168208869
12,1890,1886-10-06,0.7166984530736072
12,1890,1886-10-13,0.49119187987918483
12,1890,1886-10-20,0.31384430278210307
12,1890,1886-10-27,0.19138098113956084
12,1890,1886-11-03,0.17560660339340625
12,1890,1886-11-10,0.08809334472938893
12,1890,1886-11-17,0.07529147743548927
12,1890,1886-11-24,0.06842443650447087
12,1890,1886-12-01,0.18088334591023997
12,1890,1886-12-08,0.4876302302038879
12,1890,1886-12-15,0.47002967331855317
12,1890,1886-12-22,0.0894896106998505
12,1890,1886-12-29,0.39523122278222655
12,1890,1887-01-05,0.5612867227777335
12,1890,1887-01-12,0.49043983733598656
12,1890,1887-01-19,0.15642826065012885
12,1890,1887-01-26,0.24346811830093373
12,1890,1887-02-02,0.09922536660406266
12,1890,1887-02-09,0.34467699691659115
12,1890,1887-02-16,0.24928048443297374
12,1890,1887-02-23,0.19507351018307786
12,1890,1887-03-02,0.22332586342585165
12,1890,1887-03-09,0.6144613185077826
12,1890,1887-03-16,0.6175510387873239
12,1890,1887-03-23,0.5181266161077803
12,1890,1887-03-30,0.5567773124275678
12,1890,1887-04-06,0.44230683919432506
12,1890,1887-04-13,0.5785391922023181
12,1890,1887-04-20,0.2636022820037895
12,1890,1887-04-27,0.16728383632039973
12,1890,1887-05-04,0.2719694347851902
12,1890,1887-05-11,0.19864569802049498
12,1890,1887-05-18,0.31248935410777523
12,1890,1887-05-25,0.21042327024846888
12,1890,1887-06-01,0.18197683698935252
12,1890,1887-06-08,0.12808732337056858
12,1890,1887-06-15,0.10007558422876893
12,1890,1887-06-22,0.09458193757068978
12,1890,1887-06-29,0.10645848431467245
12,1890,1887-07-06,0.28918532739740643
12,1890,1887-07-13,0.4204476297227331
12,1890,1887-07-20,0.25867655258598876
12,1890,1887-07-27,0.23915105967780684
12,1890,1887-08-03,0.19532875581093007
12,1890,1887-08-10,0.06242526633607185
12,1890,1887-08-17,0.26461326278257347
12,1890,1887-08-24,0.26949773674164057
12,1890,1887-08-31,0.18560178473100405
12,1890,1887-09-07,0.04320139432662642
12,1890,1887-09-14,0.4906486940531197
12,1890,1887-09-21,0.5647441465648037
12,1890,1887-09-28,0.4818678010133158
12,1890,1887-10-05,0.40187001239742154
12,1890,1887-10-12,0.5705243585555637
12,1890,1887-10-19,0.44025574304319737
12,1890,1887-10-26,0.4347173864380179
12,1890,1887-11-02,0.36335260172628864
12,1890,1887-11-09,0.2399574808894049
12,1890,1887-11-16,0.16884185988759765
12,1890,1887-11-23,0.23233635129542404
12,1890,1887-11-30,0.17963219613424988
12,1890,1887-12-07,0.2847108423886202
12,1890,1887-12-14,0.20459710237100664
12,1890,1887-12-21,0.1083777028056318
12,1890,1887-12-28,0.11394999140707171
12,1890,1888-01-04,0.18513400611892256
12,1890,1888-01-11,0.3853775215508181
12,1890,1888-01-18,0.16211689752162844
12,1890,1888-01-25,0.21682881992826009
12,1890,1888-02-01,0.07436404042693398
12,1890,1888-02-08,0.08086863160859156
12,1890,1888-02-15,0.18586706718042822
12,1890,1888-02-22,0.22275747495176917
12,1890,1888-02-29,0.07782145889023072
12,1890,1888-03-07,0.10253498982053909
12,1890,1888-03-14,0.44824076470200913
12,1890,1888-03-21,0.7338765443578427
12,1890,1888-03-28,0.4033330825261931
12,1890,1888-04-04,0.8590698272974636
12,1890,1888-04-11,0.8782125788721076
12,1890,1888-04-18,0.6009457566381216
12,1890,1888-04-25,0.3025131737187638
12,1890,1888-05-02,0.13519885913215426
12,1890,1888-05-09,0.20456917305605848
12,1890,1888-05-16,0.058010171787004086
12,1890,1888-05-23,0.27524336719321546
12,1890,1888-05-30,0.34131834530055766
12,1890,1888-06-06,0.2011073295724938
12,1890,1888-06-13,0.2897505578213415
12,1890,1888-06-20,0.39495377893260486
12,1890,1888-06-27,0.35856524669488177
12,1890,1888-07-04,0.21027499991282278
12,1890,1888-07-11,0.3491908662735541
12,1890,1888-07-18,0.17118648056995403
12,1890,1888-07-25,0.20030750853219956
12,1890,1888-08-01,0.25169722558595475
12,1890,1888-08-08,0.2852843615640225
12,1890,1888-08-15,0.21269990269444092
12,1890,1888-08-22,0.4404822923426622
12,1890,1888-08-29,0.438928661013337
12,1890,1888-09-05,0.31412834851256766
12,1890,1888-09-12,0.5497283548584597
12,1890,1888-09-19,0.19548929607861887
12,1890,1888-09-26,0.5006566924194014
12,1890,1888-10-03,0.3427614223470797
12,1890,1888-10-10,0.12841632377061904
12,1890,1888-10-17,0.059496314342715254
12,1890,1888-10-24,0.07199403378381772
12,1890,1888-10-31,0.0565485423839785
12,1890,1888-11-07,0.027333723855922167
12,1890,1888-11-14,0.18947717903443206
12,1890,1888-11-21,0.1713639277764442
12,1890,1888-11-28,0.33876972067046873
12,1890,1888-12-05,0.39925225445846935
12,1890,1888-12-12,0.7905939784748025
12,1890,1888-12-19,0.865089480005895
12,1890,1888-12-24,0.8844066706487101
12,1890,1889-01-09,0.9048155990753292
12,1890,1889-01-16,0.655445177487348
12,1890,1889-01-23,0.23638786645785778
12,1890,1889-02-06,0.21174620826988558
12,1890,1889-02-13,0.3216771492076578
12,1890,1889-02-20,0.18019754526517134
12,1890,1889-03-06,0.4537759733192056
12,1890,1889-03-13,0.6003038619893608
12,1890,1889-03-20,0.4254889104029277
12,1890,1889-03-27,0.40653182224872125
12,1890,1889-04-03,0.40267280850907156
12,1890,1889-04-10,0.4097772908490179
12,1890,1889-04-17,0.1974363241697245
12,1890,1889-04-24,0.44347322770202263
12,1890,1889-05-01,0.3208671774970716
12,1890,1889-05-08,0.26764195500108995
12,1890,1889-05-15,0.6751387051308348
12,1890,1889-05-22,0.4963341441449504
12,1890,1889-05-29,0.31181353260430694
12,1890,1889-06-05,0.1891716665163192
12,1890,1889-06-12,0.33536750355674005
12,1890,1889-06-19,0.2830368635591865
12,1890,1889-06-26,0.29379595866649116
12,1890,1889-07-03,0.26394678659603144
12,1890,1889-07-10,0.18827387756352817
12,1890,1889-07-17,0.23386485391077041
12,1890,1889-07-24,0.16021305874814906
12,1890,1889-07-31,0.12032742422275791
12,1890,1889-08-07,0.1928593640166514
12,1890,1889-08-14,0.11215366904267507
12,1890,1889-08-21,0.2198862952051714
12,1890,1889-08-28,0.27256191052038375
12,1890,1889-09-04,0.04477488575245692
12,1890,1889-09-11,0.30279307124290805
12,1890,1889-09-18,0.5346488888364751
12,1890,1889-09-25,0.6481342150601573
12,1890,1889-10-02,0.10100942832109065
12,1890,1889-10-09,0.3860639504345241
12,1890,1889-10-16,0.3040345090695326
12,1890,1889-10-23,0.15069965471516394
12,1890,1889-10-30,0.12469240627584459
12,1890,1889-11-06,0.17290179121750782
12,1890,1889-11-13,0.21597928169236572
12,1890,1889-11-20,0.2550469920460502
12,1890,1889-11-27,0.2788224631878115
12,1890,1889-12-04,0.286655845028875
12,1890,1889-12-11,0.49813161368001324
12,1890,1889-12-18,0.4839651664768798
12,1890,1889-12-24,0.4400216820859427
12,1890,1890-01-01,0.2814066908526113
12,1890,1890-01-08,0.3510052451818419
12,1890,1890-01-15,0.3285712082322223
12,1890,1890-01-22,0.3670965113937239
12,1890,1890-01-29,0.29696476761452684
12,1890,1890-02-05,0.2617156812152577
12,1890,1890-02-12,0.4327124777199591
12,1890,1890-02-19,0.37179572808366496
12,1890,1890-02-26,0.47040010049294595
12,1890,1890-03-05,0.12078987919115611
12,1890,1890-03-12,0.5175170009569223
12,1890,1890-03-19,0.632515400900443
12,1890,1890-03-26,0.5302734586462066
12,1890,1890-04-02,0.39623427174752096
12,1890,1890-04-09,0.3505048549227008
12,1890,1890-04-16,0.5420712795794244
12,1890,1890-04-23,0.4285213026750331
12,1890,1890-04-30,0.40294268314155257
12,1890,1890-05-07,0.25014861145005723
12,1890,1890-05-14,0.3214942723122519
12,1890,1890-05-21,0.2415787934522222
12,1890,1890-05-28,0.2750283985736167
12,1890,1890-06-04,0.35355025065955453
12,1890,1890-06-11,0.4363127216737225
12,1890,1890-06-18,0.3749273001114455
12,1890,1890-06-25,0.3806625382413623
12,1890,1890-07-02,0.10010088951525505
12,1890,1890-07-09,0.2806405498261253
12,1890,1890-07-16,0.2318006667304002
12,1890,1890-07-23,0.2007919033122433
12,1890,1890-07-30,0.151974785064526
12,1890,1890-08-06,0.043783373897871965
12,1890,1890-08-13,0.2240168487908032
12,1890,1890-08-20,0.22415706680140296
12,1890,1890-08-27,0.7089288569559693
12,1890,1890-09-03,0.3054634875833904
12,1890,1890-09-10,0.48665793300290006
12,1890,1890-09-17,0.5989611763336127
12,1890,1890-09-24,0.6316361152799056
12,1890,1890-10-01,0.06448377173472251
12,1890,1890-10-08,0.11163935266639288
12,1890,1890-10-15,0.14990068279959667
12,1890,1890-10-22,0.17399309125051013
12,1890,1890-10-29,0.09338225985760207
12,1890,1891-02-11,0.7690788873020897
12,1890,1891-02-18,0.6128084033868654
12,1890,1891-02-25,0.5727905620045166
12,1890,1891-03-04,0.501367274267918
12,1890,1891-03-11,0.4029710292877571
12,1890,1891-03-18,0.25460155641948956
12,1890,1891-03-25,0.20936799507552045
12,1890,1891-04-01,0.12844448788775395
12,1890,1891-04-08,0.06887509915313056
12,1890,1891-04-15,0.17643909620703968
12,1890,1891-04-22,0.13153729532286898
12,1890,1891-04-29,0.1758854797137257
12,1890,1891-05-06,0.11590437182528161
12,1890,1891-05-13,0.05766235765225666
12,1890,1891-05-20,0.028100774808517665
12,1890,1891-05-27,0.22014540395979287
12,1890,1891-06-03,0.13403857661705562
12,1890,1891-06-10,0.3464910087628692
12,1890,1891-06-17,0.10567762533687294
12,1890,1891-06-24,0.685529549774316
12,1890,1891-07-01,0.4015124281619569
12,1890,1891-07-08,0.5727736412321643
12,1890,1891-07-15,0.23341816648944688
12,1890,1891-07-22,0.5352539127244034
12,1890,1891-07-29,0.28372976329573524
12,1890,1891-08-05,0.2564465632338764
12,1890,1891-08-12,0.20820806029844896
12,1890,1891-08-19,0.23694144623000363
12,1890,1891-08-26,0.29936464776353583
12,1890,1891-09-02,0.34496162641517253
12,1890,1891-09-09,0.45960884817990516
12,1890,1891-09-16,0.3771736837303042
12,1890,1891-09-23,0.37140383041033537
12,1890,1891-09-30,0.13311294490772999
12,1890,1891-10-07,0.08080254101543319
12,1890,1891-10-14,0.0960722685208173
12,1890,1891-10-21,0.06850737207430024
12,1890,1891-10-28,0.06387241335059977
12,1890,1891-11-04,0.012579315092830242
12,1890,1891-11-11,0.04327558185132307
12,1890,1891-11-18,0.05468155842207301
12,1890,1891-11-25,0.09288577146940032
12,1890,1891-12-02,0.08017907535798564
12,1890,1891-12-09,0.17661093227231295
12,1890,1891-12-16,0.4471024832009789
12,1890,1891-12-23,0.2021152127026982
12,1890,1891-12-30,0.1746514752022834
12,1890,1892-01-06,0.11429407336066184
12,1890,1892-01-13,0.07845205292275348
12,1890,1892-01-20,0.05730650852075161
12,1890,1892-01-27,0.10373252331121277
12,1890,1892-02-03,0.1308811898266345
12,1890,1892-02-10,0.17909873576585963
12,1890,1892-02-17,0.2204517628638121
12,1890,1892-02-24,0.21518077919790163
12,1890,1892-03-02,0.08245058592722837
12,1890,1892-03-09,0.1960431675270921
12,1890,1892-03-16,0.18401339423869173
12,1890,1892-03-23,0.17633594480538597
12,1890,1892-03-30,0.11435948447803412
12,1890,1892-04-06,0.03260878979200501
12,1890,1892-04-13,0.12213068126031285
12,1890,1892-04-20,0.1563028424978582
12,1890,1892-04-27,0.1971807183321652
12,1890,1892-05-04,0.4179630732746319
12,1890,1892-05-11,0.2476318425426832
12,1890,1892-05-18,0.19589834183608865
12,1890,1892-05-25,0.25374702539528793
12,1890,1892-06-01,0.29292007883086446
12,1890,1892-06-08,0.14655489669000152
12,1890,1892-06-15,0.0984436542820776
12,1890,1892-06-22,0.10628012441307863
12,1890,1892-06-29,0.0798356920294581
12,1890,1892-07-06,0.06476982994257686
12,1890,1892-07-13,0.06531360359131311
12,1890,1892-07-20,0.11414441840800749
12,1890,1892-07-27,0.10613629047235067
12,1890,1892-08-03,0.08228979136857378
12,1890,1892-08-10,0.08222717220026088
12,1890,1892-08-17,0.13383197916735262
12,1890,1892-08-24,0.1737248074167691
12,1890,1892-08-31,0.2153357171503885
12,1890,1892-09-07,0.2847750270322161
12,1890,1892-09-14,0.15887717284815006
12,1890,1892-09-21,0.24248714517994427
12,1890,1892-09-28,0.17096182917920633
12,1890,1892-10-05,0.116997152516231
12,1890,1892-10-12,0.07008594767492352
12,1890,1892-10-19,0.05414473423475383
12,1890,1892-10-26,0.006973523183775078
12,1890,1892-11-02,0.02038891553421317
12,1890,1892-11-09,0.024961691744508244
12,1890,1892-11-16,0.040775578910224826
12,1890,1892-11-23,0.062134169308114405
12,1890,1892-11-30,0.1421878053489524
12,1890,1892-12-07,0.42075818936538284
12,1890,1892-12-14,0.3666571641484153
12,1890,1892-12-21,0.36783941097953726
12,1890,1892-12-28,0.30660344738092354
12,1890,1893-01-04,0.14603337658236296
12,1890,1893-01-11,0.0600278065507336
12,1890,1893-01-18,0.06513428523770702
12,1890,1893-01-25,0.03779518626892712
12,1890,1893-02-01,0.11696648681135699
12,1890,1893-02-08,0.06874221690649036
12,1890,1893-02-15,0.09244827944072562
12,1890,1893-02-22,0.14233472331317973
12,1890,1893-03-01,0.10638689728252239
12,1890,1893-03-08,0.3540763058812503
12,1890,1893-03-15,0.21795356784035222
12,1890,1893-03-22,0.22301024988166387
12,1890,1893-03-29,0.12647221226928473
12,1890,1893-04-05,0.06688200194465986
12,1890,1893-04-12,0.10968266098445147
12,1890,1893-04-19,0.1132232801830094
12,1890,1893-04-26,0.12648320018934028
12,1890,1893-05-03,0.06804988258201879
12,1890,1893-05-10,0.015258088487762809
12,1890,1893-05-17,0.010539834011404077
12,1890,1893-05-24,0.009250430873375733
12,1890,1893-05-31,0.043428054702506394
12,1890,1893-06-07,0.026705030903487026
12,1890,1893-06-14,0.20340434988159908
12,1890,1893-06-21,0.12282068336128185
12,1890,1893-06-28,0.1283376384398164
12,1890,1893-07-05,0.1638156904611363
12,1890,1893-07-12,0.16420188388954987
12,1890,1893-07-19,0.0859784496063906
12,1890,1893-07-26,0.052806845540930694
12,1890,1893-08-02,0.06892908643291727
12,1890,1893-08-09,0.025697595757115853
12,1890,1893-08-16,0.015513325218630743
12,1890,1893-08-23,0.05336172434608808
12,1890,1893-08-30,0.011743544222582314
12,1890,1893-09-06,0.1085563380379879
12,1890,1893-09-13,0.12501341679263128
12,1890,1893-09-20,0.7363960799295116
12,1890,1893-09-27,0.6385833842116603
12,1890,1893-10-04,0.5350527435082962
12,1890,1893-10-11,0.6007661789449421
12,1890,1893-10-18,0.5290478339028063
12,1890,1893-10-25,0.20288168683263233
12,1890,1893-11-01,0.0929075189355023
12,1890,1893-11-08,0.04997797146848604
12,1890,1893-11-15,0.04557224705458396
12,1890,1893-11-22,0.07084264482516134
12,1890,1893-11-29,0.06414917512259986
12,1890,1893-12-06,0.2254813053922441
12,1890,1893-12-13,0.27120763386323143
12,1890,1893-12-20,0.24929471700612044
12,1890,1893-12-27,0.23613444760111912
12,1890,1894-01-03,0.17349440771747665
12,1890,1894-01-10,0.10921869465310499
12,1890,1894-01-17,0.0987409766725435
12,1890,1894-01-24,0.07085019810177343
12,1890,1894-01-31,0.06182370383220907
12,1890,1894-02-07,0.07970032396691701
12,1890,1894-02-14,0.07492466549630895
12,1890,1894-02-21,0.06927170866387154
12,1890,1894-02-28,0.17784762027122278
12,1890,1894-03-07,0.21242765978814093
12,1890,1894-03-14,0.21293067705227606
12,1890,1894-03-21,0.14687347894543795
12,1890,1894-03-28,0.11608920859740954
12,1890,1894-04-04,0.043373555647468545
12,1890,1894-04-11,0.044425662625719814
12,1890,1894-04-18,0.07122245078903668
12,1890,1894-04-25,0.07090567619709384
12,1890,1894-05-02,0.12330203462657743
12,1890,1894-05-09,0.0616540196902728
12,1890,1894-05-16,0.09098148353341715
12,1890,1894-05-23,0.16706482472392878
12,1890,1894-05-30,0.18748471971943242
12,1890,1894-06-06,0.07842901565819264
12,1890,1894-06-13,0.03002127939370493
12,1890,1894-06-20,0.02012171358723268
12,1890,1894-06-27,0.010224950080576497
12,1890,1894-07-04,0.012257386852223214
12,1890,1894-07-11,0.011730506387213381
12,1890,1894-07-18,0.0159775108260786
12,1890,1894-07-25,0.022903938885368874
12,1890,1894-08-01,0.024296386749430906
12,1890,1894-08-08,0.025412065725348324
12,1890,1894-08-15,0.03289277247797857
12,1890,1894-08-22,0.050361806345730516
12,1890,1894-08-29,0.03698594046979962
12,1890,1894-09-05,0.1267247381938615
12,1890,1894-09-12,0.10256098987774652
12,1890,1894-09-19,0.10346941674255537
12,1890,1894-09-26,0.10039746505515361
12,1890,1894-10-03,0.09927016512058605
12,1890,1894-10-10,0.08901176458946408
12,1890,1894-10-17,0.038048494953406085
12,1890,1894-10-24,0.04027955002055214
12,1890,1894-10-31,0.03167779835206885
12,1890,1894-11-07,0.036014796217419515
12,1890,1894-11-14,0.04027692056613866
12,1890,1894-11-21,0.030793360567247904
12,1890,1894-11-28,0.030188394950580396
12,1890,1894-12-05,0.03378279874902422
12,1890,1894-12-12,0.16798501178695838
12,1890,1894-12-19,0.21283028724176573
12,1890,1894-12-24,0.2013840098959366
12,1890,1895-01-02,0.2569866656422122
12,1890,1895-01-09,0.12107486771891446
12,1890,1895-01-16,0.09120143581187931
12,1890,1895-01-23,0.04087802913510113
12,1890,1895-01-30,0.037969561041108026
12,1890,1895-02-06,0.03255431729666921
12,1890,1895-02-13,0.03466545157907222
12,1890,1895-02-20,0.033924536641630046
12,1890,1895-02-27,0.01816570112718795
12,1890,1895-03-06,0.22024306185098302
12,1890,1895-03-13,0.26068530466308015
12,1890,1895-03-20,0.14365103176016059
12,1890,1895-03-27,0.09337629609319001
12,1890,1895-04-03,0.06327324546617442
12,1890,1895-04-10,0.04884290310259269
12,1890,1895-04-17,0.05820627510235368
12,1890,1895-04-24,0.057518928342252175
12,1890,1895-05-01,0.03043682217442824
12,1890,1895-05-08,0.035073703077529265
12,1890,1895-05-15,0.027573975455485396
12,1890,1895-05-22,0.02587982499410319
12,1890,1895-05-29,0.03490172219572227
12,1890,1895-06-05,0.022326424893864882
12,1890,1895-06-12,0.015772393352518115
12,1890,1895-06-19,0.01610416061944848
12,1890,1895-06-26,0.019593974668786953
12,1890,1895-07-03,0.026947788282810192
12,1890,1895-07-10,0.02951524117250335
12,1890,1895-07-17,0.045193698506689375
12,1890,1895-07-24,0.049423746428007495
12,1890,1895-07-31,0.0450605427516569
12,1890,1895-08-07,0.04646135051235229
12,1890,1895-08-14,0.057101790926619725
12,1890,1895-08-21,0.05674437193044064
12,1890,1895-08-28,0.03992115048256255
12,1890,1895-09-04,0.043505114564462176
12,1890,1895-09-11,0.043424919179271715
12,1890,1895-09-18,0.055235220778270755
12,1890,1895-09-25,0.04943622503123754
12,1890,1895-10-02,0.03905925873559974
12,1890,1895-10-09,0.053637879908575666
12,1890,1895-10-16,0.06226811530614526
12,1890,1895-10-23,0.09091365059675136
12,1890,1895-10-30,0.09527564345118139
12,1890,1895-11-06,0.08751157917838236
12,1890,1895-11-13,0.1074136991993929
12,1890,1895-11-20,0.13851316875557132
12,1890,1895-11-27,0.12600675379522577
12,1890,1895-12-04,0.09717122147106974
12,1890,1895-12-11,0.12205142457506292
12,1890,1895-12-18,0.09454105943224132
12,1890,1895-12-24,0.08087440649974896
12,1890,1896-01-01,0.21811648726364047
12,1890,1896-01-08,0.26681409529867317
12,1890,1896-01-15,0.09179153464862402
12,1890,1896-01-22,0.10503223780493604
12,1890,1896-01-29,0.05988503827714653
12,1890,1896-02-05,0.03888716925524782
12,1890,1896-02-12,0.06797062495537981
12,1890,1896-02-19,0.08198000988130674
12,1890,1896-02-26,0.0686317405313966
12,1890,1896-03-04,0.16747861587607926
12,1890,1896-03-11,0.08981416754001335
12,1890,1896-03-18,0.0850455598230351
12,1890,1896-03-25,0.0916680314820292
12,1890,1896-04-01,0.10007191751196598
12,1890,1896-04-08,0.14436758964629068
12,1890,1896-04-15,0.14481411278096745
12,1890,1896-04-22,0.14279746575652721
12,1890,1896-04-29,0.12328798644989966
12,1890,1896-05-06,0.12959023821052912
12,1890,1896-05-13,0.1488488540457223
12,1890,1896-05-20,0.18501075425341817
12,1890,1896-05-27,0.1741454022523825
12,1890,1896-06-03,0.1491935563537841
12,1890,1896-06-10,0.14982958043541444
12,1890,1896-06-17,0.15576171772689665
12,1890,1896-06-24,0.14732002361437338
12,1890,1896-07-01,0.229451664713216
12,1890,1896-07-08,0.3419705786805487
12,1890,1896-07-15,0.212870421418733
12,1890,1896-07-22,0.20754319038378408
12,1890,1896-07-29,0.1678657120312329
12,1890,1896-08-05,0.13481846571429418
12,1890,1896-08-12,0.21579791492091346
12,1890,1896-08-19,0.22322334040786135
12,1890,1896-08-26,0.19849866919403503
12,1890,1896-09-02,0.26230839688170704
12,1890,1896-09-09,0.21093749707300852
12,1890,1896-09-16,0.10580688709236799
12,1890,1896-09-23,0.18000764375851255
12,1890,1896-09-30,0.07326649729220526
12,1890,1896-10-07,0.1233709710678288
12,1890,1896-10-14,0.08895614822413453
12,1890,1896-10-21,0.1870772529255647
12,1890,1896-10-28,0.042106617086820494
12,1890,1896-11-04,0.1959199966656874
12,1890,1896-11-11,0.24327389253180523
12,1890,1896-11-18,0.2031242224745344
12,1890,1896-11-25,0.1818303390023793
12,1890,1896-12-02,0.40373421172725527
12,1890,1896-12-09,0.5346258306662477
12,1890,1896-12-16,0.4764699951208364
12,1890,1896-12-23,0.448208870833771
12,1890,1896-12-30,0.5118456384575508
12,1890,1897-01-06,0.519409121033399
12,1890,1897-01-13,0.4137009755859217
12,1890,1897-01-20,0.29250863630397816
12,1890,1897-01-27,0.3274970446910702
12,1890,1897-02-03,0.11801117176777558
12,1890,1897-02-10,0.27680601489598483
12,1890,1897-02-17,0.1985085504047826
12,1890,1897-02-24,0.195548277660526
12,1890,1897-03-03,0.24377312206842314
12,1890,1897-03-10,0.32567259334752774
12,1890,1897-03-17,0.1521770139368542
12,1890,1897-03-24,0.1705545413008269
12,1890,1897-03-31,0.1775993496150453
12,1890,1897-04-07,0.2717821842282078
12,1890,1897-04-14,0.512276313677671
12,1890,1897-04-21,0.5103718963425219
12,1890,1897-04-28,0.48593635936156254
12,1890,1897-05-05,0.3651370439689994
12,1890,1897-05-12,0.37127976155046505
12,1890,1897-05-19,0.4614935312118874
12,1890,1897-05-26,0.2781694578457213
12,1890,1897-06-02,0.27706237092698527
12,1890,1897-06-09,0.2800059187654006
12,1890,1897-06-16,0.24349629329622693
12,1890,1897-06-23,0.16170905245421308
12,1890,1897-06-30,0.2038310438323969
12,1890,1897-07-07,0.25089750167496666
12,1890,1897-07-14,0.17216483124386836
12,1890,1897-07-21,0.20120221679770423
12,1890,1897-07-28,0.16961070937690836
12,1890,1897-08-04,0.1063642534841579
12,1890,1897-08-11,0.19929599663059347
12,1890,1897-08-18,0.2536732997025514
12,1890,1897-08-25,0.303691311977455
12,1890,1897-09-01,0.45732195204585513
12,1890,1897-09-08,0.3124281144098313
12,1890,1897-09-15,0.2963630570148666
12,1890,1897-09-22,0.2699486846670805
12,1890,1897-09-29,0.09568248896290674
12,1890,1897-10-06,0.12854071546111742
12,1890,1897-10-13,0.09198277701465143
12,1890,1897-10-20,0.03233474611003832
12,1890,1897-10-27,0.08208431839614455
12,1890,1897-11-03,0.14866058129702336
12,1890,1897-11-10,0.16085910273647935
12,1890,1897-11-17,0.16563299600245765
12,1890,1897-11-24,0.33540266075416414
12,1890,1897-12-01,0.2463959501372981
12,1890,1897-12-08,0.44093097740386594
12,1890,1897-12-15,0.5086722940911789
12,1890,1897-12-22,0.24281318259321533
12,1890,1897-12-29,0.19483544974285455
12,1890,1898-01-05,0.1397788841723146
12,1890,1898-01-12,0.10978591815522189
12,1890,1898-01-19,0.10764695150235384
12,1890,1898-01-26,0.07047576567501085
12,1890,1898-02-02,0.06425225082967533
12,1890,1898-02-09,0.040255848502273754
12,1890,1898-02-16,0.07974406603252866
12,1890,1898-02-23,0.11854666716856127
12,1890,1898-03-02,0.14363015945678012
12,1890,1898-03-09,0.2716391224117434
12,1890,1898-03-16,0.2467076623765915
12,1890,1898-03-23,0.244763165193375
12,1890,1898-03-30,0.19581243510272855
12,1890,1898-04-06,0.025403295819567566
12,1890,1898-04-13,0.12749972308993943
12,1890,1898-04-20,0.14799852373432218
12,1890,1898-04-27,0.1865635490577981
12,1890,1898-05-04,0.142940870962989
12,1890,1898-05-11,0.313468279246123
12,1890,1898-05-18,0.3518317930720172
12,1890,1898-05-25,0.5373161076598281
12,1890,1898-06-01,0.32956842691560995
12,1890,1898-06-08,0.3702483748523456
12,1890,1898-06-15,0.14927752557503066
12,1890,1898-06-22,0.25013417409629185
12,1890,1898-06-29,0.1850102341112965
12,1890,1898-07-06,0.47106727228346923
12,1890,1898-07-13,0.3992904597407439
12,1890,1898-07-20,0.4166201280887581
12,1890,1898-07-27,0.3717723521273798
12,1890,1898-08-03,0.3539974697509626
12,1890,1898-08-10,0.27264983536578025
12,1890,1898-08-17,0.28153721466789555
12,1890,1898-08-24,0.2961812332078912
12,1890,1898-08-31,0.27872367666299136
12,1890,1898-09-07,0.2902064049077341
12,1890,1898-09-14,0.31255089131862035
12,1890,1898-09-21,0.36687223055456974
12,1890,1898-09-28,0.23042874142247033
12,1890,1898-10-05,0.24860111872066293
12,1890,1898-10-12,0.2909072997901602
12,1890,1898-10-19,0.06240221812518329
12,1890,1898-10-26,0.2078820000826368
12,1890,1898-11-02,0.20942605534934017
12,1890,1898-11-09,0.21268796026370837
12,1890,1898-11-16,0.2683414666740699
12,1890,1898-11-23,0.3585161766205636
12,1890,1898-11-30,0.2842607580338513
12,1890,1898-12-07,0.37365190419869443
12,1890,1898-12-14,0.3361013865040378
12,1890,1898-12-21,0.21401304141694935
12,1890,1898-12-28,0.20884410911271037
12,1890,1899-01-04,0.1328042131307048
12,1890,1899-01-11,0.049411294073693615
12,1890,1899-01-18,0.052864262924646924
12,1890,1899-01-25,0.11088856092370737
12,1890,1899-02-01,0.05989611689459746
12,1890,1899-02-08,0.12147420271638389
12,1890,1899-02-15,0.06487048399840212
12,1890,1899-02-22,0.0743840427555428
12,1890,1899-03-01,0.049218494301075166
12,1890,1899-03-08,0.22910905764619477
12,1890,1899-03-15,0.19956700527173574
12,1890,1899-03-22,0.19373721648216283
12,1890,1899-03-29,0.21614122911820494
12,1890,1899-04-05,0.1828250367698035
12,1890,1899-04-12,0.24738826849322854
12,1890,1899-04-19,0.25830776626428303
12,1890,1899-04-26,0.23841762926896595
12,1890,1899-05-03,0.14000434534853162
12,1890,1899-05-10,0.1939616236740567
12,1890,1899-05-17,0.23402159778782522
12,1890,1899-05-24,0.27014105525998733
12,1890,1899-05-31,0.4148152809740927
12,1890,1899-06-07,0.2021344469881624
12,1890,1899-06-14,0.22150224907722904
12,1890,1899-06-21,0.2076654566600881
12,1890,1899-06-28,0.20831411257976212
12,1890,1899-07-05,0.14464966117772052
12,1890,1899-07-12,0.1938669291019696
12,1890,1899-07-19,0.09546574189870487
12,1890,1899-07-26,0.14525580495321275
12,1890,1899-08-02,0.10000053647898927
12,1890,1899-08-09,0.14641128097989528
12,1890,1899-08-16,0.16959281154614783
12,1890,1899-08-23,0.27428943474528616
12,1890,1899-08-30,0.32505080924780344
12,1890,1899-09-06,0.18058337927469537
12,1890,1899-09-13,0.18724947557079907
12,1890,1899-09-20,0.213517044228311
12,1890,1899-09-27,0.17139447084995213
12,1890,1899-10-04,0.02322396159422924
12,1890,1899-10-11,0.03737404359414687
12,1890,1899-10-18,0.05303174206723082
12,1890,1899-10-25,0.0580210784000941
12,1890,1899-11-01,0.039404410598555754
12,1890,1899-11-08,0.06921869943559428
12,1890,1899-11-15,0.10747770676696508
12,1890,1899-11-22,0.15388639369146487
12,1890,1899-11-29,0.19571995861703936
12,1890,1899-12-06,0.11654062746259013
12,1890,1899-12-13,0.35341107624447937
12,1890,1899-12-20,0.34952396424530735
12,1890,1899-12-27,0.2499038257045884
12,1890,1900-01-03,0.21933708860768716
12,1890,1900-01-10,0.3601442951670987
12,1890,1900-01-17,0.6808464737591428
12,1890,1900-01-24,0.3740441901669667
12,1890,1900-01-31,0.3671554833421562
12,1890,1900-02-07,0.17288216317713237
12,1890,1900-02-14,0.18785493194759487
12,1890,1900-02-21,0.135881490316674
12,1890,1900-02-28,0.13740691645186537
12,1890,1900-03-07,0.28350354199075534
12,1890,1900-03-14,0.6096841804072841
12,1890,1900-03-21,0.6912820546673504
12,1890,1900-03-28,0.5957258036469039
12,1890,1900-04-04,0.4318129874272367
12,1890,1900-04-11,0.3657626934070858
12,1890,1900-04-18,0.3736207598867481
12,1890,1900-04-25,0.4874555184037931
12,1890,1900-05-02,0.36522748870046895
12,1890,1900-05-09,0.43005698127765635
12,1890,1900-05-16,0.6087977850196739
12,1890,1900-05-23,0.30143106923070423
12,1890,1900-05-30,0.48211687658397123
12,1890,1900-06-06,0.32390344505614616
12,1890,1900-06-13,0.3933883619987972
12,1890,1900-06-20,0.5788223542149397
12,1890,1900-06-27,0.4383696099691197
12,1890,1900-07-04,0.2594665232322034
12,1890,1900-07-11,0.22004815579508372
12,1890,1900-07-18,0.26279862690173594
12,1890,1900-07-25,0.03459356525098945
12,1890,1900-08-01,0.07082805023102949
12,1890,1900-08-08,0.062391362307652715
12,1890,1900-08-15,0.08063389684523868
12,1890,1900-08-22,0.14155727166045465
12,1890,1900-08-29,0.20709267063733605
12,1890,1900-09-05,0.2727429850527137
12,1890,1900-09-12,0.314952603506982
12,1890,1900-09-19,0.2737307213589353
12,1890,1900-09-26,0.3630179378377066
12,1890,1900-10-03,0.31606263175999094
12,1890,1900-10-10,0.24205989938320527
12,1890,1900-10-17,0.296430623997533
12,1890,1900-10-24,0.3012101131221314
12,1890,1900-10-31,0.19447467638635876
12,1890,1900-11-07,0.11144087830241023
12,1890,1900-11-14,0.10829125221267626
12,1890,1900-11-21,0.08333108820112305
12,1890,1900-11-28,0.06296773299940013
12,1890,1900-12-05,0.27627766463139675
12,1890,1900-12-12,0.39112263345061743
12,1890,1900-12-19,0.38253135332860144
12,1890,1900-12-24,0.4043208795771491
12,1890,1901-01-02,0.3309773434822477
12,1890,1901-01-09,0.025056412398562912
12,1890,1901-01-16,0.10467023427698284
12,1890,1901-01-23,0.08148889204923479
12,1890,1901-01-30,0.08284500815867718
12,1890,1901-02-06,0.06295673089733268
12,1890,1901-02-13,0.5533423863272854
12,1890,1901-02-20,0.33865537544573193
12,1890,1901-02-27,0.4163091683751478
12,1890,1901-03-06,0.40480167356281604
12,1890,1901-03-13,0.5325926411046125
12,1890,1901-03-20,0.3554442567333772
12,1890,1901-03-27,0.3570744416814752
12,1890,1901-04-03,0.14710441346534628
12,1890,1901-04-10,0.23695838148335754
12,1890,1901-04-17,0.18462029008380257
12,1890,1901-04-24,0.14386757249594984
12,1890,1901-05-01,0.23341847367466856
12,1890,1901-05-08,0.1946502775639593
12,1890,1901-05-15,0.24197650792195788
12,1890,1901-05-22,0.24494397873540563
12,1890,1901-05-29,0.25962051242136397
12,1890,1901-06-05,0.1557935769861083
12,1890,1901-06-12,0.3664418648088012
12,1890,1901-06-19,0.34620985050284636
12,1890,1901-06-26,0.37873891185576775
12,1890,1901-07-03,0.3736053997918528
12,1890,1901-07-10,0.3657624863651052
12,1890,1901-07-17,0.3193825010934972
12,1890,1901-07-24,0.12007909411381887
12,1890,1901-07-31,0.11192766575433674
12,1890,1901-08-07,0.07976308390841279
12,1890,1901-08-14,0.15799242244889694
12,1890,1901-08-21,0.1577526467116845
12,1890,1901-08-28,0.16384013119386345
12,1890,1901-09-04,0.19483806279767346
12,1890,1901-09-11,0.18625335376636343
12,1890,1901-09-18,0.25401385051370756
12,1890,1901-09-25,0.13100494106806446
12,1890,1901-10-02,0.1455625936828477
12,1890,1901-10-09,0.13171777802451187
12,1890,1901-10-16,0.144890552996237
12,1890,1901-10-23,0.029614458166767808
12,1890,1901-10-30,0.07949455756887316
12,1890,1901-11-06,0.07295621236784378
12,1890,1901-11-13,0.11453993293805594
12,1890,1901-11-20,0.1592137812500491
12,1890,1901-11-27,0.3007390867100945
12,1890,1901-12-04,0.3405052906842319
12,1890,1901-12-11,0.45414765463587387
12,1890,1901-12-18,0.3056614387491665
12,1890,1901-12-24,0.3210460580649928
12,1890,1902-01-01,0.4850944110845835
12,1890,1902-01-08,0.36057749163991604
12,1890,1902-01-15,0.20369633699464662
12,1890,1902-01-22,0.15449008555421623
12,1890,1902-01-29,0.2995398785497803
12,1890,1902-02-05,0.09826190245593758
12,1890,1902-02-12,0.3948600402612095
12,1890,1902-02-19,0.3318118838778976
12,1890,1902-02-26,0.2932254374956578
12,1890,1902-03-05,0.37812032261187406
12,1890,1902-03-12,0.5563216376437827
12,1890,1902-03-19,0.4266049588762322
12,1890,1902-03-26,0.2678468651614205
12,1890,1902-04-02,0.28803763192797144
12,1890,1902-04-09,0.28781102495880867
12,1890,1902-04-16,0.3132870979086742
12,1890,1902-04-23,0.38657143306838043
12,1890,1902-04-30,0.3532529246733192
12,1890,1902-05-07,0.2332959990730237
12,1890,1902-05-14,0.3742225504121376
12,1890,1902-05-21,0.4337289570611695
12,1890,1902-05-28,0.5782549586579855
12,1890,1902-06-04,0.27838169455512773
12,1890,1902-06-11,0.19565357513005732
12,1890,1902-06-18,0.1379957950222709
12,1890,1902-06-25,0.19115058094690562
12,1890,1902-07-02,0.21887615552797676
12,1890,1902-07-09,0.1428281379601245
12,1890,1902-07-16,0.13399010578844792
12,1890,1902-07-23,0.12866283592663325
12,1890,1902-07-30,0.11632980204190353
12,1890,1902-08-06,0.056239723617412626
12,1890,1902-08-13,0.15067850023320364
12,1890,1902-08-20,0.17301306962091784
12,1890,1902-08-27,0.40981105756268416
12,1890,1902-09-03,0.31711927379350086
12,1890,1902-09-10,0.32039931825038764
12,1890,1902-09-17,0.23677702558737285
12,1890,1902-09-24,0.24537098094523435
12,1890,1902-10-01,0.22042572269269048
12,1890,1902-10-08,0.023333403123855102
12,1890,1902-10-15,0.045068943801602444
12,1890,1902-10-22,0.0640792427691372
12,1890,1902-10-29,0.06971813581677633
12,1890,1902-11-05,0.03072207334104631
12,1890,1902-11-12,0.08133488676559292
12,1890,1902-11-19,0.08432722879427343
12,1890,1902-11-26,0.09222405271447962
12,1890,1902-12-03,0.19180502520882645
12,1890,1902-12-10,0.36741754025842316
12,1890,1902-12-17,0.28088898837868553
12,1890,1902-12-24,0.22347289674871507
12,1890,1902-12-31,0.23317730563473524
12,1890,1903-01-07,0.22512277921171134
12,1890,1903-01-14,0.20084911203692113
12,1890,1903-01-21,0.25394606311805523
12,1890,1903-01-28,0.15160779619172648
12,1890,1903-02-04,0.09089147881825856
12,1890,1903-02-11,0.12060303097551943
12,1890,1903-02-18,0.1391716182105835
12,1890,1903-02-25,0.10835792530169147
12,1890,1903-03-04,0.3325212430369321
12,1890,1903-03-11,0.34950089620604596
12,1890,1903-03-18,0.32021776592953843
12,1890,1903-03-25,0.328972509413066
12,1890,1903-04-01,0.18765605594995352
12,1890,1903-04-08,0.14058786448354252
12,1890,1903-04-15,0.21414508159481865
12,1890,1903-04-22,0.29431836021869734
12,1890,1903-04-29,0.2817901929239791
12,1890,1903-05-06,0.21566057970773408
12,1890,1903-05-13,0.4577540495029078
12,1890,1903-05-20,0.18841912515412115
12,1890,1903-05-27,0.6083396408895669
12,1890,1903-06-03,0.4348242085245874
12,1890,1903-06-10,0.24558630153103225
12,1890,1903-06-17,0.11460306782941933
12,1890,1903-06-24,0.3774901011099871
12,1890,1903-07-01,0.2271420817298771
12,1890,1903-07-08,0.2186916437783622
12,1890,1903-07-15,0.8099455273966297
12,1890,1903-07-22,0.25486614917857536
12,1890,1903-07-29,0.14018638929225535
12,1890,1903-08-05,0.08351298373616768
12,1890,1903-08-12,0.18382755534786688
12,1890,1903-08-19,0.16680383236015298
12,1890,1903-08-26,0.12601860846044338
12,1890,1903-09-02,0.29258808793172253
12,1890,1903-09-09,0.01570256823511442
12,1890,1903-09-16,0.08705946923068761
12,1890,1903-09-23,0.10491519259963251
12,1890,1903-09-30,0.0838353397422566
12,1890,1903-10-07,0.04802767772301479
12,1890,1903-10-14,0.10562856262552159
12,1890,1903-10-21,0.35589090792950157
12,1890,1903-10-28,0.3477358995032737
12,1890,1903-11-04,0.17533824856067998
12,1890,1903-11-11,0.1330631374231534
12,1890,1903-11-18,0.09252251111164303
12,1890,1903-11-25,0.11573314456933306
12,1890,1903-12-02,0.3063464652063214
12,1890,1903-12-09,0.32596126182581936
12,1890,1903-12-16,0.2584822950642321
12,1890,1903-12-23,0.22050718484925072
12,1890,1903-12-30,0.1518574586849471
12,1890,1904-01-06,0.08399463666099949
12,1890,1904-01-13,0.07933799336153376
12,1890,1904-01-20,0.057281567895942874
12,1890,1904-01-27,0.028351045892188485
12,1890,1904-02-03,0.04656541671855118
12,1890,1904-02-10,0.07784078227221722
12,1890,1904-02-17,0.09392882055196398
12,1890,1904-02-24,0.07670148197215433
12,1890,1904-03-02,0.15340685605144846
12,1890,1904-03-09,0.19081475373703594
12,1890,1904-03-16,0.16074011929171103
12,1890,1904-03-23,0.21027939254267117
12,1890,1904-03-30,0.13541061944665736
12,1890,1904-04-06,0.2802155324901147
12,1890,1904-04-13,0.26122831732703927
12,1890,1904-04-20,0.5528854139121688
12,1890,1904-04-27,0.678784669025252
12,1890,1904-05-04,0.41193014456346394
12,1890,1904-05-11,0.5071463504788505
12,1890,1904-05-18,0.5167490874912931
12,1890,1904-05-25,0.39619937292098023
12,1890,1904-06-01,0.42903261667699105
12,1890,1904-06-08,0.4031094484142264
12,1890,1904-06-15,0.3564556075657161
12,1890,1904-06-22,0.2613825304409646
12,1890,1904-06-29,0.18633199573086295
12,1890,1904-07-06,0.1599923305083874
12,1890,1904-07-13,0.20777851221821925
12,1890,1904-07-20,0.20051864161879493
12,1890,1904-07-27,0.18382375880816992
12,1890,1904-08-03,0.1014272848786656
12,1890,1904-08-10,0.18790599864475097
12,1890,1904-08-17,0.21857043343626423
12,1890,1904-08-24,0.24429311669320436
12,1890,1904-08-31,0.4240932170836784
12,1890,1904-09-07,0.20730251265086042
12,1890,1904-09-14,0.16066874957807215
12,1890,1904-09-21,0.15084817062590647
12,1890,1904-09-28,0.1648820575402623
12,1890,1904-10-05,0.0663503587829382
12,1890,1904-10-12,0.059637718840882106
12,1890,1904-10-19,0.08457314427621035
12,1890,1904-10-26,0.10464178234675593
12,1890,1904-11-02,0.10489325927622586
12,1890,1904-11-09,0.10662459125596936
12,1890,1904-11-16,0.09880115752162025
12,1890,1904-11-23,0.11605562274894611
12,1890,1904-11-30,0.08227494592114924
12,1890,1904-12-07,0.23657976953420917
12,1890,1904-12-14,0.15177970501900048
12,1890,1904-12-21,0.09810215900488937
12,1890,1904-12-28,0.1682004327410468
12,1890,1905-01-04,0.13155096349238674
12,1890,1905-01-11,0.14786449124763176
12,1890,1905-01-18,0.07528117402731177
12,1890,1905-01-25,0.0549027563850907
12,1890,1905-02-01,0.0767836781248949
12,1890,1905-02-08,0.06772650165695589
12,1890,1905-02-15,0.10874557780290667
12,1890,1905-02-22,0.06791888924909571
12,1890,1905-03-01,0.09080795781676859
12,1890,1905-03-08,0.25396188392309893
12,1890,1905-03-15,0.35443711169551345
12,1890,1905-03-22,0.39028304206170206
12,1890,1905-03-29,0.21753907624656862
12,1890,1905-04-05,0.16976550030003026
12,1890,1905-04-12,0.17928903286589032
12,1890,1905-04-19,0.08760583812152063
12,1890,1905-04-26,0.1954053306412919
12,1890,1905-05-03,0.1880409545538731
12,1890,1905-05-10,0.22274094945997447
12,1890,1905-05-17,0.3522830694144247
12,1890,1905-05-24,0.27287657040623237
12,1890,1905-05-31,0.2906986851676371
12,1890,1905-06-07,0.16982375797305224
12,1890,1905-06-14,0.14619591545536922
12,1890,1905-06-21,0.12034337561754757
12,1890,1905-06-28,0.11676490168328724
12,1890,1905-07-05,0.16379160552702166
12,1890,1905-07-12,0.20029314175159746
12,1890,1905-07-19,0.1414194419437986
12,1890,1905-07-26,0.12420924215193836
12,1890,1905-08-02,0.09275839133671193
12,1890,1905-08-09,0.11039230889899769
12,1890,1905-08-16,0.17430755283428545
12,1890,1905-08-23,0.17083326115676817
12,1890,1905-08-30,0.18401996758863426
12,1890,1905-09-06,0.2559710182484054
12,1890,1905-09-13,0.06356856894136693
12,1890,1905-09-20,0.14527660111080387
12,1890,1905-09-27,0.1303325960813119
12,1890,1905-10-04,0.01599110477282169
12,1890,1905-10-11,0.0690946767599869
12,1890,1905-10-18,0.26230852996273224
12,1890,1905-10-25,0.24843281940541992
12,1890,1905-11-01,0.13836100146633534
12,1890,1905-11-08,0.36461395113057216
12,1890,1905-11-15,0.33156904960220857
12,1890,1905-11-22,0.35840113253083605
12,1890,1905-11-29,0.3313489399408068
12,1890,1905-12-06,0.20403621290842
12,1890,1905-12-13,0.07847405628038688
12,1890,1905-12-20,0.07663655278733979
12,1890,1905-12-27,0.19569038088477272
12,1890,1906-01-03,0.2051057191542191
12,1890,1906-01-10,0.15924829665232637
12,1890,1906-01-17,0.2582418681375072
12,1890,1906-01-24,0.3320318086012155
12,1890,1906-01-31,0.16377809114332856
12,1890,1906-02-07,0.2726196896828079
12,1890,1906-02-14,0.37364771526746454
12,1890,1906-02-21,0.15862253912945004
12,1890,1906-02-28,0.03706707156247677
12,1890,1906-03-07,0.063827770249882
12,1890,1906-03-14,0.09785538461237592
12,1890,1906-03-21,0.025574199299152025
12,1890,1906-03-28,0.07726626891456986
12,1890,1906-04-04,0.052312126065300224
12,1890,1906-04-11,0.12522159321638718
12,1890,1906-04-18,0.14563215029334906
12,1890,1906-04-25,0.3733763813676438
12,1890,1906-05-02,0.37826322314674243
12,1890,1906-05-09,0.15061195071274122
12,1890,1906-05-16,0.17408807185881411
12,1890,1906-05-23,0.26903189791654486
12,1890,1906-05-30,0.21038250337567374
12,1890,1906-06-06,0.17745691644404532
12,1890,1906-06-13,0.2522057117686395
12,1890,1906-06-20,0.22081583273384256
12,1890,1906-06-27,0.5019912592463625
12,1890,1906-07-04,0.2748578668853117
12,1890,1906-07-11,0.2390589483133403
12,1890,1906-07-18,0.24476942823724918
12,1890,1906-07-25,0.3065176188639121
12,1890,1906-08-01,0.1703505729026298
12,1890,1906-08-08,0.1590977040357493
12,1890,1906-08-15,0.23480568428732548
12,1890,1906-08-22,0.2773557795327644
12,1890,1906-08-29,0.2380258975613161
12,1890,1906-09-05,0.29971992179242385
12,1890,1906-09-12,0.1540526437587572
12,1890,1906-09-19,0.11623455688962447
12,1890,1906-09-26,0.1902582676998443
12,1890,1906-10-03,0.1321451089970204
12,1890,1906-10-10,0.12300548866542095
12,1890,1906-10-17,0.017028975947776435
12,1890,1906-10-24,0.012532117129870861
12,1890,1906-10-31,0.029928323173746753
12,1890,1906-11-07,0.028188343140632222
12,1890,1906-11-14,0.025891203413964597
12,1890,1906-11-21,0.05850504008110815
12,1890,1906-11-28,0.20310700915302532
12,1890,1906-12-05,0.13056174228541992
12,1890,1906-12-12,0.14143171385508344
12,1890,1906-12-19,0.10127319449762066
12,1890,1906-12-24,0.10845257903451985
12,1890,1907-01-02,0.18835873148859464
12,1890,1907-01-09,0.13059009362369667
12,1890,1907-01-16,0.1697577473313203
12,1890,1907-01-23,0.7777626594414818
12,1890,1907-01-30,0.4388748584260309
12,1890,1907-02-06,0.3005876586179731
12,1890,1907-02-13,0.23128898082211502
12,1890,1907-02-20,0.3378553839405509
12,1890,1907-02-27,0.05347329603203818
12,1890,1907-03-06,0.14777217665333736
12,1890,1907-03-13,0.21036824142130756
12,1890,1907-03-20,0.10999618223554648
12,1890,1907-03-27,0.051107037616234724
12,1890,1907-04-03,0.08555183784054549
12,1890,1907-04-10,0.1145241366884738
12,1890,1907-04-17,0.24950708473572672
12,1890,1907-04-24,0.31219429257202025
12,1890,1907-05-01,0.4959590548938846
12,1890,1907-05-08,0.45556490242283687
12,1890,1907-05-15,0.47748683210230797
12,1890,1907-05-22,0.5273123279574748
12,1890,1907-05-29,0.5195721150450897
12,1890,1907-06-05,0.3140451465173752
12,1890,1907-06-12,0.3949132588076018
12,1890,1907-06-19,0.379184825550217
12,1890,1907-06-26,0.3054497100561851
12,1890,1907-07-03,0.2879083449217342
12,1890,1907-07-10,0.36028814999797154
12,1890,1907-07-17,0.20038423096854574
12,1890,1907-07-24,0.18665037896936554
12,1890,1907-07-31,0.1212974656204417
12,1890,1907-08-07,0.11614535383988403
12,1890,1907-08-14,0.24332498729381488
12,1890,1907-08-21,0.1281962383428813
12,1890,1907-08-28,0.2415679290243542
12,1890,1907-09-04,0.26753518622538724
12,1890,1907-09-11,0.21034832860730163
12,1890,1907-09-18,0.18789094745561624
12,1890,1907-09-25,0.21257967758117552
12,1890,1907-10-02,0.16482234498945542
12,1890,1907-10-09,0.20319609480185552
12,1890,1907-10-16,0.1789231832882975
12,1890,1907-10-23,0.3922603528644978
12,1890,1907-10-30,0.21349582760131047
12,1890,1907-11-06,0.007760765669666986
12,1890,1907-11-13,0.010587246719573909
12,1890,1907-11-20,0.02208697404580208
12,1890,1907-11-27,0.028802305345576457
12,1890,1907-12-04,0.01471401043462533
12,1890,1907-12-11,0.09508846838379158
12,1890,1907-12-18,0.0889310043063827
12,1890,1907-12-24,0.14847253207684824
12,1890,1908-01-01,0.4284625808697739
12,1890,1908-01-08,0.7329091089436142
12,1890,1908-01-15,0.5421562328846532
12,1890,1908-01-22,0.8745329512850455
12,1890,1908-01-29,0.8939451621926336
12,1890,1908-02-05,0.5519427775585254
12,1890,1908-02-12,0.62537769117454
12,1890,1908-02-19,0.5648086758783019
12,1890,1908-02-26,0.1816748812971531
12,1890,1908-03-04,0.24288638589263878
12,1890,1908-03-11,0.4196753690624907
12,1890,1908-03-18,0.18564055071586136
12,1890,1908-03-25,0.44493749292907764
12,1890,1908-04-01,0.2943420066609594
12,1890,1908-04-08,0.25497528192530156
12,1890,1908-04-15,0.1793993466001882
12,1890,1908-04-22,0.33177045323767484
12,1890,1908-04-29,0.2915743858075191
12,1890,1908-05-06,0.2775579745662823
12,1890,1908-05-13,0.31555345819784797
12,1890,1908-05-20,0.27563676671918924
12,1890,1908-05-27,0.3116302208569192
12,1890,1908-06-03,0.4361135842256738
12,1890,1908-06-10,0.21011888823420907
12,1890,1908-06-17,0.18294724791838196
12,1890,1908-06-24,0.17930821516829631
12,1890,1908-07-01,0.17740391199847527
12,1890,1908-07-08,0.22667705753668127
12,1890,1908-07-15,0.16936187815224554
12,1890,1908-07-22,0.16284396435573192
12,1890,1908-07-29,0.15592964717312893
12,1890,1908-08-05,0.13990608759828135
12,1890,1908-08-12,0.2564921891191758
12,1890,1908-08-19,0.2936352369528208
12,1890,1908-08-26,0.21822862495258022
12,1890,1908-09-02,0.30410464125148373
12,1890,1908-09-09,0.16551373608720973
12,1890,1908-09-16,0.1742732714115632
12,1890,1908-09-23,0.19103038939408956
12,1890,1908-09-30,0.13762267205986947
12,1890,1908-10-07,0.14641850553939634
12,1890,1908-10-14,0.15929907894680972
12,1890,1908-10-21,0.20231271568413262
12,1890,1908-10-28,0.1759859268884307
12,1890,1908-11-04,0.18319750620775035
12,1890,1908-11-11,0.2357514934101846
12,1890,1908-11-18,0.2141257670588453
12,1890,1908-11-25,0.21440822002327653
12,1890,1908-12-02,0.2784799891813159
12,1890,1908-12-09,0.3176079255824191
12,1890,1908-12-16,0.32346426756336855
12,1890,1908-12-23,0.29763565807931264
12,1890,1908-12-30,0.3325431188896974
12,1890,1909-01-06,0.6588277086995037
12,1890,1909-01-13,0.3925086033768266
12,1890,1909-01-20,0.09689490687186997
12,1890,1909-01-27,0.09937812599561052
12,1890,1909-02-03,0.04461774517872291
12,1890,1909-02-10,0.05955042219341457
12,1890,1909-02-17,0.06272888763741094
12,1890,1909-02-24,0.07853471930899866
12,1890,1909-03-03,0.15219348094927057
12,1890,1909-03-10,0.12014812825528577
12,1890,1909-03-17,0.0598193390988469
12,1890,1909-03-24,0.08004262019263614
12,1890,1909-03-31,0.0757722257572322
12,1890,1909-04-07,0.21137277642381147
12,1890,1909-04-14,0.21877609120359903
12,1890,1909-04-21,0.21418124438008415
12,1890,1909-04-28,0.22344057330269862
12,1890,1909-05-05,0.21438003902739491
12,1890,1909-05-12,0.1809603555954658
12,1890,1909-05-19,0.27295537953591437
12,1890,1909-05-26,0.28958347831476794
12,1890,1909-06-02,0.3110838117034159
12,1890,1909-06-09,0.3797730515139957
12,1890,1909-06-16,0.30026031805608394
12,1890,1909-06-23,0.2458865645477336
12,1890,1909-06-30,0.255284591088171
12,1890,1909-07-07,0.4584820499504341
12,1890,1909-07-14,0.2037598145560318
12,1890,1909-07-21,0.2110844031227948
12,1890,1909-07-28,0.19342401153376113
12,1890,1909-08-04,0.15100875779602213
12,1890,1909-08-11,0.280344986381007
12,1890,1909-08-18,0.29839895560725566
12,1890,1909-08-25,0.277210177937003
12,1890,1909-09-01,0.5706525691208704
12,1890,1909-09-08,0.31882755021292797
12,1890,1909-09-15,0.22427985179643176
12,1890,1909-09-22,0.21674916626450305
12,1890,1909-09-29,0.15993331615573433
12,1890,1909-10-06,0.17361786267288243
12,1890,1909-10-13,0.07706507187405032
12,1890,1909-10-20,0.02476062959640614
12,1890,1909-10-27,0.015001375633850317
12,1890,1909-11-03,0.0504741509073941
12,1890,1909-11-10,0.06393086883342547
12,1890,1909-11-17,0.11404333558336398
12,1890,1909-11-24,0.2827985847277618
12,1890,1909-12-01,0.3686103626868611
12,1890,1909-12-08,0.5595132272142962
12,1890,1909-12-15,0.7664733576209422
12,1890,1909-12-22,0.29585066757097467
12,1890,1909-12-29,0.2637203100389146
12,1890,1910-01-05,0.38210403064486353
12,1890,1910-01-12,0.45071772096115925
12,1890,1910-01-19,0.12052015714978132
12,1890,1910-01-26,0.1347271608205063
12,1890,1910-02-02,0.030499085872495425
12,1890,1910-02-09,0.05360836997241097
12,1890,1910-02-16,0.14289534854187047
12,1890,1910-02-23,0.3070235247183579
12,1890,1910-03-02,0.4405572666429709
12,1890,1910-03-09,0.49520961117449586
12,1890,1910-03-16,0.3028299490501692
12,1890,1910-03-23,0.037647769469659656
12,1890,1910-03-30,0.1196925965605318
12,1890,1910-04-06,0.09848656231972028
12,1890,1910-04-13,0.10024366240907975
12,1890,1910-04-20,0.0727512450603552
12,1890,1910-04-27,0.17007062133898165
12,1890,1910-05-04,0.1743517800804199
12,1890,1910-05-11,0.07714024743516504
12,1890,1910-05-18,0.0866021023241207
12,1890,1910-05-25,0.13208184760232616
12,1890,1910-06-01,0.14912122029977573
12,1890,1910-06-08,0.4337005268231052
12,1890,1910-06-15,0.44802565058633337
12,1890,1910-06-22,0.1406367964625939
12,1890,1910-06-29,0.08815749978688911
12,1890,1910-07-06,0.3081554313353351
12,1890,1910-07-13,0.1840878437674846
12,1890,1910-07-20,0.06689053157901448
12,1890,1910-07-27,0.09665642381614012
12,1890,1910-08-03,0.07689817174599724
12,1890,1910-08-10,0.22664591986589175
12,1890,1910-08-17,0.3362828824925671
12,1890,1910-08-24,0.5004030150380507
12,1890,1910-08-31,0.635813183287513
12,1890,1910-09-07,0.4167937236654394
12,1890,1910-09-14,0.36237406124131855
12,1890,1910-09-21,0.30450493258233113
12,1890,1910-09-28,0.2466551702607879
12,1890,1910-10-05,0.034206441044833835
12,1890,1910-10-12,0.15627591632682192
12,1890,1910-10-19,0.12071887161402235
12,1890,1910-10-26,0.026030077710849652
12,1890,1910-11-02,0.1328318572624717
12,1890,1910-11-09,0.41040822072974154
12,1890,1910-11-16,0.3836875561638276
12,1890,1910-11-23,0.2653382759810355
12,1890,1910-11-30,0.4029471003310831
12,1890,1910-12-07,0.5514424375743048
12,1890,1910-12-14,0.3308953391479683
12,1890,1910-12-21,0.1899590502216806
12,1890,1910-12-28,0.1727023341837667
12,1890,1911-01-04,0.1605509180632648
12,1890,1911-01-11,0.10865133619497279
12,1890,1911-01-18,0.10762890626578364
12,1890,1911-01-25,0.08668909877780548
12,1890,1911-02-01,0.13685750465366925
12,1890,1911-02-08,0.10936634014130515
12,1890,1911-02-15,0.16933497686054635
12,1890,1911-02-22,0.31021272468041566
12,1890,1911-03-01,0.2508046266279265
12,1890,1911-03-08,0.34902994430559003
12,1890,1911-03-15,0.3660555230356332
12,1890,1911-03-22,0.29009484957690296
12,1890,1911-03-29,0.24811138345120246
12,1890,1911-04-05,0.2188524142391819
12,1890,1911-04-12,0.3825003741222736
12,1890,1911-04-19,0.3378600222632248
12,1890,1911-04-26,0.21771118930259897
12,1890,1911-05-03,0.19881872153135202
12,1890,1911-05-10,0.2064217250855553
12,1890,1911-05-17,0.262099557118498
12,1890,1911-05-24,0.40656510467896007
12,1890,1911-05-31,0.30503527595472046
12,1890,1911-06-07,0.261520331052399
12,1890,1911-06-14,0.2636133265441594
12,1890,1911-06-21,0.22232864936977975
12,1890,1911-06-28,0.3298346702311813
12,1890,1911-07-05,0.42652506358259196
12,1890,1911-07-12,0.6171460976424149
12,1890,1911-07-19,0.29289194434697013
12,1890,1911-07-26,0.24268494204688038
12,1890,1911-08-02,0.12777127071723987
12,1890,1911-08-09,0.14931505411077475
12,1890,1911-08-16,0.2529539533369847
12,1890,1911-08-23,0.24625026636148786
12,1890,1911-08-30,0.43216824445974217
12,1890,1911-09-06,0.42754928940563147
12,1890,1911-09-13,0.2241379432985912
12,1890,1911-09-20,0.17867249041091154
12,1890,1911-09-27,0.017907939483182554
12,1890,1911-10-04,0.04049397281445097
12,1890,1911-10-11,0.06618703641740098
12,1890,1911-10-18,0.07215427341051837
12,1890,1911-10-25,0.06681940601380344
12,1890,1911-11-01,0.1266314227925604
12,1890,1911-11-08,0.14140118202859492
12,1890,1911-11-15,0.22846958101664405
12,1890,1911-11-22,0.2849242854888572
12,1890,1911-11-29,0.22661691149855376
12,1890,1911-12-06,0.27375043864947773
12,1890,1911-12-13,0.15099285680458246
12,1890,1911-12-20,0.12857142693983584
12,1890,1911-12-27,0.2054038745814308
12,1890,1912-01-03,0.5463223116732279
12,1890,1912-01-10,0.6058082836665393
12,1890,1912-01-17,0.19566350717181635
12,1890,1912-01-24,0.10154428801518313
12,1890,1912-01-31,0.05626235924452903
12,1890,1912-02-07,0.06961882134455144
12,1890,1912-02-14,0.24522394580448748
12,1890,1912-02-21,0.1946960693340087
12,1890,1912-02-28,0.16287951526387648
12,1890,1912-03-06,0.24153339014219705
12,1890,1912-03-13,0.24756689708828306
12,1890,1912-03-20,0.2336703941976879
12,1890,1912-03-27,0.20022403645441458
12,1890,1912-04-03,0.13427731116854183
12,1890,1912-04-10,0.2579936513178571
12,1890,1912-04-17,0.26144602899086583
12,1890,1912-04-24,0.3417546077460933
12,1890,1912-05-01,0.34017181060968965
12,1890,1912-05-08,0.3306929823313387
12,1890,1912-05-15,0.690423301392098
12,1890,1912-05-22,0.5626585496443557
12,1890,1912-05-29,0.5260776645491906
12,1890,1912-06-05,0.42797351761743785
12,1890,1912-06-12,0.3986297455872043
12,1890,1912-06-19,0.2786892425378147
12,1890,1912-06-26,0.2381107477303805
12,1890,1912-07-03,0.23839845935893778
12,1890,1912-07-10,0.41385139283368083
12,1890,1912-07-17,0.17960576043737156
12,1890,1912-07-24,0.15237585233303252
12,1890,1912-07-31,0.16978638885472097
12,1890,1912-08-07,0.15833188832818884
12,1890,1912-08-14,0.314608018234492
12,1890,1912-08-21,0.3042670884936539
12,1890,1912-08-28,0.3535353975157783
12,1890,1912-09-04,0.0540952701554974
12,1890,1912-09-11,0.04715931602923762
12,1890,1912-09-18,0.05911444879593417
12,1890,1912-09-25,0.06574845780824878
12,1890,1912-10-02,0.05201603247888156
12,1890,1912-10-09,0.21599637598336824
12,1890,1912-10-16,0.2980573473032022
12,1890,1912-10-23,0.0523708509799472
12,1890,1912-10-30,0.18049848398998752
12,1890,1912-11-06,0.20221837245888424
12,1890,1912-11-13,0.22536489173186092
12,1890,1912-11-20,0.187936933684194
12,1890,1912-11-27,0.3239229894155043
12,1890,1912-12-04,0.22047795357446648
12,1890,1912-12-11,0.21942063258887373
12,1890,1912-12-18,0.26362161971512144
12,1890,1912-12-24,0.2621926746272344
12,1890,1913-01-01,0.3915420812542587
12,1890,1913-01-08,0.6185080861120201
12,1890,1913-01-15,0.30274284498454385
12,1890,1913-01-22,0.20562939066795097
12,1890,1913-01-29,0.10482259352527326
12,1890,1913-02-05,0.06412535706046936
12,1890,1913-02-12,0.14389338396161516
12,1890,1913-02-19,0.1506151082590974
12,1890,1913-02-26,0.07289464551822669
12,1890,1913-03-05,0.17326416429990732
12,1890,1913-03-12,0.15735764358508983
12,1890,1913-03-19,0.15008935250998945
12,1890,1913-03-26,0.2682105427371451
12,1890,1913-04-02,0.17186639324221994
12,1890,1913-04-09,0.20425153070531415
12,1890,1913-04-16,0.2324764699271809
12,1890,1913-04-23,0.45900807460132514
12,1890,1913-04-30,0.3896319221345315
12,1890,1913-05-07,0.4967049795641158
12,1890,1913-05-14,0.6729344694259966
12,1890,1913-05-21,0.7341701765150201
12,1890,1913-05-28,0.5602356814072457
12,1890,1913-06-04,0.410852158410334
12,1890,1913-06-11,0.4587092899845221
12,1890,1913-06-18,0.35502184768045936
12,1890,1913-06-25,0.3010414471248839
12,1890,1913-07-02,0.396944836915763
12,1890,1913-07-09,0.7177463668071365
12,1890,1913-07-16,0.3961604369099908
12,1890,1913-07-23,0.3482358029440185
12,1890,1913-07-30,0.21364742394697092
12,1890,1913-08-06,0.1065709273231008
12,1890,1913-08-13,0.2854589022125902
12,1890,1913-08-20,0.25203450886476203
12,1890,1913-08-27,0.26832981548719165
12,1890,1913-09-03,0.2458506432278868
12,1890,1913-09-10,0.08436921984145734
12,1890,1913-09-17,0.11487598560761056
12,1890,1913-09-24,0.13039079079960153
12,1890,1913-10-01,0.044338629029541214
12,1890,1913-10-08,0.10570636138044621
12,1890,1913-10-15,0.16047193224517628
12,1890,1913-10-22,0.20005855262736275
12,1890,1913-10-29,0.15948828773315338
12,1890,1913-11-05,0.24405505151550067
12,1890,1913-11-12,0.19617591879349836
12,1890,1913-11-19,0.18966882171289165
12,1890,1913-11-26,0.28698539792937994
12,1890,1913-12-03,0.2547796698873252
12,1890,1913-12-10,0.28508780378462034
12,1890,1913-12-17,0.30469400084660714
12,1890,1913-12-24,0.2329784592402398
12,1890,1913-12-31,0.4289799196501662
12,1890,1914-01-07,0.8880660671000906
12,1890,1914-01-14,0.4674352543004659
12,1890,1914-01-21,0.15443283112980272
12,1890,1914-01-28,0.11604035393164222
12,1890,1914-02-04,0.1265783192069386
12,1890,1914-02-11,0.10190963493366316
12,1890,1914-02-18,0.0590268926177852
12,1890,1914-02-25,0.15185452359411838
12,1890,1914-03-04,0.5431184469030009
12,1890,1914-03-11,0.06964633469418935
12,1890,1914-03-18,0.04850283440745017
12,1890,1914-03-25,0.08149487702258247
12,1890,1914-04-01,0.14120262910772904
12,1890,1914-04-08,0.15330219305408022
12,1890,1914-04-15,0.18187762240513636
12,1890,1914-04-22,0.2184503294795004
12,1890,1914-04-29,0.19247878674386978
12,1890,1914-05-06,0.2546877633787141
12,1890,1914-05-13,0.32813553440189913
12,1890,1914-05-20,0.4465316060354287
12,1890,1914-05-27,0.5103460590664709
12,1890,1914-06-03,0.48496958928164746
12,1890,1914-06-10,0.5256550055925405
12,1890,1914-06-17,0.38816531398013654
12,1890,1914-06-24,0.31137429493610536
12,1890,1914-07-01,0.32920235639661627
12,1890,1914-07-08,0.592151817027988
12,1890,1914-07-15,0.2967314499880321
12,1890,1914-07-22,0.3402237447477391
12,1890,1914-11-04,0.8998487044078465
12,1890,1914-11-11,0.8176953692536664
12,1890,1914-11-18,0.9581030303204118
12,1890,1914-11-25,0.966129045526444
12,1890,1914-12-02,0.953204998531859
12,1890,1914-12-09,0.9847667023408665
12,1890,1914-12-16,0.9897300985675913
12,1890,1914-12-23,0.951146263832278
12,1890,1914-12-30,0.919729787129514
12,1890,1915-01-06,0.8975114383697979
12,1890,1915-01-13,0.8444677812315341
12,1890,1915-01-20,0.836128579702748
12,1890,1915-01-27,0.8690880284008472
12,1890,1915-02-03,0.8487465113288823
12,1890,1915-02-10,0.6779048856696375
12,1890,1915-02-17,0.5491097211091384
12,1890,1915-02-24,0.4353656020615995
12,1890,1915-03-03,0.318468442412149
12,1890,1915-03-10,0.24213221167131496
12,1890,1915-03-17,0.26726501212966436
12,1890,1915-03-24,0.2550606806946073
12,1890,1915-03-31,0.11912617680929065
12,1890,1915-04-07,0.07701892603238743
12,1890,1915-04-14,0.09653684230599692
12,1890,1915-04-21,0.10152285732720087
12,1890,1915-04-28,0.08888475114456247
12,1890,1915-05-05,0.11512056009234203
12,1890,1915-05-12,0.2863656901582461
12,1890,1915-05-19,0.13356491435979329
12,1890,1915-05-26,0.2125389766115815
12,1890,1915-06-02,0.1462337154875643
12,1890,1915-06-09,0.2466528502756137
12,1890,1915-06-16,0.30377810248182324
12,1890,1915-06-23,0.376112116493522
12,1890,1915-06-30,0.356941028124192
12,1890,1915-07-07,0.44518886296638316
12,1890,1915-07-14,0.6474860271382973
12,1890,1915-07-21,0.9360956261244793
12,1890,1915-07-28,0.8609425105051948
12,1890,1915-08-04,0.8112668350657618
12,1890,1915-08-11,0.9001350581024047
12,1890,1915-08-18,0.807439500265156
12,1890,1915-08-25,0.46176475808424083
12,1890,1915-09-01,0.27866484909283673
12,1890,1915-09-08,0.22089974896439427
12,1890,1915-09-15,0.24323858848869148
12,1890,1915-09-22,0.3632238292539796
12,1890,1915-09-29,0.6316439731139796
12,1890,1915-10-06,0.41326978604723225
12,1890,1915-10-13,0.5925722824245214
12,1890,1915-10-20,0.6977918456857567
12,1890,1915-10-27,0.7880129175364408
12,1890,1915-11-03,0.8561519828547469
12,1890,1915-11-10,0.8332729749971755
12,1890,1915-11-17,0.8212337937810901
12,1890,1915-11-24,0.7630113568449844
12,1890,1915-12-01,0.7186263122428551
12,1890,1915-12-08,0.6488961748807806
12,1890,1915-12-15,0.5644926578407262
12,1890,1915-12-22,0.2700216509469535
12,1890,1915-12-29,0.2786399344362674
12,1890,1916-01-05,0.32275965313198873
12,1890,1916-01-12,0.34233047007846357
12,1890,1916-01-19,0.3593337747436035
12,1890,1916-01-26,0.3485899545523322
12,1890,1916-02-02,0.41129826096726063
12,1890,1916-02-09,0.4962810826653291
12,1890,1916-02-16,0.6524381328662862
12,1890,1916-02-23,0.7220006219837948
12,1890,1916-03-01,0.6438786530434857
12,1890,1916-03-08,0.7177908859749667
12,1890,1916-03-15,0.6330369353222629
12,1890,1916-03-22,0.7262626847757634
12,1890,1916-03-29,0.7267993445170918
12,1890,1916-04-05,0.6842647399531017
12,1890,1916-04-12,0.6174460444397211
12,1890,1916-04-19,0.49728631875144
12,1890,1916-04-26,0.5555020582101484
12,1890,1916-05-03,0.6036505283896751
12,1890,1916-05-10,0.6859976422791964
12,1890,1916-05-17,0.6427861440718462
12,1890,1916-05-24,0.6074963719827664
12,1890,1916-05-31,0.5494552771740066
12,1890,1916-06-07,0.7640568830126413
12,1890,1916-06-14,0.580104316049308
12,1890,1916-06-21,0.4353094777037243
12,1890,1916-06-28,0.3481779594562308
12,1890,1916-07-05,0.13787982188438733
12,1890,1916-07-12,0.16727220096276582
12,1890,1916-07-19,0.029058310039425078
12,1890,1916-07-26,0.09169969376022605
12,1890,1916-08-02,0.09501206868883098
12,1890,1916-08-09,0.09565612985986645
12,1890,1916-08-16,0.16307705783233434
12,1890,1916-08-23,0.37017863791246725
12,1890,1916-08-30,0.463673774409478
12,1890,1916-09-06,0.5132201240707647
12,1890,1916-09-13,0.37625164862550575
12,1890,1916-09-20,0.33959184090725664
12,1890,1916-09-27,0.274171366043509
12,1890,1916-10-04,0.25924175599830684
12,1890,1916-10-11,0.3001042825432444
12,1890,1916-10-18,0.3185359992735699
12,1890,1916-10-25,0.4918972455215083
12,1890,1916-11-01,0.5241447760636149
12,1890,1916-11-08,0.5959184047726053
12,1890,1916-11-15,0.5554008549604609
12,1890,1916-11-22,0.6887622344180302
12,1890,1916-11-29,0.5728769925363165
12,1890,1916-12-06,0.6277200179017702
12,1890,1916-12-13,0.672987132464811
12,1890,1916-12-20,0.6696721753058767
12,1890,1916-12-27,0.7628863929710924
12,1914,1856-01-05,0.17908999279522356
12,1914,1856-01-12,0.1829187938354318
12,1914,1856-01-19,0.8156244051249772
12,1914,1856-01-26,0.8499210161891139
12,1914,1856-02-02,0.8014596100719743
12,1914,1856-02-09,0.6524907663220068
12,1914,1856-02-16,0.27828889759230485
12,1914,1856-02-23,0.5309364218545376
12,1914,1856-03-01,0.5845818325031978
12,1914,1856-03-08,0.8507604617061123
12,1914,1856-03-15,0.7730158735152088
12,1914,1856-03-22,0.5942799401119278
12,1914,1856-03-29,0.16588375278966405
12,1914,1856-04-05,0.08427391231589829
12,1914,1856-04-12,0.299710257871343
12,1914,1856-04-19,0.5678544243153756
12,1914,1856-04-26,0.6907565094940369
12,1914,1856-05-03,0.4102855891574149
12,1914,1856-05-10,0.7197161657781865
12,1914,1856-05-17,0.5591252946663772
12,1914,1856-05-24,0.957001919013667
12,1914,1856-05-31,0.9267900013901974
12,1914,1856-06-07,0.7732220178303029
12,1914,1856-06-14,0.7576620031686925
12,1914,1856-06-21,0.39586902017998216
12,1914,1856-06-28,0.5903595004538814
12,1914,1856-07-05,0.1527951047184583
12,1914,1856-07-12,0.10606646673608698
12,1914,1856-07-19,0.9321841076877474
12,1914,1856-07-26,0.9711473125088268
12,1914,1856-08-02,0.7630182758143811
12,1914,1856-08-09,0.564848605461933
12,1914,1856-08-16,0.0664753451640991
12,1914,1856-08-23,0.0738970629487588
12,1914,1856-08-30,0.13005407661819718
12,1914,1856-09-06,0.3675668791562224
12,1914,1856-09-13,0.4405689018478601
12,1914,1856-09-20,0.15276033904635797
12,1914,1856-09-27,0.022380299135127162
12,1914,1856-10-04,5.526314083441588e-05
12,1914,1856-10-11,0.003811791808612783
12,1914,1856-10-18,0.001098930218697202
12,1914,1856-10-25,0.3518495664900122
12,1914,1856-11-01,0.008749526472374102
12,1914,1856-11-08,0.10411869732773767
12,1914,1856-11-15,0.2233915819264405
12,1914,1856-11-22,0.6321000939274913
12,1914,1856-11-29,0.8043541489376165
12,1914,1856-12-06,0.9380591084606655
12,1914,1856-12-13,0.9564851775105884
12,1914,1856-12-20,0.738098433420827
12,1914,1856-12-27,0.7226920953176933
12,1914,1857-01-03,0.7043263604102222
12,1914,1857-01-10,0.8588055177984713
12,1914,1857-01-17,0.9087275962872956
12,1914,1857-01-24,0.924944602856466
12,1914,1857-01-31,0.4727124150909858
12,1914,1857-02-07,0.6640025130971323
12,1914,1857-02-14,0.8711153080814007
12,1914,1857-02-21,0.9077368316331269
12,1914,1857-02-28,0.9491695778863587
12,1914,1857-03-07,0.9146556762513831
12,1914,1857-03-14,0.8461338704784791
12,1914,1857-03-21,0.7746418329664361
12,1914,1857-03-28,0.2708329534468687
12,1914,1857-04-04,0.020697999889607684
12,1914,1857-04-11,0.24988441475489243
12,1914,1857-04-18,0.9334499858061389
12,1914,1857-04-25,0.6324239006943582
12,1914,1857-05-02,0.5427684236197206
12,1914,1857-05-09,0.9182564390514619
12,1914,1857-05-16,0.769264134259664
12,1914,1857-05-23,0.882973552568409
12,1914,1857-05-30,0.9090740207118571
12,1914,1857-06-06,0.9645240241632467
12,1914,1857-06-13,0.9718655637690702
12,1914,1857-06-20,0.9572367802988293
12,1914,1857-06-27,0.904848618303984
12,1914,1857-07-04,0.9090896944771825
12,1914,1857-07-11,0.8342246489837145
12,1914,1857-07-18,0.9183320795132843
12,1914,1857-07-25,0.8504910649369581
12,1914,1857-08-01,0.50086327005213
12,1914,1857-08-08,0.943854179509628
12,1914,1857-08-15,0.974462141531012
12,1914,1857-08-22,0.9647281890382011
12,1914,1857-08-29,0.9708438031789071
12,1914,1857-09-05,0.8975956083047446
12,1914,1857-09-12,0.6844894821783937
12,1914,1857-09-19,0.6698514283607143
12,1914,1857-09-26,0.7326958407366301
12,1914,1858-02-10,0.9145923229104798
12,1914,1858-02-17,0.28619235585239206
12,1914,1858-02-24,0.23467101674100554
12,1914,1858-03-03,0.24328746821721664
12,1914,1858-03-10,0.21704113621032398
12,1914,1858-03-17,0.16985767171047655
12,1914,1858-03-24,0.14739356055950192
12,1914,1858-03-31,0.1169420363005476
12,1914,1858-04-07,0.0980117937870538
12,1914,1858-04-14,0.1672926675501548
12,1914,1858-04-21,0.14531207998974036
12,1914,1858-04-28,0.0637901186210867
12,1914,1858-05-05,0.032058251721372916
12,1914,1858-05-12,0.02566955616145979
12,1914,1858-05-19,0.008427404852874501
12,1914,1858-05-26,0.03685120158983419
12,1914,1858-06-02,0.03663581930101455
12,1914,1858-06-09,0.035434834776847536
12,1914,1858-06-16,0.049112941018926805
12,1914,1858-06-23,0.0235028213095431
12,1914,1858-06-30,0.043540669345982316
12,1914,1858-07-07,0.04223160284391139
12,1914,1858-07-14,0.010983951749209263
12,1914,1858-07-21,0.03914015837257783
12,1914,1858-07-28,0.033947238941424804
12,1914,1858-08-04,0.007730691094380486
12,1914,1858-08-11,0.006769454014040728
12,1914,1858-08-18,0.010552453102854291
12,1914,1858-08-25,0.010219921321565155
12,1914,1858-09-01,0.04070037384832975
12,1914,1858-09-08,0.04461528101984602
12,1914,1858-09-15,0.014523333579020593
12,1914,1858-09-22,0.01405782109327954
12,1914,1858-09-29,0.011290595540271479
12,1914,1858-10-06,0.011349145847401989
12,1914,1858-10-13,0.010829519470011498
12,1914,1858-10-20,0.015107472217244051
12,1914,1858-10-27,0.024020664252016294
12,1914,1858-11-03,0.019479449835411004
12,1914,1858-11-10,0.028966031036871717
12,1914,1858-11-17,0.019338864348899126
12,1914,1858-11-24,0.011852456846948458
12,1914,1858-12-01,0.017854824088528242
12,1914,1858-12-08,0.015337203288794997
12,1914,1858-12-15,0.020499096047960807
12,1914,1858-12-22,0.011856511284068241
12,1914,1858-12-29,0.005514821831772654
12,1914,1859-01-05,0.013375426221888954
12,1914,1859-01-12,0.00105177661305588
12,1914,1859-01-19,0.005026996701107137
12,1914,1859-01-26,0.004930284334138872
12,1914,1859-02-02,0.003516107432682875
12,1914,1859-02-09,0.0024417276632202204
12,1914,1859-02-16,0.006906788614798013
12,1914,1859-02-23,0.009033639292793575
12,1914,1859-03-02,0.011071820584951814
12,1914,1859-03-09,0.02320984921878589
12,1914,1859-03-16,0.010581040680653134
12,1914,1859-03-23,0.01104789246709604
12,1914,1859-03-30,0.00915292926310078
12,1914,1859-04-06,0.021531832171009957
12,1914,1859-04-13,0.019150918616609707
12,1914,1859-04-20,0.026646088427326162
12,1914,1859-04-27,0.04360693640846862
12,1914,1859-05-04,0.01979556768210671
12,1914,1859-05-11,0.01953038690903437
12,1914,1859-05-18,0.051322265344961975
12,1914,1859-05-25,0.04280020881562844
12,1914,1859-06-01,0.05392285533585911
12,1914,1859-06-08,0.08181824228247052
12,1914,1859-06-15,0.049152287598066696
12,1914,1859-06-22,0.02410745723911059
12,1914,1859-06-29,0.043157755386739466
12,1914,1859-07-06,0.15121014268354077
12,1914,1859-07-13,0.08044559729658182
12,1914,1859-07-20,0.07256255328699558
12,1914,1859-07-27,0.07456148706265514
12,1914,1859-08-03,0.04729887153514923
12,1914,1859-08-10,0.06983610513694347
12,1914,1859-08-17,0.06634732474739528
12,1914,1859-08-24,0.04173340010488394
12,1914,1859-08-31,0.0616998955635829
12,1914,1859-09-07,0.07333131797157427
12,1914,1859-09-14,0.03698329802856901
12,1914,1859-09-21,0.020678111918956004
12,1914,1859-09-28,0.024948232414314476
12,1914,1859-10-05,0.02235692433506668
12,1914,1859-10-12,0.037961555995328834
12,1914,1859-10-19,0.046607957669818616
12,1914,1859-10-26,0.04886793930831552
12,1914,1859-11-02,0.05494093236272451
12,1914,1859-11-09,0.058424760362472614
12,1914,1859-11-16,0.01733391331478636
12,1914,1859-11-23,0.0565858828056794
12,1914,1859-11-30,0.05694114176624756
12,1914,1859-12-07,0.05522901801399272
12,1914,1859-12-14,0.12095117508181955
12,1914,1859-12-21,0.03267843380081934
12,1914,1859-12-28,0.029976058275857326
12,1914,1860-01-04,0.05736014728303617
12,1914,1860-01-11,0.04526980697772962
12,1914,1860-01-18,0.0670914984049966
12,1914,1860-01-25,0.09412310824701532
12,1914,1860-02-01,0.05756041700227834
12,1914,1860-02-08,0.18931258334775522
12,1914,1860-02-15,0.195756807194021
12,1914,1860-02-22,0.15153256074808732
12,1914,1860-02-29,0.18844775849332396
12,1914,1860-03-07,0.3213931270919703
12,1914,1860-03-14,0.38624333450149256
12,1914,1860-03-21,0.46723376088617213
12,1914,1860-03-28,0.4066021780886476
12,1914,1860-04-04,0.528022904689606
12,1914,1860-04-11,0.31479445213656504
12,1914,1860-04-18,0.9689187015011047
12,1914,1860-04-25,0.7373737662605196
12,1914,1860-05-02,0.3689663169606138
12,1914,1860-05-09,0.43565178555791156
12,1914,1860-05-16,0.25293415813863235
12,1914,1860-05-23,0.4278424599010475
12,1914,1860-05-30,0.442269614681815
12,1914,1860-06-06,0.45359476005750415
12,1914,1860-06-13,0.6005409995097337
12,1914,1860-06-20,0.4239748147925512
12,1914,1860-06-27,0.5718358163182566
12,1914,1860-07-04,0.43386757953847627
12,1914,1860-07-11,0.25125378590307096
12,1914,1860-07-18,0.25913239314689873
12,1914,1860-07-25,0.3858131265382831
12,1914,1860-08-01,0.32535068872604506
12,1914,1860-08-08,0.16765443594580026
12,1914,1860-08-15,0.30547348377738565
12,1914,1860-08-22,0.2818976448387169
12,1914,1860-08-29,0.3902897195571196
12,1914,1860-09-05,0.36204405286931324
12,1914,1860-09-12,0.2540472113739512
12,1914,1860-09-19,0.14637379541338533
12,1914,1860-09-26,0.1250200475347045
12,1914,1860-10-03,0.10733928916947526
12,1914,1860-10-10,0.29128491333987927
12,1914,1860-10-17,0.15803441459385925
12,1914,1860-10-24,0.6199335559338117
12,1914,1860-10-31,0.5041959673276624
12,1914,1860-11-07,0.4313279685279168
12,1914,1860-11-14,0.27073374219983765
12,1914,1860-11-21,0.3069377570065489
12,1914,1860-11-28,0.5235663353887547
12,1914,1860-12-05,0.33697249130648926
12,1914,1860-12-12,0.29933866823542293
12,1914,1860-12-19,0.3471427857357452
12,1914,1860-12-26,0.6145397880880472
12,1914,1861-01-02,0.642824496581453
12,1914,1861-01-09,0.6598485206410637
12,1914,1861-01-16,0.8981230033807419
12,1914,1861-01-23,0.8829044378723804
12,1914,1861-01-30,0.7315171584860618
12,1914,1861-02-06,0.6159548830782827
12,1914,1861-02-13,0.694844229686111
12,1914,1861-02-20,0.8286074435376612
12,1914,1861-02-27,0.93801218938392
12,1914,1861-03-06,0.9689587137459061
12,1914,1861-03-13,0.9673889329437764
12,1914,1861-03-20,0.9074910367506379
12,1914,1861-03-27,0.9594180837076214
12,1914,1861-04-03,0.9317651123271119
12,1914,1861-04-10,0.926778793222289
12,1914,1861-04-17,0.9402473743232916
12,1914,1861-04-24,0.8655536748059219
12,1914,1861-05-01,0.556646791994819
12,1914,1861-05-08,0.7413451407713075
12,1914,1861-05-15,0.6369753923073923
12,1914,1861-05-22,0.486892074912918
12,1914,1861-05-29,0.8706575187919634
12,1914,1861-06-05,0.6321025671274698
12,1914,1861-06-12,0.7073974646652896
12,1914,1861-06-19,0.46620832395715944
12,1914,1861-06-26,0.5431524884579276
12,1914,1861-07-03,0.39814893519742134
12,1914,1861-07-10,0.5729547211024933
12,1914,1861-07-17,0.7367201362133666
12,1914,1861-07-24,0.9010469972026477
12,1914,1861-07-31,0.801473486518329
12,1914,1861-08-07,0.49217389483369023
12,1914,1861-08-14,0.4724024666959014
12,1914,1861-08-21,0.3542437965288804
12,1914,1861-08-28,0.49685254061962764
12,1914,1861-09-04,0.5172817718601692
12,1914,1861-09-11,0.4104005068341945
12,1914,1861-09-18,0.27564718681445705
12,1914,1861-09-25,0.16603509201351488
12,1914,1861-10-02,0.07536215065540033
12,1914,1861-10-09,0.11659011538888676
12,1914,1861-10-16,0.04770732963633502
12,1914,1861-10-23,0.35181702866997555
12,1914,1861-10-30,0.1603578861275252
12,1914,1861-11-06,0.0771023761115217
12,1914,1861-11-13,0.089636875103946
12,1914,1861-11-20,0.014530949808703899
12,1914,1861-11-27,0.012638563340719512
12,1914,1861-12-04,0.01337715748296154
12,1914,1861-12-11,0.018402819527991054
12,1914,1861-12-18,0.024545922288083208
12,1914,1861-12-25,0.028018531486576282
12,1914,1862-01-01,0.08099013936794845
12,1914,1862-01-08,0.030006834429227504
12,1914,1862-01-15,0.03572606539654977
12,1914,1862-01-22,0.03785566235960273
12,1914,1862-01-29,0.05205466543280285
12,1914,1862-02-05,0.007353658112698066
12,1914,1862-02-12,0.012439230414742175
12,1914,1862-02-19,0.008979061444986468
12,1914,1862-02-26,0.010598031891405601
12,1914,1862-03-05,0.05089249037473543
12,1914,1862-03-12,0.09055731112034138
12,1914,1862-03-19,0.0361691422151685
12,1914,1862-03-26,0.019249553650434237
12,1914,1862-04-02,0.018752392960178443
12,1914,1862-04-09,0.023578284115026712
12,1914,1862-04-16,0.021099180117370837
12,1914,1862-04-23,0.07260741727902056
12,1914,1862-04-30,0.03506386302575979
12,1914,1862-05-07,0.02877274638766363
12,1914,1862-05-14,0.02615581986366597
12,1914,1862-05-21,0.0153655736747173
12,1914,1862-05-28,0.040252648625323725
12,1914,1862-06-04,0.05019814349172405
12,1914,1862-06-11,0.15854037893394635
12,1914,1862-06-18,0.1948240570330241
12,1914,1862-06-25,0.12224104807556631
12,1914,1862-07-02,0.19852113283783046
12,1914,1862-07-09,0.0694265298021864
12,1914,1862-07-16,0.045412977358011655
12,1914,1862-07-23,0.0511173401231794
12,1914,1862-07-30,0.05686968933096657
12,1914,1862-08-06,0.011901136563631353
12,1914,1862-08-13,0.06599829197162091
12,1914,1862-08-20,0.039677336860595984
12,1914,1862-08-27,0.08218815815357254
12,1914,1862-09-03,0.06682885796093327
12,1914,1862-09-10,0.037392207912315734
12,1914,1862-09-17,0.04014549079303735
12,1914,1862-09-24,0.03204547589759843
12,1914,1862-10-01,0.047427460983509445
12,1914,1862-10-08,0.05068387796170081
12,1914,1862-10-15,0.017353076538331885
12,1914,1862-10-22,0.0561501095341663
12,1914,1862-10-29,0.10195226562923333
12,1914,1862-11-05,0.05217306565242453
12,1914,1862-11-12,0.07182944493048034
12,1914,1862-11-19,0.019120650491816667
12,1914,1862-11-26,0.03895181922184161
12,1914,1862-12-03,0.03322603429622354
12,1914,1862-12-10,0.09607247019823145
12,1914,1862-12-17,0.12305984464508828
12,1914,1862-12-24,0.1142962070566404
12,1914,1862-12-31,0.3785758588166889
12,1914,1863-01-07,0.23717994515703145
12,1914,1863-01-14,0.1697712925225126
12,1914,1863-01-21,0.12035577250593242
12,1914,1863-01-28,0.0941817029199683
12,1914,1863-02-04,0.15408576660155923
12,1914,1863-02-11,0.12400126589469425
12,1914,1863-02-18,0.17875941635361475
12,1914,1863-02-25,0.3374954561991145
12,1914,1863-03-04,0.4762195287197373
12,1914,1863-03-11,0.6826059312129069
12,1914,1863-03-18,0.6170931059157999
12,1914,1863-03-25,0.7570588991803668
12,1914,1863-04-01,0.5724226300921189
12,1914,1863-04-08,0.21358693250948102
12,1914,1863-04-15,0.21361960454641693
12,1914,1863-04-22,0.09582491353170976
12,1914,1863-04-29,0.12151300375716359
12,1914,1863-05-06,0.14188390537928317
12,1914,1863-05-13,0.19323051924417928
12,1914,1863-05-20,0.33110319100115054
12,1914,1863-05-27,0.47487940779096227
12,1914,1863-06-03,0.6394791606756544
12,1914,1863-06-10,0.6140781094742797
12,1914,1863-06-17,0.374360662371529
12,1914,1863-06-24,0.2163450528458292
12,1914,1863-07-01,0.7499583058960297
12,1914,1863-07-08,0.18115768978899793
12,1914,1863-07-15,0.13463436082542082
12,1914,1863-07-22,0.2823000786527341
12,1914,1863-07-29,0.44269970851180745
12,1914,1863-08-05,0.08528649475327243
12,1914,1863-08-12,0.20109301975152946
12,1914,1863-08-19,0.15402942395035957
12,1914,1863-08-26,0.23596747820247166
12,1914,1863-09-02,0.48487475903409943
12,1914,1863-09-09,0.41238708892227427
12,1914,1863-09-16,0.49825337050188306
12,1914,1863-09-23,0.4019092113576137
12,1914,1863-09-30,0.7159011975656189
12,1914,1863-10-07,0.5809280971641089
12,1914,1863-10-14,0.228727123779874
12,1914,1863-10-21,0.3623010893590284
12,1914,1863-10-28,0.3206037293596742
12,1914,1863-11-04,0.05458604839476851
12,1914,1863-11-11,0.18456176078235714
12,1914,1863-11-18,0.38055699830326345
12,1914,1863-11-25,0.5745017945530181
12,1914,1863-12-02,0.5363161996581371
12,1914,1863-12-09,0.9586963235513887
12,1914,1863-12-16,0.9838959037689873
12,1914,1863-12-23,0.9405166057434772
12,1914,1863-12-30,0.9584501647757107
12,1914,1864-01-06,0.9204298407447463
12,1914,1864-01-13,0.8921379326150397
12,1914,1864-01-20,0.897827066652526
12,1914,1864-01-27,0.9897747495947922
12,1914,1864-02-03,0.9555945782420344
12,1914,1864-02-10,0.970679108642608
12,1914,1864-02-17,0.9672324749754795
12,1914,1864-02-24,0.9670341365320375
12,1914,1864-03-02,0.981552724385422
12,1914,1864-03-09,0.9796802516470617
12,1914,1864-03-16,0.9764073429063891
12,1914,1864-03-23,0.9583427467740728
12,1914,1864-03-30,0.9586971954306719
12,1914,1864-04-06,0.8664220756055846
12,1914,1864-04-13,0.6612406409767871
12,1914,1864-04-20,0.7974621189941874
12,1914,1864-04-27,0.9068411993472449
12,1914,1864-05-04,0.7078428591524923
12,1914,1864-05-11,0.9416324971097699
12,1914,1864-05-18,0.9695579441119702
12,1914,1864-05-25,0.985707153062803
12,1914,1864-06-01,0.9647139711174184
12,1914,1864-06-08,0.9773638016242115
12,1914,1864-06-15,0.9715739435466269
12,1914,1864-06-22,0.9881956245987207
12,1914,1864-06-29,0.9673318263425132
12,1914,1864-07-06,0.9547570570437761
12,1914,1864-07-13,0.9389638142699389
12,1914,1864-07-20,0.9042898685011367
12,1914,1864-07-27,0.7816478358456838
12,1914,1864-08-03,0.7673670684069347
12,1914,1864-08-10,0.7683828019304652
12,1914,1864-08-17,0.935565037824169
12,1914,1864-08-24,0.9585458483990373
12,1914,1864-08-31,0.9429935791127119
12,1914,1864-09-07,0.95250119222251
12,1914,1864-09-14,0.956147835014448
12,1914,1864-09-21,0.9738414063477918
12,1914,1864-09-28,0.9877958910178087
12,1914,1864-10-05,0.9589285156153002
12,1914,1864-10-12,0.9951987739523461
12,1914,1864-10-19,0.9931100650248438
12,1914,1864-10-26,0.9956629628859962
12,1914,1864-11-02,0.9919102799334187
12,1914,1864-11-09,0.9929448280349491
12,1914,1864-11-16,0.9851064890998271
12,1914,1864-11-23,0.9913644492482567
12,1914,1864-11-30,0.98433014392768
12,1914,1864-12-07,0.9814514855955787
12,1914,1864-12-14,0.9916330920532688
12,1914,1864-12-21,0.9665786058036893
12,1914,1864-12-28,0.9723774849449109
12,1914,1865-01-04,0.9461424545634097
12,1914,1865-01-11,0.9724097024532796
12,1914,1865-01-18,0.9554656607752904
12,1914,1865-01-25,0.8846009213363515
12,1914,1865-02-01,0.732292043234661
12,1914,1865-02-08,0.37973377398053737
12,1914,1865-02-15,0.49361131118242657
12,1914,1865-02-22,0.6200819148800822
12,1914,1865-03-01,0.7510989385579585
12,1914,1865-03-08,0.8659969849870703
12,1914,1865-03-15,0.7761746788217857
12,1914,1865-03-22,0.831415443433442
12,1914,1865-03-29,0.659030638823786
12,1914,1865-04-05,0.6392970391498752
12,1914,1865-04-12,0.39617036373443854
12,1914,1865-04-19,0.5483592784217318
12,1914,1865-04-26,0.3258927778960697
12,1914,1865-05-03,0.34633506627323285
12,1914,1865-05-10,0.3952371963168968
12,1914,1865-05-17,0.42757090065328573
12,1914,1865-05-24,0.7381959815258201
12,1914,1865-05-31,0.6792071482768204
12,1914,1865-06-07,0.5196312974255914
12,1914,1865-06-14,0.5049661213882958
12,1914,1865-06-21,0.5920260850734591
12,1914,1865-06-28,0.6395604286556964
12,1914,1865-07-05,0.5362313569662505
12,1914,1865-07-12,0.2888964245535198
12,1914,1865-07-19,0.4050429014445924
12,1914,1865-07-26,0.29112285776037516
12,1914,1865-08-02,0.16858743427087092
12,1914,1865-08-09,0.24385704979657263
12,1914,1865-08-16,0.24461222815985736
12,1914,1865-08-23,0.453346345777082
12,1914,1865-08-30,0.458459727664793
12,1914,1865-09-06,0.3722335337566968
12,1914,1865-09-13,0.46394645512281363
12,1914,1865-09-20,0.3715791102247741
12,1914,1865-09-27,0.4567138269445251
12,1914,1865-10-04,0.04770006722506638
12,1914,1865-10-11,0.6052383652560681
12,1914,1865-10-18,0.8820329013424228
12,1914,1865-10-25,0.9344485133059276
12,1914,1865-11-01,0.46920743387012565
12,1914,1865-11-08,0.4539528752974103
12,1914,1865-11-15,0.8190620180142959
12,1914,1865-11-22,0.935146759582192
12,1914,1865-11-29,0.9399828028412138
12,1914,1865-12-06,0.8757820871771412
12,1914,1865-12-13,0.9609149929429684
12,1914,1865-12-20,0.9736445886935353
12,1914,1865-12-27,0.9747159333934493
12,1914,1866-01-03,0.808839482816888
12,1914,1866-01-10,0.970671668117563
12,1914,1866-01-17,0.9051213105231455
12,1914,1866-01-24,0.8825355542187079
12,1914,1866-01-31,0.6578217692917437
12,1914,1866-02-07,0.5110956031527012
12,1914,1866-02-14,0.948679290500195
12,1914,1866-02-21,0.9818552772096867
12,1914,1866-02-28,0.9790962059200291
12,1914,1866-03-07,0.9876776656443385
12,1914,1866-03-14,0.9850611330589661
12,1914,1866-03-21,0.9765171879906736
12,1914,1866-03-28,0.9686370136634767
12,1914,1866-04-04,0.9501464496253266
12,1914,1866-04-11,0.9487560148213768
12,1914,1866-04-18,0.890977864772007
12,1914,1866-04-25,0.8634406158524364
12,1914,1866-08-08,0.9999986249131353
12,1914,1866-08-15,0.9999994283113094
12,1914,1866-08-22,0.9999976112546907
12,1914,1866-08-29,0.9999794667789472
12,1914,1866-09-05,0.9993962149179322
12,1914,1866-09-12,0.9983037066461546
12,1914,1866-09-19,0.9903522117657771
12,1914,1866-09-26,0.9501410984898965
12,1914,1866-10-03,0.8866408207834753
12,1914,1866-10-10,0.8984589722404615
12,1914,1866-10-17,0.8125659381193615
12,1914,1866-10-24,0.9268815597208363
12,1914,1866-10-31,0.8366170254373028
12,1914,1866-11-07,0.5063739868369437
12,1914,1866-11-14,0.35795784899254146
12,1914,1866-11-21,0.3103415592076909
12,1914,1866-11-28,0.30824973401278505
12,1914,1866-12-05,0.3194058755649365
12,1914,1866-12-12,0.5290269831455251
12,1914,1866-12-19,0.31798804897166777
12,1914,1866-12-26,0.3786254708176918
12,1914,1867-01-02,0.5484718423969772
12,1914,1867-01-09,0.31119243434829574
12,1914,1867-01-16,0.14183757409206404
12,1914,1867-01-23,0.2077208405072605
12,1914,1867-01-30,0.15730522776303396
12,1914,1867-02-06,0.047941068246015135
12,1914,1867-02-13,0.0863141562892995
12,1914,1867-02-20,0.06564300423945589
12,1914,1867-02-27,0.06859727465294121
12,1914,1867-03-06,0.1598311190107988
12,1914,1867-03-13,0.16599411552484403
12,1914,1867-03-20,0.10652245292537574
12,1914,1867-03-27,0.15787557625367254
12,1914,1867-04-03,0.16195914657758195
12,1914,1867-04-10,0.056677441330455505
12,1914,1867-04-17,0.0657385263946313
12,1914,1867-04-24,0.07939997284538522
12,1914,1867-05-01,0.06678751733738109
12,1914,1867-05-08,0.048281911615949885
12,1914,1867-05-15,0.05814376152938859
12,1914,1867-05-22,0.08841345852473773
12,1914,1867-05-29,0.10516219146800691
12,1914,1867-06-05,0.08909780780845708
12,1914,1867-06-12,0.035508345139377326
12,1914,1867-06-19,0.021835800594072263
12,1914,1867-06-26,0.06685111186525874
12,1914,1867-07-03,0.060231320514848814
12,1914,1867-07-10,0.020648061332654555
12,1914,1867-07-17,0.021650394489427877
12,1914,1867-07-24,0.023888927294527604
12,1914,1867-07-31,0.013243355889801956
12,1914,1867-08-07,0.005766009755011377
12,1914,1867-08-14,0.01096919632023792
12,1914,1867-08-21,0.009625506586011169
12,1914,1867-08-28,0.026386392570140596
12,1914,1867-09-04,0.016585410113372882
12,1914,1867-09-11,0.011348963878598777
12,1914,1867-09-18,0.00743179465218246
12,1914,1867-09-25,0.005020229952735765
12,1914,1867-10-02,0.003928426298235801
12,1914,1867-10-09,0.005238472967604539
12,1914,1867-10-16,0.003865894721043035
12,1914,1867-10-23,0.009820818105752827
12,1914,1867-10-30,0.010950849971359916
12,1914,1867-11-06,0.007467932389380242
12,1914,1867-11-13,0.009495876943933302
12,1914,1867-11-20,0.003244374591028409
12,1914,1867-11-27,0.0026895542617882233
12,1914,1867-12-04,0.00289883899695995
12,1914,1867-12-11,0.004101985708799084
12,1914,1867-12-18,0.006266201982663783
12,1914,1867-12-26,0.0063065530419758155
12,1914,1868-01-01,0.05265494346405066
12,1914,1868-01-08,0.0027378818031786557
12,1914,1868-01-15,0.0047792999375129925
12,1914,1868-01-22,0.005769989154149286
12,1914,1868-01-29,0.004001581507360015
12,1914,1868-02-05,0.0009170711114465943
12,1914,1868-02-12,0.0019093353929705667
12,1914,1868-02-19,0.0025360488560480137
12,1914,1868-02-26,0.004574691046354823
12,1914,1868-03-04,0.02420343693799447
12,1914,1868-03-11,0.014809492887904768
12,1914,1868-03-18,0.01104060489746493
12,1914,1868-03-25,0.017421747864409295
12,1914,1868-04-01,0.02980910367818042
12,1914,1868-04-08,0.0022461219173566496
12,1914,1868-04-15,0.005490132502411925
12,1914,1868-04-22,0.006475191956800855
12,1914,1868-04-29,0.004212911777556962
12,1914,1868-05-06,0.005981475596467707
12,1914,1868-05-13,0.01244523026620175
12,1914,1868-05-20,0.01782510497069156
12,1914,1868-05-27,0.03068875624154046
12,1914,1868-06-03,0.029998430121264765
12,1914,1868-06-10,0.011533539354627788
12,1914,1868-06-17,0.004188095100448794
12,1914,1868-06-24,0.003621565783011293
12,1914,1868-07-01,0.02234443262980246
12,1914,1868-07-08,0.003935330159552532
12,1914,1868-07-15,0.009787558220974426
12,1914,1868-07-22,0.012823881052107697
12,1914,1868-07-29,0.013327544944898182
12,1914,1868-08-05,0.005104851173150309
12,1914,1868-08-12,0.007034872514584003
12,1914,1868-08-19,0.008981827511741645
12,1914,1868-08-26,0.004639420752384647
12,1914,1868-09-02,0.01306975867390393
12,1914,1868-09-09,0.0075694894323145075
12,1914,1868-09-16,0.004770597807945687
12,1914,1868-09-23,0.003426166943993767
12,1914,1868-09-30,0.006110038471920774
12,1914,1868-10-07,0.006717408549882937
12,1914,1868-10-14,0.006136021787302486
12,1914,1868-10-21,0.014541544904138243
12,1914,1868-10-28,0.00883233892564555
12,1914,1868-11-04,0.005567812315819516
12,1914,1868-11-11,0.008870327412424796
12,1914,1868-11-18,0.002951320153796782
12,1914,1868-11-25,0.0034980094223324154
12,1914,1868-12-02,0.00675344863737843
12,1914,1868-12-09,0.006375380622339143
12,1914,1868-12-16,0.0170443696936326
12,1914,1868-12-23,0.008609251873266579
12,1914,1868-12-30,0.056477576779046225
12,1914,1869-01-06,0.014156001562197195
12,1914,1869-01-13,0.002593141337701222
12,1914,1869-01-20,0.034228902522431916
12,1914,1869-01-27,0.039422539452381104
12,1914,1869-02-03,0.014414693185639664
12,1914,1869-02-10,0.011168880838417432
12,1914,1869-02-17,0.009881458353132118
12,1914,1869-02-24,0.011865939204962352
12,1914,1869-03-03,0.06452749271764614
12,1914,1869-03-10,0.31411852378249444
12,1914,1869-03-17,0.1563072228391811
12,1914,1869-03-24,0.07374452379878886
12,1914,1869-03-31,0.10010455438812503
12,1914,1869-04-07,0.019555500054680097
12,1914,1869-04-14,0.03219961122744907
12,1914,1869-04-21,0.06436975768546184
12,1914,1869-04-28,0.04884981176388843
12,1914,1869-05-05,0.031138023756807492
12,1914,1869-05-12,0.26156588396907915
12,1914,1869-05-19,0.29970508303804066
12,1914,1869-05-26,0.22341352774797765
12,1914,1869-06-02,0.2316943791123859
12,1914,1869-06-09,0.20430882036839335
12,1914,1869-06-16,0.06604010894551762
12,1914,1869-06-23,0.0357921110871337
12,1914,1869-06-30,0.6500822241600156
12,1914,1869-07-07,0.014617141785007197
12,1914,1869-07-14,0.11331768760313074
12,1914,1869-07-21,0.14891051978696984
12,1914,1869-07-28,0.10490585865993025
12,1914,1869-08-04,0.01203935675068396
12,1914,1869-08-11,0.010267863419512219
12,1914,1869-08-18,0.007535437638496259
12,1914,1869-08-25,0.005621497306268319
12,1914,1869-09-01,0.017666350641920858
12,1914,1869-09-08,0.021030955202950306
12,1914,1869-09-15,0.026861561971053716
12,1914,1869-09-22,0.027416196053014975
12,1914,1869-09-29,0.055519494451239895
12,1914,1869-10-06,0.007393808094874747
12,1914,1869-10-13,0.011177754507621745
12,1914,1869-10-20,0.013879812129793064
12,1914,1869-10-27,0.024240086904718038
12,1914,1869-11-03,0.008702232117751346
12,1914,1869-11-10,0.003071507545902319
12,1914,1869-11-17,0.009860931409904945
12,1914,1869-11-24,0.008231024300042598
12,1914,1869-12-01,0.02529811209693432
12,1914,1869-12-08,0.03395239409563795
12,1914,1869-12-15,0.03823077176843319
12,1914,1869-12-22,0.05862749463691879
12,1914,1869-12-29,0.1389584013599153
12,1914,1870-01-05,0.09283484889230909
12,1914,1870-01-12,0.022328667196701242
12,1914,1870-01-19,0.14440885295505002
12,1914,1870-01-26,0.18748984976884192
12,1914,1870-02-02,0.22218791236992955
12,1914,1870-02-09,0.005355779786030449
12,1914,1870-02-16,0.03482686799764341
12,1914,1870-02-23,0.20005940033324404
12,1914,1870-03-02,0.20797436763904964
12,1914,1870-03-09,0.32330913916201587
12,1914,1870-03-16,0.1471583016354649
12,1914,1870-03-23,0.1925019078612692
12,1914,1870-03-30,0.6951008214219412
12,1914,1870-04-06,0.12541236779631698
12,1914,1870-04-13,0.17442335281746346
12,1914,1870-04-20,0.13019362503810247
12,1914,1870-04-27,0.16105161536372592
12,1914,1870-05-04,0.22802072812254884
12,1914,1870-05-11,0.46075304182123356
12,1914,1870-05-18,0.28445495330327836
12,1914,1870-05-25,0.2947814533538656
12,1914,1870-06-01,0.4578172917622476
12,1914,1870-06-08,0.2585145935719058
12,1914,1870-06-15,0.5664067827282264
12,1914,1870-06-22,0.25326278993266804
12,1914,1870-06-29,0.9129714877033267
12,1914,1870-07-06,0.4086520181098335
12,1914,1870-07-13,0.11442877797554189
12,1914,1870-07-20,0.2322207688656883
12,1914,1870-07-27,0.5415443768392535
12,1914,1870-08-03,0.71263933620513
12,1914,1870-08-10,0.8845671403676356
12,1914,1870-08-17,0.9449100238197271
12,1914,1870-08-24,0.5559751470038005
12,1914,1870-08-31,0.470826658289336
12,1914,1870-09-07,0.2635282991828459
12,1914,1870-09-14,0.3132874668236404
12,1914,1870-09-21,0.27418237215820684
12,1914,1870-09-28,0.2022520700896084
12,1914,1870-10-05,0.1243930035933772
12,1914,1870-10-12,0.08258294288927241
12,1914,1870-10-19,0.06993429787075801
12,1914,1870-10-26,0.08639475045696676
12,1914,1870-11-02,0.08007554163110922
12,1914,1870-11-09,0.04199351024730985
12,1914,1870-11-16,0.03845911621632114
12,1914,1870-11-23,0.030330247136883953
12,1914,1870-11-30,0.026229146012746878
12,1914,1870-12-07,0.0247963262268054
12,1914,1870-12-14,0.017485177314681872
12,1914,1870-12-21,0.009073111233247244
12,1914,1870-12-28,0.03138503913351431
12,1914,1871-01-04,0.10026815714087912
12,1914,1871-01-11,0.01267629211898647
12,1914,1871-01-18,0.05573232023318639
12,1914,1871-01-25,0.03615097588130544
12,1914,1871-02-01,0.07618547328116843
12,1914,1871-02-08,0.0048510056093577815
12,1914,1871-02-15,0.031714735055599914
12,1914,1871-02-22,0.07297711176043353
12,1914,1871-03-01,0.6168860255851787
12,1914,1871-03-08,0.651843748807573
12,1914,1871-03-15,0.43466661678879326
12,1914,1871-03-22,0.1804141771859907
12,1914,1871-03-29,0.058454765704461426
12,1914,1871-04-05,0.04943783769449389
12,1914,1871-04-12,0.034732507968143034
12,1914,1871-04-19,0.08984393623331473
12,1914,1871-04-26,0.12281952691256696
12,1914,1871-05-03,0.25510273992843696
12,1914,1871-05-10,0.08119657973194343
12,1914,1871-05-17,0.06969123911331956
12,1914,1871-05-24,0.026063495109617044
12,1914,1871-05-31,0.028890527361146782
12,1914,1871-06-07,0.02085734511406079
12,1914,1871-06-14,0.02767065743880109
12,1914,1871-06-21,0.03110171316276953
12,1914,1871-06-28,0.4868518050221759
12,1914,1871-07-05,0.2161947352244307
12,1914,1871-07-12,0.04461854407588145
12,1914,1871-07-19,0.060922416253411174
12,1914,1871-07-26,0.0470353062355934
12,1914,1871-08-02,0.003976562956243378
12,1914,1871-08-09,0.0018759803326527584
12,1914,1871-08-16,0.0055398663262094215
12,1914,1871-08-23,0.003570015929294365
12,1914,1871-08-30,0.017014721443271496
12,1914,1871-09-06,0.015851195521724676
12,1914,1871-09-13,0.007621630163800921
12,1914,1871-09-20,0.03024889706815876
12,1914,1871-09-27,0.21182329630468272
12,1914,1871-10-04,0.13163821473242962
12,1914,1871-10-11,0.022797012517108594
12,1914,1871-10-18,0.59028406360087
12,1914,1871-10-25,0.28415373622960294
12,1914,1871-11-01,0.017043892380532458
12,1914,1871-11-08,0.010996298205632107
12,1914,1871-11-15,0.011070793779749387
12,1914,1871-11-22,0.033867809748870874
12,1914,1871-11-29,0.06302974855943977
12,1914,1871-12-06,0.12489567928198665
12,1914,1871-12-13,0.023516175586536514
12,1914,1871-12-20,0.14004034173097318
12,1914,1871-12-27,0.19446893114491634
12,1914,1872-01-03,0.699497029922737
12,1914,1872-01-10,0.008465974963511142
12,1914,1872-01-17,0.05607777099083155
12,1914,1872-01-24,0.022659530257713563
12,1914,1872-01-31,0.03969415196051518
12,1914,1872-02-07,0.0008318312141133473
12,1914,1872-02-14,0.02943818187762976
12,1914,1872-02-21,0.024493992998566
12,1914,1872-02-28,0.346241415263983
12,1914,1872-03-06,0.3065371412446268
12,1914,1872-03-13,0.31631061155679724
12,1914,1872-03-20,0.13447875025432118
12,1914,1872-03-27,0.6166006276103424
12,1914,1872-04-03,0.36966496780764957
12,1914,1872-04-10,0.07901273217748256
12,1914,1872-04-17,0.41967516240476466
12,1914,1872-04-24,0.28234071803699834
12,1914,1872-05-01,0.28599482615329525
12,1914,1872-05-08,0.33678081966616824
12,1914,1872-05-15,0.3569252461918865
12,1914,1872-05-22,0.5226578026910473
12,1914,1872-05-29,0.8557899340370262
12,1914,1872-06-05,0.6845701963108667
12,1914,1872-06-12,0.25504860026845527
12,1914,1872-06-19,0.33474813864169456
12,1914,1872-06-26,0.5858624845982463
12,1914,1872-07-03,0.7734400653436773
12,1914,1872-07-10,0.07343687592802502
12,1914,1872-07-17,0.4144182768357558
12,1914,1872-07-24,0.37815250996224076
12,1914,1872-07-31,0.9502531799342384
12,1914,1872-08-07,0.4452521304167004
12,1914,1872-08-14,0.11608143587096859
12,1914,1872-08-21,0.04118247309133302
12,1914,1872-08-28,0.10073133040743389
12,1914,1872-09-04,0.07182427255723997
12,1914,1872-09-11,0.11858058545788437
12,1914,1872-09-18,0.2797187981835042
12,1914,1872-09-25,0.6033474102132068
12,1914,1872-10-02,0.7571315754591054
12,1914,1872-10-09,0.6694694466039789
12,1914,1872-10-16,0.3363353010447553
12,1914,1872-10-23,0.529460684175629
12,1914,1872-10-30,0.3992383007757401
12,1914,1872-11-06,0.278779086006789
12,1914,1872-11-13,0.8264375188007529
12,1914,1872-11-20,0.867613612557683
12,1914,1872-11-27,0.7465594258888327
12,1914,1872-12-04,0.5112057987148628
12,1914,1872-12-11,0.4275508730310854
12,1914,1872-12-18,0.3156772684928004
12,1914,1872-12-24,0.41225775890251976
12,1914,1873-01-01,0.9969556590855742
12,1914,1873-01-08,0.08714831436541579
12,1914,1873-01-15,0.8704984675161618
12,1914,1873-01-22,0.1862543242246404
12,1914,1873-01-29,0.19986584866063298
12,1914,1873-02-05,0.049511213268417356
12,1914,1873-02-12,0.49539027100320826
12,1914,1873-02-19,0.16349976570840066
12,1914,1873-02-26,0.3266647481414671
12,1914,1873-03-05,0.8517536656910134
12,1914,1873-03-12,0.35133429493803425
12,1914,1873-03-19,0.27494203401942313
12,1914,1873-03-26,0.10757172074172222
12,1914,1873-04-02,0.4345330767389499
12,1914,1873-04-09,0.2541312898332227
12,1914,1873-04-16,0.68968892102315
12,1914,1873-04-23,0.6853017256924852
12,1914,1873-04-30,0.41899608143465217
12,1914,1873-05-07,0.3334369496161701
12,1914,1873-05-14,0.5154164753340725
12,1914,1873-05-21,0.4573213587808911
12,1914,1873-05-28,0.7389804252002626
12,1914,1873-06-04,0.8816527063179689
12,1914,1873-06-11,0.9478986132765095
12,1914,1873-06-18,0.8928033967361407
12,1914,1873-06-25,0.7969405144980953
12,1914,1873-07-02,0.9618074199803879
12,1914,1873-07-09,0.4577676444400944
12,1914,1873-07-16,0.6201524422100311
12,1914,1873-07-23,0.4090138817280286
12,1914,1873-07-30,0.21949949289150622
12,1914,1873-08-06,0.11569998738522799
12,1914,1873-08-13,0.22654269482706862
12,1914,1873-08-20,0.12023375660524617
12,1914,1873-08-27,0.15491522770348326
12,1914,1873-09-03,0.266422005484339
12,1914,1873-09-10,0.21379895722121253
12,1914,1873-09-17,0.1012627776802599
12,1914,1873-09-24,0.05323681265600856
12,1914,1873-10-01,0.019426183285800706
12,1914,1873-10-08,0.01691659588598795
12,1914,1873-10-15,0.014120703504595695
12,1914,1873-10-22,0.07937065703572888
12,1914,1873-10-29,0.18397611775706157
12,1914,1873-11-05,0.16844235982343775
12,1914,1873-11-12,0.5879534835478165
12,1914,1873-11-19,0.6115516047591127
12,1914,1873-11-26,0.8339964004185647
12,1914,1873-12-03,0.8249394242565786
12,1914,1873-12-10,0.8131500445318732
12,1914,1873-12-17,0.5495768721409676
12,1914,1873-12-24,0.7972751925617758
12,1914,1873-12-31,0.9924706972215939
12,1914,1874-01-07,0.05917474850777845
12,1914,1874-01-14,0.328120582400133
12,1914,1874-01-21,0.17648334323051706
12,1914,1874-01-28,0.04281162870937696
12,1914,1874-02-04,0.005981366763279603
12,1914,1874-02-11,0.052928051817705116
12,1914,1874-02-18,0.018253274516726807
12,1914,1874-02-25,0.04164323360985494
12,1914,1874-03-04,0.1014107726744482
12,1914,1874-03-11,0.07354201803202835
12,1914,1874-03-18,0.02052722115794787
12,1914,1874-03-25,0.019452748524648674
12,1914,1874-04-01,0.06058682209673888
12,1914,1874-04-08,0.006743304145450272
12,1914,1874-04-15,0.050383022041771225
12,1914,1874-04-22,0.04431356039804936
12,1914,1874-04-29,0.8978879451396025
12,1914,1874-05-06,0.004439586068038298
12,1914,1874-05-13,0.05136934957573425
12,1914,1874-05-20,0.058052530228725065
12,1914,1874-05-27,0.06453259216265235
12,1914,1874-06-03,0.02178202645101384
12,1914,1874-06-10,0.04622076661385098
12,1914,1874-06-17,0.029843887398563224
12,1914,1874-06-24,0.02133613400251174
12,1914,1874-07-01,0.8686617391277014
12,1914,1874-07-08,0.020303413194027137
12,1914,1874-07-15,0.023481950737344458
12,1914,1874-07-22,0.025304912932779092
12,1914,1874-07-29,0.016953216380427655
12,1914,1874-08-05,0.0018557682475811293
12,1914,1874-08-12,0.015370814075546758
12,1914,1874-08-19,0.029285199007373842
12,1914,1874-08-26,0.023326972622774618
12,1914,1874-09-02,0.05613953828666638
12,1914,1874-09-09,0.014049129882858077
12,1914,1874-09-16,0.014421449405807377
12,1914,1874-09-23,0.012280682975126127
12,1914,1874-09-30,0.028871581207716095
12,1914,1874-10-07,0.008837395768129908
12,1914,1874-10-14,0.055457463303069617
12,1914,1874-10-21,0.056362421345255445
12,1914,1874-10-28,0.11885186837873919
12,1914,1874-11-04,0.019553892528125456
12,1914,1874-11-11,0.0109649821470428
12,1914,1874-11-18,0.0030830862010776724
12,1914,1874-11-25,0.014172176875655257
12,1914,1874-12-02,0.0988737073513878
12,1914,1874-12-09,0.13090674696295132
12,1914,1874-12-16,0.1903055688870378
12,1914,1874-12-23,0.23883414037619904
12,1914,1874-12-30,0.8457235997583339
12,1914,1875-01-06,0.03373964662926876
12,1914,1875-01-13,0.34935775675692704
12,1914,1875-01-20,0.420763487218252
12,1914,1875-01-27,0.17262694816669552
12,1914,1875-02-03,0.06362074449045378
12,1914,1875-02-10,0.055059119145458794
12,1914,1875-02-17,0.16228072442227132
12,1914,1875-02-24,0.07787003430816952
12,1914,1875-03-03,0.358567740966897
12,1914,1875-03-10,0.16465637885622755
12,1914,1875-03-17,0.00803940007683964
12,1914,1875-03-24,0.01150339464246508
12,1914,1875-03-31,0.026107656794960757
12,1914,1875-04-07,0.004752160069325558
12,1914,1875-04-14,0.01365936874405133
12,1914,1875-04-21,0.04503750747794077
12,1914,1875-04-28,0.03875414974857229
12,1914,1875-05-05,0.027961593505550362
12,1914,1875-05-12,0.16039127455192353
12,1914,1875-05-19,0.05546457733771293
12,1914,1875-05-26,0.31854056600341085
12,1914,1875-06-02,0.5407238314277504
12,1914,1875-06-09,0.12655786528267304
12,1914,1875-06-16,0.018256689238044556
12,1914,1875-06-23,0.1459209836422168
12,1914,1875-06-30,0.7879640580350671
12,1914,1875-07-07,0.003088190446375284
12,1914,1875-07-14,0.032699891549613204
12,1914,1875-07-21,0.04372760896052836
12,1914,1875-07-28,0.02360175364761943
12,1914,1875-08-04,0.014508857969076236
12,1914,1875-08-11,0.019274015320796516
12,1914,1875-08-18,0.011343066931887576
12,1914,1875-08-25,0.019829795478531424
12,1914,1875-09-01,0.03930588689473128
12,1914,1875-09-08,0.017957584361059636
12,1914,1875-09-15,0.012637534833317135
12,1914,1875-09-22,0.009396915478428825
12,1914,1875-09-29,0.014799013101926932
12,1914,1875-10-06,0.008250725792377931
12,1914,1875-10-13,0.028809697273709394
12,1914,1875-10-20,0.06010248207540409
12,1914,1875-10-27,0.11272579910833838
12,1914,1875-11-03,0.017410472897117116
12,1914,1875-11-10,0.005676506189801124
12,1914,1875-11-17,0.0027677003175669078
12,1914,1875-11-24,0.008086652158617822
12,1914,1875-12-01,0.02828560443148913
12,1914,1875-12-08,0.06746261496431882
12,1914,1875-12-15,0.25457682491135
12,1914,1875-12-22,0.07337951387112418
12,1914,1875-12-29,0.3605152412493739
12,1914,1876-01-05,0.04370107053566568
12,1914,1876-01-12,0.02773055659558517
12,1914,1876-01-19,0.1031654653879401
12,1914,1876-01-26,0.06310430688168657
12,1914,1876-02-02,0.023478625305939454
12,1914,1876-02-09,0.014990039683257333
12,1914,1876-02-16,0.11193059562003649
12,1914,1876-02-23,0.08561330858363453
12,1914,1876-03-01,0.6039111514653288
12,1914,1876-03-08,0.4091398782929454
12,1914,1876-03-15,0.21362329480145273
12,1914,1876-03-22,0.01969534215973236
12,1914,1876-03-29,0.020001806227629263
12,1914,1876-04-05,0.008842994615407822
12,1914,1876-04-12,0.01729820838383325
12,1914,1876-04-19,0.03018782326523835
12,1914,1876-04-26,0.07561118015309067
12,1914,1876-05-03,0.023533332572049412
12,1914,1876-05-10,0.051705717611093535
12,1914,1876-05-17,0.02168578107197608
12,1914,1876-05-24,0.020121941712563332
12,1914,1876-05-31,0.006586761973644894
12,1914,1876-06-07,0.003466447463125731
12,1914,1876-06-14,0.00487624246171479
12,1914,1876-06-21,0.003157139604513569
12,1914,1876-06-28,0.0029447611234967087
12,1914,1876-07-05,0.003080709162776742
12,1914,1876-07-12,0.004531253524138538
12,1914,1876-07-19,0.006064835673267817
12,1914,1876-07-26,0.003988913454438935
12,1914,1876-08-02,0.002846783336258746
12,1914,1876-08-09,0.0014473590457070309
12,1914,1876-08-16,0.002234606350459541
12,1914,1876-08-23,0.001956052086123261
12,1914,1876-08-30,0.002348581262578225
12,1914,1876-09-06,0.002828711264244261
12,1914,1876-09-13,0.0036543637866593153
12,1914,1876-09-20,0.0036637555123211307
12,1914,1876-09-27,0.0030550117617623913
12,1914,1876-10-04,0.0026204344622199737
12,1914,1876-10-11,0.0018450441209339815
12,1914,1876-10-18,0.007212743137517547
12,1914,1876-10-25,0.007876878817561953
12,1914,1876-11-01,0.0051104081846969655
12,1914,1876-11-08,0.004156753043784406
12,1914,1876-11-15,0.0011546353998926225
12,1914,1876-11-22,0.0008825308113721782
12,1914,1876-11-29,0.0010140371161330816
12,1914,1876-12-06,0.0011617242591837379
12,1914,1876-12-13,0.002836649529260538
12,1914,1876-12-20,0.0027372472046839798
12,1914,1876-12-27,0.003403395990673562
12,1914,1877-01-03,0.015498543402604963
12,1914,1877-01-10,0.00024127781286099092
12,1914,1877-01-17,0.0037170186482540905
12,1914,1877-01-24,0.004363674674690099
12,1914,1877-01-31,0.0020558850205864444
12,1914,1877-02-07,0.0014916311732397593
12,1914,1877-02-14,0.0009860006068430074
12,1914,1877-02-21,0.0013163808457604966
12,1914,1877-02-28,0.002949151637291954
12,1914,1877-03-07,0.0031356882928898324
12,1914,1877-03-14,0.007925993112280452
12,1914,1877-03-21,0.0034955739060852876
12,1914,1877-03-28,0.14748099322744404
12,1914,1877-04-04,0.0014389965608687671
12,1914,1877-04-11,0.00016062662619882457
12,1914,1877-04-18,0.003227786225315492
12,1914,1877-04-25,0.0021879162385931034
12,1914,1877-05-02,0.0031990617378656436
12,1914,1877-05-09,0.0016695101996502743
12,1914,1877-05-16,0.007084518779652273
12,1914,1877-05-23,0.009593244381769379
12,1914,1877-05-30,0.02382530007987524
12,1914,1877-06-06,0.011723291895611788
12,1914,1877-06-13,0.01327525859423903
12,1914,1877-06-20,0.011427082203244789
12,1914,1877-06-27,0.005924655649977323
12,1914,1877-07-04,0.05011593115414496
12,1914,1877-07-11,0.003320435425688151
12,1914,1877-07-18,0.010830443683352502
12,1914,1877-07-25,0.011129564958374026
12,1914,1877-08-01,0.008516878420355962
12,1914,1877-08-08,0.003968735663788226
12,1914,1877-08-15,0.005240569816636568
12,1914,1877-08-22,0.0034748237554604535
12,1914,1877-08-29,0.0039119912081081315
12,1914,1877-09-05,0.018162063644136518
12,1914,1877-09-12,0.006503407540335043
12,1914,1877-09-19,0.004160199426805759
12,1914,1877-09-26,0.003089698427629655
12,1914,1877-10-03,0.0029908430608833795
12,1914,1877-10-10,0.00627361381203484
12,1914,1877-10-17,0.013194943577424534
12,1914,1877-10-24,0.05379230617219465
12,1914,1877-10-31,0.03029888824007057
12,1914,1877-11-07,0.021518171547037567
12,1914,1877-11-14,0.02605589072647817
12,1914,1877-11-21,0.06354488367394157
12,1914,1877-11-28,0.037317412990277674
12,1914,1877-12-05,0.037615510010171584
12,1914,1877-12-12,0.05630932401617553
12,1914,1877-12-19,0.020320000792789703
12,1914,1877-12-24,0.0486942637265009
12,1914,1878-01-02,0.2453708532594133
12,1914,1878-01-09,0.0011088337606480771
12,1914,1878-01-16,0.09889041169023459
12,1914,1878-01-23,0.030486402922613814
12,1914,1878-01-30,0.029684811805595027
12,1914,1878-02-06,0.012221643161828093
12,1914,1878-02-13,0.0026484911176171714
12,1914,1878-02-20,0.0011981862429463355
12,1914,1878-02-27,0.009127956640066348
12,1914,1878-03-06,0.016024274311465688
12,1914,1878-03-13,0.0193854799464672
12,1914,1878-03-20,0.005179562677583285
12,1914,1878-03-27,0.0007173697050374124
12,1914,1878-04-03,0.00010222613934281533
12,1914,1878-04-10,5.923439484145337e-05
12,1914,1878-04-17,0.0006521064554844535
12,1914,1878-04-24,0.0017252987049216273
12,1914,1878-05-01,0.0061329089674213855
12,1914,1878-05-08,0.015160420967756452
12,1914,1878-05-15,0.024637557127847872
12,1914,1878-05-22,0.0166096295786737
12,1914,1878-05-29,0.028339068693678377
12,1914,1878-06-05,0.00937066297001478
12,1914,1878-06-12,0.015236355189166677
12,1914,1878-06-19,0.013774163693806445
12,1914,1878-06-26,0.028335231020188013
12,1914,1878-07-03,0.03009182181580815
12,1914,1878-07-10,0.0010931151607628336
12,1914,1878-07-17,0.021558613554548956
12,1914,1878-07-24,0.008228382499661208
12,1914,1878-07-31,0.011735666819429658
12,1914,1878-08-07,0.004205341961984434
12,1914,1878-08-14,0.00748813568477612
12,1914,1878-08-21,0.007050912862858622
12,1914,1878-08-28,0.051753879598270505
12,1914,1878-09-04,0.18113672059730324
12,1914,1878-09-11,0.018288906387746398
12,1914,1878-09-18,0.05148425336307321
12,1914,1878-09-25,0.014059511637748257
12,1914,1878-10-02,0.20417762329935804
12,1914,1878-10-09,0.23300885064587512
12,1914,1878-10-16,0.5572077918818156
12,1914,1878-10-23,0.756137806723521
12,1914,1878-10-30,0.6312687931551887
12,1914,1878-11-06,0.6090537952184664
12,1914,1878-11-13,0.08868865765858806
12,1914,1878-11-20,0.06865368204872051
12,1914,1878-11-27,0.03961075510413569
12,1914,1878-12-04,0.14318821892641628
12,1914,1878-12-11,0.7946256280236593
12,1914,1878-12-18,0.9817217875944331
12,1914,1878-12-24,0.997133651383608
12,1914,1879-01-01,0.9961988590883362
12,1914,1879-01-08,0.7965592996988479
12,1914,1879-01-15,0.6555626033221701
12,1914,1879-01-22,0.8105074949489076
12,1914,1879-01-29,0.2667264443262356
12,1914,1879-02-05,0.24399904132948627
12,1914,1879-02-12,0.3221662441326149
12,1914,1879-02-19,0.23738717585146676
12,1914,1879-02-26,0.09852134887260482
12,1914,1879-03-05,0.22673831153026663
12,1914,1879-03-12,0.14616006482320468
12,1914,1879-03-19,0.13657235490852523
12,1914,1879-03-26,0.16222816720798264
12,1914,1879-04-02,0.1664757406371521
12,1914,1879-04-09,0.08748286143764684
12,1914,1879-04-16,0.25279694811817793
12,1914,1879-04-23,0.09974107534590662
12,1914,1879-04-30,0.0418564774144153
12,1914,1879-05-07,0.04123452483771731
12,1914,1879-05-14,0.03458825731967737
12,1914,1879-05-21,0.022472607890525517
12,1914,1879-05-28,0.01587322355391855
12,1914,1879-06-04,0.009634241066818799
12,1914,1879-06-11,0.02124960060301299
12,1914,1879-06-18,0.025826798552378107
12,1914,1879-06-25,0.011043748773889311
12,1914,1879-07-02,0.046364336745552306
12,1914,1879-07-09,0.0021394915880288542
12,1914,1879-07-16,0.010383231273824086
12,1914,1879-07-23,0.013408937328944564
12,1914,1879-07-30,0.014414489076330117
12,1914,1879-08-06,0.005928244047096078
12,1914,1879-08-13,0.004339725004211115
12,1914,1879-08-20,0.005897514368909747
12,1914,1879-08-27,0.0035117183416191623
12,1914,1879-09-03,0.0054916178064911645
12,1914,1879-09-10,0.0037235765320288426
12,1914,1879-09-17,0.004204771283463733
12,1914,1879-09-24,0.004383170571595242
12,1914,1879-10-01,0.003775866873969513
12,1914,1879-10-08,0.002667230539191244
12,1914,1879-10-15,0.009662349030817727
12,1914,1879-10-22,0.0073182628925636505
12,1914,1879-10-29,0.0072480626275127635
12,1914,1879-11-05,0.009148785078999385
12,1914,1879-11-12,0.002179732259123006
12,1914,1879-11-19,0.004503441764888169
12,1914,1879-11-26,0.002749419702477041
12,1914,1879-12-03,0.0027158183892955533
12,1914,1879-12-10,0.004637690412200661
12,1914,1879-12-17,0.01454069895417956
12,1914,1879-12-24,0.014623768478579114
12,1914,1879-12-31,0.34209775711513357
12,1914,1880-01-07,0.0009861221592959645
12,1914,1880-01-14,0.03491503203440878
12,1914,1880-01-21,0.03127020375507625
12,1914,1880-01-28,0.028087506020888067
12,1914,1880-02-04,0.004406693438388851
12,1914,1880-02-11,0.0033900756078345056
12,1914,1880-02-18,0.007694991154017275
12,1914,1880-02-25,0.018916263761053816
12,1914,1880-03-03,0.1882987321021857
12,1914,1880-03-10,0.16338106046664552
12,1914,1880-03-17,0.2357301613523396
12,1914,1880-03-24,0.01728313902782502
12,1914,1880-03-31,0.05784952990899656
12,1914,1880-04-07,0.0019066436049044613
12,1914,1880-04-14,0.0057385842652408255
12,1914,1880-04-21,0.00947905676941286
12,1914,1880-04-28,0.021286826124429455
12,1914,1880-05-05,0.025613704566980727
12,1914,1880-05-12,0.0424916744101571
12,1914,1880-05-19,0.1094279957699547
12,1914,1880-05-26,0.08293997605152632
12,1914,1880-06-02,0.09285593012841035
12,1914,1880-06-09,0.05870399373146191
12,1914,1880-06-16,0.0129112115525215
12,1914,1880-06-23,0.011991030427227031
12,1914,1880-06-30,0.5554648452972579
12,1914,1880-07-07,0.0013940679182432984
12,1914,1880-07-14,0.00935527464971691
12,1914,1880-07-21,0.018084692192251266
12,1914,1880-07-28,0.013338183705396302
12,1914,1880-08-04,0.0024234512872964155
12,1914,1880-08-11,0.013770760762818067
12,1914,1880-08-18,0.011172881980445729
12,1914,1880-08-25,0.010895121136807698
12,1914,1880-09-01,0.058823929375164064
12,1914,1880-09-08,0.015043302271654936
12,1914,1880-09-15,0.005748844263016342
12,1914,1880-09-22,0.004780857096135152
12,1914,1880-09-29,0.011176617704951914
12,1914,1880-10-06,0.0019356713994772574
12,1914,1880-10-13,0.008084986125163863
12,1914,1880-10-20,0.01512398117279043
12,1914,1880-10-27,0.013421888222658614
12,1914,1880-11-03,0.004062577629575133
12,1914,1880-11-10,0.002377616770859621
12,1914,1880-11-17,0.013308335731550358
12,1914,1880-11-24,0.002846219143401307
12,1914,1880-12-01,0.0077829061522820585
12,1914,1880-12-08,0.07381265102223429
12,1914,1880-12-15,0.01848661017651148
12,1914,1880-12-22,0.02519645790963767
12,1914,1880-12-29,0.21222326917765844
12,1914,1881-01-05,0.009581595178896753
12,1914,1881-01-12,0.0014532350886054958
12,1914,1881-01-19,0.036784737417555925
12,1914,1881-01-26,0.021928180599943378
12,1914,1881-02-02,0.007915618513451706
12,1914,1881-02-09,0.04576171068539758
12,1914,1881-02-16,0.018760236423168365
12,1914,1881-02-23,0.15728136459255923
12,1914,1881-03-02,0.39422786322678166
12,1914,1881-03-09,0.07405424709636951
12,1914,1881-03-16,0.2558650865950742
12,1914,1881-03-23,0.020719581267836754
12,1914,1881-03-30,0.1203991484823284
12,1914,1881-04-06,0.025618868171225495
12,1914,1881-04-13,0.05360353663109736
12,1914,1881-04-20,0.024894584101417143
12,1914,1881-04-27,0.01555043713621777
12,1914,1881-05-04,0.02219778419473743
12,1914,1881-05-11,0.012168699055285271
12,1914,1881-05-18,0.01830268046352116
12,1914,1881-05-25,0.02859701171016337
12,1914,1881-06-01,0.0449051403043325
12,1914,1881-06-08,0.02580178861953834
12,1914,1881-06-15,0.05012881559780057
12,1914,1881-06-22,0.002851290886427323
12,1914,1881-06-29,0.06387307602229793
12,1914,1881-07-06,0.0007679160950314894
12,1914,1881-07-13,0.002371257681643319
12,1914,1881-07-20,0.008742554221479468
12,1914,1881-07-27,0.008714660411224144
12,1914,1881-08-03,0.0030759763798729974
12,1914,1881-08-10,0.008482238729109817
12,1914,1881-08-17,0.00944701861949461
12,1914,1881-08-24,0.006064081335637755
12,1914,1881-08-31,0.04013243756388761
12,1914,1881-09-07,0.01489111883532541
12,1914,1881-09-14,0.011456914751171932
12,1914,1881-09-21,0.010933889485926255
12,1914,1881-09-28,0.009227879476229085
12,1914,1881-10-05,0.029925918665535477
12,1914,1881-10-12,0.016252975759404396
12,1914,1881-10-19,0.12945459402499118
12,1914,1881-10-26,0.10867519499726404
12,1914,1881-11-02,0.06171208123232054
12,1914,1881-11-09,0.014808009471143272
12,1914,1881-11-16,0.03149540093953665
12,1914,1881-11-23,0.03512767045765495
12,1914,1881-11-30,0.42462688151635075
12,1914,1881-12-07,0.19024927797127722
12,1914,1881-12-14,0.18718402682892707
12,1914,1881-12-21,0.23771950303891515
12,1914,1881-12-28,0.47360114231820516
12,1914,1882-01-04,0.356899366787757
12,1914,1882-01-11,0.020849875139732917
12,1914,1882-01-18,0.23326111343786457
12,1914,1882-01-25,0.08725480105754312
12,1914,1882-02-01,0.4248241260500461
12,1914,1882-02-08,0.4611034218371887
12,1914,1882-02-15,0.4295091231055359
12,1914,1882-02-22,0.5981757670205069
12,1914,1882-03-01,0.910427250192004
12,1914,1882-03-08,0.009243919765712443
12,1914,1882-03-15,0.9894451782064154
12,1914,1882-03-22,0.16239800605080523
12,1914,1882-03-29,0.60196852141546
12,1914,1882-04-05,0.6254745975609308
12,1914,1882-04-12,0.012251182329730867
12,1914,1882-04-19,0.10436430783688856
12,1914,1882-04-26,0.18009109183771774
12,1914,1882-05-03,0.02381706345821458
12,1914,1882-05-10,0.001497478415233771
12,1914,1882-05-17,0.038842428327887445
12,1914,1882-05-24,0.028717476766551914
12,1914,1882-05-31,0.11818805406813998
12,1914,1882-06-07,0.03925143774742893
12,1914,1882-06-14,0.021955208288789503
12,1914,1882-06-21,0.013953136441384455
12,1914,1882-06-28,0.04990375397829228
12,1914,1882-07-05,0.2340525620812885
12,1914,1882-07-12,0.0012782296083132822
12,1914,1882-07-19,0.026544011516341996
12,1914,1882-07-26,0.020247271406372124
12,1914,1882-08-02,0.035066256371898225
12,1914,1882-08-09,0.005248358406440384
12,1914,1882-08-16,0.015067146487909786
12,1914,1882-08-23,0.009596299648242103
12,1914,1882-08-30,0.047480640443249726
12,1914,1882-09-06,0.1276223416177502
12,1914,1882-09-13,0.09111670030863649
12,1914,1882-09-20,0.04435485143930848
12,1914,1882-09-27,0.35989313703621917
12,1914,1882-10-04,0.1933180808852898
12,1914,1882-10-11,0.18927939356884807
12,1914,1882-10-18,0.2733129475688269
12,1914,1882-10-25,0.49648809484613665
12,1914,1882-11-01,0.2707483703019979
12,1914,1882-11-08,0.430083089030235
12,1914,1882-11-15,0.19941641371132923
12,1914,1882-11-22,0.2853302305667851
12,1914,1882-11-29,0.31956211996117867
12,1914,1882-12-06,0.20129579131261888
12,1914,1882-12-13,0.4058476150755698
12,1914,1882-12-20,0.49580588851803087
12,1914,1882-12-27,0.7141944255732195
12,1914,1883-01-03,0.9816420121604278
12,1914,1883-01-10,0.03182336212455002
12,1914,1883-01-17,0.5077352663198768
12,1914,1883-01-24,0.17390517549995904
12,1914,1883-01-31,0.05446744265667886
12,1914,1883-02-07,0.029561140392949645
12,1914,1883-02-14,0.08250137602204313
12,1914,1883-02-21,0.5262382165940795
12,1914,1883-02-28,0.5946417091949877
12,1914,1883-03-07,0.5770351554906531
12,1914,1883-03-14,0.14626834448356987
12,1914,1883-03-21,0.21822896961613614
12,1914,1883-03-28,0.16042359913603538
12,1914,1883-04-04,0.03916648538534174
12,1914,1883-04-11,0.003222304263339279
12,1914,1883-04-18,0.025294739408920647
12,1914,1883-04-25,0.05006052162081861
12,1914,1883-05-02,0.08894049648249532
12,1914,1883-05-09,0.0411598833706756
12,1914,1883-05-16,0.06956937402595244
12,1914,1883-05-23,0.09843783887385633
12,1914,1883-05-30,0.2576823138297157
12,1914,1883-06-06,0.14930174608453434
12,1914,1883-06-13,0.0360079275133859
12,1914,1883-06-20,0.045766170898560894
12,1914,1883-06-27,0.03349077195604972
12,1914,1883-07-04,0.4800969464516645
12,1914,1883-07-11,0.026845958544305645
12,1914,1883-07-18,0.16580893934840835
12,1914,1883-07-25,0.08164421402458465
12,1914,1883-08-01,0.07986291124342522
12,1914,1883-08-08,0.02587601256512493
12,1914,1883-08-15,0.07503429474352813
12,1914,1883-08-22,0.08604370037231747
12,1914,1883-08-29,0.10641332441288448
12,1914,1883-09-05,0.20762710975735413
12,1914,1883-09-12,0.05308316064109042
12,1914,1883-09-19,0.1321178498648696
12,1914,1883-09-26,0.0782312338850201
12,1914,1883-10-03,0.048094268435095955
12,1914,1883-10-10,0.04859967575684255
12,1914,1883-10-17,0.028928340496896604
12,1914,1883-10-24,0.039126307679875114
12,1914,1883-10-31,0.02719568890025286
12,1914,1883-11-07,0.018958180041469486
12,1914,1883-11-14,0.011340208248475868
12,1914,1883-11-21,0.018755168737942144
12,1914,1883-11-28,0.01788673495542777
12,1914,1883-12-05,0.011222353030529441
12,1914,1883-12-12,0.03177134141285094
12,1914,1883-12-19,0.012616041502881968
12,1914,1883-12-24,0.03248937846243118
12,1914,1884-01-02,0.2213734252672763
12,1914,1884-01-09,0.00360923688284907
12,1914,1884-01-16,0.00702379181646024
12,1914,1884-01-23,0.012944675274311375
12,1914,1884-01-30,0.005829682052852155
12,1914,1884-02-06,0.00402740130786058
12,1914,1884-02-13,0.032977761679510456
12,1914,1884-02-20,0.08364339095070843
12,1914,1884-02-27,0.15530886919890632
12,1914,1884-03-05,0.617209431247778
12,1914,1884-03-12,0.19502449478236777
12,1914,1884-03-19,0.10806988891150301
12,1914,1884-03-26,0.02366620967222785
12,1914,1884-04-02,0.024900078999466436
12,1914,1884-04-09,0.004433632889056554
12,1914,1884-04-16,0.0253467272754441
12,1914,1884-04-23,0.03512809455659823
12,1914,1884-04-30,0.03220410840953916
12,1914,1884-05-07,0.02958356105252041
12,1914,1884-05-14,0.01885580971843839
12,1914,1884-05-21,0.023503921620541723
12,1914,1884-05-28,0.025394502485146807
12,1914,1884-06-04,0.02011990840920368
12,1914,1884-06-11,0.02018519125838568
12,1914,1884-06-18,0.010068431811280181
12,1914,1884-06-25,0.011213667950497221
12,1914,1884-07-02,0.019822240120696274
12,1914,1884-07-09,0.00674831923848597
12,1914,1884-07-16,0.0032456885683617978
12,1914,1884-07-23,0.005975875448091077
12,1914,1884-07-30,0.00392857158694794
12,1914,1884-08-06,0.001744012203388211
12,1914,1884-08-13,0.0038269069229631774
12,1914,1884-08-20,0.00856778386304412
12,1914,1884-08-27,0.004829981651064588
12,1914,1884-09-03,0.007700958996820451
12,1914,1884-09-10,0.006390243361474667
12,1914,1884-09-17,0.0024601515371591633
12,1914,1884-09-24,0.004704998896919492
12,1914,1884-10-01,0.013604525582529935
12,1914,1884-10-08,0.01140034343198873
12,1914,1884-10-15,0.0038034644154852355
12,1914,1884-10-22,0.03158230693707267
12,1914,1884-10-29,0.01658164726185268
12,1914,1884-11-05,0.005352474021422077
12,1914,1884-11-12,0.003694479083862793
12,1914,1884-11-19,0.015173672581072448
12,1914,1884-11-26,0.01108780288198098
12,1914,1884-12-03,0.07945272588430799
12,1914,1884-12-10,0.12325211754312972
12,1914,1884-12-17,0.18985972253495081
12,1914,1884-12-24,0.1522123024393087
12,1914,1884-12-31,0.8895127844074835
12,1914,1885-01-07,0.1365754854298675
12,1914,1885-01-14,0.06352419803796157
12,1914,1885-01-21,0.14052193924674375
12,1914,1885-01-28,0.06361932931489035
12,1914,1885-02-04,0.03672760092178467
12,1914,1885-02-11,0.028554187127796442
12,1914,1885-02-18,0.11559229329010434
12,1914,1885-02-25,0.43946004171060155
12,1914,1885-03-04,0.48718707692214475
12,1914,1885-03-11,0.3742636011044769
12,1914,1885-03-18,0.044911382752309985
12,1914,1885-03-25,0.09097824982407098
12,1914,1885-04-01,0.0837772623280368
12,1914,1885-04-08,0.005756400835450861
12,1914,1885-04-15,0.022412381089755348
12,1914,1885-04-22,0.053082463987966975
12,1914,1885-04-29,0.040266881530281684
12,1914,1885-05-06,0.019205813189688503
12,1914,1885-05-13,0.047886092086095275
12,1914,1885-05-20,0.03257981589340551
12,1914,1885-05-27,0.0330415003086429
12,1914,1885-06-03,0.05043110817691441
12,1914,1885-06-10,0.026717994377507874
12,1914,1885-06-17,0.015597943884283193
12,1914,1885-06-24,0.008082845353967657
12,1914,1885-07-01,0.016323567405063674
12,1914,1885-07-08,0.003968930725607567
12,1914,1885-07-15,0.015133608519580052
12,1914,1885-07-22,0.006548257154250588
12,1914,1885-07-29,0.011866043156232135
12,1914,1885-08-05,0.0031971255420238697
12,1914,1885-08-12,0.0030803170047594094
12,1914,1885-08-19,0.003473491785467422
12,1914,1885-08-26,0.002214407100877348
12,1914,1885-09-02,0.0042294969998661475
12,1914,1885-09-09,0.012888605671498878
12,1914,1885-09-16,0.013724043981231487
12,1914,1885-09-23,0.010791122172515084
12,1914,1885-09-30,0.004617357973396698
12,1914,1885-10-07,0.006502100516048996
12,1914,1885-10-14,0.015400568573887323
12,1914,1885-10-21,0.008864485470298934
12,1914,1885-10-28,0.01801938527833908
12,1914,1885-11-04,0.0013071045394604716
12,1914,1885-11-11,0.0012990581645558723
12,1914,1885-11-18,0.0013950445289332917
12,1914,1885-11-25,0.0016015152764303922
12,1914,1885-12-02,0.003377897044379349
12,1914,1885-12-09,0.00545101315353485
12,1914,1885-12-16,0.013695864331368051
12,1914,1885-12-23,0.038684000549391695
12,1914,1885-12-30,0.12011794714205053
12,1914,1886-01-06,0.009662971328731076
12,1914,1886-01-13,0.03928735634254607
12,1914,1886-01-20,0.06953281470666887
12,1914,1886-01-27,0.10539865523890905
12,1914,1886-02-03,0.008920601868875819
12,1914,1886-02-10,0.00168628342465068
12,1914,1886-02-17,0.002506537822255256
12,1914,1886-02-24,0.009274816624778113
12,1914,1886-03-03,0.0059078733407357505
12,1914,1886-03-10,0.018015387172238276
12,1914,1886-03-17,0.32881714533287476
12,1914,1886-03-24,0.035811540067956185
12,1914,1886-03-31,0.012430844780607792
12,1914,1886-04-07,0.00044711304605293877
12,1914,1886-04-14,0.0012032964138445046
12,1914,1886-04-21,0.0011116746287231517
12,1914,1886-04-28,0.0016387404746557774
12,1914,1886-05-05,0.0019622086631504386
12,1914,1886-05-12,0.000736404633689692
12,1914,1886-05-19,0.026366137700873003
12,1914,1886-05-26,0.019146845197971933
12,1914,1886-06-02,0.01835442636561678
12,1914,1886-06-09,0.01178660180938786
12,1914,1886-06-16,0.006636943632348043
12,1914,1886-06-23,0.005500130486474739
12,1914,1886-06-30,0.020309583830892916
12,1914,1886-07-07,0.005184730171508047
12,1914,1886-07-14,0.0031294867882883746
12,1914,1886-07-21,0.0071160678453056885
12,1914,1886-07-28,0.008677559344114929
12,1914,1886-08-04,0.004599533904203064
12,1914,1886-08-11,0.0033878742499199054
12,1914,1886-08-18,0.002205188157808205
12,1914,1886-08-25,0.0025816463289329446
12,1914,1886-09-01,0.007323064644352514
12,1914,1886-09-08,0.01951851427977626
12,1914,1886-09-15,0.006643562439181455
12,1914,1886-09-22,0.00504035560769403
12,1914,1886-09-29,0.0510269079955979
12,1914,1886-10-06,0.010157785879716524
12,1914,1886-10-13,0.009171344707311438
12,1914,1886-10-20,0.11106455003816854
12,1914,1886-10-27,0.06256804494266459
12,1914,1886-11-03,0.020164111300141657
12,1914,1886-11-10,0.002820704018199538
12,1914,1886-11-17,0.0036010780630758256
12,1914,1886-11-24,0.009568866287949633
12,1914,1886-12-01,0.05235326168530428
12,1914,1886-12-08,0.06094366228001624
12,1914,1886-12-15,0.021915163732625812
12,1914,1886-12-22,0.011894311055209935
12,1914,1886-12-29,0.29054083199150604
12,1914,1887-01-05,0.10595530076823785
12,1914,1887-01-12,0.015761294851482595
12,1914,1887-01-19,0.06973320453945818
12,1914,1887-01-26,0.07053114770441442
12,1914,1887-02-02,0.012476929894399302
12,1914,1887-02-09,0.006405357784243113
12,1914,1887-02-16,0.01841200083561849
12,1914,1887-02-23,0.07017577704508232
12,1914,1887-03-02,0.5239760430253935
12,1914,1887-03-09,0.1753925285973458
12,1914,1887-03-16,0.09769991164025525
12,1914,1887-03-23,0.04038330866385957
12,1914,1887-03-30,0.05154062704193463
12,1914,1887-04-06,0.007050144121750004
12,1914,1887-04-13,0.0013653369427057327
12,1914,1887-04-20,0.010092826242829308
12,1914,1887-04-27,0.01964128427439897
12,1914,1887-05-04,0.01571206802196878
12,1914,1887-05-11,0.006666400422128636
12,1914,1887-05-18,0.019875326648024286
12,1914,1887-05-25,0.014781508984831574
12,1914,1887-06-01,0.015573207303655386
12,1914,1887-06-08,0.011281799954900078
12,1914,1887-06-15,0.0026008912586533857
12,1914,1887-06-22,0.0017174458974988417
12,1914,1887-06-29,0.007228452082704548
12,1914,1887-07-06,0.0024574685176211304
12,1914,1887-07-13,0.001140282367661077
12,1914,1887-07-20,0.005940751708770745
12,1914,1887-07-27,0.003778001719193031
12,1914,1887-08-03,0.00212518358032812
12,1914,1887-08-10,0.001233490632816462
12,1914,1887-08-17,0.0018867251834798259
12,1914,1887-08-24,0.0018604086369549476
12,1914,1887-08-31,0.003963309966155211
12,1914,1887-09-07,0.0049792963114702864
12,1914,1887-09-14,0.02120706967691717
12,1914,1887-09-21,0.012172604556804613
12,1914,1887-09-28,0.031059886470249154
12,1914,1887-10-05,0.013887574329603481
12,1914,1887-10-12,0.024612371745074624
12,1914,1887-10-19,0.0548222194122089
12,1914,1887-10-26,0.05637510183079429
12,1914,1887-11-02,0.031880257149298576
12,1914,1887-11-09,0.008932517507123284
12,1914,1887-11-16,0.018258043533904273
12,1914,1887-11-23,0.021695618410803585
12,1914,1887-11-30,0.04978668510601435
12,1914,1887-12-07,0.050398352244024794
12,1914,1887-12-14,0.036477573030339015
12,1914,1887-12-21,0.038756210012627315
12,1914,1887-12-28,0.06547535381222287
12,1914,1888-01-04,0.40605682909718976
12,1914,1888-01-11,0.0037268259218594703
12,1914,1888-01-18,0.060092770611121074
12,1914,1888-01-25,0.04297290415972138
12,1914,1888-02-01,0.01059908382721366
12,1914,1888-02-08,0.0052842380736057935
12,1914,1888-02-15,0.00739727557460742
12,1914,1888-02-22,0.007188624688112622
12,1914,1888-02-29,0.04607581405132491
12,1914,1888-03-07,0.033118734788589434
12,1914,1888-03-14,0.022326301706272433
12,1914,1888-03-21,0.0027040295737534724
12,1914,1888-03-28,0.2397196840531635
12,1914,1888-04-04,0.002333997775763702
12,1914,1888-04-11,0.0011141489152198402
12,1914,1888-04-18,0.00286958953995236
12,1914,1888-04-25,0.0024314972376809933
12,1914,1888-05-02,0.004533081774331852
12,1914,1888-05-09,0.0032425100596195507
12,1914,1888-05-16,0.00713874856764035
12,1914,1888-05-23,0.01081348672395024
12,1914,1888-05-30,0.042494627014616676
12,1914,1888-06-06,0.02097244268360545
12,1914,1888-06-13,0.010852154943617591
12,1914,1888-06-20,0.009882192922787162
12,1914,1888-06-27,0.008114465350036987
12,1914,1888-07-04,0.013186074860514038
12,1914,1888-07-11,0.008891019887156975
12,1914,1888-07-18,0.015359415431615241
12,1914,1888-07-25,0.014491279843920339
12,1914,1888-08-01,0.010685159211202474
12,1914,1888-08-08,0.005886609489664495
12,1914,1888-08-15,0.00594562140687113
12,1914,1888-08-22,0.012191894038122215
12,1914,1888-08-29,0.01177884667438219
12,1914,1888-09-05,0.009817056075190962
12,1914,1888-09-12,0.011977908651978116
12,1914,1888-09-19,0.00689080027133
12,1914,1888-09-26,0.1038963769134164
12,1914,1888-10-03,0.10451948221554845
12,1914,1888-10-10,0.010154272895755817
12,1914,1888-10-17,0.10832538430339027
12,1914,1888-10-24,0.14324508991937465
12,1914,1888-10-31,0.1299213655123432
12,1914,1888-11-07,0.025304949980751303
12,1914,1888-11-14,0.11389612920717267
12,1914,1888-11-21,0.0703859352801857
12,1914,1888-11-28,0.16909867746854867
12,1914,1888-12-05,0.20353846462724434
12,1914,1888-12-12,0.4358343593766943
12,1914,1888-12-19,0.27323204907176524
12,1914,1888-12-24,0.40986041161769604
12,1914,1889-01-09,0.007459050674405652
12,1914,1889-01-16,0.31401511016165146
12,1914,1889-01-23,0.15180533783591924
12,1914,1889-02-06,0.017513960588500844
12,1914,1889-02-13,0.25893221024488833
12,1914,1889-02-20,0.10183608781620604
12,1914,1889-03-06,0.8163830828711337
12,1914,1889-03-13,0.28646158954553264
12,1914,1889-03-20,0.16408532675613446
12,1914,1889-03-27,0.19271880574072656
12,1914,1889-04-03,0.21913415769701927
12,1914,1889-04-10,0.013232130170066463
12,1914,1889-04-17,0.10584200491038037
12,1914,1889-04-24,0.07643564500902755
12,1914,1889-05-01,0.4073479620695024
12,1914,1889-05-08,0.05522192706768147
12,1914,1889-05-15,0.9607055395913735
12,1914,1889-05-22,0.06993266655441126
12,1914,1889-05-29,0.2086975961561585
12,1914,1889-06-05,0.10221727994491656
12,1914,1889-06-12,0.15233457813225273
12,1914,1889-06-19,0.09194344807380311
12,1914,1889-06-26,0.08484636743132967
12,1914,1889-07-03,0.24899373699318586
12,1914,1889-07-10,0.005421448519068594
12,1914,1889-07-17,0.15727639740301994
12,1914,1889-07-24,0.11824065803181617
12,1914,1889-07-31,0.07802312244170563
12,1914,1889-08-07,0.18749928601727056
12,1914,1889-08-14,0.049079458881053924
12,1914,1889-08-21,0.05640652908747876
12,1914,1889-08-28,0.05196524782188743
12,1914,1889-09-04,0.02193841467934195
12,1914,1889-09-11,0.037383025847635004
12,1914,1889-09-18,0.06595440873242564
12,1914,1889-09-25,0.14963939316490138
12,1914,1889-10-02,0.21016499007560074
12,1914,1889-10-09,0.18056847568736234
12,1914,1889-10-16,0.4674783468723831
12,1914,1889-10-23,0.4130177950895242
12,1914,1889-10-30,0.40029090573692394
12,1914,1889-11-06,0.17925193754224977
12,1914,1889-11-13,0.12649784472768427
12,1914,1889-11-20,0.1845146714970938
12,1914,1889-11-27,0.25263940934927864
12,1914,1889-12-04,0.8099035146420317
12,1914,1889-12-11,0.45967579079367976
12,1914,1889-12-18,0.2612912763553238
12,1914,1889-12-24,0.4875795810822311
12,1914,1890-01-01,0.9921103722240672
12,1914,1890-01-08,0.49106874916672966
12,1914,1890-01-15,0.8441279585859067
12,1914,1890-01-22,0.5739989785175337
12,1914,1890-01-29,0.5308832593292916
12,1914,1890-02-05,0.45470832076086193
12,1914,1890-02-12,0.5155106014252491
12,1914,1890-02-19,0.6217963970645333
12,1914,1890-02-26,0.9816085294329796
12,1914,1890-03-05,0.8536810831520012
12,1914,1890-03-12,0.893333102781039
12,1914,1890-03-19,0.8961890818051333
12,1914,1890-03-26,0.9557652063954115
12,1914,1890-04-02,0.8561931281400819
12,1914,1890-04-09,0.4906475141732441
12,1914,1890-04-16,0.8235354775946034
12,1914,1890-04-23,0.5573803501216975
12,1914,1890-04-30,0.7655611330035211
12,1914,1890-05-07,0.10915294655832175
12,1914,1890-05-14,0.28905406749384843
12,1914,1890-05-21,0.2597972611181237
12,1914,1890-05-28,0.2926263557128018
12,1914,1890-06-04,0.2386438276524695
12,1914,1890-06-11,0.24908447710060855
12,1914,1890-06-18,0.25240671762297645
12,1914,1890-06-25,0.5090359305262236
12,1914,1890-07-02,0.8151889692710507
12,1914,1890-07-09,0.41109210003955116
12,1914,1890-07-16,0.641727463833862
12,1914,1890-07-23,0.19129856980440343
12,1914,1890-07-30,0.16640583959318375
12,1914,1890-08-06,0.32071330874151255
12,1914,1890-08-13,0.4964313028169964
12,1914,1890-08-20,0.3263932917721603
12,1914,1890-08-27,0.7839053067471351
12,1914,1890-09-03,0.5199189536445004
12,1914,1890-09-10,0.47243022640423465
12,1914,1890-09-17,0.6694514647116748
12,1914,1890-09-24,0.7999418923890808
12,1914,1890-10-01,0.8556601259090765
12,1914,1890-10-08,0.6455740374546067
12,1914,1890-10-15,0.9287603490032252
12,1914,1890-10-22,0.8474672698623446
12,1914,1890-10-29,0.7463425083917513
12,1914,1891-02-11,0.9381857967692383
12,1914,1891-02-18,0.9920523366540791
12,1914,1891-02-25,0.9978276427891859
12,1914,1891-03-04,0.99885201832108
12,1914,1891-03-11,0.9968166774325198
12,1914,1891-03-18,0.9808656917439319
12,1914,1891-03-25,0.9836181900166451
12,1914,1891-04-01,0.9723434516845858
12,1914,1891-04-08,0.8065617672571354
12,1914,1891-04-15,0.9523274879242369
12,1914,1891-04-22,0.9693813403888706
12,1914,1891-04-29,0.8901234271440067
12,1914,1891-05-06,0.815601533547262
12,1914,1891-05-13,0.9659452618606108
12,1914,1891-05-20,0.9851952391132537
12,1914,1891-05-27,0.996560481113496
12,1914,1891-06-03,0.9790001511464421
12,1914,1891-06-10,0.9551423113441998
12,1914,1891-06-17,0.9252119294067491
12,1914,1891-06-24,0.9666466851482198
12,1914,1891-07-01,0.969665026334899
12,1914,1891-07-08,0.951501393051535
12,1914,1891-07-15,0.9502710031421676
12,1914,1891-07-22,0.9846673911370315
12,1914,1891-07-29,0.8886098942154357
12,1914,1891-08-05,0.7140513539613222
12,1914,1891-08-12,0.5235927789518445
12,1914,1891-08-19,0.42250320659787544
12,1914,1891-08-26,0.5357809942856026
12,1914,1891-09-02,0.5614730095318644
12,1914,1891-09-09,0.6934383638800179
12,1914,1891-09-16,0.5504830052257277
12,1914,1891-09-23,0.5150747833709384
12,1914,1891-09-30,0.5821448975331515
12,1914,1891-10-07,0.20899237737595003
12,1914,1891-10-14,0.6993303859144013
12,1914,1891-10-21,0.6405372472897017
12,1914,1891-10-28,0.6960588770296586
12,1914,1891-11-04,0.397595011021424
12,1914,1891-11-11,0.6088581324703691
12,1914,1891-11-18,0.43226612868304914
12,1914,1891-11-25,0.4735550313437797
12,1914,1891-12-02,0.26509636005699383
12,1914,1891-12-09,0.5595561478515616
12,1914,1891-12-16,0.7746411125387452
12,1914,1891-12-23,0.544647288496538
12,1914,1891-12-30,0.8594811945047496
12,1914,1892-01-06,0.8570494610047708
12,1914,1892-01-13,0.7387197593182968
12,1914,1892-01-20,0.7661205565024316
12,1914,1892-01-27,0.4772691737104183
12,1914,1892-02-03,0.35805959179061214
12,1914,1892-02-10,0.1979979477044385
12,1914,1892-02-17,0.2468961172424843
12,1914,1892-02-24,0.49597524648194585
12,1914,1892-03-02,0.2825388527396759
12,1914,1892-03-09,0.6050065819713406
12,1914,1892-03-16,0.5781397592083483
12,1914,1892-03-23,0.6036468638860559
12,1914,1892-03-30,0.6801238418640482
12,1914,1892-04-06,0.10979477394785858
12,1914,1892-04-13,0.14231174191960766
12,1914,1892-04-20,0.36742978462655024
12,1914,1892-04-27,0.3348021888891102
12,1914,1892-05-04,0.21662890421725117
12,1914,1892-05-11,0.15541400860098836
12,1914,1892-05-18,0.16897159550507657
12,1914,1892-05-25,0.2004666315874513
12,1914,1892-06-01,0.17949964767448662
12,1914,1892-06-08,0.11223659433849045
12,1914,1892-06-15,0.10503910592966836
12,1914,1892-06-22,0.10440422498487327
12,1914,1892-06-29,0.14011045104099476
12,1914,1892-07-06,0.08551212505721516
12,1914,1892-07-13,0.0460344055962323
12,1914,1892-07-20,0.11234355094582692
12,1914,1892-07-27,0.12144013381313919
12,1914,1892-08-03,0.06414107579420297
12,1914,1892-08-10,0.0357454144053933
12,1914,1892-08-17,0.09570069345686735
12,1914,1892-08-24,0.06648729086847414
12,1914,1892-08-31,0.05622963439658482
12,1914,1892-09-07,0.07076020774529347
12,1914,1892-09-14,0.02572655394157202
12,1914,1892-09-21,0.09623390027372823
12,1914,1892-09-28,0.08394452764591731
12,1914,1892-10-05,0.04171597077345136
12,1914,1892-10-12,0.10942810734694061
12,1914,1892-10-19,0.08525131086458414
12,1914,1892-10-26,0.10147883971303744
12,1914,1892-11-02,0.14792305222776844
12,1914,1892-11-09,0.03425304784628895
12,1914,1892-11-16,0.04229822996571612
12,1914,1892-11-23,0.025423168527076007
12,1914,1892-11-30,0.023497733767359134
12,1914,1892-12-07,0.08926707280516237
12,1914,1892-12-14,0.08049220890895645
12,1914,1892-12-21,0.1573336003132265
12,1914,1892-12-28,0.3260662464484822
12,1914,1893-01-04,0.39087743766438515
12,1914,1893-01-11,0.14830538844955715
12,1914,1893-01-18,0.2975405187327132
12,1914,1893-01-25,0.17722545998293868
12,1914,1893-02-01,0.11609692116467842
12,1914,1893-02-08,0.010718760779865864
12,1914,1893-02-15,0.02924257571685916
12,1914,1893-02-22,0.06836340543679428
12,1914,1893-03-01,0.09175835080524032
12,1914,1893-03-08,0.2540132446382107
12,1914,1893-03-15,0.18569290585891346
12,1914,1893-03-22,0.17469334427019637
12,1914,1893-03-29,0.20342697480210484
12,1914,1893-04-05,0.057118897392697425
12,1914,1893-04-12,0.12551577760360558
12,1914,1893-04-19,0.08234192128553959
12,1914,1893-04-26,0.11032188453166389
12,1914,1893-05-03,0.026526882260148918
12,1914,1893-05-10,0.023881252458634934
12,1914,1893-05-17,0.09457363616505995
12,1914,1893-05-24,0.23999759077014762
12,1914,1893-05-31,0.634655211149116
12,1914,1893-06-07,0.1693154328939402
12,1914,1893-06-14,0.1770795094951154
12,1914,1893-06-21,0.02790700777910875
12,1914,1893-06-28,0.0654920907781398
12,1914,1893-07-05,0.16268631040482487
12,1914,1893-07-12,0.1327149658558259
12,1914,1893-07-19,0.25378954468884507
12,1914,1893-07-26,0.18249692162540734
12,1914,1893-08-02,0.07628156960101681
12,1914,1893-08-09,0.009454517575113754
12,1914,1893-08-16,0.08787406714216525
12,1914,1893-08-23,0.15956508104822936
12,1914,1893-08-30,0.1467066779260845
12,1914,1893-09-06,0.26537918201367033
12,1914,1893-09-13,0.0914684590844924
12,1914,1893-09-20,0.2266066889076097
12,1914,1893-09-27,0.15199793399926095
12,1914,1893-10-04,0.09938549016364454
12,1914,1893-10-11,0.6492182905103908
12,1914,1893-10-18,0.6551322294526248
12,1914,1893-10-25,0.5618922531446212
12,1914,1893-11-01,0.3211353241785136
12,1914,1893-11-08,0.07213964025964677
12,1914,1893-11-15,0.03940570667452774
12,1914,1893-11-22,0.0618943737808465
12,1914,1893-11-29,0.038237433986263024
12,1914,1893-12-06,0.0377845255730896
12,1914,1893-12-13,0.055116879275933846
12,1914,1893-12-20,0.04902451208648621
12,1914,1893-12-27,0.207149787671297
12,1914,1894-01-03,0.32278943744269145
12,1914,1894-01-10,0.20988995330982238
12,1914,1894-01-17,0.324613366563132
12,1914,1894-01-24,0.17490082977011046
12,1914,1894-01-31,0.057186997250418294
12,1914,1894-02-07,0.00845125905063365
12,1914,1894-02-14,0.015416776907349324
12,1914,1894-02-21,0.05386721221393031
12,1914,1894-02-28,0.2817679616083509
12,1914,1894-03-07,0.1929129898827023
12,1914,1894-03-14,0.14601005604631548
12,1914,1894-03-21,0.20385733549732307
12,1914,1894-03-28,0.2606383151018051
12,1914,1894-04-04,0.033719021062920504
12,1914,1894-04-11,0.02394990919767098
12,1914,1894-04-18,0.03432447517177323
12,1914,1894-04-25,0.01477272357303301
12,1914,1894-05-02,0.020348384252668803
12,1914,1894-05-09,0.011971628947849275
12,1914,1894-05-16,0.04995565844162352
12,1914,1894-05-23,0.12409797666259618
12,1914,1894-05-30,0.22068687035424353
12,1914,1894-06-06,0.10096137372946842
12,1914,1894-06-13,0.05256709128824174
12,1914,1894-06-20,0.04224476928296245
12,1914,1894-06-27,0.034137220787717915
12,1914,1894-07-04,0.03766806058586459
12,1914,1894-07-11,0.05749219254385684
12,1914,1894-07-18,0.08074084756605106
12,1914,1894-07-25,0.08056885828411964
12,1914,1894-08-01,0.06200745564657386
12,1914,1894-08-08,0.01686730361925296
12,1914,1894-08-15,0.02960750516282643
12,1914,1894-08-22,0.02863858159031723
12,1914,1894-08-29,0.02327060189847147
12,1914,1894-09-05,0.03281876753182839
12,1914,1894-09-12,0.028129569498574616
12,1914,1894-09-19,0.027014310102042145
12,1914,1894-09-26,0.03056102223938285
12,1914,1894-10-03,0.021285822173989114
12,1914,1894-10-10,0.021216485693797187
12,1914,1894-10-17,0.09964612175123702
12,1914,1894-10-24,0.12828363640620674
12,1914,1894-10-31,0.08771315026604573
12,1914,1894-11-07,0.11121076106572711
12,1914,1894-11-14,0.005494172114262703
12,1914,1894-11-21,0.014889224401444974
12,1914,1894-11-28,0.0127310077688388
12,1914,1894-12-05,0.0077582746882876655
12,1914,1894-12-12,0.02296600634227784
12,1914,1894-12-19,0.02164199653323898
12,1914,1894-12-24,0.027975120486272976
12,1914,1895-01-02,0.1574333675417272
12,1914,1895-01-09,0.0224888215454109
12,1914,1895-01-16,0.010553322346478168
12,1914,1895-01-23,0.04483902354243381
12,1914,1895-01-30,0.03186954175844305
12,1914,1895-02-06,0.0023998915160275505
12,1914,1895-02-13,0.0026723804659163127
12,1914,1895-02-20,0.006892857137297014
12,1914,1895-02-27,0.020375775763268714
12,1914,1895-03-06,0.1340257487680531
12,1914,1895-03-13,0.06075260217972062
12,1914,1895-03-20,0.033925566914983885
12,1914,1895-03-27,0.0687510851301188
12,1914,1895-04-03,0.008897188721069031
12,1914,1895-04-10,0.0035872688925837294
12,1914,1895-04-17,0.01788101454730973
12,1914,1895-04-24,0.016647397488746957
12,1914,1895-05-01,0.014590233398815454
12,1914,1895-05-08,0.017380379660672234
12,1914,1895-05-15,0.02114284467782023
12,1914,1895-05-22,0.025481583612628547
12,1914,1895-05-29,0.051965118289314306
12,1914,1895-06-05,0.030963641984149234
12,1914,1895-06-12,0.01987310710304719
12,1914,1895-06-19,0.013471078483627056
12,1914,1895-06-26,0.015230402565584333
12,1914,1895-07-03,0.013278988879805097
12,1914,1895-07-10,0.00692886820214266
12,1914,1895-07-17,0.015793003638500478
12,1914,1895-07-24,0.019739316216762684
12,1914,1895-07-31,0.015243313320193519
12,1914,1895-08-07,0.012497685984552824
12,1914,1895-08-14,0.014397841165481052
12,1914,1895-08-21,0.011483287997457785
12,1914,1895-08-28,0.014363874454421551
12,1914,1895-09-04,0.012707166459198282
12,1914,1895-09-11,0.010413297145980535
12,1914,1895-09-18,0.014113750642638024
12,1914,1895-09-25,0.013052296285076708
12,1914,1895-10-02,0.010506353180504444
12,1914,1895-10-09,0.00992962611870418
12,1914,1895-10-16,0.024321357317203193
12,1914,1895-10-23,0.029452551014202487
12,1914,1895-10-30,0.02623331540564426
12,1914,1895-11-06,0.017695529375650387
12,1914,1895-11-13,0.011564455790607263
12,1914,1895-11-20,0.018047449470882004
12,1914,1895-11-27,0.011078726226002773
12,1914,1895-12-04,0.01454653893115298
12,1914,1895-12-11,0.015282628191138629
12,1914,1895-12-18,0.012293806290471148
12,1914,1895-12-24,0.01119882799997898
12,1914,1896-01-01,0.47092921937558896
12,1914,1896-01-08,0.0005685181562079682
12,1914,1896-01-15,0.01801076732811087
12,1914,1896-01-22,0.019284386111873685
12,1914,1896-01-29,0.011425758516435064
12,1914,1896-02-05,0.0034252087476753694
12,1914,1896-02-12,0.013080549916351488
12,1914,1896-02-19,0.016677310741494564
12,1914,1896-02-26,0.020315111204285082
12,1914,1896-03-04,0.09113627410194353
12,1914,1896-03-11,0.019251244550958155
12,1914,1896-03-18,0.021430523253236928
12,1914,1896-03-25,0.01914109561885279
12,1914,1896-04-01,0.01922967386773705
12,1914,1896-04-08,0.015378621826393154
12,1914,1896-04-15,0.019689415555297025
12,1914,1896-04-22,0.02102057349987649
12,1914,1896-04-29,0.019410659350657004
12,1914,1896-05-06,0.01794327719547184
12,1914,1896-05-13,0.015834107712858175
12,1914,1896-05-20,0.02028808594820819
12,1914,1896-05-27,0.011768853333040908
12,1914,1896-06-03,0.01894743605081846
12,1914,1896-06-10,0.016049947468968158
12,1914,1896-06-17,0.016419561296855505
12,1914,1896-06-24,0.014862926835940062
12,1914,1896-07-01,0.13408482417217882
12,1914,1896-07-08,0.0018600061332463191
12,1914,1896-07-15,0.01696510743165951
12,1914,1896-07-22,0.019216906092667504
12,1914,1896-07-29,0.017421028599465094
12,1914,1896-08-05,0.007936450734798345
12,1914,1896-08-12,0.017689742386401974
12,1914,1896-08-19,0.017896527215082086
12,1914,1896-08-26,0.018764591448573457
12,1914,1896-09-02,0.03524591914634372
12,1914,1896-09-09,0.01970669585297004
12,1914,1896-09-16,0.019192024503969535
12,1914,1896-09-23,0.021510552238596936
12,1914,1896-09-30,0.03073554334567417
12,1914,1896-10-07,0.009478460414350924
12,1914,1896-10-14,0.03173046309933522
12,1914,1896-10-21,0.052997458325777264
12,1914,1896-10-28,0.04829343449745195
12,1914,1896-11-04,0.046513003360070714
12,1914,1896-11-11,0.01863825927022663
12,1914,1896-11-18,0.02088541473357342
12,1914,1896-11-25,0.041435342524908346
12,1914,1896-12-02,0.10748342276597632
12,1914,1896-12-09,0.1238668258184663
12,1914,1896-12-16,0.13192835186006804
12,1914,1896-12-23,0.11758515618883725
12,1914,1896-12-30,0.5455391293651178
12,1914,1897-01-06,0.053543825423544744
12,1914,1897-01-13,0.045193528632816934
12,1914,1897-01-20,0.08878289386866184
12,1914,1897-01-27,0.05248300141379537
12,1914,1897-02-03,0.0152968310605668
12,1914,1897-02-10,0.026857180344358828
12,1914,1897-02-17,0.0559487289905332
12,1914,1897-02-24,0.16883214457401582
12,1914,1897-03-03,0.2558553068612291
12,1914,1897-03-10,0.07846616593262841
12,1914,1897-03-17,0.04699350865300721
12,1914,1897-03-24,0.03476892822938431
12,1914,1897-03-31,0.04383347582528459
12,1914,1897-04-07,0.017406389624261324
12,1914,1897-04-14,0.027668206824980866
12,1914,1897-04-21,0.05154106879095725
12,1914,1897-04-28,0.06280022416626466
12,1914,1897-05-05,0.03895939604504697
12,1914,1897-05-12,0.03880852428933951
12,1914,1897-05-19,0.024784120752446535
12,1914,1897-05-26,0.015310753919170219
12,1914,1897-06-02,0.023160204128488276
12,1914,1897-06-09,0.022345422775271625
12,1914,1897-06-16,0.02257328939676382
12,1914,1897-06-23,0.01491954159009474
12,1914,1897-06-30,0.1594235113666385
12,1914,1897-07-07,0.0009591255063561912
12,1914,1897-07-14,0.010155218404272375
12,1914,1897-07-21,0.010363315757642948
12,1914,1897-07-28,0.010628286065183365
12,1914,1897-08-04,0.0025856951021318445
12,1914,1897-08-11,0.011169472350640352
12,1914,1897-08-18,0.010827656674975717
12,1914,1897-08-25,0.008265259947996366
12,1914,1897-09-01,0.03551527094800324
12,1914,1897-09-08,0.006654431673342997
12,1914,1897-09-15,0.012566735498193322
12,1914,1897-09-22,0.01432767524921641
12,1914,1897-09-29,0.01790176339680025
12,1914,1897-10-06,0.01284612204233423
12,1914,1897-10-13,0.02155575260484541
12,1914,1897-10-20,0.026504968212090977
12,1914,1897-10-27,0.0422368452211412
12,1914,1897-11-03,0.011519267575618511
12,1914,1897-11-10,0.003518199075085047
12,1914,1897-11-17,0.004788961776183391
12,1914,1897-11-24,0.048995316037377064
12,1914,1897-12-01,0.01661055732964705
12,1914,1897-12-08,0.09425659649607547
12,1914,1897-12-15,0.06650842481799299
12,1914,1897-12-22,0.007493244676284063
12,1914,1897-12-29,0.11258349653371096
12,1914,1898-01-05,0.02782235862792219
12,1914,1898-01-12,0.07206280557191026
12,1914,1898-01-19,0.03845639636696787
12,1914,1898-01-26,0.037177153042334196
12,1914,1898-02-02,0.0075615486584725815
12,1914,1898-02-09,0.0138747751916123
12,1914,1898-02-16,0.032008844686573314
12,1914,1898-02-23,0.10521917477694198
12,1914,1898-03-02,0.04881342412655935
12,1914,1898-03-09,0.0658436346166977
12,1914,1898-03-16,0.023966178964114678
12,1914,1898-03-23,0.03451642080956161
12,1914,1898-03-30,0.09243989644922022
12,1914,1898-04-06,0.0016186764489019183
12,1914,1898-04-13,0.04902299321947078
12,1914,1898-04-20,0.07583420164658773
12,1914,1898-04-27,0.14786545611175708
12,1914,1898-05-04,0.04300378480427719
12,1914,1898-05-11,0.2485147083536056
12,1914,1898-05-18,0.05387672061860932
12,1914,1898-05-25,0.08712250079795582
12,1914,1898-06-01,0.07878767731950534
12,1914,1898-06-08,0.13787392531798315
12,1914,1898-06-15,0.061615074877619636
12,1914,1898-06-22,0.06646367618482645
12,1914,1898-06-29,0.04682073360827678
12,1914,1898-07-06,0.04546003963020141
12,1914,1898-07-13,0.0815018747597783
12,1914,1898-07-20,0.05658142721928921
12,1914,1898-07-27,0.0454306807734979
12,1914,1898-08-03,0.029754945678733866
12,1914,1898-08-10,0.020103022724602185
12,1914,1898-08-17,0.026757466422658888
12,1914,1898-08-24,0.021700360901744126
12,1914,1898-08-31,0.018154753425124594
12,1914,1898-09-07,0.012206340017829942
12,1914,1898-09-14,0.01758285672630838
12,1914,1898-09-21,0.029126995096328913
12,1914,1898-09-28,0.05222078756673701
12,1914,1898-10-05,0.003943404785277537
12,1914,1898-10-12,0.04627922614536637
12,1914,1898-10-19,0.028409494635211186
12,1914,1898-10-26,0.13274721053130417
12,1914,1898-11-02,0.016793975144221294
12,1914,1898-11-09,0.015219736213633182
12,1914,1898-11-16,0.01915047161638079
12,1914,1898-11-23,0.054226988542139115
12,1914,1898-11-30,0.13640669846629389
12,1914,1898-12-07,0.029476731959906667
12,1914,1898-12-14,0.18336066439136464
12,1914,1898-12-21,0.10542911807075792
12,1914,1898-12-28,0.3818247023363362
12,1914,1899-01-04,0.055575193091700996
12,1914,1899-01-11,0.14626455714887804
12,1914,1899-01-18,0.23733598897830416
12,1914,1899-01-25,0.1228993625730289
12,1914,1899-02-01,0.07214606653404991
12,1914,1899-02-08,0.017924801510413618
12,1914,1899-02-15,0.016942154570713044
12,1914,1899-02-22,0.038462057591404086
12,1914,1899-03-01,0.06822004771743065
12,1914,1899-03-08,0.04748276978383275
12,1914,1899-03-15,0.06421123079943113
12,1914,1899-03-22,0.053668939381497416
12,1914,1899-03-29,0.18843447655414544
12,1914,1899-04-05,0.001657014396623334
12,1914,1899-04-12,0.027808573327892893
12,1914,1899-04-19,0.032952870216161334
12,1914,1899-04-26,0.02924369050368888
12,1914,1899-05-03,0.005892695937382278
12,1914,1899-05-10,0.012761875185140667
12,1914,1899-05-17,0.02171237005564537
12,1914,1899-05-24,0.030737858464874236
12,1914,1899-05-31,0.1215958821057831
12,1914,1899-06-07,0.027738536784529387
12,1914,1899-06-14,0.03742621973655552
12,1914,1899-06-21,0.0185483751653624
12,1914,1899-06-28,0.09724737627260148
12,1914,1899-07-05,0.004825146745438949
12,1914,1899-07-12,0.022376034197866785
12,1914,1899-07-19,0.03416109199033722
12,1914,1899-07-26,0.03457578806419352
12,1914,1899-08-02,0.011431963068543879
12,1914,1899-08-09,0.025704848088365543
12,1914,1899-08-16,0.03506012842519855
12,1914,1899-08-23,0.029296087811075986
12,1914,1899-08-30,0.08504484363641746
12,1914,1899-09-06,0.029197124774465993
12,1914,1899-09-13,0.028938360609921783
12,1914,1899-09-20,0.0386912139211177
12,1914,1899-09-27,0.048154044812771316
12,1914,1899-10-04,0.032709104063358044
12,1914,1899-10-11,0.13899117884577117
12,1914,1899-10-18,0.23837194446946386
12,1914,1899-10-25,0.29487726846085527
12,1914,1899-11-01,0.06474169840947061
12,1914,1899-11-08,0.01626086868989581
12,1914,1899-11-15,0.03356974546653262
12,1914,1899-11-22,0.062367371051254915
12,1914,1899-11-29,0.13886716084603734
12,1914,1899-12-06,0.12345824973938155
12,1914,1899-12-13,0.16432749675021713
12,1914,1899-12-20,0.30897061289364286
12,1914,1899-12-27,0.31104222907153456
12,1914,1900-01-03,0.2421334612134863
12,1914,1900-01-10,0.31271496179311453
12,1914,1900-01-17,0.42864731284213264
12,1914,1900-01-24,0.12802373656593655
12,1914,1900-01-31,0.18391005755967516
12,1914,1900-02-07,0.05836891756091087
12,1914,1900-02-14,0.08092844983670519
12,1914,1900-02-21,0.25078190514909376
12,1914,1900-02-28,0.24313411766970783
12,1914,1900-03-07,0.18006894729464948
12,1914,1900-03-14,0.7307097074627419
12,1914,1900-03-21,0.006011133218179559
12,1914,1900-03-28,0.025414500040322988
12,1914,1900-04-04,0.002841156953268873
12,1914,1900-04-11,0.006102537902796176
12,1914,1900-04-18,0.012395147616391215
12,1914,1900-04-25,0.0868035797439364
12,1914,1900-05-02,0.07511843366465858
12,1914,1900-05-09,0.07144670926443507
12,1914,1900-05-16,0.18121789729000687
12,1914,1900-05-23,0.08767115268738879
12,1914,1900-05-30,0.06358493631615812
12,1914,1900-06-06,0.02809871804229067
12,1914,1900-06-13,0.05125855865509925
12,1914,1900-06-20,0.06900256594687194
12,1914,1900-06-27,0.0596562566876611
12,1914,1900-07-04,0.015530450156145527
12,1914,1900-07-11,0.03928784128140366
12,1914,1900-07-18,0.06387110101007513
12,1914,1900-07-25,0.03823422664179355
12,1914,1900-08-01,0.045215879019701866
12,1914,1900-08-08,0.003418015337584149
12,1914,1900-08-15,0.027934391972845498
12,1914,1900-08-22,0.018053938242486613
12,1914,1900-08-29,0.02415127160018844
12,1914,1900-09-05,0.01979568461859052
12,1914,1900-09-12,0.017406314252724413
12,1914,1900-09-19,0.022827496256617563
12,1914,1900-09-26,0.023280081909318597
12,1914,1900-10-03,0.0073564493004499056
12,1914,1900-10-10,0.0677984795181987
12,1914,1900-10-17,0.44767349993428895
12,1914,1900-10-24,0.4505826694892237
12,1914,1900-10-31,0.33316874017192855
12,1914,1900-11-07,0.04205591035854532
12,1914,1900-11-14,0.02166372982861007
12,1914,1900-11-21,0.028979282493546796
12,1914,1900-11-28,0.03636053919982648
12,1914,1900-12-05,0.014172395261121979
12,1914,1900-12-12,0.05082488262441805
12,1914,1900-12-19,0.036269686755298354
12,1914,1900-12-24,0.028962624896404627
12,1914,1901-01-02,0.07755142537386527
12,1914,1901-01-09,0.016170493768512952
12,1914,1901-01-16,0.24226046941294582
12,1914,1901-01-23,0.03438568274443497
12,1914,1901-01-30,0.0548163975160784
12,1914,1901-02-06,0.0032594123629059086
12,1914,1901-02-13,0.03580314023166215
12,1914,1901-02-20,0.028125394141026692
12,1914,1901-02-27,0.32795142472972205
12,1914,1901-03-06,0.07005737741710695
12,1914,1901-03-13,0.0965094086242748
12,1914,1901-03-20,0.21145326577544835
12,1914,1901-03-27,0.3855155506152974
12,1914,1901-04-03,0.01889927500152772
12,1914,1901-04-10,0.015139979110614156
12,1914,1901-04-17,0.10645305086300763
12,1914,1901-04-24,0.19015524780143725
12,1914,1901-05-01,0.07051533021446105
12,1914,1901-05-08,0.017447202476233412
12,1914,1901-05-15,0.25233228062424967
12,1914,1901-05-22,0.009538330163627142
12,1914,1901-05-29,0.09337492996627114
12,1914,1901-06-05,0.07053716833660999
12,1914,1901-06-12,0.09844124289309353
12,1914,1901-06-19,0.016966481473394905
12,1914,1901-06-26,0.164683311830295
12,1914,1901-07-03,0.28226382969236585
12,1914,1901-07-10,0.0014181606916784833
12,1914,1901-07-17,0.242452190020861
12,1914,1901-07-24,0.027675895633616873
12,1914,1901-07-31,0.06417068802380246
12,1914,1901-08-07,0.0012405831943671326
12,1914,1901-08-14,0.014897894465003305
12,1914,1901-08-21,0.013704498224992409
12,1914,1901-08-28,0.029659989666470054
12,1914,1901-09-04,0.025231463440466343
12,1914,1901-09-11,0.023602363352407486
12,1914,1901-09-18,0.03339177967502464
12,1914,1901-09-25,0.019536060593719876
12,1914,1901-10-02,0.04990129078519941
12,1914,1901-10-09,0.017884658102889937
12,1914,1901-10-16,0.040012397206464725
12,1914,1901-10-23,0.019722159916589817
12,1914,1901-10-30,0.07123040074979986
12,1914,1901-11-06,0.01229990379563746
12,1914,1901-11-13,0.03182582402470233
12,1914,1901-11-20,0.007670922080561393
12,1914,1901-11-27,0.058503640613076724
12,1914,1901-12-04,0.012576603810881862
12,1914,1901-12-11,0.027223365249990205
12,1914,1901-12-18,0.03685951052421378
12,1914,1901-12-24,0.011970567493855434
12,1914,1902-01-01,0.782888198694074
12,1914,1902-01-08,0.00033269316881992837
12,1914,1902-01-15,0.2138482813457707
12,1914,1902-01-22,0.0816985808762457
12,1914,1902-01-29,0.06709906088632302
12,1914,1902-02-05,0.001857419840200889
12,1914,1902-02-12,0.02822084302041734
12,1914,1902-02-19,0.04756234982685537
12,1914,1902-02-26,0.24520105423650232
12,1914,1902-03-05,0.14682253482660565
12,1914,1902-03-12,0.02572560131977171
12,1914,1902-03-19,0.013036957540764548
12,1914,1902-03-26,0.01592745534272525
12,1914,1902-04-02,0.0029515428667206954
12,1914,1902-04-09,0.000318144256980867
12,1914,1902-04-16,0.008479630800264109
12,1914,1902-04-23,0.02427210186749351
12,1914,1902-04-30,0.036856994059467144
12,1914,1902-05-07,0.0025064345744388985
12,1914,1902-05-14,0.047340719668115226
12,1914,1902-05-21,0.03874347050558647
12,1914,1902-05-28,0.311014883559167
12,1914,1902-06-04,0.014445052865653975
12,1914,1902-06-11,0.014486563659694366
12,1914,1902-06-18,0.008077254956105779
12,1914,1902-06-25,0.14568554117912794
12,1914,1902-07-02,0.043291516312073904
12,1914,1902-07-09,0.0002974840330918646
12,1914,1902-07-16,0.07722010301420312
12,1914,1902-07-23,0.03315646977185301
12,1914,1902-07-30,0.03085978947367328
12,1914,1902-08-06,0.0011685581118273697
12,1914,1902-08-13,0.02157450474495867
12,1914,1902-08-20,0.015014634346616304
12,1914,1902-08-27,0.12760091132259777
12,1914,1902-09-03,0.023761912375477198
12,1914,1902-09-10,0.015437108189703104
12,1914,1902-09-17,0.011016159797735287
12,1914,1902-09-24,0.01556358314122793
12,1914,1902-10-01,0.04534762015028454
12,1914,1902-10-08,0.004087677301701228
12,1914,1902-10-15,0.07444230924876481
12,1914,1902-10-22,0.058636990506105394
12,1914,1902-10-29,0.12940530076664214
12,1914,1902-11-05,0.003364512483230482
12,1914,1902-11-12,0.012579084129381609
12,1914,1902-11-19,0.017107228528837278
12,1914,1902-11-26,0.08218781844787015
12,1914,1902-12-03,0.0468573318469895
12,1914,1902-12-10,0.03791088973132737
12,1914,1902-12-17,0.03107972287596836
12,1914,1902-12-24,0.04168233279807202
12,1914,1902-12-31,0.6068861092252288
12,1914,1903-01-07,1.116599416237362e-05
12,1914,1903-01-14,0.04558968764732795
12,1914,1903-01-21,0.03644791434729864
12,1914,1903-01-28,0.03915044379415916
12,1914,1903-02-04,0.0016014714060867065
12,1914,1903-02-11,0.0123480998244454
12,1914,1903-02-18,0.03246952420209265
12,1914,1903-02-25,0.1255073127781172
12,1914,1903-03-04,0.2720680629312055
12,1914,1903-03-11,0.03624275057371403
12,1914,1903-03-18,0.03440349335202494
12,1914,1903-03-25,0.04297713379991759
12,1914,1903-04-01,0.023514208828379096
12,1914,1903-04-08,0.0003172145680621438
12,1914,1903-04-15,0.02170184599590529
12,1914,1903-04-22,0.052002205148344596
12,1914,1903-04-29,0.1259235383396396
12,1914,1903-05-06,0.014719223051646529
12,1914,1903-05-13,0.9816816997664228
12,1914,1903-05-20,5.285392925367504e-05
12,1914,1903-05-27,0.17768082308404903
12,1914,1903-06-03,0.09820861831236141
12,1914,1903-06-10,0.042681632663007694
12,1914,1903-06-17,0.0044812830543197
12,1914,1903-06-24,0.04461849229669885
12,1914,1903-07-01,0.35825275804238665
12,1914,1903-07-08,9.037092982646783e-05
12,1914,1903-07-15,0.21868151910040412
12,1914,1903-07-22,0.02740480249461524
12,1914,1903-07-29,0.022801480348748203
12,1914,1903-08-05,0.0012913107812618585
12,1914,1903-08-12,0.014955713067875296
12,1914,1903-08-19,0.007477342382859463
12,1914,1903-08-26,0.04939963686932769
12,1914,1903-09-02,0.08357482113414691
12,1914,1903-09-09,0.011757231772439612
12,1914,1903-09-16,0.017467615279896067
12,1914,1903-09-23,0.0053787549978638214
12,1914,1903-09-30,0.019229975236756132
12,1914,1903-10-07,0.0014387309882119685
12,1914,1903-10-14,0.05653400672683511
12,1914,1903-10-21,0.16624487436825516
12,1914,1903-10-28,0.28320171610294065
12,1914,1903-11-04,0.016113177380597376
12,1914,1903-11-11,0.004544043126365515
12,1914,1903-11-18,0.0045774695639176416
12,1914,1903-11-25,0.008451827183256449
12,1914,1903-12-02,0.03551441147693383
12,1914,1903-12-09,0.031217786219048718
12,1914,1903-12-16,0.06847849880816302
12,1914,1903-12-23,0.058339915714813
12,1914,1903-12-30,0.4534992019253729
12,1914,1904-01-06,0.0011932602899147643
12,1914,1904-01-13,0.02373768541320093
12,1914,1904-01-20,0.02138594821493805
12,1914,1904-01-27,0.017423384306171717
12,1914,1904-02-03,0.003221367161089054
12,1914,1904-02-10,0.008154235490406
12,1914,1904-02-17,0.02226287541768511
12,1914,1904-02-24,0.06582252725721355
12,1914,1904-03-02,0.09508458228164894
12,1914,1904-03-09,0.07673453447475603
12,1914,1904-03-16,0.043038642852793935
12,1914,1904-03-23,0.04246435149231095
12,1914,1904-03-30,0.05115404569420118
12,1914,1904-04-06,0.002191162029168857
12,1914,1904-04-13,0.05481004456582448
12,1914,1904-04-20,0.18726881729223893
12,1914,1904-04-27,0.010729795122571637
12,1914,1904-05-04,0.00735551508697568
12,1914,1904-05-11,0.004140148681968087
12,1914,1904-05-18,0.011043969741256012
12,1914,1904-05-25,0.014869517419868328
12,1914,1904-06-01,0.06962440159604977
12,1914,1904-06-08,0.006557957439538206
12,1914,1904-06-15,0.022805988046431355
12,1914,1904-06-22,0.015151995735184193
12,1914,1904-06-29,0.26899804904748725
12,1914,1904-07-06,0.00011709560443803965
12,1914,1904-07-13,0.005100110772998563
12,1914,1904-07-20,0.018798767197362856
12,1914,1904-07-27,0.05275378413867525
12,1914,1904-08-03,0.0012531002650983788
12,1914,1904-08-10,0.006181380498886505
12,1914,1904-08-17,0.004238964265440395
12,1914,1904-08-24,0.01052849282746159
12,1914,1904-08-31,0.04462358614662156
12,1914,1904-09-07,0.005717193923174938
12,1914,1904-09-14,0.00969134360329406
12,1914,1904-09-21,0.010528011980604947
12,1914,1904-09-28,0.06246849175817409
12,1914,1904-10-05,0.003795425009902783
12,1914,1904-10-12,0.05125969523744391
12,1914,1904-10-19,0.03721660200295155
12,1914,1904-10-26,0.062106107977147856
12,1914,1904-11-02,0.015264192919420516
12,1914,1904-11-09,0.004837137468796661
12,1914,1904-11-16,0.012322087189779053
12,1914,1904-11-23,0.013731059910328788
12,1914,1904-11-30,0.032679855688869316
12,1914,1904-12-07,0.007790525855921737
12,1914,1904-12-14,0.011201832016357788
12,1914,1904-12-21,0.00744703193391431
12,1914,1904-12-28,0.05494767428832158
12,1914,1905-01-04,0.002593431385364324
12,1914,1905-01-11,0.00013021347244378557
12,1914,1905-01-18,0.006674280774795263
12,1914,1905-01-25,0.006275073068103073
12,1914,1905-02-01,0.009278720885329755
12,1914,1905-02-08,0.0007879685234577108
12,1914,1905-02-15,0.007225094931870763
12,1914,1905-02-22,0.018622685934111115
12,1914,1905-03-01,0.04586638699992182
12,1914,1905-03-08,0.0237712129002565
12,1914,1905-03-15,0.12756076681855108
12,1914,1905-03-22,0.001291106587944251
12,1914,1905-03-29,0.042655938595241125
12,1914,1905-04-05,0.0005419773219908692
12,1914,1905-04-12,0.0052254852331600115
12,1914,1905-04-19,0.0023624262617316905
12,1914,1905-04-26,0.022267846305747217
12,1914,1905-05-03,0.014155103188822704
12,1914,1905-05-10,0.0024273699155972573
12,1914,1905-05-17,0.03335362566559068
12,1914,1905-05-24,0.004396022635207467
12,1914,1905-05-31,0.027675947957778117
12,1914,1905-06-07,0.004252385646488974
12,1914,1905-06-14,0.0039253654771824985
12,1914,1905-06-21,0.004340467552325213
12,1914,1905-06-28,0.034204292213242
12,1914,1905-07-05,0.009865092130453125
12,1914,1905-07-12,0.00019919009755190755
12,1914,1905-07-19,0.008800128892462742
12,1914,1905-07-26,0.006200766630966727
12,1914,1905-08-02,0.0034887748476668265
12,1914,1905-08-09,0.0020775514928781324
12,1914,1905-08-16,0.008009443245624706
12,1914,1905-08-23,0.006497819293275438
12,1914,1905-08-30,0.01573941468068187
12,1914,1905-09-06,0.02395629828037053
12,1914,1905-09-13,0.005685424014161337
12,1914,1905-09-20,0.006699747523298961
12,1914,1905-09-27,0.017483946274296554
12,1914,1905-10-04,0.0003084274574246552
12,1914,1905-10-11,0.007080137352273867
12,1914,1905-10-18,0.023709080733819686
12,1914,1905-10-25,0.004422788522967972
12,1914,1905-11-01,0.0025119770056168016
12,1914,1905-11-08,0.0038928035850596746
12,1914,1905-11-15,0.013105006369475257
12,1914,1905-11-22,0.021442829860162334
12,1914,1905-11-29,0.027956384285540998
12,1914,1905-12-06,0.006614970730433561
12,1914,1905-12-13,0.007216267403300681
12,1914,1905-12-20,0.045338257091318585
12,1914,1905-12-27,0.005244899999382195
12,1914,1906-01-03,0.011964523280875132
12,1914,1906-01-10,0.0038339056656519115
12,1914,1906-01-17,0.06812766178593342
12,1914,1906-01-24,0.012584025014344387
12,1914,1906-01-31,0.003269602216851961
12,1914,1906-02-07,0.006225397739939673
12,1914,1906-02-14,0.003467580698046346
12,1914,1906-02-21,0.02587467963179719
12,1914,1906-02-28,0.044785461158621
12,1914,1906-03-07,0.008349257268412806
12,1914,1906-03-14,0.10581289798802586
12,1914,1906-03-21,0.032356215789270525
12,1914,1906-03-28,0.050481707967734483
12,1914,1906-04-04,0.0028539986162176073
12,1914,1906-04-11,0.020702495154383577
12,1914,1906-04-18,0.03584951562915152
12,1914,1906-04-25,0.08535219240266771
12,1914,1906-05-02,0.03195321864011821
12,1914,1906-05-09,0.007229467350312257
12,1914,1906-05-16,0.016691540588309833
12,1914,1906-05-23,0.03454770752512095
12,1914,1906-05-30,0.01674406142461547
12,1914,1906-06-06,0.007212975179712463
12,1914,1906-06-13,0.007073120242010168
12,1914,1906-06-20,0.020903714644269045
12,1914,1906-06-27,0.07643310352325003
12,1914,1906-07-04,0.07687916549658416
12,1914,1906-07-11,0.0018047229878720168
12,1914,1906-07-18,0.02641271451398831
12,1914,1906-07-25,0.04755597394607688
12,1914,1906-08-01,0.013883299263765938
12,1914,1906-08-08,0.005373051433980861
12,1914,1906-08-15,0.025515652392440084
12,1914,1906-08-22,0.015658679706865613
12,1914,1906-08-29,0.027623738937299393
12,1914,1906-09-05,0.04373464334041229
12,1914,1906-09-12,0.006894064258505138
12,1914,1906-09-19,0.02454914645750676
12,1914,1906-09-26,0.016521804465919773
12,1914,1906-10-03,0.005669098400571418
12,1914,1906-10-10,0.003919185449005917
12,1914,1906-10-17,0.008811955293123171
12,1914,1906-10-24,0.014275852830080269
12,1914,1906-10-31,0.006265667645903036
12,1914,1906-11-07,0.005270970138338538
12,1914,1906-11-14,0.0035238904354712567
12,1914,1906-11-21,0.018896691022195666
12,1914,1906-11-28,0.16988293619038614
12,1914,1906-12-05,0.06123463967392954
12,1914,1906-12-12,0.07894781489011926
12,1914,1906-12-19,0.04095205706169091
12,1914,1906-12-24,0.09581356652911197
12,1914,1907-01-02,0.6566737215391113
12,1914,1907-01-09,0.03783410585586967
12,1914,1907-01-16,0.42411630834627156
12,1914,1907-01-23,0.31899469666344965
12,1914,1907-01-30,0.04557470624747688
12,1914,1907-02-06,0.007271237255703112
12,1914,1907-02-13,0.020610566797760955
12,1914,1907-02-20,0.088068339198475
12,1914,1907-02-27,0.20008707758822913
12,1914,1907-03-06,0.31583926593333206
12,1914,1907-03-13,0.06914898184652464
12,1914,1907-03-20,0.11008198171002416
12,1914,1907-03-27,0.03851316476097798
12,1914,1907-04-03,0.04885055755407544
12,1914,1907-04-10,0.03495899261150948
12,1914,1907-04-17,0.052739273081472825
12,1914,1907-04-24,0.030809192285435466
12,1914,1907-05-01,0.021944837405104483
12,1914,1907-05-08,0.02492960159119883
12,1914,1907-05-15,0.033727687391295655
12,1914,1907-05-22,0.04960702875199584
12,1914,1907-05-29,0.06635342952458989
12,1914,1907-06-05,0.018812692123087553
12,1914,1907-06-12,0.044933640714956556
12,1914,1907-06-19,0.03632942702228719
12,1914,1907-06-26,0.08172013781320171
12,1914,1907-07-03,0.05154405173957171
12,1914,1907-07-10,0.0006311436046365627
12,1914,1907-07-17,0.0185852889802844
12,1914,1907-07-24,0.023479825987599706
12,1914,1907-07-31,0.010322354164208054
12,1914,1907-08-07,0.0029666969582143677
12,1914,1907-08-14,0.02197497596613263
12,1914,1907-08-21,0.01735377367424319
12,1914,1907-08-28,0.06179489341736316
12,1914,1907-09-04,0.08062421079189304
12,1914,1907-09-11,0.030617185033787565
12,1914,1907-09-18,0.05031394538040863
12,1914,1907-09-25,0.0267861884896725
12,1914,1907-10-02,0.021849821435333202
12,1914,1907-10-09,0.01240943587511997
12,1914,1907-10-16,0.06536274812072276
12,1914,1907-10-23,0.03959576759349473
12,1914,1907-10-30,0.047685610099305116
12,1914,1907-11-06,0.0053715018997905865
12,1914,1907-11-13,0.0696767335606599
12,1914,1907-11-20,0.05211390132129679
12,1914,1907-11-27,0.09263244030497028
12,1914,1907-12-04,0.01965771444119361
12,1914,1907-12-11,0.04634323538959343
12,1914,1907-12-18,0.06987724399646063
12,1914,1907-12-24,0.09628096908547683
12,1914,1908-01-01,0.8695948771090635
12,1914,1908-01-08,0.017423636548429815
12,1914,1908-01-15,0.5821538861604846
12,1914,1908-01-22,0.49699845587299823
12,1914,1908-01-29,0.2005173711779775
12,1914,1908-02-05,0.023309054932732654
12,1914,1908-02-12,0.08939179770927669
12,1914,1908-02-19,0.14092259207049312
12,1914,1908-02-26,0.39118840673929123
12,1914,1908-03-04,0.1321552323083403
12,1914,1908-03-11,0.03812381559852553
12,1914,1908-03-18,0.011120467611327865
12,1914,1908-03-25,0.02315710171170233
12,1914,1908-04-01,0.00047851298634037337
12,1914,1908-04-08,0.0012908550402083215
12,1914,1908-04-15,0.004340365909006319
12,1914,1908-04-22,0.015169628126462364
12,1914,1908-04-29,0.0127182455038029
12,1914,1908-05-06,0.011920081748133443
12,1914,1908-05-13,0.013649423091330978
12,1914,1908-05-20,0.016240785113591946
12,1914,1908-05-27,0.028753857685614136
12,1914,1908-06-03,0.024369626730081632
12,1914,1908-06-10,0.012660137635879117
12,1914,1908-06-17,0.01804031436607767
12,1914,1908-06-24,0.012626790005523057
12,1914,1908-07-01,0.05382084547286575
12,1914,1908-07-08,0.00024821608825824885
12,1914,1908-07-15,0.0041910037871733695
12,1914,1908-07-22,0.005499369970218163
12,1914,1908-07-29,0.005731557846961471
12,1914,1908-08-05,0.0013633017943019995
12,1914,1908-08-12,0.0063460449907573515
12,1914,1908-08-19,0.010045969344627072
12,1914,1908-08-26,0.007255888350387278
12,1914,1908-09-02,0.016244649069093575
12,1914,1908-09-09,0.006015138974572123
12,1914,1908-09-16,0.0069754214715588075
12,1914,1908-09-23,0.008154254547087866
12,1914,1908-09-30,0.007787991210732111
12,1914,1908-10-07,0.0071094704543483685
12,1914,1908-10-14,0.01222675127674603
12,1914,1908-10-21,0.011701354224746807
12,1914,1908-10-28,0.014227514866394626
12,1914,1908-11-04,0.007468676060494921
12,1914,1908-11-11,0.00267274300103154
12,1914,1908-11-18,0.004599818826236334
12,1914,1908-11-25,0.007266420622349146
12,1914,1908-12-02,0.001699683902355409
12,1914,1908-12-09,0.0036792297751013295
12,1914,1908-12-16,0.004867202995453643
12,1914,1908-12-23,0.0029383880020911472
12,1914,1908-12-30,0.014313429756902063
12,1914,1909-01-06,3.999094263213933e-06
12,1914,1909-01-13,0.0003258035851336364
12,1914,1909-01-20,0.0014701229437986702
12,1914,1909-01-27,0.0025973969687791043
12,1914,1909-02-03,0.00025567442291237564
12,1914,1909-02-10,0.0006828452044481545
12,1914,1909-02-17,0.0033979256543149516
12,1914,1909-02-24,0.03433218104317269
12,1914,1909-03-03,0.02243647994254799
12,1914,1909-03-10,0.02503507291370046
12,1914,1909-03-17,0.013451256723965122
12,1914,1909-03-24,0.012865832029067919
12,1914,1909-03-31,0.005262094177524226
12,1914,1909-04-07,0.0004702385888205742
12,1914,1909-04-14,0.003268170990257735
12,1914,1909-04-21,0.00636007138872931
12,1914,1909-04-28,0.011735848979970917
12,1914,1909-05-05,0.005887490519729772
12,1914,1909-05-12,0.0034018854381484926
12,1914,1909-05-19,0.006034255757873537
12,1914,1909-05-26,0.015766403070236832
12,1914,1909-06-02,0.01304270950494383
12,1914,1909-06-09,0.004022712341027123
12,1914,1909-06-16,0.008150837089953976
12,1914,1909-06-23,0.004690575625017773
12,1914,1909-06-30,0.17545731035449347
12,1914,1909-07-07,4.135893949649082e-06
12,1914,1909-07-14,0.0018851114922036419
12,1914,1909-07-21,0.0037097280277571636
12,1914,1909-07-28,0.0065319747277851545
12,1914,1909-08-04,0.0014644785842393407
12,1914,1909-08-11,0.005151308186953829
12,1914,1909-08-18,0.01063391100120504
12,1914,1909-08-25,0.007362249797153342
12,1914,1909-09-01,0.043501787132295466
12,1914,1909-09-08,0.00880349608273719
12,1914,1909-09-15,0.005181863111376466
12,1914,1909-09-22,0.003569753599697416
12,1914,1909-09-29,0.0037998625370828203
12,1914,1909-10-06,0.0022564367268378418
12,1914,1909-10-13,0.006760106563235505
12,1914,1909-10-20,0.013168857112855627
12,1914,1909-10-27,0.011580951484949075
12,1914,1909-11-03,0.006355607553978909
12,1914,1909-11-10,0.0028491828231579845
12,1914,1909-11-17,0.006745665471152708
12,1914,1909-11-24,0.012817106378974255
12,1914,1909-12-01,0.01138378851001206
12,1914,1909-12-08,0.012130556350929222
12,1914,1909-12-15,0.032250654206661164
12,1914,1909-12-22,0.02167821680936102
12,1914,1909-12-29,0.9021091248673211
12,1914,1910-01-05,0.0077212034099552775
12,1914,1910-01-12,0.04524394544995913
12,1914,1910-01-19,0.05383921587159434
12,1914,1910-01-26,0.01425111463567768
12,1914,1910-02-02,0.002194535370463231
12,1914,1910-02-09,0.0010972269562254627
12,1914,1910-02-16,0.00935960791470511
12,1914,1910-02-23,0.016365096934034547
12,1914,1910-03-02,0.07027063338115003
12,1914,1910-03-09,0.04489049483974611
12,1914,1910-03-16,0.02249401035346265
12,1914,1910-03-23,0.005961909095178474
12,1914,1910-03-30,0.022878979171789243
12,1914,1910-04-06,0.0072919515010887795
12,1914,1910-04-13,0.002535230419852301
12,1914,1910-04-20,0.019517508604087568
12,1914,1910-04-27,0.03938466884548677
12,1914,1910-05-04,0.014130131850459622
12,1914,1910-05-11,0.0008785109418090341
12,1914,1910-05-18,0.007439903617468942
12,1914,1910-05-25,0.11642852777907946
12,1914,1910-06-01,0.019228171172695693
12,1914,1910-06-08,0.04353132442143733
12,1914,1910-06-15,0.036264749573975526
12,1914,1910-06-22,0.017889559557023763
12,1914,1910-06-29,0.20113698010072484
12,1914,1910-07-06,0.00030416463831988355
12,1914,1910-07-13,0.00047551144133943334
12,1914,1910-07-20,0.0054026892703619815
12,1914,1910-07-27,0.011557447223641453
12,1914,1910-08-03,0.002229291183875459
12,1914,1910-08-10,0.007735885784521828
12,1914,1910-08-17,0.013005312614269992
12,1914,1910-08-24,0.019531165926319264
12,1914,1910-08-31,0.041081579885260566
12,1914,1910-09-07,0.01710020440029258
12,1914,1910-09-14,0.012149683802297131
12,1914,1910-09-21,0.010509997248217636
12,1914,1910-09-28,0.010965870560669286
12,1914,1910-10-05,0.002547581110709494
12,1914,1910-10-12,0.015984522022251816
12,1914,1910-10-19,0.012274514280553697
12,1914,1910-10-26,0.024506743209106896
12,1914,1910-11-02,0.016367562916751413
12,1914,1910-11-09,0.009633276816473722
12,1914,1910-11-16,0.005702244845162425
12,1914,1910-11-23,0.013019725778624302
12,1914,1910-11-30,0.009542782466007966
12,1914,1910-12-07,0.02723641805550848
12,1914,1910-12-14,0.07857831957805347
12,1914,1910-12-21,0.05117432229121738
12,1914,1910-12-28,0.48484018130106116
12,1914,1911-01-04,0.051057837600671445
12,1914,1911-01-11,0.0003841219407801998
12,1914,1911-01-18,0.062228656347321096
12,1914,1911-01-25,0.05136669289371587
12,1914,1911-02-01,0.007728656726511404
12,1914,1911-02-08,0.0019332288984963567
12,1914,1911-02-15,0.020561826352981608
12,1914,1911-02-22,0.06511202401373922
12,1914,1911-03-01,0.1901558966204779
12,1914,1911-03-08,0.09701732405702528
12,1914,1911-03-15,0.057526179905154816
12,1914,1911-03-22,0.015176822293663263
12,1914,1911-03-29,0.002253776536371477
12,1914,1911-04-05,0.0015012609647971642
12,1914,1911-04-12,0.0011603917433277936
12,1914,1911-04-19,0.0007494424290650059
12,1914,1911-04-26,0.007841401329836808
12,1914,1911-05-03,0.002082839522963541
12,1914,1911-05-10,0.0016360292639461553
12,1914,1911-05-17,0.00810282171265901
12,1914,1911-05-24,0.02135198348781406
12,1914,1911-05-31,0.016749950355450335
12,1914,1911-06-07,0.013548917288012692
12,1914,1911-06-14,0.02794239211012651
12,1914,1911-06-21,0.015669347057658156
12,1914,1911-06-28,0.15815760901976433
12,1914,1911-07-05,0.0039908028361815085
12,1914,1911-07-12,0.00010025134133888073
12,1914,1911-07-19,0.0029656172870810393
12,1914,1911-07-26,0.006814711599964703
12,1914,1911-08-02,0.00108946113867257
12,1914,1911-08-09,0.002072470824592255
12,1914,1911-08-16,0.011549200945218111
12,1914,1911-08-23,0.01230348727950356
12,1914,1911-08-30,0.09568974015853966
12,1914,1911-09-06,0.020250471599855303
12,1914,1911-09-13,0.02179968416801484
12,1914,1911-09-20,0.022898030625429673
12,1914,1911-09-27,0.01032065423279691
12,1914,1911-10-04,0.003935262615632977
12,1914,1911-10-11,0.021936974513043862
12,1914,1911-10-18,0.014917173556129414
12,1914,1911-10-25,0.012775673354068645
12,1914,1911-11-01,0.027570760355189156
12,1914,1911-11-08,0.010337606132172626
12,1914,1911-11-15,0.018223643938884822
12,1914,1911-11-22,0.01984390056329092
12,1914,1911-11-29,0.025550634818516327
12,1914,1911-12-06,0.012202814083637211
12,1914,1911-12-13,0.013638829820174107
12,1914,1911-12-20,0.0183873588652057
12,1914,1911-12-27,0.03875620574083499
12,1914,1912-01-03,0.011350965730868568
12,1914,1912-01-10,9.019060788461667e-05
12,1914,1912-01-17,0.01636485988313218
12,1914,1912-01-24,0.005598143311891345
12,1914,1912-01-31,0.001567427987160604
12,1914,1912-02-07,0.00022837242715314796
12,1914,1912-02-14,0.013184508934366223
12,1914,1912-02-21,0.048910079281185875
12,1914,1912-02-28,0.15513907113829573
12,1914,1912-03-06,0.05847163215582361
12,1914,1912-03-13,0.02755192997469438
12,1914,1912-03-20,0.009517127598509279
12,1914,1912-03-27,0.007187185793926406
12,1914,1912-04-03,0.0050014780104617506
12,1914,1912-04-10,0.000613594968658335
12,1914,1912-04-17,0.002287797780950902
12,1914,1912-04-24,0.004558570916432447
12,1914,1912-05-01,0.009901760021136984
12,1914,1912-05-08,0.002625362197141749
12,1914,1912-05-15,0.01473884017163935
12,1914,1912-05-22,0.016044689393787514
12,1914,1912-05-29,0.03323335217001809
12,1914,1912-06-05,0.03054468134520954
12,1914,1912-06-12,0.022905115410151684
12,1914,1912-06-19,0.022508280786977187
12,1914,1912-06-26,0.030147216040327485
12,1914,1912-07-03,0.012041171345175836
12,1914,1912-07-10,1.8907356275113954e-05
12,1914,1912-07-17,0.0031978507567899392
12,1914,1912-07-24,0.005871265447329115
12,1914,1912-07-31,0.00553998681527334
12,1914,1912-08-07,0.0019345121452359595
12,1914,1912-08-14,0.014618085106348261
12,1914,1912-08-21,0.015929338684439073
12,1914,1912-08-28,0.03724974159366267
12,1914,1912-09-04,0.017947687143265032
12,1914,1912-09-11,0.008230016371472745
12,1914,1912-09-18,0.00636849772127624
12,1914,1912-09-25,0.00926731544805607
12,1914,1912-10-02,0.005640928926683122
12,1914,1912-10-09,0.01797967809072433
12,1914,1912-10-16,0.03425604065253079
12,1914,1912-10-23,0.017568965802940276
12,1914,1912-10-30,0.09704835394696722
12,1914,1912-11-06,0.01565388828248248
12,1914,1912-11-13,0.013993349685395094
12,1914,1912-11-20,0.025189658901723644
12,1914,1912-11-27,0.09789233240316741
12,1914,1912-12-04,0.023444997012032932
12,1914,1912-12-11,0.026293078444364563
12,1914,1912-12-18,0.0547753760709364
12,1914,1912-12-24,0.05081757622911173
12,1914,1913-01-01,0.7919793495979139
12,1914,1913-01-08,0.00018114753656193645
12,1914,1913-01-15,0.07916779308972058
12,1914,1913-01-22,0.016730636035426308
12,1914,1913-01-29,0.03074255987902626
12,1914,1913-02-05,0.0007059191052286948
12,1914,1913-02-12,0.032358749574764346
12,1914,1913-02-19,0.04127932213992426
12,1914,1913-02-26,0.17812430222052383
12,1914,1913-03-05,0.21696203373639986
12,1914,1913-03-12,0.02009991771756937
12,1914,1913-03-19,0.005238021057559069
12,1914,1913-03-26,0.01529381754174427
12,1914,1913-04-02,0.002315864854521378
12,1914,1913-04-09,0.012241504082743502
12,1914,1913-04-16,0.026285948967933185
12,1914,1913-04-23,0.020982654189349807
12,1914,1913-04-30,0.027558284387080547
12,1914,1913-05-07,0.029314330618479226
12,1914,1913-05-14,0.0802590541571363
12,1914,1913-05-21,0.20607288360615525
12,1914,1913-05-28,0.14999740414741253
12,1914,1913-06-04,0.13632927706406395
12,1914,1913-06-11,0.0442988908319198
12,1914,1913-06-18,0.058861326393067466
12,1914,1913-06-25,0.07553052215198737
12,1914,1913-07-02,0.06711753114901343
12,1914,1913-07-09,0.0002327163232357694
12,1914,1913-07-16,0.017568006089964835
12,1914,1913-07-23,0.02021825466182865
12,1914,1913-07-30,0.014794405663201875
12,1914,1913-08-06,0.005133836168037537
12,1914,1913-08-13,0.03831960112857967
12,1914,1913-08-20,0.06644558977991075
12,1914,1913-08-27,0.13482376346268474
12,1914,1913-09-03,0.1601932940999243
12,1914,1913-09-10,0.0899271155375364
12,1914,1913-09-17,0.060862007812047085
12,1914,1913-09-24,0.05112620378942997
12,1914,1913-10-01,0.031535908772503236
12,1914,1913-10-08,0.048283029506292895
12,1914,1913-10-15,0.1422500356146532
12,1914,1913-10-22,0.15346735623701424
12,1914,1913-10-29,0.13097005468257486
12,1914,1913-11-05,0.01763745168177974
12,1914,1913-11-12,0.02010844626470406
12,1914,1913-11-19,0.04362001339341695
12,1914,1913-11-26,0.07704151849699327
12,1914,1913-12-03,0.02123610246303904
12,1914,1913-12-10,0.03162137862986291
12,1914,1913-12-17,0.01874994272756235
12,1914,1913-12-24,0.017035177982405076
12,1914,1913-12-31,0.6661148683044873
12,1914,1914-01-07,4.948408531791571e-06
12,1914,1914-01-14,0.07481891731267795
12,1914,1914-01-21,0.05845051511472533
12,1914,1914-01-28,0.016311320873653237
12,1914,1914-02-04,0.0010597004356112556
12,1914,1914-02-11,0.011837293284068165
12,1914,1914-02-18,0.01423925007205098
12,1914,1914-02-25,0.11478327949806517
12,1914,1914-03-04,0.13114513407983602
12,1914,1914-03-11,0.007862858139793009
12,1914,1914-03-18,0.008394466276758222
12,1914,1914-03-25,0.0058345050486512335
12,1914,1914-04-01,0.0015815926431369959
12,1914,1914-04-08,0.0012583186200109337
12,1914,1914-04-15,0.01636150543675066
12,1914,1914-04-22,0.005516092339891761
12,1914,1914-04-29,0.008564124466250949
12,1914,1914-05-06,0.0004785580122638576
12,1914,1914-05-13,0.0022287434701518923
12,1914,1914-05-20,0.005464278335342197
12,1914,1914-05-27,0.012644001802258989
12,1914,1914-06-03,0.00563771165422009
12,1914,1914-06-10,0.004262045755129883
12,1914,1914-06-17,0.009212878471383261
12,1914,1914-06-24,0.015155541447305026
12,1914,1914-07-01,0.1456774792875435
12,1914,1914-07-08,1.3364110932565114e-06
12,1914,1914-07-15,0.003545372523408345
12,1914,1914-07-22,0.006603543726845207
12,1914,1914-11-04,0.01618318768908289
12,1914,1914-11-11,0.0007410444914279396
12,1914,1914-11-18,0.00020494244338675855
12,1914,1914-11-25,2.1062701052135823e-06
12,1914,1914-12-02,6.828696782774574e-07
12,1914,1914-12-09,2.1962463140950167e-07
12,1914,1914-12-16,8.9995019291959e-09
12,1914,1914-12-23,7.564626401714463e-11
12,1914,1914-12-30,8.115558580917699e-09
12,1914,1915-01-06,5.618752453753218e-09
12,1914,1915-01-13,7.884689508072888e-09
12,1914,1915-01-20,7.105785509322034e-09
12,1914,1915-01-27,5.999487882107967e-09
12,1914,1915-02-03,4.3378386489589894e-09
12,1914,1915-02-10,1.8915144741742086e-09
12,1914,1915-02-17,2.804039746576887e-10
12,1914,1915-02-24,7.20871517626268e-09
12,1914,1915-03-03,2.41914221011775e-09
12,1914,1915-03-10,2.695650485943028e-09
12,1914,1915-03-17,1.8838242062582434e-08
12,1914,1915-03-24,5.786536971064526e-09
12,1914,1915-03-31,1.909191290802637e-09
12,1914,1915-04-07,8.887004151260753e-09
12,1914,1915-04-14,8.945124854492128e-09
12,1914,1915-04-21,6.7049949804547854e-09
12,1914,1915-04-28,3.3723765659652674e-09
12,1914,1915-05-05,1.6947862463178232e-09
12,1914,1915-05-12,1.5158763102194e-08
12,1914,1915-05-19,7.405753224381659e-09
12,1914,1915-05-26,3.541463478602823e-08
12,1914,1915-06-02,1.4096776199207933e-08
12,1914,1915-06-09,4.768032502314676e-08
12,1914,1915-06-16,4.211405167662716e-08
12,1914,1915-06-23,5.500648600210711e-08
12,1914,1915-06-30,3.447893948233473e-08
12,1914,1915-07-07,1.4506991678099397e-07
12,1914,1915-07-14,1.3843577499889832e-07
12,1914,1915-07-21,0.00312532573336959
12,1914,1915-07-28,1.505942054581873e-14
12,1914,1915-08-04,1.0875136688457744e-16
12,1914,1915-08-11,9.672226719139213e-19
12,1914,1915-08-18,5.3057674515638276e-18
12,1914,1915-08-25,2.197937254870071e-15
12,1914,1915-09-01,1.727040715561137e-14
12,1914,1915-09-08,8.930132434333017e-13
12,1914,1915-09-15,3.693275128502237e-12
12,1914,1915-09-22,2.648135718363068e-11
12,1914,1915-09-29,1.642531760621466e-09
12,1914,1915-10-06,3.257285741968e-11
12,1914,1915-10-13,6.607273670205485e-10
12,1914,1915-10-20,8.577218049202783e-10
12,1914,1915-10-27,6.009137515354636e-09
12,1914,1915-11-03,9.332714697331446e-07
12,1914,1915-11-10,1.715026764084603e-05
12,1914,1915-11-17,5.23224358394867e-05
12,1914,1915-11-24,2.49708435212497e-05
12,1914,1915-12-01,7.575723084189238e-05
12,1914,1915-12-08,0.00038177730483204147
12,1914,1915-12-15,0.00033139201681975627
12,1914,1915-12-22,0.0006125225623189918
12,1914,1915-12-29,0.0005693824337960207
12,1914,1916-01-05,1.4864640605314392e-05
12,1914,1916-01-12,0.00010468784960884057
12,1914,1916-01-19,3.0125049292721903e-05
12,1914,1916-01-26,3.4257824917629716e-05
12,1914,1916-02-02,5.7106258272474266e-06
12,1914,1916-02-09,4.333811759250217e-05
12,1914,1916-02-16,2.3364344934210164e-07
12,1914,1916-02-23,9.048320211512698e-08
12,1914,1916-03-01,2.0794921726458612e-07
12,1914,1916-03-08,5.497933701366718e-07
12,1914,1916-03-15,2.555542684413339e-07
12,1914,1916-03-22,1.075085795396702e-06
12,1914,1916-03-29,1.10052009354399e-06
12,1914,1916-04-05,1.5708189541110087e-07
12,1914,1916-04-12,7.877261526065058e-06
12,1914,1916-04-19,4.5050776006188915e-07
12,1914,1916-04-26,4.1757813209975683e-07
12,1914,1916-05-03,6.859841089216928e-08
12,1914,1916-05-10,7.357297851708657e-08
12,1914,1916-05-17,1.1739511721995088e-08
12,1914,1916-05-24,1.427861646855127e-08
12,1914,1916-05-31,1.2602769881743791e-08
12,1914,1916-06-07,6.798248286208273e-08
12,1914,1916-06-14,4.867415947964128e-08
12,1914,1916-06-21,4.0579615554229227e-07
12,1914,1916-06-28,2.8742262503713266e-06
12,1914,1916-07-05,1.6869794033049844e-06
12,1914,1916-07-12,2.7284416613014063e-06
12,1914,1916-07-19,3.9025082303837024e-06
12,1914,1916-07-26,8.344122617895568e-06
12,1914,1916-08-02,1.2848275129046767e-05
12,1914,1916-08-09,1.680635430984122e-05
12,1914,1916-08-16,1.2849207392270868e-05
12,1914,1916-08-23,8.270792524632767e-07
12,1914,1916-08-30,0.00012144015683645798
12,1914,1916-09-06,0.00010263996668933792
12,1914,1916-09-13,0.0005054745498624971
12,1914,1916-09-20,0.00031627154406108895
12,1914,1916-09-27,0.0022954209484774605
12,1914,1916-10-04,0.006510885367061619
12,1914,1916-10-11,0.007488357470387867
12,1914,1916-10-18,0.014647066087327075
12,1914,1916-10-25,0.002557215595200274
12,1914,1916-11-01,0.0008862443787422494
12,1914,1916-11-08,0.0003698892661991064
12,1914,1916-11-15,0.0034117854519214023
12,1914,1916-11-22,0.0006327733565875777
12,1914,1916-11-29,0.0038821604188018118
12,1914,1916-12-06,0.10394853815903617
12,1914,1916-12-13,0.06464136051133229
12,1914,1916-12-20,0.039228458485010706
12,1914,1916-12-27,0.012868024511071836
