counterparty_clean,actor_category,class_confidence,n_transactions,total_amount,crises
Union Discount Co. Of London Ltd,discount_house,0.9,115,10352861.34,1914
Glyn Mills Currie,merchant_bank,0.85,94,10097238.4,1914
London County & Westminster Bank Ltd,clearing_or_joint_stock_bank,0.7,265,9271925.9,1914
B. W .Blydenstein & Co,unknown,0.2,60,7082331.32,1914
National Discount Co.,discount_house,0.9,91,6862189.109999999,1914
Reeves Whitburn & Co,unknown,0.2,67,6174018.93,1914
Alexanders & Co Ltd,unknown,0.2,86,6159278.99,1914
Brightwen & Co,unknown,0.2,72,5720211.72,1914
Overend Gurney & Co,discount_house,0.9,64,5037818.16,"1847,1857,1866"
Smith St Aubyn & Co,bill_broker,0.85,41,4894544.49,1914
Hohler & Co,unknown,0.2,45,4380520.8575,1914
A & G W Alexander & Co,unknown,0.2,51,4337505.385,1857
Lloyd'S Bank Ltd,clearing_or_joint_stock_bank,0.7,73,4051027.05,1914
King & Foa,unknown,0.2,51,3875752.79,1914
Baker Duncombe & Co Ltd,unknown,0.2,47,3677587.4,1914
National Provincial Bk Of England Ltd,clearing_or_joint_stock_bank,0.7,58,3309195.8,1914
Allen Harvey & Ross,discount_house,0.9,61,3087057.8,1914
London & River Plate Bank Ltd,clearing_or_joint_stock_bank,0.7,16,2805472.55,1914
Bruce Buxton & Co,unknown,0.2,46,2641114.25,1847
Natl Bk Of India Ltd,unknown,0.2,34,2594595.35,1914
Union Smiths Bk Ho,unknown,0.2,107,2573360.0,1914
Haarbleicher Schumann,unknown,0.2,39,2280963.92,1914
Bruce Wilkinson & Co,bill_broker,0.85,63,2239566.925,1857
Imperial Ottoman Bank,foreign_or_colonial_financial,0.7,19,2237876.95,1914
Lon Jt Stock Bk,unknown,0.2,48,2215691.65,1914
"Chartered Bank Of India, Austrailia & China",foreign_or_colonial_financial,0.7,22,2175719.51,1914
Anglo South American Bank Ltd,foreign_or_colonial_financial,0.7,39,2166880.925,1914
Comptoir National D'Escompte De Paris,foreign_or_colonial_financial,0.7,31,1901110.55,1914
A & G N Alexander & Co,unknown,0.2,31,1899818.53,1847
R.Cunliffe Sons Co,unknown,0.2,24,1899733.23,1914
Sanderson Sandeman & Co,bill_broker,0.85,38,1781120.29,1857
London & Brazilian Bank,clearing_or_joint_stock_bank,0.4,8,1745684.8499999999,1914
Frith Sands & Co,bill_broker,0.85,50,1730032.0175,"1847,1857,1866"
Hong Kong & Shanghai Banking Corporation,unknown,0.2,24,1617882.8725,1914
Ryder & Co,unknown,0.2,20,1458923.00875,1914
S.Montagu Co,unknown,0.2,32,1376063.7774999999,1914
Deutsche Bank,foreign_or_colonial_financial,0.7,9,1321208.7,1914
C.J.Hambro & Son,merchant_bank,0.85,29,1286288.105,1914
Rothschild & Sons,merchant_bank,0.85,17,1242239.065,1847
N. M. Rothschild & Sons,merchant_bank,0.85,12,1237482.3499999999,1914
Union Smiths Bank Ld Lom St,clearing_or_joint_stock_bank,0.4,147,1195134.2,1914
Smith Fleming & Co,unknown,0.2,29,1130267.06,1866
F.Huth Co,merchant_bank,0.85,21,1120477.16625,1914
National Discount Co Of Limited,discount_house,0.9,10,1115863.7,1866
Lon S.Western Bk,merchant_bank,0.85,45,1073072.5,1914
Banque Belge,unknown,0.2,25,1069739.9,1914
J.H.Schroder & Co,merchant_bank,0.85,10,1031112.9,1914
Yokohama Bk Ltd,unknown,0.2,7,1008933.25,1914
Lyon & Lucker,unknown,0.2,22,1005164.5299999999,1914
Harwood Knight & Allen,unknown,0.2,19,984430.0,1866
British Bank Of South America Ltd,clearing_or_joint_stock_bank,0.4,12,952994.2,1914
Gillett Bros & Co,bill_broker,0.85,17,940985.02,1914
William Brandt'S Sons & Co,unknown,0.2,13,899189.73,1914
R Lawes & Co,unknown,0.2,25,888937.45,1857
Union Bank Of Scotland Ltd,foreign_or_colonial_financial,0.7,11,881277.95,1914
Cunliffes & Co,unknown,0.2,27,875280.835,"1847,1857"
Baring Bros & Co Ld,merchant_bank,0.85,7,864269.1499999999,1914
Credito Italiano,unknown,0.2,15,862855.5499999999,1914
Alexander Cunliffes & Co,bill_broker,0.85,5,848266.2000000001,1866
Parr'S Bank Ltd,clearing_or_joint_stock_bank,0.7,90,835460.3999999999,1914
Royal Bank Of Scotland,foreign_or_colonial_financial,0.7,38,830775.95,1914
Mercantile Bank Of India Ltd,foreign_or_colonial_financial,0.7,20,819240.29,1914
White & Shaxson,unknown,0.2,22,782893.47,1914
Daniell Cafenove & Co,unknown,0.2,28,780754.33,1914
National Discount Corporation,discount_house,0.9,19,775619.515,1857
Agra & Mastermans Bank Limited,foreign_or_colonial_financial,0.7,2,750000.0,1866
Sanderson & Reid,bill_broker,0.85,25,749764.6849999999,1847
Oriental Bank Corporation,foreign_or_colonial_financial,0.7,14,715807.535,"1857,1866"
Capital & Counties Bank Ltd,clearing_or_joint_stock_bank,0.7,24,710577.2,1914
International Banking Corporation,unknown,0.2,22,708043.2999999999,1914
Nohler & Co,unknown,0.2,3,700000.0,1914
Eastern Bank Ltd,merchant_bank,0.85,31,699639.39,1914
R Raphael & Sons,merchant_bank,0.85,30,693976.2949999999,"1847,1857,1866"
Bennison & Lennard,unknown,0.2,103,692022.7474999999,"1847,1866"
Union Smiths Bk Ld,unknown,0.2,35,667362.65,1914
Guaranty Trust Co Of New York,unknown,0.2,7,653935.35,1914
Standard Bk Of S.Africa,unknown,0.2,17,619090.2999999999,1914
Rob Lawes & Co,unknown,0.2,42,610292.3875,1847
Canadian Bank Of Commerce,foreign_or_colonial_financial,0.7,10,603157.095,1914
Barclay & Co,clearing_or_joint_stock_bank,0.7,4,595188.2,1866
N M Rothchild & Son,unknown,0.2,9,561456.47,1847
Kleinwort Sons & Co,merchant_bank,0.85,33,556727.5499999999,1914
Glyn & Co,unknown,0.2,5,550257.4,1857
Durant & Co,unknown,0.2,25,535238.885,"1847,1857,1866"
Cater Greenwell & Co,unknown,0.2,9,526436.95,1914
Anglo Egyptian Bank Ltd,foreign_or_colonial_financial,0.7,7,523242.64999999997,1914
Alliance Bank Limited,clearing_or_joint_stock_bank,0.7,4,520000.0,1866
Suse & Sibeth,unknown,0.2,101,516630.42,"1847,1866"
London County Bank,clearing_or_joint_stock_bank,0.4,3,505035.2,1866
Discount Corporation Limited,discount_house,0.9,11,500000.0,1866
G Peabody & Co,unknown,0.2,13,494353.93,1857
Stern Bros,merchant_bank,0.85,47,485518.38999999996,"1847,1914"
A. Ruffer & Sons,unknown,0.2,28,470857.44749999995,1914
Dresdner Bank,foreign_or_colonial_financial,0.7,5,468421.24999999994,1914
Kraeutler & Mueville,unknown,0.2,45,445125.415,1847
Banca Commerciale Italiana,unknown,0.2,11,443935.0,1914
Bank Of London Limited,clearing_or_joint_stock_bank,0.4,2,430000.0,1866
James Burness & Sons,unknown,0.2,8,426901.5,1914
F Huth & Co,merchant_bank,0.85,13,420633.78,"1847,1857"
Wallace Bros & Co Ld,merchant_bank,0.85,10,419558.0525,1914
Fruhling & Goschen,merchant_bank,0.85,13,419378.36,"1857,1866,1914"
Hy Sherwood & Co,unknown,0.2,10,418244.19999999995,1914
British Bank Of Foreign Trade Ltd,clearing_or_joint_stock_bank,0.4,9,401400.64999999997,1914
Chartered Merchant Bank Of India Limited,foreign_or_colonial_financial,0.7,4,400000.0,1866
Bischoffshein G & Co,unknown,0.2,32,389796.62,1847
National Bank Of Scotland,foreign_or_colonial_financial,0.7,23,370236.85,1914
Lon: Asiatic & American Coy Limited,unknown,0.2,18,365609.86,1866
Chilian Gout,unknown,0.2,1,364090.35,1914
H & J Johnston & Co,unknown,0.2,38,362778.08249999996,"1847,1857"
Manchester & Liverpool District Bkg Co Ltd,unknown,0.2,7,358625.0,1914
Do,unknown,0.2,23,353721.105,"1847,1857"
Morrison D & Co,unknown,0.2,36,352634.295,1847
Swiss Bankverein,unknown,0.2,5,346781.35,1914
Hatimal Discount Co Ltd,discount_house,0.9,3,344192.86,1914
Haarbleichen Schumaum,unknown,0.2,25,328000.7,1866
R & J Henderson,unknown,0.2,23,325255.55,"1847,1866"
The Ebbw Vale Co Ltd,unknown,0.2,19,323600.7,1866
Gledstones & Co,unknown,0.2,19,322102.0,1866
Fletcher A & Co,unknown,0.2,19,321374.58999999997,1847
Bank Of Montreal,foreign_or_colonial_financial,0.7,15,317946.95,1914
F.Elles Son,unknown,0.2,17,316119.85,1914
Bank Of New South Wales,foreign_or_colonial_financial,0.7,3,316000.0,1866
Frederick Youle,unknown,0.2,24,308573.28,1866
Barnetts Hoare & Co On Account Of The Clydesdale Banking Company,unknown,0.2,4,302771.3,1857
London Westminister Bank,clearing_or_joint_stock_bank,0.4,1,300000.0,1866
J L Lemme & Co,unknown,0.2,22,296127.805,"1847,1857"
J H Schroder & Co,merchant_bank,0.85,18,295141.335,"1847,1857"
I. F. Pawson & Co,unknown,0.2,17,294766.42,1866
London Discount Corporation,discount_house,0.9,23,293016.625,1857
Lutgens & Ripley,unknown,0.2,16,290912.8,1914
National Bank Of India Ltd,foreign_or_colonial_financial,0.7,2,290808.0525,1914
Finlay Campbell & Co,merchant_bank,0.85,4,289487.5,1866
Consolidated Discount Co Limited,discount_house,0.9,9,288000.0,1866
J & R Morley,unknown,0.2,50,285828.925,"1847,1857,1866"
Glyn & Co O/A Union Bank Of Scotland,foreign_or_colonial_financial,0.7,1,285729.92,1857
Timothy Wiggin & Co,unknown,0.2,21,284535.705,1857
Union Bank Of Australia Ltd,clearing_or_joint_stock_bank,0.7,14,284327.39999999997,1914
The London Brazilian Bank,clearing_or_joint_stock_bank,0.4,1,282000.0,1866
Credit Lyonnais Per Glyn Mills Currie,merchant_bank,0.85,1,281915.35,1914
Bank Of Hindustan Limited,foreign_or_colonial_financial,0.7,6,279238.66000000003,1866
Samuel Montagu & Co,unknown,0.2,19,276452.94,1866
Schunck S & Co,unknown,0.2,35,275840.745,1847
Lon Hanseatic Bk Ld,unknown,0.2,12,274311.39,1914
Union Smiths Bank Prescotts,clearing_or_joint_stock_bank,0.4,68,274230.8,1914
Natl Bk Of Africa Ltd,unknown,0.2,1,268612.5,1914
Coates & Co,unknown,0.2,65,264642.72,1847
G&R Dewhurst Ltd,unknown,0.2,8,263036.111875,1914
"Finlay, Hodgeson & Co",merchant_bank,0.85,13,260994.94,1866
Giles Loder,unknown,0.2,20,260495.83,"1847,1866"
Kraeutler & Mieville,unknown,0.2,13,259095.74000000002,1857
Barnett & Co,unknown,0.2,6,258606.90000000002,1866
Robert Lawes & Co,unknown,0.2,5,257800.0,1866
Ellice Kinnear & Co,unknown,0.2,27,257169.4025,1847
Robert Smith & Co,unknown,0.2,47,257094.51,1866
The City Bank,clearing_or_joint_stock_bank,0.7,2,255049.2,1866
Mccalmont Brothers & Co,unknown,0.2,8,243828.72,1857
Direction Der Discounts,unknown,0.2,1,243103.09999999998,1914
The London County Bank,clearing_or_joint_stock_bank,0.4,1,239167.80000000002,1866
"Drake, Kleinwort & Cohen",merchant_bank,0.85,7,238208.40000000002,1866
Konig Bros,unknown,0.2,3,233761.9,1914
P Grenfell & Sons,unknown,0.2,35,233664.16999999998,"1847,1857,1866"
Colonial Company Limited,foreign_or_colonial_financial,0.7,8,232767.33,1866
Gledstanes & Co,unknown,0.2,27,232389.1125,"1847,1857"
H Castellain Sons & Co,unknown,0.2,47,232284.28,1847
Brightwen Gillet & Co,bill_broker,0.85,9,232254.0,1866
Cook Sons & Co,unknown,0.2,60,225741.4625,"1847,1857"
London River Place Bank Limited,clearing_or_joint_stock_bank,0.7,12,224653.41999999998,1866
Boutcher Mortimore & Co,unknown,0.2,49,223673.8225,"1847,1857,1866"
Bordier Fabris & Co,unknown,0.2,47,223528.705,"1847,1857"
T & W King,unknown,0.2,17,223301.97999999998,1847
Hyde Hodge & Co,unknown,0.2,38,222453.885,1857
S. Oppenheim & Sons,unknown,0.2,10,220475.7,1866
Fruhling & Gaschew,merchant_bank,0.85,15,219600.3675,1847
Suse + Sibeth,unknown,0.2,26,219100.66,1857
Magniac J & Co,unknown,0.2,9,216940.16,1847
McCalmont Bros & Co,unknown,0.2,24,215990.29499999998,1847
Williams Deacon'S Bank Ltd,clearing_or_joint_stock_bank,0.7,10,213978.0,1914
G Loder,unknown,0.2,4,209526.22999999998,1857
Allen & Anderson,unknown,0.2,25,209208.1375,1847
Colonial Bank,foreign_or_colonial_financial,0.7,4,209025.7,"1866,1914"
Brown Shipley & Co,merchant_bank,0.85,7,205353.89999999997,1914
Frederick Huth & Co,merchant_bank,0.85,2,203778.0,1866
Bank Of Wales,clearing_or_joint_stock_bank,0.4,2,201077.94999999998,1914
Reid Irving & Co,unknown,0.2,13,201072.755,1847
Bieber & Co,unknown,0.2,33,199628.25,"1857,1866"
Streatfield Laurence & Co,unknown,0.2,25,199265.145,1857
Castellain Sons & Co,unknown,0.2,32,198883.85499999998,1847
Palmer McKillop D & C,unknown,0.2,22,198432.29249999998,1847
Ralli & Mavrajani,unknown,0.2,47,198345.63749999998,1847
Commercial Bank Of Scotland Ltd,foreign_or_colonial_financial,0.7,9,198264.05,1914
Sampson Mitchell & Co,unknown,0.2,14,197230.97499999998,"1847,1857"
Arbuthnol Latham & Co,unknown,0.2,28,197114.06,1847
R. Raphael & Sons,merchant_bank,0.85,8,196899.61,"1866,1914"
W & J Devas & Co,unknown,0.2,36,196429.8625,"1847,1866"
Robarts Lubbock Co,unknown,0.2,5,196156.94999999998,1914
Gregson & Co,unknown,0.2,24,193928.57,1847
Jas Lang,unknown,0.2,48,192731.07499999998,1847
Steven Brothers,unknown,0.2,6,190961.58,1866
Crawford C & Co,unknown,0.2,24,190776.965,1847
Perkins Schlusser & Co,unknown,0.2,40,188293.86,1847
Finlay Hodgson & Co,merchant_bank,0.85,15,187381.305,1847
R Heine Semon & Co,unknown,0.2,23,186549.8,1857
Anglo Austrian Bank,foreign_or_colonial_financial,0.7,2,186328.24999999997,1914
Cama & Co,unknown,0.2,29,186056.995,1857
Heywood & Co,unknown,0.2,3,184334.55,1857
C I Hambro & Son,merchant_bank,0.85,8,184145.33,1857
Cavan Bros & Co,unknown,0.2,37,182987.435,1847
Spartali & Lascaridi,unknown,0.2,26,175937.44,1847
Martin'S Bank Ltd,clearing_or_joint_stock_bank,0.7,15,175712.94999999998,1914
George Peabody,unknown,0.2,25,175048.205,1847
Imp Merchant Credit Limited,unknown,0.2,4,175000.0,1866
H W Eaton,unknown,0.2,42,174993.3775,"1847,1857"
"Naylor, Benzon & Co",unknown,0.2,12,172539.02,1866
P T Ralli,unknown,0.2,42,170952.45,1857
R. Cunliffe Son & Co,unknown,0.2,4,170000.0,1866
J Hubbard & Co,unknown,0.2,22,169768.635,"1847,1857"
Sheppard Pelly & Co,unknown,0.2,4,169500.0,1866
Bischoffsheim & Goldschmidt,merchant_bank,0.85,12,169437.43,"1857,1866"
The Bornes Co Limited,unknown,0.2,5,168410.2,1866
Trueman & Cook,unknown,0.2,15,168231.4975,1847
B S & J Phillips & Co,unknown,0.2,22,167561.34,"1857,1866"
Holford & Co,unknown,0.2,30,167489.16,1847
C J Hambro & Son,merchant_bank,0.85,16,163819.345,1847
R Cunliffe Son & Co,unknown,0.2,10,162713.865,1857
E Sieveking & Son,unknown,0.2,38,162402.2775,"1847,1857"
L Alexander & Co,unknown,0.2,34,161964.6,1847
Commercial Banking Co. Of Of Sydney Ltd,unknown,0.2,5,161863.85,1914
Bell & Grant,unknown,0.2,54,160747.715,"1847,1857,1866"
Schilizzi & Co,unknown,0.2,54,160608.66999999998,"1847,1857,1866"
James Hill & Sons,unknown,0.2,11,159327.395,"1857,1866"
"Quenene, Furney & Co",unknown,0.2,2,157927.13,1857
J F Pawson & Co,unknown,0.2,25,157632.885,1847
David Evans,unknown,0.2,38,156935.6975,1847
Scott Bell & Co,unknown,0.2,19,156252.87,1847
R Eglinton & Co,unknown,0.2,26,156221.91,1847
Joseph Allard,unknown,0.2,28,155957.85,1866
H L & C Edwards & Co,unknown,0.2,35,152424.26499999998,"1847,1857,1866"
De Mattos & De Leon,unknown,0.2,34,149963.75999999998,1847
Cotesworth & Powell & Co,unknown,0.2,24,148759.865,1847
Small & Co,unknown,0.2,18,148091.245,"1847,1857,1866"
J. C. Im Thurm & Co,unknown,0.2,12,146127.56,1866
Union Bank Of Canada,clearing_or_joint_stock_bank,0.7,7,142161.3675,1914
Lon Lpool Bk Of Comce,unknown,0.2,12,141767.55,1914
Collmann & Son,unknown,0.2,15,138921.595,1847
Rawson & Norton & Co,unknown,0.2,38,138142.36,1847
A Goldsmid,unknown,0.2,21,137619.9,1847
Baltazzi & P,unknown,0.2,22,136712.495,1847
Drewett & Fowler,unknown,0.2,10,135981.205,1847
R Rodger,unknown,0.2,10,135776.82,1857
Royal Bank Of Canada,clearing_or_joint_stock_bank,0.4,2,135457.9875,1914
Andy Gibbs & Sons,merchant_bank,0.85,5,135049.26,1866
Imp. Ottoman Government,unknown,0.2,1,135000.0,1866
J C Bailey,unknown,0.2,3,135000.0,1857
Elias & Co,unknown,0.2,13,134345.085,"1857,1866"
Schunck Souchay & Co,unknown,0.2,9,133838.21,1857
Consolidated Bank Limited,clearing_or_joint_stock_bank,0.7,2,131190.30000000002,1866
Siordeh M & Co,unknown,0.2,34,131009.5025,1847
Absolom Crocker & Co,unknown,0.2,94,129663.295,"1847,1857,1866"
Heugh Balfour & Co,unknown,0.2,15,128543.66,"1857,1866"
Barclay & Co Ltd,clearing_or_joint_stock_bank,0.7,33,125872.15,1914
Conway Phelps & Co,unknown,0.2,39,125388.2425,1847
National Bank Of Australasia,foreign_or_colonial_financial,0.7,4,123339.90000000001,1866
H Sherwood Co,unknown,0.2,1,123022.19,1914
Peek Bros & Co,unknown,0.2,72,120631.1,"1847,1857"
Barclay Brothers & Co,clearing_or_joint_stock_bank,0.7,15,119994.515,1847
Louis Cohen,unknown,0.2,14,119870.26999999999,"1847,1857"
G B Carr,unknown,0.2,40,119220.7025,"1847,1857"
Haycroft & Pethick,unknown,0.2,17,118786.535,"1857,1866"
Metrop Provincial Bank Limited,clearing_or_joint_stock_bank,0.7,9,118475.70000000001,1866
Robert Benson & Co,unknown,0.2,4,115514.78,1866
Cavan Brothers & Co,unknown,0.2,6,115135.23999999999,1857
Boyds & Thomas,unknown,0.2,25,114873.875,1847
I. Leonino & Co,unknown,0.2,12,114839.96,1866
"Soanes, Son & Page",unknown,0.2,8,112536.26,1866
S.N.Schroder & Co,merchant_bank,0.85,1,111542.34999999999,1914
J Horstman,unknown,0.2,19,110768.885,1847
"Barker, Benwell & Co.",unknown,0.2,2,110000.0,1866
S.P. Framjee & Co,unknown,0.2,16,108968.97,1866
H W Schwartz,unknown,0.2,41,108931.2825,1847
Ralli Bros,unknown,0.2,4,108912.75,"1847,1914"
Ionides & Co,unknown,0.2,18,107545.8475,1847
David Evans & Co,unknown,0.2,36,107087.385,"1857,1866"
Pastre Brothers,unknown,0.2,12,106995.18,1866
Bomanjee Framjee Cama & Co,unknown,0.2,14,105923.03,1866
A Bell & Sons,unknown,0.2,33,104493.76,1857
H. W. Eaton,unknown,0.2,6,103359.62,1866
Blogg & Martin,unknown,0.2,6,102840.415,"1847,1866"
E Lindo & Co,unknown,0.2,21,102679.36,1847
F. T. Elworthy,unknown,0.2,11,102652.54000000001,1866
Rob & Harrison & Co,unknown,0.2,29,102545.3775,1847
B Simon & A Jacoby,unknown,0.2,8,101706.32,1857
G H & J F Wulff,unknown,0.2,72,101685.9675,"1847,1857"
Dinsdale Drewell & Co,unknown,0.2,2,101642.9,1857
H J Einthoven & Sons,unknown,0.2,10,101176.62,1857
Lat Discount Co Lo,unknown,0.2,3,100272.09,1857
Leaf Sons & Co,unknown,0.2,10,99803.69,"1857,1866"
Horstman & Co,unknown,0.2,8,99717.28,"1857,1866"
Lon: River Plate Bank Limited,clearing_or_joint_stock_bank,0.7,2,99646.2,1866
Bco & Del Rio De La Hala,unknown,0.2,1,99407.04999999999,1914
Konigswarter Bros,unknown,0.2,23,99203.685,1847
Robinson & Fleming,unknown,0.2,11,98829.31,1866
I. W. Cater Inman & Co,unknown,0.2,14,97718.86,1857
"Dennistoun, Cross & Co",unknown,0.2,4,97344.55,1866
Bradbury & Cook,unknown,0.2,26,97236.4,"1857,1866"
Fob Wright & Co,unknown,0.2,31,97139.79,1847
Alex Bell & Sons,unknown,0.2,20,95830.05,1866
Carr Lamb & Co,unknown,0.2,47,94810.01999999999,1847
Rougemont Bros,unknown,0.2,33,94598.465,1847
S Reuter,unknown,0.2,33,94336.34,"1847,1857"
Daniell Dickinson & Co,unknown,0.2,24,94084.64,"1847,1857"
W Cothay & Co,unknown,0.2,25,93521.73,1847
Foy Morgan & Co,merchant_bank,0.85,3,91818.26,1914
Arthur & Co,unknown,0.2,10,91624.92,1866
Walhampton & Staffordshire,unknown,0.2,1,91579.5,1857
Dadabhai Naoroji & Co,unknown,0.2,22,90862.47,1866
T & J Ralli,unknown,0.2,41,90859.81,1866
J Pickersgill & Son,unknown,0.2,18,90127.055,1847
Williams Deacon & Co On Each Of The Dudley + West Bromwich Co,clearing_or_joint_stock_bank,0.7,3,90000.0,1857
Fullers & Co,unknown,0.2,5,89330.93,1847
H.J. Enthoven & Sons,unknown,0.2,8,89306.23999999999,1866
Pearse & Child,unknown,0.2,31,87955.66249999999,1847
Duncan Fox & Co,unknown,0.2,4,87687.84999999999,1914
Forster & Smith,unknown,0.2,18,87468.7625,1847
Prior Turner & Co,unknown,0.2,49,86550.9625,"1847,1857"
Castelli G & Co,unknown,0.2,18,86102.385,1847
Ellis Everington & Co,unknown,0.2,10,85429.145,1857
National Bank Of New Zealand,clearing_or_joint_stock_bank,0.4,1,85217.84999999999,1914
Francis Ede Son & Co,unknown,0.2,20,84949.31,1857
King Melvil & Co,unknown,0.2,27,84447.78,"1847,1866"
Crawshay Bailey,unknown,0.2,4,84394.7,1866
W Brandt'S Sons & Co,unknown,0.2,12,84283.06,1866
Alex & Bell,unknown,0.2,30,83117.56999999999,1847
Jas Coster & Co,unknown,0.2,18,81913.0653,1847
C. & C. I. Coles,unknown,0.2,14,81295.2,"1857,1866"
Maclean Maris & Co,unknown,0.2,20,81144.495,1847
British Bank Of North America Ltd,clearing_or_joint_stock_bank,0.4,4,80847.84999999999,1914
J Bult Son & Co,unknown,0.2,9,80572.36499999999,1847
Stewart & Westmorland,unknown,0.2,22,80500.655,1847
Vyse & Sons,unknown,0.2,32,79594.33499999999,1847
Anglo Egyptian Bank Limited,foreign_or_colonial_financial,0.7,3,79440.3,1866
Rt Lowes & Co,unknown,0.2,2,79212.025,1857
Grant & Kemshead,unknown,0.2,24,79144.2675,1847
T. Tapling & Co,unknown,0.2,24,77301.42,1866
T J & T Powell,unknown,0.2,40,77117.4975,"1847,1857"
Peter Rolt & Co,unknown,0.2,13,76369.6,1866
F W Russell,unknown,0.2,30,76197.95999999999,1847
R Harrison & Co,unknown,0.2,20,75964.35,1847
B Figdor,unknown,0.2,39,75762.735,1847
C Devaux & Co,unknown,0.2,13,75327.825,1847
S Courtauld & Co,unknown,0.2,20,75117.825,1847
Coaeno Gurney Co,unknown,0.2,1,74914.84,1847
Gould Dowie & M,unknown,0.2,40,74818.1975,1847
Thomson Bonar & Co,unknown,0.2,8,74528.11499999999,"1847,1866"
Lon Provincial Bk,unknown,0.2,24,74464.8,1914
J Leonino & Co,unknown,0.2,10,74117.9,1857
East London Bank Limited,clearing_or_joint_stock_bank,0.7,3,73178.1,1866
Gresend & Co,unknown,0.2,1,73000.0,1857
Roger Cunliffe,unknown,0.2,8,72874.9275,1847
Thomas Walker WW,unknown,0.2,83,70114.9625,1847
Anglo Italian Bank Limited,foreign_or_colonial_financial,0.7,2,70000.0,1866
Lyall Bros & Co,unknown,0.2,11,69449.19,1847
Leonino Bros,unknown,0.2,11,69310.095,1847
C Douglas & Son,unknown,0.2,23,69032.59,1847
Robinson & Flemming,unknown,0.2,11,68694.865,1857
Morrison Dillon & Co,unknown,0.2,9,66708.90000000001,1857
Aberdare Iron Co.,industrial_or_commercial,0.6,2,66444.3,1866
Groucock C & Co,unknown,0.2,23,66182.94499999999,1847
Cockerell & Co,unknown,0.2,4,65763.23999999999,1847
D Taylor & Sons,unknown,0.2,22,65761.175,"1847,1857"
Mitchell Yeames & Co,unknown,0.2,5,65324.22,1866
Coventry & Sheppard,unknown,0.2,31,64856.352999999996,1847
Heilbut Symons & Co,unknown,0.2,1,64698.799999999996,1914
Price & Pierce Ltd,unknown,0.2,7,64340.049999999996,1914
D. D. Cama & Co,unknown,0.2,7,64075.0,1866
Banca De Espana,unknown,0.2,3,63926.44999999999,1914
Wallace Brothers,merchant_bank,0.85,6,63814.380000000005,1866
Egyptian Tubale Acct,unknown,0.2,1,63804.509999999995,1857
J. S. Morgan & Co,merchant_bank,0.85,2,63645.0,1866
Jacob Walter & Co,unknown,0.2,7,63587.457500000004,1914
Greenwood & Butler,unknown,0.2,17,63546.3575,1847
James Fowa,unknown,0.2,6,63486.145,1857
Edwards Eastty & Co,unknown,0.2,12,63226.625,"1857,1866"
Mayniae & Co,unknown,0.2,3,62874.00749999999,1847
London Bank Of Australia Ltd,clearing_or_joint_stock_bank,0.4,3,62004.6,1914
Geo Brettle & Co,unknown,0.2,15,61882.7125,1847
Brockelbank & Roth,unknown,0.2,20,61596.3525,1847
William Nash,unknown,0.2,58,61351.7275,1847
Baring & Co,merchant_bank,0.85,1,60000.0,1857
E. B. Meyes,unknown,0.2,1,60000.0,1866
Byass & Son,unknown,0.2,8,59925.44,1866
R J Bagshaw,unknown,0.2,13,59677.575,1847
Streatfeild L & Co,unknown,0.2,40,59562.0275,1847
Baring Brothers & Co,merchant_bank,0.85,1,59000.0,1857
W H Ogden,unknown,0.2,40,58935.87,1847
Chalmers G & Co,unknown,0.2,7,58670.695,1847
E H Brandts Son & Co,unknown,0.2,12,58408.08,1857
M Levin & Adler,unknown,0.2,17,58339.159999999996,1857
Geo Laurence,unknown,0.2,16,58152.085,1847
David Lloyd,unknown,0.2,39,58025.045,"1847,1857"
English Joint & Stock Bank Limited,clearing_or_joint_stock_bank,0.7,3,58000.0,1866
White & Greenwell,unknown,0.2,26,57656.0875,1847
L Phillips & Sons,unknown,0.2,40,57569.71,1847
Borneo Co Ltd,unknown,0.2,7,57205.2,1914
Bradbury G & Co,unknown,0.2,9,56988.8,1847
H D & J Blyth & Green,unknown,0.2,8,56940.365,1847
Spence B & Co,unknown,0.2,15,56897.4825,1847
J Gaury & Co,unknown,0.2,18,56067.5625,"1847,1857"
Beith Stevenson & Co,unknown,0.2,7,55956.125,1914
Zarifi Brothers & Co,unknown,0.2,5,55602.700000000004,"1857,1866"
Robinson Fleming & Co,unknown,0.2,1,55506.6,1914
Bennison Lermard,unknown,0.2,9,55207.22,1857
London County Bank For The Midland Bank,clearing_or_joint_stock_bank,0.7,1,55000.0,1866
Johnson Cole & Co,unknown,0.2,22,54973.965,1847
Bradbury Greatorex & Co,unknown,0.2,10,54910.125,1857
Gillespies M & Co,unknown,0.2,12,54797.045,1847
W M Andrew & Sons,unknown,0.2,12,54748.619999999995,1866
Smith & Simmonds,unknown,0.2,9,54405.7425,1847
Kelsalls & Co,unknown,0.2,10,54376.28,1847
Bank Of Egypt,foreign_or_colonial_financial,0.7,3,54201.600000000006,1857
Randells & Co,unknown,0.2,24,54182.97,"1847,1857"
Walker Parker & Co,unknown,0.2,9,54058.9375,1847
H. T Morgan & Co,merchant_bank,0.85,1,53894.700000000004,1866
Spartali & Co,unknown,0.2,8,53709.23,"1857,1866"
Bevington & Morris,unknown,0.2,40,53693.415,"1847,1857,1866"
R Smith & Co,unknown,0.2,6,53406.9,1857
John Mollett,unknown,0.2,9,53394.985,1847
R B Byass,unknown,0.2,76,52471.6225,1847
Mildred Goyeneche & Co,unknown,0.2,4,52289.4,1866
Price & Co For The Bedford,unknown,0.2,1,52116.3,1866
Pinto Perez & Co,unknown,0.2,24,52044.799999999996,"1847,1857"
N Cohen,unknown,0.2,5,52029.9,1857
Hoare Buxton & Co,unknown,0.2,4,52019.33,1857
W Cater,unknown,0.2,44,51942.745,1847
Alston Bevan & Co,unknown,0.2,26,51791.63,1847
Bank Of British West Africa Ltd,foreign_or_colonial_financial,0.7,5,51756.0,1914
Spalding & Hodge,unknown,0.2,28,51697.5625,"1847,1866"
Thomas Tapling & Co,unknown,0.2,29,51033.125,1857
Mildred Goyenchi & Co,unknown,0.2,2,50968.45,1914
C. Bailey,unknown,0.2,3,50802.36,1866
"Iwing, Ebsworth & Holmes",unknown,0.2,5,50642.92,1866
Trumpler & R,unknown,0.2,23,50370.2325,1847
Fenn Kemm & Co,unknown,0.2,40,50223.7725,1847
Smith Payne & Smiths,merchant_bank,0.85,1,50000.0,1857
Mullens Marshall & Co,unknown,0.2,1,50000.0,1857
Vyse Sons & Co,unknown,0.2,19,49826.54,1866
Caldecott P & Co,unknown,0.2,15,49639.2525,1847
H & D Sharpe,unknown,0.2,73,49561.34,"1847,1857"
Cole Nichols & Co,unknown,0.2,15,49249.835,"1847,1857"
Nestle Andreas & Co,unknown,0.2,30,49232.83,1847
J Shears & Sons,unknown,0.2,23,49223.5025,1847
Weston + Laurie,unknown,0.2,6,49070.2,1857
Somes Mullens & Co,unknown,0.2,18,48865.36,"1857,1866"
Sapte & Co,unknown,0.2,4,48860.2,1847
A. L. Elder,unknown,0.2,3,48583.67,1866
S .Japhet Co,unknown,0.2,2,48500.0,1914
G Soanes,unknown,0.2,9,48198.6075,1847
J G Behrends,unknown,0.2,16,48181.295,1847
Streckeisen Bischoff & Co,unknown,0.2,13,47850.83,1866
Henry Clarke & Co,unknown,0.2,22,47600.21,1866
A Nichol & Son,unknown,0.2,42,47578.085,1847
Bateman & Co,unknown,0.2,2,47501.02,1866
T Kinnersley & Sons,unknown,0.2,4,47500.0,1847
I F Pawson & Co,unknown,0.2,8,47409.84,1857
Fore Street Warehouse & Co Limited,unknown,0.2,2,47334.43,1866
E Price & Co,unknown,0.2,16,47253.759999999995,1847
Rob B Byass,unknown,0.2,16,47123.94,1857
English & Swedish Bank Limited,clearing_or_joint_stock_bank,0.7,3,47062.28,1866
Leaf Coles Smith & Co,unknown,0.2,10,46947.424,1847
John Hubbard & Co,unknown,0.2,6,46897.119999999995,1866
Schuezler & Co,unknown,0.2,34,46743.525,1847
Henchell D & Co,unknown,0.2,16,46728.3375,1847
Richard Hooper & Sons,unknown,0.2,14,46712.13,1866
R. B. Byass,unknown,0.2,15,46562.84,1866
Reade & Grove,unknown,0.2,21,46483.6775,1847
G Hitchcock & Co,unknown,0.2,19,46419.755,"1847,1857"
De Lannoy & Nash,unknown,0.2,26,46397.465,1847
H. S. Lefevre & Co,unknown,0.2,4,46328.4,1866
William Deacon & Co For The Northampton Union Bank,clearing_or_joint_stock_bank,0.7,1,46322.1,1866
R Cunliffes & Co,unknown,0.2,3,46262.8,1857
H A S & H Pigeon,unknown,0.2,8,46262.4125,1847
Stone & Kemp,unknown,0.2,14,46153.02,1847
E Busch & Co,unknown,0.2,16,46094.612499999996,1847
B T Laveo & Co,unknown,0.2,1,45834.39,1857
Woverhamption & Staffordshire Banking Corporation By ?,unknown,0.2,1,45756.0,1857
John Horstman,unknown,0.2,4,45733.32,1847
F Harrison & Co,unknown,0.2,33,45652.3725,"1847,1857"
C Buschek,unknown,0.2,26,45601.869999999995,1847
P Hava & Co,unknown,0.2,12,45477.840000000004,"1847,1857"
Palmer Mackillop Dent & Co,unknown,0.2,1,45000.0,1857
Geo Soanes & Co,unknown,0.2,10,44889.125,1857
E Wigan & Co,unknown,0.2,5,44877.335,1847
Edward Meyer,unknown,0.2,10,44845.0,1847
Broadwood & Barclay,clearing_or_joint_stock_bank,0.7,7,44659.86,1857
Cj Hamlin & Sons,unknown,0.2,2,44622.0,1857
Swewells & Neck,unknown,0.2,6,44537.6,1857
Churchill & Son,unknown,0.2,6,44410.39,1847
Jno Schneider & Co,unknown,0.2,5,44278.86,1847
J. & C. Boyd & Co,unknown,0.2,7,44251.295,1857
G.F. Neame Co,unknown,0.2,3,44054.350000000006,1914
"Ellis, Howell & Co",unknown,0.2,6,43867.409999999996,1866
Hoge & Williamson,unknown,0.2,3,43469.4,1857
W Jameson & Son,unknown,0.2,25,43263.44,"1847,1857"
J R Jaffray & Co,unknown,0.2,21,42738.0,1857
A Macdonald & Co,unknown,0.2,15,42553.810000000005,1847
Nathaniel Cohen,unknown,0.2,5,42495.7,"1857,1866"
Williams Overbury & Co,unknown,0.2,10,42335.700000000004,1866
Mccalmont Bros & Co,unknown,0.2,2,42273.0,1866
Thomas & Chapman,unknown,0.2,9,42194.4,1847
Thurburn & Co,unknown,0.2,9,42183.85,1847
Gillespie Churchill & Co,unknown,0.2,8,42089.56,1866
W Mallaliew & Co,unknown,0.2,24,42015.11,1866
Fowler Neph & Co,unknown,0.2,3,41514.92,1847
T.M. Mackay & Co,unknown,0.2,12,41439.04,1866
T. R. Merton,unknown,0.2,3,41302.2,1914
Josh Dowson & Co,unknown,0.2,15,41205.12,1847
Welch Margetson & Co,unknown,0.2,18,41195.8675,"1847,1857"
Stealfeild Lancence,unknown,0.2,4,41141.955,1857
James Lang,unknown,0.2,14,41067.1,1857
London & Venezuela Bank Limited,clearing_or_joint_stock_bank,0.7,6,41010.96,1866
H. W. Elder & Son,unknown,0.2,9,40914.799999999996,1866
European Bank Limited,clearing_or_joint_stock_bank,0.7,4,40655.8,1866
Moses Brothers,unknown,0.2,13,40285.24,"1857,1866"
W Klein,unknown,0.2,15,40035.54,"1857,1866"
Dwindale & Ho,unknown,0.2,1,40000.0,1866
H Sillem Son & Co,unknown,0.2,4,39723.585,1847
Scheibler & Coenen,unknown,0.2,16,39671.22,1866
James Steains & Co,unknown,0.2,13,39511.450000000004,1866
J Ruth & Co,unknown,0.2,1,38597.579999999994,1847
Dimsdale & Co,unknown,0.2,1,38475.9,1857
Alison Cumberlege & Co,unknown,0.2,7,38329.424999999996,1847
Adams & Co,unknown,0.2,13,38309.95,1847
Sam & Phillips & Co,unknown,0.2,9,38166.009999999995,1847
Lemon Hart & Son,unknown,0.2,9,38159.685,"1847,1866"
Montoya S & Co,unknown,0.2,5,38155.42,1847
Sadler Harrison & Co,unknown,0.2,20,37798.925,1847
Henry Kendall & Sons,unknown,0.2,8,37603.01,1866
Merchant Bank & Co Limited,clearing_or_joint_stock_bank,0.4,2,37537.119999999995,1866
Rossetto Carati & Co,unknown,0.2,13,37475.895,1847
English Scottish & Australian Bank Limited,clearing_or_joint_stock_bank,0.7,2,37000.0,1866
Dennistoun Cross & Co,unknown,0.2,2,36836.8,1857
L. Hart & Son,unknown,0.2,7,36609.19,1866
Weber & Co,unknown,0.2,8,36009.11,1847
James & Brown,unknown,0.2,1,35987.9,1914
Ricketts Boutcher & Co,unknown,0.2,4,35981.81,1857
"Copestake Moore, Crampton & Co",unknown,0.2,7,35890.479999999996,1857
Pinto Leite & Nephews,unknown,0.2,4,35807.399999999994,1914
Langton & Bicknell,unknown,0.2,10,35790.755,1847
Frullen Baubury & Co,unknown,0.2,1,35686.8,1866
Wilson & Lancaster,unknown,0.2,10,35645.6625,1847
G. J. Smith For The Shropshire Banking Coy,unknown,0.2,2,35602.7,1866
David Sasson & Co Ld,unknown,0.2,1,35195.6,1914
Lewellin Truman & Co,unknown,0.2,10,35112.457500000004,1847
Egyptian Commercial Trading Coy,unknown,0.2,3,35028.9,1866
H. Bath & Son,unknown,0.2,9,34991.1,1866
Mangles & Co,unknown,0.2,15,34764.87,"1847,1857"
Aviesim & Co,unknown,0.2,9,34595.909999999996,1866
Natl Bk Of Belgium,unknown,0.2,3,34546.85,1914
Cox Heisch & Co,unknown,0.2,6,34516.3725,"1847,1857,1866"
Ebbw Vale & Co,unknown,0.2,2,34500.0,1857
John Fair & Co,unknown,0.2,5,34466.18,1866
Joseph Anderson & Son,unknown,0.2,12,34443.93,1866
John Rapp & Co,unknown,0.2,4,34399.55,1857
Laing & Bruxner,unknown,0.2,14,34389.3525,1847
The Oriental Br Corps,unknown,0.2,1,34380.0,1857
I.K. Gilliat & Co,unknown,0.2,1,34348.54,1866
Stiebel Bros,unknown,0.2,8,34348.18,1847
Arbuthnot Latham Co,unknown,0.2,3,34247.5,1914
Miller & Potter,unknown,0.2,40,34239.35,"1847,1857"
C Trueman & Co,unknown,0.2,11,34054.305,1847
Kleinwort & Cohen,merchant_bank,0.85,3,33930.9,1857
F. De Lizardi & Co,unknown,0.2,4,33830.36,1866
Conway Phelps & Hayward,unknown,0.2,18,33700.755,"1857,1866"
Foster Porter & Co,unknown,0.2,4,33454.565,1857
White Son & Co,unknown,0.2,18,33450.69,"1857,1866"
D.Sasson Co Ltd,unknown,0.2,1,33251.9,1914
Edward Robinson,unknown,0.2,11,33034.39,1847
Manning & A,unknown,0.2,4,32765.795,1847
Delhi & London Bank Ltd,clearing_or_joint_stock_bank,0.7,1,32758.059999999998,1914
Copestake Moore & Co,unknown,0.2,4,32732.08,1866
John Gladstone,unknown,0.2,22,32684.415,1847
Sims Williams & Co,unknown,0.2,8,32628.0775,1847
Puget & Co,unknown,0.2,5,32369.715,1847
John Boy & Co,unknown,0.2,17,32305.6675,1857
Abel Bros,unknown,0.2,25,32172.789999999997,1847
"Prince, Ogg & Co",unknown,0.2,4,31987.0,1866
Steains Rowley & Co,unknown,0.2,24,31848.5975,1847
Chamberlain & Son,unknown,0.2,17,31718.9975,1847
Hy Rogers Sons & Co,unknown,0.2,6,31711.949999999997,1914
I.H.H. Holm,unknown,0.2,6,31678.82,1866
"Tamvaco, Micrulachi & Co",unknown,0.2,6,31521.13,1866
Tjas + Robinson W Ebbie Rale Co,unknown,0.2,1,31500.0,1857
Morgan Gellibrand & Co,merchant_bank,0.85,7,31480.06,1866
W & I Hall & Co,unknown,0.2,7,31329.079999999998,1866
Rob Knapton,unknown,0.2,41,31124.64,1847
A Sellean Son & Co,unknown,0.2,2,31077.03,1857
Weston & Co,unknown,0.2,5,31000.0,1866
Rodocanachi S & Co,unknown,0.2,7,30937.739999999998,1847
"Crocker, Sons & Turner",unknown,0.2,7,30891.949999999997,1866
Ralli & Mavrojani,unknown,0.2,7,30870.640000000003,"1857,1866"
P. J. Morgan & Co,merchant_bank,0.85,1,30825.0,1866
Kerr & Scott,unknown,0.2,16,30785.16,"1847,1857"
B C J Gray & Son,unknown,0.2,19,30648.769999999997,1847
J R Jaffray,unknown,0.2,22,30518.845,1847
Norris & Chaplin,unknown,0.2,8,30396.72,1866
E Sheldon & Co,unknown,0.2,18,30269.83,1857
Cruikshank M & Co,unknown,0.2,13,30207.445,1847
Leys Masson & Co,unknown,0.2,29,30201.425,1847
Charles Walton,unknown,0.2,33,30108.88,1847
B Elkin & Sons,unknown,0.2,33,30064.37,"1847,1857"
English Scottish & Australian Bank Ltd,clearing_or_joint_stock_bank,0.7,1,30060.85,1914
Keith Sands & Co,unknown,0.2,1,30000.0,1857
Foster & Porter & Co,unknown,0.2,10,29995.160000000003,1847
J. Mosenthal & Co,unknown,0.2,8,29828.6,1866
J Kingston & Co,unknown,0.2,8,29769.105,1847
Cj Howell & Son,unknown,0.2,2,29766.554999999997,1857
W J & H Beale,unknown,0.2,8,29656.69,1847
H Cox & Co,unknown,0.2,8,29488.07,1857
Peck Bros & Co,unknown,0.2,15,29435.885,1847
P Dickson & Co,unknown,0.2,9,29366.57,1847
Blyth & Greene,unknown,0.2,7,29314.84,1847
A & G Da Costa & Co,unknown,0.2,25,29287.015,1847
Bevingtons & Sons,unknown,0.2,15,29285.01,"1847,1866"
Natl Bk Of Australasia,unknown,0.2,2,29144.1,1914
The European Bank,clearing_or_joint_stock_bank,0.4,1,29100.600000000002,1866
C & J Webb & Co,unknown,0.2,12,28970.489999999998,1847
Gust Roos & Co,unknown,0.2,14,28939.5,1866
Churchill & Sim,unknown,0.2,2,28811.25,"1857,1914"
The East London Bank Limited,clearing_or_joint_stock_bank,0.7,1,28809.9,1866
The Bombay Co Ltd,unknown,0.2,14,28800.859375,1914
Beo Befand Del Rio Co,unknown,0.2,1,28644.399999999998,1914
Alexander Cullen & Co,unknown,0.2,21,28596.21,1847
"Rose, Graham & Wilson",unknown,0.2,5,28586.6,1866
Thomas Gabriel & Son,unknown,0.2,13,28571.114999999998,1847
L Goddard,unknown,0.2,18,28536.155,1847
S Fafhet & Co,unknown,0.2,1,28500.0,1914
John Pirie,unknown,0.2,9,28466.517499999998,1847
I. K. Gilliat & Co,unknown,0.2,2,28417.14,1866
Thomson,unknown,0.2,2,28301.549999999996,1847
H Hoffmann,unknown,0.2,12,28198.7,1857
Leonon Hart & Son,unknown,0.2,3,28165.48,1857
Donaldson Lambert & Co,unknown,0.2,4,28140.0,1866
Stubbs & Church,unknown,0.2,20,28138.9325,1847
Booker Sons & Co,unknown,0.2,34,28089.995,1847
J W Browne & Co,unknown,0.2,31,28088.895,1847
Cocherell Larpeut & Co,unknown,0.2,1,27999.510000000002,1847
The Bank Of Egypt,foreign_or_colonial_financial,0.7,1,27816.0,1866
Cassavetti C & Co,unknown,0.2,11,27809.379999999997,1847
Coventry Sheppard & Co,unknown,0.2,15,27783.05,"1857,1866"
Hanson Bros & Co,unknown,0.2,4,27768.75,1847
R S Cox & Co,unknown,0.2,18,27659.59,1847
J & T Hepburn & Sons,unknown,0.2,10,27638.1,1866
Bank Of Scotland,foreign_or_colonial_financial,0.7,9,27549.999999999996,1914
E B Brown,unknown,0.2,37,27546.767499999998,1847
Norton Megaw & Co Ltd,unknown,0.2,4,27476.348749999997,1914
Standard Bank Of Africa Limited,foreign_or_colonial_financial,0.7,4,27407.379999999997,1866
P & C Van Notten & Co,unknown,0.2,8,27388.0,1866
D & T J Warren,unknown,0.2,35,27145.375,"1847,1866"
T. A. Hawkey,unknown,0.2,2,27000.0,1866
J R Thomason & Co,unknown,0.2,1,27000.0,1857
London & Liverpool Bank Of Commerce Ltd,clearing_or_joint_stock_bank,0.4,2,26964.059999999998,1914
Moses Bros,unknown,0.2,18,26898.0925,1847
William Thorne,unknown,0.2,18,26866.605,1847
New Zealand Bank,clearing_or_joint_stock_bank,0.4,2,26860.0,1866
F&A Delcomyn,unknown,0.2,2,26681.7,1914
Thomas Phehan & Co,unknown,0.2,1,26663.0,1857
F & E Godsell,unknown,0.2,10,26653.79,"1847,1857,1866"
W I & H Thompson,unknown,0.2,3,26580.0,1866
Abbott Nottingham & Co,unknown,0.2,32,26493.8275,1847
Bank Of Australia,clearing_or_joint_stock_bank,0.4,1,26456.55,1914
A. Mongredien & Co,unknown,0.2,5,26446.96,1866
Clay Janson & Co,unknown,0.2,26,26393.3725,1847
Bank Of Madras,foreign_or_colonial_financial,0.7,15,26365.0,1866
R Johnson & Neph,unknown,0.2,33,26299.364999999998,1847
Rainey Bruce & Co,unknown,0.2,31,26194.67,"1847,1857"
L J Enthoven & Co,unknown,0.2,4,26066.405,1847
Bicken & Co,unknown,0.2,1,25987.780000000002,1857
Price Coker & Co,unknown,0.2,10,25920.64,1857
H Waithman & Co,unknown,0.2,10,25916.46,"1847,1857"
Imp Merchant Credit Australia,unknown,0.2,2,25800.0,1866
Graham Tobias & Co,unknown,0.2,6,25755.940000000002,1857
D Drakeford & Co,unknown,0.2,15,25732.057500000003,"1847,1857"
T. M. Comas & Co,unknown,0.2,9,25731.98,1866
John Harbottle,unknown,0.2,8,25708.545,"1857,1866"
Samuel Stone,unknown,0.2,6,25479.050000000003,"1847,1857"
J Reay Jnr & H Reay,unknown,0.2,36,25473.7,1847
Naylor Benyon Co Ld,unknown,0.2,3,25469.65,1914
George Marshall,unknown,0.2,28,25336.4575,1847
"Bagallay, Westall & Spence",unknown,0.2,8,25287.58,1866
L Hart & Son,unknown,0.2,14,25235.49,"1847,1857"
J Hart & Co,unknown,0.2,25,25151.03,"1847,1857"
H D Greverus,unknown,0.2,5,25148.42,1847
"Gilmour, Rankin, Strang & Co.",unknown,0.2,15,25061.95,1866
Joint Stock Discount Co Limited,discount_house,0.9,1,25000.0,1866
W Mitcalfe,unknown,0.2,11,24888.2875,1847
John Brown,unknown,0.2,32,24887.18,1847
Arluthrot Ewart & Co,unknown,0.2,15,24811.0925,1914
Sheatfield L & Co,unknown,0.2,19,24753.9875,1847
W Abbott & Son,unknown,0.2,28,24703.36,1847
P H van Natteu & Co,unknown,0.2,2,24689.1,1847
T. Lowndes & Co,unknown,0.2,8,24549.72,1866
J & A Crocker,unknown,0.2,5,24515.985,1857
F J Van Zeller,unknown,0.2,21,24438.78,1847
Atfu Heseundes & Co,unknown,0.2,1,24414.074999999997,1857
Aubertin Bros,unknown,0.2,30,24407.864999999998,1847
Josh Robinson + Ebbie Vale Co,unknown,0.2,1,24300.0,1857
Ritchie Bros,unknown,0.2,13,24289.6475,1847
Edward Higgin & Co,unknown,0.2,6,24208.2,1866
C Lester & Co,unknown,0.2,14,24074.82,1847
B. Jubini & Co,unknown,0.2,5,23873.86,1866
H Bateman,unknown,0.2,6,23848.36,"1847,1857"
L H Haslewood,unknown,0.2,6,23823.725,1847
Bank Of Ireland,foreign_or_colonial_financial,0.7,1,23750.0,1914
"John Jones, Lloyd",unknown,0.2,12,23699.81,1847
Siordet Meyer & Co,unknown,0.2,5,23694.66,1857
C Sutherland & Co,unknown,0.2,6,23410.5,1857
A. Ralli & Co,unknown,0.2,1,23396.4,1866
L Cohen,unknown,0.2,1,23384.7,1857
Crowsley Bailey,unknown,0.2,2,23299.2,1866
J Bischoff & Sons,unknown,0.2,21,23288.3675,"1847,1857"
Edinburgh & Glasgow B,unknown,0.2,1,23208.975000000002,1847
Read Dodgson & Co,unknown,0.2,15,23192.945,1847
Phillips King & Co,unknown,0.2,13,23178.14,"1847,1857"
Jno Anderson & Sons,unknown,0.2,5,23176.9,1847
Puzey & Pallett,unknown,0.2,12,23087.895,1847
Hoston Megaw Co Ltd,unknown,0.2,6,23022.30625,1914
Gray & MacFarlan,unknown,0.2,24,23005.0,1847
James Bult Son & Co,unknown,0.2,1,22803.6,1857
J W Cater Collett & Co,unknown,0.2,8,22760.965,1847
Rohinson Fleming & Co,unknown,0.2,1,22656.55,1914
Byas & Thomas,unknown,0.2,3,22631.67,1847
"Kess, Scott & Co",unknown,0.2,7,22517.6,1866
H Goez,unknown,0.2,16,22380.895,1847
H Bull,unknown,0.2,8,22370.7175,1847
A Lillen Son & Co,unknown,0.2,1,22361.4,1857
G. Credit & Finance Coy Limited,unknown,0.2,1,22286.7,1866
John Currie & Co,unknown,0.2,3,22240.65,1857
T. W. Smith & Co,unknown,0.2,11,22222.11,1857
H & R Fowler,unknown,0.2,4,22209.2,1866
Richardson & Co,unknown,0.2,19,22138.4325,1847
Chris Kreeft,unknown,0.2,22,22003.51,1847
J H Rudall,unknown,0.2,28,21985.0275,1847
George Brettle & Co,unknown,0.2,10,21481.265,"1857,1866"
J D Thomson,unknown,0.2,8,21446.365,1847
W Jackson & Co,unknown,0.2,4,21350.760000000002,1866
W Pemberton & Co,unknown,0.2,13,21269.165,1847
R Nunes,unknown,0.2,46,21195.145,1847
H Pollacks Erben,unknown,0.2,7,21122.262499999997,1847
Redfern Alexander & Co,unknown,0.2,2,21100.9,1866
Bardgett & Picard,unknown,0.2,7,20954.515,1857
J.R Belltman,unknown,0.2,2,20936.1,1914
John Pickersgill & Son,unknown,0.2,4,20673.0,1857
W. & T. Devas & Co,unknown,0.2,12,20600.815,1857
Trimmer & Grainger,unknown,0.2,11,20571.614999999998,1866
Davey & Pegg,unknown,0.2,25,20539.5475,1847
J. Kynaston & Sons,unknown,0.2,5,20538.949999999997,1866
Rob Von Glehn,unknown,0.2,21,20445.774999999998,1847
H F Wallaston,unknown,0.2,11,20422.695,1847
David Morgan,merchant_bank,0.85,13,20414.55,1847
Chaffey & Son,unknown,0.2,32,20208.629,"1847,1857,1866"
Same Hawkey & Co,unknown,0.2,1,20113.18,1866
Coulon & Co,unknown,0.2,9,20085.605,1857
Caldecott & Sons W,unknown,0.2,3,20072.75,1857
Alexander Bell,unknown,0.2,4,20000.14,1847
"Randall, Wigan & Co",unknown,0.2,1,20000.0,1866
Roger Cunliffe Son Co,unknown,0.2,1,20000.0,1857
Stephenson Clarke,unknown,0.2,17,19939.035,"1857,1866"
N Garrett & Sons,unknown,0.2,6,19799.42,1866
Edwards Chuck,unknown,0.2,5,19661.600000000002,1847
Gilbert Kerr & Co,unknown,0.2,11,19634.18,1866
C David & Co,unknown,0.2,3,19557.0,1857
R Rea & Co,unknown,0.2,21,19510.09,"1847,1857"
S.Barrow & Bro Ltd,unknown,0.2,3,19449.47,1914
Jones & Brown,unknown,0.2,2,19419.9,1914
J L Lensome & Co,unknown,0.2,1,19390.84,1857
J & W Nicholson & Co,unknown,0.2,3,19355.05,1847
Gauge & Co,unknown,0.2,1,19287.45,1857
Cook Son & Co,unknown,0.2,3,19279.559999999998,1866
"Heilbut, Symons & Co",unknown,0.2,4,19241.66,1866
Hindley Co,unknown,0.2,5,19230.829999999998,1914
J & J Vickers & Co,unknown,0.2,19,19195.77,"1847,1866"
Dominion Bank,clearing_or_joint_stock_bank,0.4,1,19192.85,1914
S.Faphel & Co,unknown,0.2,1,19000.0,1914
Joseph Leese,unknown,0.2,1,19000.0,1866
Cocker Biddulph & Co,unknown,0.2,1,19000.0,1866
Arthur & Co Ltd,unknown,0.2,5,18969.738749999997,1914
J C Cummins,unknown,0.2,7,18888.695,1847
B Salomons & Sons,unknown,0.2,9,18764.0325,"1847,1857"
Eyles Evans & Co,unknown,0.2,8,18747.08,1857
Caraun Co,unknown,0.2,1,18699.2,1847
H Casement & Son,unknown,0.2,12,18692.925,1847
Church Son & Stubbs,unknown,0.2,17,18535.685,1857
Charles & Fox,unknown,0.2,39,18504.1,"1847,1857,1866"
C Tottie & Sons,unknown,0.2,7,18483.7,1857
Lewells + Nick,unknown,0.2,2,18469.0,1857
Arch & Hastic,unknown,0.2,1,18455.96,1847
W Anderson Sew & Co,unknown,0.2,16,18455.345,1847
Sturt & Sharp,unknown,0.2,4,18408.120000000003,"1847,1857,1866"
Hatsman & Co,unknown,0.2,1,18326.45,1914
Bailey & Co To Afe Of Bailey,unknown,0.2,1,18325.12,1866
John Williams & Sons,unknown,0.2,14,18313.3725,1857
Darent & Co,unknown,0.2,1,18309.600000000002,1857
John Armitage & Co,unknown,0.2,4,18300.0,1866
W Sewell & Co,unknown,0.2,28,18271.035,1847
Jno Shield & Co,unknown,0.2,2,18204.04,1847
Rehder & Baldemann,unknown,0.2,6,18197.91,1857
Shaw & Caffary,unknown,0.2,8,18127.42,1847
"Gellatly, Hankey & Sewell",unknown,0.2,6,18031.12,1866
Spicer Brothers,unknown,0.2,5,17966.07,1857
H Buchler & Co,unknown,0.2,29,17755.385,1847
Baltazzi Sons & Co,unknown,0.2,5,17748.9,1857
John Gladstone & Co,unknown,0.2,7,17700.535,1857
"Pinto Perez, Ashley & Co",unknown,0.2,2,17670.0,1866
Morgan Yellibrand & Co,merchant_bank,0.85,4,17665.75,1914
R & H Green,unknown,0.2,3,17613.9,1866
Marshall Page & Co,unknown,0.2,10,17596.075,"1857,1866"
B. C. T. Gray & Son,unknown,0.2,5,17564.4,1857
Samuel Courtaula & Co,unknown,0.2,5,17535.5,1866
Thompson & Pattinson,unknown,0.2,5,17515.34,1866
L Engstrom L & Co,unknown,0.2,5,17421.16,1847
Todhunter & Sancton,unknown,0.2,12,17415.5975,1847
R&J Henderson,unknown,0.2,6,17357.45,1914
W Anderson Hunt & Co,unknown,0.2,9,17352.0,1857
Harvey & Hudsons,unknown,0.2,1,17343.0,1866
Luckie Bros & Co,unknown,0.2,15,17332.36,1847
T Huth Co,merchant_bank,0.85,1,17247.12,1847
Spence Baggallay & Co,unknown,0.2,5,17235.6,1857
Young Harrison & Co,unknown,0.2,5,17164.6175,1847
Jroing Ellsworth & Adams,unknown,0.2,2,17148.6,1857
Ricard Freiwald,unknown,0.2,1,17094.3,1914
Chas Fauntleroy,unknown,0.2,22,17089.4625,1847
The International Bank,clearing_or_joint_stock_bank,0.4,2,17055.0,1866
Thomson Hankey & Co,unknown,0.2,6,16929.605,1847
Colchesters & Woolner,unknown,0.2,5,16927.94,"1857,1866"
J Lunham & Co,unknown,0.2,7,16898.905,1847
Taccivace Lucklacke,unknown,0.2,2,16838.01,1857
H D J Hugh & Co,unknown,0.2,2,16785.0,1847
J C Im Thuru & Co,unknown,0.2,2,16755.3,1857
"L. Goddard, Finch & Co",unknown,0.2,13,16738.39,1866
"Foster, Porter & Co",unknown,0.2,3,16621.440000000002,1866
A Robertson,unknown,0.2,1,16608.0,1847
C Hancock C S,unknown,0.2,12,16600.0975,1847
Daniel Hawkins,unknown,0.2,4,16580.0,1857
John Pirie & Co,unknown,0.2,5,16579.980000000003,"1857,1866"
J Davies & Son,unknown,0.2,21,16573.945,"1847,1857"
J Harrison & Co,unknown,0.2,10,16512.019999999997,1847
C Walton & Sons,unknown,0.2,10,16461.98,1857
Semme & Co J L,unknown,0.2,1,16378.949999999999,1847
Brockelbank & Rolt,unknown,0.2,8,16345.02,1857
Bowes Co Ltd,unknown,0.2,1,16293.310000000001,1914
Turck Barclay & Co,clearing_or_joint_stock_bank,0.7,10,16278.015,1857
R. W. Kennard & Co,unknown,0.2,5,16264.669999999998,1866
John Locke & Co,unknown,0.2,10,16243.5,1847
Joseph Richard,unknown,0.2,2,16241.8,1866
Alex & Roberston,unknown,0.2,2,16223.76,1847
Ashton & Co,unknown,0.2,3,16185.0,1857
Warre Bros,unknown,0.2,13,16183.6625,1847
Jeff Pelly,unknown,0.2,6,16148.0,1847
"Pye, Field & Co",unknown,0.2,5,16146.64,1866
J Gore & Co,unknown,0.2,8,16135.81,1847
N Fisher & Sons,unknown,0.2,6,16024.14,1866
Joseph Traves & Sons,unknown,0.2,3,15883.76,1866
W. Rattray & Co,unknown,0.2,11,15877.42,1866
B W Laroche,unknown,0.2,7,15864.8,1847
R A Husey,unknown,0.2,15,15863.965,1847
Lawes & Co R,unknown,0.2,2,15808.2,1847
T R & W Browning & Co,unknown,0.2,7,15788.994999999999,1847
A Pelly & Co,unknown,0.2,6,15759.0,1857
F. Gade & Son,unknown,0.2,8,15751.04,1866
T & D Henry,unknown,0.2,15,15724.275,1847
John Young & Co,unknown,0.2,3,15644.099999999999,1857
N E Bieber,unknown,0.2,10,15609.074999999999,1847
A & J Hill,unknown,0.2,7,15566.1525,1847
Clawfow Coloui & Co,unknown,0.2,2,15550.185000000001,1857
Sargant Gordon & Co,unknown,0.2,20,15509.285,1847
H & C Kent,unknown,0.2,5,15494.185,"1857,1866"
J Dowson & Co,unknown,0.2,3,15454.665,1857
Rob & Carter & Co,unknown,0.2,7,15391.052500000002,1847
J. R. Jaffray & Co,unknown,0.2,6,15300.0,1866
Gould Davis & M,unknown,0.2,5,15183.955,1847
Lackerstein J & Co,unknown,0.2,11,15143.49,1847
Jas Campbell B S,unknown,0.2,5,15100.805,1847
Vivanti Annett & Co,unknown,0.2,12,15058.34,1866
James Watt & Co,unknown,0.2,7,15026.6,"1857,1866"
Robert Badger,unknown,0.2,1,15000.0,1857
Dickson Bros & Co,unknown,0.2,7,14995.025,1847
X. Balli,unknown,0.2,1,14961.6,1866
Hyde & Hodge & Co,unknown,0.2,11,14903.1525,1847
Rowlandson & A,unknown,0.2,29,14877.092499999999,1847
Cotesworth & Powell,unknown,0.2,1,14800.0,1866
C Stainbank & Son,unknown,0.2,10,14775.5425,1847
W. Spotten & Co,unknown,0.2,10,14756.18,1866
J Walker W W,unknown,0.2,15,14747.901399999999,1847
James Still & Sons,unknown,0.2,1,14653.66,1866
George Smeed,unknown,0.2,6,14646.285,1866
Straham & Co,unknown,0.2,1,14597.91,1847
Vagliano Brothers,unknown,0.2,4,14574.999999999998,1866
T. Courtauld & Co,unknown,0.2,1,14527.720000000001,1866
Commonwealth Bk Of Australia,unknown,0.2,1,14382.05,1914
Norman Thorne,unknown,0.2,2,14373.5,1847
John Crossley & Sons Limited,unknown,0.2,2,14355.75,1866
F Le Breton,unknown,0.2,1,14292.0,1857
W. Vaughan & Co,unknown,0.2,8,14278.9,1866
Andrew Jackson & Co,unknown,0.2,36,14270.625,"1847,1866"
J Deacon & Sons,unknown,0.2,11,14233.945,1847
Reed Georery Co,unknown,0.2,1,14213.744999999999,1847
Denham Smart & Co,unknown,0.2,15,14199.7675,1847
Harryman & White,unknown,0.2,4,14193.18,1857
E. C. M Da Costa,unknown,0.2,4,14185.9,1866
T & W Smith,unknown,0.2,9,14123.88,1866
Sieveking Droop & Co,unknown,0.2,4,14112.48,1866
Horstman Co,unknown,0.2,2,14109.4,1914
Rayner & Co,unknown,0.2,7,14037.47,1866
Thomas Russell & Co,unknown,0.2,8,13988.34,1847
Robert Christie & Co,unknown,0.2,6,13986.380000000001,1866
Melhuish Sons & Co,unknown,0.2,1,13972.960000000001,1857
T Prehn & Co,unknown,0.2,1,13949.999999999998,1857
Edward Liddell Manager Of The Sheffield Union Banking Company,unknown,0.2,1,13904.800000000001,1857
I B W Nevill & Co,unknown,0.2,7,13898.029999999999,1857
Bowes Game & Moren,unknown,0.2,4,13891.48,1866
G Matveieff,unknown,0.2,12,13855.414999999999,1847
Nestle Andreae & Co,unknown,0.2,4,13840.2,1866
John Ranking & Co,unknown,0.2,2,13837.5,1857
M Gray & Co,unknown,0.2,1,13800.92,1847
Alison C & Co,unknown,0.2,4,13742.439999999999,1847
Fraser Neilson,unknown,0.2,4,13733.25,1847
Jas Deacon & Sons,unknown,0.2,13,13729.965,1847
The Egyptian Tribute,unknown,0.2,1,13663.839999999998,1866
Hinkpatrick & Belguy,unknown,0.2,2,13604.2,1866
"Bennoch, Twentyman & Rigg",unknown,0.2,4,13591.43,1857
J. H. Rudall & Son,unknown,0.2,5,13551.720000000001,1866
Bhimsey Sewjee & Co,unknown,0.2,4,13545.82,1866
Dienis B & Co,unknown,0.2,1,13440.734999999999,1847
Jt Docoson & Co,unknown,0.2,1,13356.63,1857
Bennock & T,unknown,0.2,6,13351.7525,1847
Browning & Son,unknown,0.2,17,13316.9725,1847
F. Bennoch & Co,unknown,0.2,8,13279.609999999999,1866
Feo Foss & Co,unknown,0.2,3,13230.0,1857
H & E Downs,unknown,0.2,8,13195.8675,1847
Stuart & Sharpe,unknown,0.2,4,13189.97,1847
Draper Pietroni & Co,unknown,0.2,4,13138.0,1857
Richard Thornton,unknown,0.2,15,13111.265,1847
Barker & Co,unknown,0.2,9,13106.82,1847
Geo Johnson & Co,unknown,0.2,25,13104.619999999999,1847
William Leask,unknown,0.2,7,13096.435,1857
Swindell Matthews & Sendall,unknown,0.2,6,13036.56,1866
Richard Little Co,unknown,0.2,1,12986.88,1847
S S Curtis,unknown,0.2,19,12932.8475,1847
J. Gaury & Co,unknown,0.2,4,12817.859999999999,1866
Sanderman F & Co,unknown,0.2,4,12808.35,1847
L Bunn & Co,unknown,0.2,7,12765.605,1857
Pye Field & T,unknown,0.2,6,12745.904999999999,1847
Morgan M & Co,merchant_bank,0.85,15,12743.42,1847
A Hastie,unknown,0.2,1,12690.0,1847
D Coutauld & Co,unknown,0.2,1,12686.24,1847
J Stuart & Son,unknown,0.2,11,12645.77,1847
James Matthews & Co,unknown,0.2,7,12559.71,1866
Jos. Bridgette & Co,unknown,0.2,3,12553.965,1857
James Wiseman,unknown,0.2,6,12552.895,1866
H + E Muggeridge,unknown,0.2,2,12504.24,1857
Price'S Patent Candle Company Limited,unknown,0.2,2,12489.93,1857
Davidson & Peter,unknown,0.2,14,12416.2525,1847
Houghton Burnett & Co,unknown,0.2,9,12408.55,1847
P R Poland & Son,unknown,0.2,5,12397.164999999999,1847
Edward Erolty & Co,unknown,0.2,2,12374.27,1857
Lascaridi & Co,unknown,0.2,6,12359.400000000001,1857
Peter Dickson & Co,unknown,0.2,4,12345.239999999998,1847
Gaschen,unknown,0.2,1,12338.4,1847
Chesnutt Cooper Co,unknown,0.2,4,12332.494999999999,1914
John Feltham & Co,unknown,0.2,5,12205.48,1857
James Spicer & Sons,unknown,0.2,3,12199.08,1866
Charles Hemery,unknown,0.2,5,12107.8,1866
Rhymney Iron & Co,industrial_or_commercial,0.6,2,12067.9,1866
Frith Wallace & Co,merchant_bank,0.85,4,12020.509999999998,1847
Cuadra Romero,unknown,0.2,2,12015.720000000001,1857
J F Fixsen & Co,unknown,0.2,11,11993.38,"1847,1857"
G Brette & Co,unknown,0.2,3,11908.2425,1847
Matthew Bros & B,unknown,0.2,10,11901.815,1847
R Farrand,unknown,0.2,4,11886.137499999999,1847
Melpuish G & Co,unknown,0.2,1,11871.09,1847
James Barber & Co,unknown,0.2,5,11831.7,"1857,1866"
John Anderson & Sons,unknown,0.2,2,11817.6,1857
Morgan Brothers,merchant_bank,0.85,4,11800.345000000001,"1857,1866"
Ebbie Vale Co & Robbinson,unknown,0.2,1,11799.9,1857
Hardcastle & Co.,unknown,0.2,7,11791.01,1866
Ollier & Co,unknown,0.2,5,11782.18,1866
Ovingtons & Co,unknown,0.2,8,11759.715,1847
James Duncan & Co,unknown,0.2,3,11755.82,1866
Raphael & Son,merchant_bank,0.85,1,11729.32,1847
Sellicoe & Wix,unknown,0.2,7,11726.895,1847
Evans Bros,unknown,0.2,20,11718.3775,1847
C J Alambro & Son,unknown,0.2,1,11711.599999999999,1847
Afillem Son Co,unknown,0.2,1,11704.88,1847
Vaughan & Sheldon,unknown,0.2,7,11694.6975,1847
Thomas McGregor,unknown,0.2,10,11665.82,1847
George Lawrence,unknown,0.2,2,11654.1,1857
H H Lindsay,unknown,0.2,9,11629.175000000001,"1847,1857"
Foster & Porter,unknown,0.2,2,11599.15,1866
Crekerell & Co,unknown,0.2,1,11595.699999999999,1847
Fras Ede & Son,unknown,0.2,7,11586.35,1847
Hop Planters Joint Stock Company,unknown,0.2,2,11579.86,1866
Carneille David & Co,unknown,0.2,2,11557.8,1857
Crowe Christian & Co,unknown,0.2,4,11478.4,1857
T P Lloyd & Co,unknown,0.2,7,11477.845,1847
T Shephens & Co,unknown,0.2,10,11462.23,1847
Higgins Eagle & Hutchinson,unknown,0.2,7,11417.45,1866
Howse & Mead,unknown,0.2,9,11409.36,1857
George Cross & Co,unknown,0.2,12,11374.3,1866
M C Calmont Bros & Co,unknown,0.2,1,11362.949999999999,1847
Harrison & Hardcastle,unknown,0.2,5,11336.880000000001,1847
Phillips & Burton,unknown,0.2,7,11323.745,1847
Bailey Pegg & Co,unknown,0.2,6,11321.145,"1847,1857"
W E Franks & Son,unknown,0.2,11,11307.115,1857
D Satow & Co,unknown,0.2,8,11296.845,1847
Rawson Sons & Co,unknown,0.2,3,11287.2,1857
Lloyd & Attree,unknown,0.2,15,11244.220000000001,1866
"Thomas, B L",unknown,0.2,1,11171.9,1847
Frederick Harrison & Co,unknown,0.2,8,11162.5525,1847
H.S.Lefevre,unknown,0.2,1,11156.8,1914
Geo Bretsle & Co,unknown,0.2,2,11142.404999999999,1857
John Tellham & Co,unknown,0.2,4,11139.145,1857
James Coster & Co,unknown,0.2,3,11132.36,1857
London Bank Of Australia,clearing_or_joint_stock_bank,0.4,1,11131.15,1914
Rowson Norton & Co,unknown,0.2,2,11118.76,1847
Paris & Tower,unknown,0.2,2,11106.865000000002,1847
M Salmon B & Co,unknown,0.2,1,11090.119999999999,1847
J F Burrell,unknown,0.2,12,11083.619999999999,1847
A S Petrie & Co,unknown,0.2,4,11011.880000000001,1847
British Honduras Coy Limited,unknown,0.2,2,11000.0,1866
W H Cox & Co,unknown,0.2,2,10938.6,1857
Jas Hill & Sons,unknown,0.2,1,10916.125,1847
J M Waters,unknown,0.2,12,10852.279999999999,1847
D. E. Power,unknown,0.2,10,10848.45,1866
Abet Brothers,unknown,0.2,9,10802.14,1857
J R Thomas & Co,unknown,0.2,1,10800.0,1857
L J Enthovson & Co,unknown,0.2,2,10768.25,1847
A G Da Costa,unknown,0.2,10,10678.6,1857
Allnutts & Arbain,unknown,0.2,11,10650.22,1847
D T Morgan,merchant_bank,0.85,7,10618.02,1857
Siondet Mayer & Co,unknown,0.2,2,10525.119999999999,1857
Jimder Co,unknown,0.2,2,10524.099999999999,1847
Richard Walford & Co,unknown,0.2,3,10480.13,1866
Spicer Bros,unknown,0.2,4,10447.74,1847
Cockin & Seamer,unknown,0.2,10,10443.8275,1847
Truhling & Goschen,merchant_bank,0.85,1,10412.949999999999,1914
Fras Chambers,unknown,0.2,12,10403.28,1847
W N De Mattos,unknown,0.2,7,10400.205,1857
Brown Davis & Co,unknown,0.2,3,10364.619999999999,1866
Gilliat & Co,unknown,0.2,1,10363.48,1847
W B Hutton & Sons,unknown,0.2,6,10357.935,1847
George Goss & Co,unknown,0.2,3,10327.32,1857
Jno Feltham & Co,unknown,0.2,11,10304.64,1847
Clement Dresser,unknown,0.2,8,10290.75,"1857,1866"
John Schwartz,unknown,0.2,15,10232.66,1866
Pollacks Erben,unknown,0.2,2,10195.65,1847
Crewett & Co,unknown,0.2,1,10120.35,1847
Springfield Son & Co,unknown,0.2,2,10093.454999999998,1847
P & C van Notten & Co,unknown,0.2,1,10071.81,1847
E Bernoulli,unknown,0.2,7,10070.84,1847
Boysin Hoyer Tagart,unknown,0.2,1,10000.0,1857
T. D. Henry,unknown,0.2,2,9985.0,1866
Richard Walford,unknown,0.2,9,9983.4525,1847
Richard Hallett & Sons,unknown,0.2,5,9982.045,1847
M L Bensusan & Co,unknown,0.2,12,9960.894999999999,1847
W Venning & Co,unknown,0.2,7,9960.0,1847
Benoliel Brothers,unknown,0.2,4,9955.800000000001,1857
C & W Brunshill,unknown,0.2,7,9947.9525,1847
E. Lloyd & Co,unknown,0.2,5,9915.64,1866
"H. Rogess, Sons & Co",unknown,0.2,1,9914.18,1866
J C Abrams,unknown,0.2,22,9913.97,1847
J Bulk Son & Co,unknown,0.2,1,9900.0,1857
J. Young Ehlers & Co,unknown,0.2,1,9900.0,1866
H. Butler & Son,unknown,0.2,5,9900.0,1866
Gorton & Son,unknown,0.2,7,9891.4,"1857,1866"
Gilmour Rankin Strong & Co,unknown,0.2,3,9890.42,1857
Fishers & Robinson,unknown,0.2,2,9882.18,1857
Cafsovette Co,unknown,0.2,2,9861.84,1847
W C Braddon,unknown,0.2,5,9859.32,1847
Oastler & Palmer,unknown,0.2,2,9853.08,1866
Allen,unknown,0.2,1,9844.619999999999,1847
Fisher King & Co,unknown,0.2,1,9837.25,1914
Laforest & Co,unknown,0.2,12,9796.78,1847
J G Tyrie,unknown,0.2,4,9766.58,1847
James Pin & Co,unknown,0.2,2,9758.7,1866
Christopher Sutherland,unknown,0.2,6,9751.915,1847
J scheider & Co,unknown,0.2,1,9746.859999999999,1847
John Torrance,unknown,0.2,2,9725.0,1866
Shern Bros,unknown,0.2,1,9696.644999999999,1847
Gowen Neph Co,unknown,0.2,1,9691.92,1847
A Joachim,unknown,0.2,3,9689.06,1857
Jas Renshaw & Co,unknown,0.2,7,9684.5325,1847
"Catesworth, P Co",unknown,0.2,1,9681.988800000001,1847
W Bell & Co,unknown,0.2,3,9681.349999999999,1847
Junnes Coster Co,unknown,0.2,1,9609.375,1847
E Lohrab,unknown,0.2,1,9600.0,1847
Puget Bainbridges & Co,unknown,0.2,2,9523.38,"1857,1866"
T H Elinenhurst,unknown,0.2,3,9520.755,1847
C J Mare & Co,unknown,0.2,5,9507.175,1847
Momson D L,unknown,0.2,1,9450.6,1847
W + A Riand & Co,unknown,0.2,1,9450.0,1857
Rrid Jimmy Co,unknown,0.2,1,9434.88,1847
R Eghntin Co,unknown,0.2,1,9403.1,1847
Provincial Bank & Corp Limited,clearing_or_joint_stock_bank,0.4,2,9373.5,1866
The Jone St Marehouse Co Limited,unknown,0.2,1,9305.84,1866
Fenn Kemm & Fenn,unknown,0.2,8,9267.26,1857
GB Nettle & Co,unknown,0.2,1,9251.365,1847
R J Anderson,unknown,0.2,1,9227.35,1847
Pinto Leite & Brothers,unknown,0.2,1,9224.1,1857
R Johnson & Co,unknown,0.2,12,9211.335000000001,"1857,1866"
Hinton Brothers & Co,unknown,0.2,9,9201.145,1857
Geo: Hitchcock W: H & Co,unknown,0.2,2,9200.7,1866
Todd Bros,unknown,0.2,13,9196.279999999999,1847
A. Grant Son & Co,unknown,0.2,2,9144.9,1866
G & I. A. Noble,unknown,0.2,4,9041.25,1866
J Hartley & Co,unknown,0.2,7,9028.755000000001,1857
H Moryssi Bro,unknown,0.2,6,9004.5025,1847
Miles Brother & Co,unknown,0.2,1,9000.0,1866
Crowns Agents For Colonies,unknown,0.2,1,9000.0,1866
F Calvert,unknown,0.2,1,9000.0,1857
Greenwood & Co,unknown,0.2,9,8991.92,"1857,1866"
Alexiadi Delta & Co,unknown,0.2,1,8984.720000000001,1857
H Hewetson,unknown,0.2,6,8981.225,1847
"Sanderson Frys, Rigge & Co",bill_broker,0.85,3,8969.9,1866
J Maurenbrecker Co,unknown,0.2,4,8957.59,1847
Ja Bull Sons Co,unknown,0.2,1,8956.71,1857
H & E Muggeridge,unknown,0.2,10,8932.02,1847
Sambourne & Bell,unknown,0.2,12,8931.105,1847
Fincham Matson Potts & Co,unknown,0.2,3,8899.779999999999,1857
J Collinson,unknown,0.2,9,8872.11,1857
Northumberland & Durham Coal Co,unknown,0.2,8,8870.55,1857
I & E Corderoy & Co,unknown,0.2,2,8836.2,1866
Sims Willyams Nevill & Co,unknown,0.2,1,8807.4,1857
G. Hitchcock Williams & Co,unknown,0.2,2,8791.2,1866
Elder Stevens & Co,unknown,0.2,6,8775.779999999999,1866
Walford Tainen & Co,unknown,0.2,3,8773.335,1857
J Butt Son & Co,unknown,0.2,1,8753.535,1857
I. W. Cater Sons & Co,unknown,0.2,1,8750.46,1866
Reed Groery Co,unknown,0.2,1,8750.449999999999,1847
M J Soares,unknown,0.2,7,8732.48,1847
Barclay & Friend,clearing_or_joint_stock_bank,0.7,8,8721.17,1847
P Mordon & Co,unknown,0.2,5,8704.21,1866
Hugh Jones & Co,unknown,0.2,11,8699.4,1866
H+J Johnston & Co,unknown,0.2,1,8677.44,1847
Welch Margeston & Co,unknown,0.2,2,8675.2,1866
Clydesdale Bank Ltd,clearing_or_joint_stock_bank,0.7,2,8669.699999999999,1914
Spalding & Hodges,unknown,0.2,8,8668.4475,1857
W. E. Franks & Son,unknown,0.2,8,8667.44,1866
Elligan & Co,unknown,0.2,1,8648.64,1847
Lester & Buskin,unknown,0.2,6,8648.275,1857
Henry Powell & Sons,unknown,0.2,2,8641.365,1857
Samuel Gibson,unknown,0.2,5,8614.75,1866
David Taylor & Sons,unknown,0.2,4,8614.24,1866
C Fauntleroy,unknown,0.2,25,8611.555,1857
T & N Kind,unknown,0.2,1,8602.5,1847
J & H Taylor,unknown,0.2,2,8593.98,1847
Jas Duke,unknown,0.2,4,8567.32,1847
C. Candy & Co,unknown,0.2,2,8487.9,1866
John Young Ehlers & Co,unknown,0.2,1,8460.0,1866
Aug: Wehmer,unknown,0.2,11,8428.5,1866
Robert Bentley & Sons,unknown,0.2,2,8404.68,"1857,1866"
A Alexander & Co,unknown,0.2,1,8392.32,1847
Price'S Patent Candle Co Limited,unknown,0.2,3,8352.98,1866
Charleton & Watson,unknown,0.2,5,8348.52,1847
Esdaile & Co,unknown,0.2,8,8331.64,1866
Bedwell Yates & Co,unknown,0.2,8,8317.51,1847
Elvian & Co,unknown,0.2,1,8275.6725,1847
Wilson Swale & Co,unknown,0.2,6,8265.0,1866
Unity Mutual Bank,clearing_or_joint_stock_bank,0.4,1,8253.7,1857
Josh Dodson,unknown,0.2,9,8230.345000000001,1847
D Dodree & Son,unknown,0.2,1,8230.005,1847
D W Wetton & Co,unknown,0.2,6,8225.375,1847
H Rogers Sons & Co,unknown,0.2,1,8175.6,1857
J & I Batten & Co,unknown,0.2,3,8166.72125,1914
Keith Shoobridge & Co,unknown,0.2,11,8103.969999999999,1847
Lanthe Buhnell,unknown,0.2,1,8064.900000000001,1866
J Stephens & Co,unknown,0.2,6,8058.17,1847
"B Smith, Duke",unknown,0.2,5,8046.175,1847
Hood & Ward,unknown,0.2,9,8022.575,1857
Peek Brothers & Co,unknown,0.2,4,8010.000000000001,1866
Dudgeon & Co,unknown,0.2,3,8007.0,"1847,1857"
Pims Willyarm & Co,unknown,0.2,1,8001.28,1847
James Norris,unknown,0.2,6,7992.5175,1857
J Lackerstein & Sons,unknown,0.2,6,7987.55,1847
W.Ladenburg & Co,unknown,0.2,2,7896.4,1914
Bischoff & Sons,unknown,0.2,3,7891.004999999999,1847
Skeen & Leary,unknown,0.2,3,7879.755,1847
A. S. Petrie & Co,unknown,0.2,2,7877.300000000001,"1857,1866"
W Kendle,unknown,0.2,15,7874.139999999999,"1847,1857"
Edwards Matthie,unknown,0.2,3,7871.945,1857
W. Muggeridge & Co,unknown,0.2,3,7850.66,1866
Chs Coles & Son,unknown,0.2,3,7840.179999999999,1847
C & B Hooper,unknown,0.2,16,7829.015,1847
Colchester & Neph,unknown,0.2,16,7824.8825,1847
H Lohnotamm,unknown,0.2,1,7821.349999999999,1914
T.O. Stock & Co,unknown,0.2,3,7800.0,1866
Thos Walker,unknown,0.2,6,7750.8,1857
Taster Oortens & Co,unknown,0.2,1,7731.044999999999,1857
Sheyer Bros,unknown,0.2,1,7708.299999999999,1914
"Jacomb, Hogg & Co",unknown,0.2,2,7701.360000000001,1866
Jos Stuart & Son,unknown,0.2,5,7694.9800000000005,1847
H. Clarkson & Co,unknown,0.2,8,7667.459999999999,1866
Z Harris & Sons,unknown,0.2,7,7657.475,1847
C Tottie & Son,unknown,0.2,3,7657.28,1847
W & H Brand & Co,unknown,0.2,5,7638.16,1857
F Castelli,unknown,0.2,8,7628.78,1857
Apactali & Co,unknown,0.2,1,7628.16,1847
W Mc Andrew & Sons,unknown,0.2,2,7619.66,1857
I. Ciw Thaw & Co,unknown,0.2,1,7612.2,1857
A D J Blynt & Co,unknown,0.2,1,7600.0,1847
Barry & Hayward,unknown,0.2,13,7593.2625,1847
W McAndrew Sons,unknown,0.2,4,7588.5575,1847
J & T Hepburn,unknown,0.2,9,7556.3150000000005,1847
Moese Bros,unknown,0.2,4,7530.525,1847
C Henry,unknown,0.2,9,7528.14,1857
C Leary & Co,unknown,0.2,2,7450.2,1857
Thompson & Forman,unknown,0.2,1,7441.349999999999,1847
Poutus Kleman,unknown,0.2,2,7440.0,1866
H Butler & Son,unknown,0.2,1,7428.839999999999,1857
Frangopulo Agelasto Co,unknown,0.2,1,7426.0,1866
Horne & Watney,unknown,0.2,3,7420.855,1857
Josh Jackson S & Co,unknown,0.2,8,7416.0125,1847
Rio & Co,unknown,0.2,1,7391.0,1847
J. G. Homere,unknown,0.2,1,7380.900000000001,1866
J R & N Browning & Co,unknown,0.2,4,7368.535,1847
Unity Joint,unknown,0.2,1,7367.360000000001,1857
M J de Lizardi,unknown,0.2,3,7364.94,1847
Thomas Lowndes & Co,unknown,0.2,5,7360.21,1857
Joseph Jackson,unknown,0.2,4,7350.0,"1847,1857"
Cash + Ledgard,unknown,0.2,4,7349.5025000000005,1857
Simon & Carey,unknown,0.2,3,7330.5,1857
Bernard Elliot,unknown,0.2,1,7330.2,1914
Judah Hard & Co,unknown,0.2,2,7284.45,1866
J Carter & Co,unknown,0.2,2,7272.09,1857
W Leschallas,unknown,0.2,7,7256.9025,1847
Coutts & Co,unknown,0.2,1,7247.549999999999,1914
Bery Lawrence,unknown,0.2,5,7230.959999999999,1847
Baker & Co,unknown,0.2,1,7225.2,1857
Da Costa & Kiell,unknown,0.2,2,7200.0,1866
Rutherford Drury & Co,unknown,0.2,9,7185.75,1866
Novelli & Co,unknown,0.2,3,7181.639999999999,1866
Wilson Leward & Swale,unknown,0.2,2,7180.0,1857
Laurie Hamilton & Co,unknown,0.2,5,7167.805,1847
Puito Perry & Co,unknown,0.2,6,7155.0,1857
Phirias Abraham,unknown,0.2,3,7141.5,1857
Fras Rebello,unknown,0.2,7,7126.82,1847
R Evans & Co,unknown,0.2,4,7074.33,1857
Fledstones & Co,unknown,0.2,1,7060.094999999999,1847
Truman Hitchcock & Co,unknown,0.2,1,7045.299999999999,1866
Thomas Stephen & Co,unknown,0.2,1,7021.8,1866
T Ralli Sons & Co,unknown,0.2,1,7015.5,1857
T. & D. Henry,unknown,0.2,2,7009.33,1857
Jas Bischoff & Sons,unknown,0.2,5,6970.5225,1847
Jno Mair,unknown,0.2,5,6961.463400000001,1847
"Wilson, Rose, Graham & Co",unknown,0.2,6,6958.89,1857
F Ede Son & Noyes,unknown,0.2,7,6952.32,1866
Sevidet Mayer & Co,unknown,0.2,3,6937.424999999999,1857
Page & Welch,unknown,0.2,2,6909.94,1866
Callmann & Son,unknown,0.2,2,6902.419999999999,1847
J. Hubbard & Co,unknown,0.2,1,6900.0,1866
Thomas Kettlewell,unknown,0.2,5,6885.5599999999995,1847
Sam & Sadler & Co,unknown,0.2,4,6856.23,1847
H Woodfull,unknown,0.2,36,6845.54,1847
Priget & Co,unknown,0.2,1,6843.84,1847
Rob Brooks,unknown,0.2,3,6829.94,1847
Rowley & Davies,unknown,0.2,3,6817.84,1866
Thomas Urwick Son & D,unknown,0.2,7,6809.764999999999,1847
Jellicoe & Wix,unknown,0.2,4,6790.7699999999995,"1847,1857"
G Houghton & Sons,unknown,0.2,16,6784.1849999999995,1847
Tamvaco M & M,unknown,0.2,2,6778.02,1847
I T W Noakes,unknown,0.2,2,6773.84,1857
Ross & Ash,unknown,0.2,2,6750.0,1866
Gabain & Co,unknown,0.2,4,6748.1,1847
Palmer & Co,unknown,0.2,6,6738.37,1857
Richards L & Co,unknown,0.2,1,6735.5,1847
James Shears & Sons,unknown,0.2,5,6734.42,1857
Bence B & Co,unknown,0.2,1,6734.16,1847
Wilson & Bellenger,unknown,0.2,4,6729.38,1866
Unity St Something,unknown,0.2,1,6702.59,1857
J Rult Sons Co,unknown,0.2,1,6672.76,1847
Allen Solly & Co,unknown,0.2,4,6651.42,1866
Henry Joachim,unknown,0.2,4,6644.9,1857
Saml.Barrow & Bro Ld,unknown,0.2,1,6627.2,1914
C C Williams,unknown,0.2,4,6615.0,1857
Randon H Co,unknown,0.2,1,6580.0,1847
Browning Wood & Fox,unknown,0.2,7,6577.52,"1857,1866"
N Milcalfe,unknown,0.2,3,6573.86,1847
W & J Woodley,unknown,0.2,2,6529.005,1847
H P Rouquette & Co,unknown,0.2,3,6517.9,1857
Prier P Candle & Co,unknown,0.2,2,6490.32,1857
E & A Prior,unknown,0.2,9,6475.889999999999,1857
Colonial Land,foreign_or_colonial_financial,0.7,2,6460.0,1847
W. Morhimore,unknown,0.2,8,6445.53,1866
H E + M Moses,unknown,0.2,1,6440.0,1857
Borrowman Phillipps & Co,unknown,0.2,5,6435.96,1866
J Jacobson,unknown,0.2,18,6430.405,1847
"Caldecott, Sons & Willcocks",unknown,0.2,1,6400.8,1866
S Dobree & Sons,unknown,0.2,1,6388.8,1847
Jas Stuart & Sons,unknown,0.2,4,6387.235000000001,1847
Swayne & Bovill,unknown,0.2,7,6359.955,1847
J & W J Courtenay,unknown,0.2,4,6350.74,1857
Clode & Baker,unknown,0.2,2,6336.38,1866
I. & B. Pearse & Co,unknown,0.2,3,6290.0,1857
Edward & Megan Co,unknown,0.2,1,6288.675,1847
Stera Bros,unknown,0.2,1,6258.6,1857
D Harris & Sons,unknown,0.2,6,6240.2575,1847
Hartman & Mallet,unknown,0.2,3,6218.32,1866
Samuel Sadler,unknown,0.2,4,6211.56,"1857,1866"
Thomas Stephens & Co,unknown,0.2,2,6210.4,1866
Wn De Hacelles,unknown,0.2,2,6151.8150000000005,1857
Richard Evans & Co,unknown,0.2,4,6149.84,1866
Nelson & Lancaster,unknown,0.2,2,6142.514999999999,1847
Poppleton Gibs & Co,unknown,0.2,2,6122.18,1914
Henderson & Constable,unknown,0.2,4,6066.825,1857
"Dae La Rue Thomas, & Co",unknown,0.2,3,6051.755,1857
Luckensteen Son & Co,unknown,0.2,1,6045.0,1847
Young Harrison & Bevan,unknown,0.2,3,6039.365,"1857,1866"
Famraes M Co,unknown,0.2,1,6033.839999999999,1847
Josh Holl & Co,unknown,0.2,13,6031.335,1847
Matthew Parker & Co,unknown,0.2,1,6028.7,1847
Inglis & Wakefield,unknown,0.2,2,6023.54,1866
Mortoy S Co,unknown,0.2,1,6017.099999999999,1847
John Dickensgill & Son,unknown,0.2,1,6003.92,1857
Lydle Bros Co,unknown,0.2,1,6000.83,1847
Gladstone Ewart & Co,unknown,0.2,3,5985.9,1866
J Wreford & Co,unknown,0.2,3,5984.2325,1847
Tw Bradley & Co,unknown,0.2,5,5983.73,1857
Smith & Lister,unknown,0.2,2,5980.700000000001,1866
Rob Chuter,unknown,0.2,5,5977.085,1847
"Mac Intyre, Buchanan & Co",unknown,0.2,5,5942.36,1866
Laurence Phillips & Sons,unknown,0.2,3,5916.115,1847
Lom Bunudti Soms & Co,unknown,0.2,1,5906.429999999999,1866
De Jersey & Co,unknown,0.2,1,5905.2,1914
Pomsford Southall & Co,unknown,0.2,3,5886.959999999999,1866
Grissell Brothers & Co,unknown,0.2,4,5885.0,1857
J Littlewood & Co,unknown,0.2,8,5881.96,1847
J. H. Rudall,unknown,0.2,4,5875.715,1857
Morley Nephew & Co,unknown,0.2,1,5852.21,1857
Craster Humble & Son,unknown,0.2,3,5836.4175,1847
J T Harris,unknown,0.2,1,5819.0,1847
C Joyce,unknown,0.2,5,5797.705,1847
W Vaughan & Co,unknown,0.2,2,5791.4400000000005,1857
Clay & Gillman,unknown,0.2,5,5772.93,1847
Fecan Kerrison & Flanne,unknown,0.2,7,5768.005,1857
Tamvaco Michrulachi,unknown,0.2,1,5762.28,1857
Stone & Gunter,unknown,0.2,11,5759.26,1847
Somervell & Co,unknown,0.2,7,5758.27,1866
I. W. Cripps,unknown,0.2,3,5757.94,1866
Clairmonte Brothers,unknown,0.2,5,5751.975,1857
Morlet + Horne,unknown,0.2,3,5746.995,1857
Kingsford & Lay,unknown,0.2,2,5735.29,1847
Robert Campbell,unknown,0.2,1,5700.320000000001,1866
Coventry & Son,unknown,0.2,3,5692.099999999999,1847
Forman & Hadow,unknown,0.2,5,5689.0,1847
T. I. & T. Powell,unknown,0.2,9,5682.9,1914
Castelli Brothers,unknown,0.2,2,5669.1,1866
Jonules & Co,unknown,0.2,1,5622.719999999999,1847
J. Tenny Clarke & Co,unknown,0.2,1,5620.259999999999,1866
H Cayley & Co,unknown,0.2,4,5615.0,1847
W. Halford & Co,unknown,0.2,2,5605.0,1914
W Oswald,unknown,0.2,5,5579.66,1847
Anderson & Cattley,unknown,0.2,3,5567.2275,1847
D A Scanavi,unknown,0.2,2,5476.75,1847
Tamvaco Utell,unknown,0.2,1,5472.900000000001,1857
J C White,unknown,0.2,4,5467.17,1847
Mangles Brothers,unknown,0.2,3,5458.05,1857
Pusch & Co,unknown,0.2,1,5451.285,1847
Carr & Hoare,unknown,0.2,4,5448.6,1866
F H & J J Wawn,unknown,0.2,6,5447.925,1847
Charles Rayne,unknown,0.2,6,5425.7,1866
Dawson Campbell & Co,unknown,0.2,5,5411.18,"1847,1857"
Fincham M & Co,unknown,0.2,4,5379.635,1847
Tanner & Ward,unknown,0.2,9,5377.014999999999,1847
W & J Kynaston,unknown,0.2,5,5366.59,1847
Pritchett & Sons,unknown,0.2,8,5356.52,1866
R Busch & Co,unknown,0.2,1,5333.58,1847
Duke & Hill,unknown,0.2,2,5330.43,1847
J Thomson T Brown & Co,unknown,0.2,1,5323.89,1847
Phillips Faithfull & Co,unknown,0.2,5,5320.13,1857
Bheonutt Booper & Co,unknown,0.2,3,5320.0,1914
N Anderson Son & Co,unknown,0.2,6,5308.535,1847
A. Salomons,unknown,0.2,3,5245.5,1866
Wm Oliver & Sons Ltd,unknown,0.2,2,5238.29,1914
Thomas Moore B L,unknown,0.2,3,5224.13,1847
Rofsetto C & Co,unknown,0.2,2,5224.12,1847
Smellgrove & Leach,unknown,0.2,2,5202.0,1866
Middleton Answorth & Co,unknown,0.2,2,5199.21,1866
A Jarohai,unknown,0.2,1,5197.5,1857
Buckler Woolbright,unknown,0.2,2,5173.275,1866
L J Entheren & Co,unknown,0.2,1,5145.2,1847
John Constable,unknown,0.2,5,5138.75,1847
Rouyemont Bros,unknown,0.2,3,5135.7,1847
D Lloyd,unknown,0.2,2,5115.285,1857
John Gladding & Son,unknown,0.2,18,5099.35,1866
Sillem & Co,unknown,0.2,1,5085.76,1866
C Armstrong,unknown,0.2,3,5045.025,1847
J Maurenbrecher & Co,unknown,0.2,2,5038.22,1857
Rob & Lowe & Co,unknown,0.2,1,5014.17,1847
H Ballin & Son,unknown,0.2,1,5000.0,1857
Brochellank & Ralt,unknown,0.2,1,4981.094999999999,1847
Josh Stuart & Son,unknown,0.2,6,4981.04,1847
Barber Bros,unknown,0.2,2,4972.6,1847
A Dalrymple,unknown,0.2,4,4970.23,1847
F Engelhardt,unknown,0.2,1,4940.1,1857
Albert Pelly & Co,unknown,0.2,2,4931.33,1847
Northumberland & Durham Coal,unknown,0.2,8,4906.98,1866
Gene Credit & Co Limited,unknown,0.2,1,4881.6,1866
Jon Hopkinson,unknown,0.2,4,4862.37,1847
Sanderson & Murray,bill_broker,0.85,3,4857.5599999999995,1866
"Hanson, Smiths & Stephens",unknown,0.2,3,4856.115,1866
E Bernouilli,unknown,0.2,6,4844.205,1857
John Clifford,unknown,0.2,2,4841.965,1847
J Foot & Son,unknown,0.2,5,4829.285,1857
S. Northcote & Co,unknown,0.2,4,4819.7,1866
C S Fowler,unknown,0.2,5,4799.145,1847
A F Schleicher,unknown,0.2,4,4795.64,"1847,1857"
T H Elmenhorst,unknown,0.2,1,4790.4400000000005,1847
W & A Daniels,unknown,0.2,3,4787.6,1847
Chas Coles Jnr,unknown,0.2,1,4787.37,1847
Ruck Fenwick & Ruck,unknown,0.2,2,4778.41,1857
Geo Gore & Co,unknown,0.2,1,4777.51,1857
Thos Pretu & Co,unknown,0.2,1,4752.0,1857
Ranson Co,unknown,0.2,1,4750.0,1847
Higginson & Co,unknown,0.2,1,4750.0,1914
Lambert Ridley & Co,unknown,0.2,4,4709.935,1847
Barry & Nephews,unknown,0.2,1,4700.0,1866
L. Brusewitz,unknown,0.2,1,4700.0,1866
Stephen Kennard & Co,unknown,0.2,1,4680.0,1866
J P Thol & Co,unknown,0.2,10,4677.535,1847
Britsh Linen Bank,clearing_or_joint_stock_bank,0.4,8,4664.5,1914
A Webber & Co,unknown,0.2,5,4661.8550000000005,1857
John Pickessgill & Sons,unknown,0.2,1,4661.1,1857
Argenti S & Co,unknown,0.2,3,4643.24,1847
A S Lavant & W,unknown,0.2,1,4642.75,1847
Cheswright S & Co,unknown,0.2,2,4637.345,1847
Guillaume Coster,unknown,0.2,1,4620.6,1866
Janner & Ward,unknown,0.2,2,4614.224999999999,1847
G S Cundell,unknown,0.2,5,4575.0,1847
Lupton Hooton & Co,unknown,0.2,2,4549.3949999999995,"1847,1857"
Warre Brothers,unknown,0.2,4,4545.58,1857
J Jacobson & Co,unknown,0.2,9,4542.54,1857
Allen & Solly,unknown,0.2,4,4535.75,"1847,1857"
"Wilson, Seward & Swale",unknown,0.2,4,4518.0,1857
R Real,unknown,0.2,2,4517.639999999999,1847
Morley & Powell,unknown,0.2,1,4509.179999999999,1866
W Berkefeld,unknown,0.2,1,4500.0,1857
James Cook & Co,unknown,0.2,1,4500.0,1857
Rodocanachi Sons & Co,unknown,0.2,3,4465.0,1914
Cattley & Stephenson,unknown,0.2,2,4435.549999999999,1847
Mac Intyre Buchanan & Co,unknown,0.2,6,4395.38,1857
Puzey Pallett & Co,unknown,0.2,4,4393.1,"1857,1866"
Walford Fairer & Harrison,unknown,0.2,1,4386.8099999999995,1857
Gunning & Duarell,unknown,0.2,3,4382.639999999999,1866
Alexs & Bell,unknown,0.2,1,4381.099999999999,1847
A Lindgren,unknown,0.2,2,4354.5599999999995,1847
Pickernell Bros,unknown,0.2,7,4334.4375,1847
Mme Cherry Co,unknown,0.2,1,4332.825,1857
Bautcher Baltimore,unknown,0.2,1,4331.88,1857
Walker,unknown,0.2,2,4329.37,1847
John Prince B S,unknown,0.2,18,4318.474999999999,1847
Kemp Stone & Co,unknown,0.2,2,4294.3,1866
Hocking Hitchock & Co,unknown,0.2,2,4293.58,1866
D Mattos & De Leon,unknown,0.2,1,4281.65,1847
Wr Crow & Son,unknown,0.2,1,4266.45,1914
Carliles Pittman & Co,unknown,0.2,4,4256.5375,1847
Neville Reid Prestwich & Co,unknown,0.2,2,4247.1,1857
Jno Cape,unknown,0.2,8,4209.0599999999995,1847
B Smith Greenwich,unknown,0.2,5,4197.7725,1847
C Coles Jnr,unknown,0.2,1,4172.4,1847
H Bucknall & Sons Ltd,unknown,0.2,1,4165.75,1914
Bambridge & Mews,unknown,0.2,1,4162.32,1847
Josh Anderson,unknown,0.2,1,4144.5,1857
Richard Johnson & Co,unknown,0.2,7,4131.455,"1847,1866"
Springfield Sons & Co,unknown,0.2,1,4125.6,1857
Fras Nalder & Son,unknown,0.2,3,4120.860000000001,1847
B. Tucker & Co,unknown,0.2,4,4112.5,1866
John Barelli & Co,unknown,0.2,5,4106.6,1866
Truman Hitchcock,unknown,0.2,1,4080.6,1857
Jomdes Co,unknown,0.2,1,4070.6099999999997,1847
T. Husband & Co,unknown,0.2,3,4057.12,1866
George Walker,unknown,0.2,3,4050.0,1866
Pidgeon H A S & H,unknown,0.2,1,4049.955,1847
Hawes Stanbridge & Hedley,unknown,0.2,5,4043.0,1857
Escourt & Stanley,unknown,0.2,4,4033.525,1866
Sevayne & Bowell,unknown,0.2,1,4033.28,1847
Oliver Worthington & Co,unknown,0.2,6,4020.885,1847
Thomas Walker,unknown,0.2,3,4010.8199999999997,1866
Brandram Bros,unknown,0.2,3,4007.89,1847
DeVANS,unknown,0.2,1,4006.9775,1847
John Pickergsill & Son,unknown,0.2,1,4000.64,1847
Balfour Joseph,unknown,0.2,4,3998.9424999999997,1847
Mothay & Co,unknown,0.2,1,3971.95,1847
Hit Dellators,unknown,0.2,1,3964.2749999999996,1857
J Hart & Son,unknown,0.2,1,3940.4799999999996,1847
J+G Boyd & Co,unknown,0.2,1,3937.4649999999997,1847
Walter Howell & Co,unknown,0.2,18,3930.145,1847
John Fore & Co,unknown,0.2,2,3919.59,1857
J & C Ratliff,unknown,0.2,2,3907.965,1847
Havenith & Co,unknown,0.2,1,3870.0,1857
"Bidgood, Jones & Wilson",unknown,0.2,2,3865.58,1866
C. H. Noble,unknown,0.2,4,3846.2200000000003,1866
Cunliffe Bros,unknown,0.2,1,3841.7999999999997,1914
Jw Silmer & Co,unknown,0.2,1,3821.58,1857
Luckie Brothers & Co,unknown,0.2,8,3811.9224999999997,"1857,1866"
Henckell Du Buisson & Co,unknown,0.2,1,3807.0,1866
"Dunbar, Dicksons & Co",unknown,0.2,2,3806.26,1866
Lroving Ebsworth & Co,unknown,0.2,1,3794.0800000000004,1857
Howe & Sons,unknown,0.2,4,3790.0049999999997,1847
E. Higgin & Co,unknown,0.2,2,3780.0,1866
C H Olivier,unknown,0.2,5,3743.96,1857
S W Silver & Co,unknown,0.2,1,3716.1,1857
H Davies,unknown,0.2,4,3703.95,1857
O. Roberts & Son,unknown,0.2,1,3689.5,1866
S Block & Son,unknown,0.2,1,3680.0,1847
Rehdi & Baldermann,unknown,0.2,1,3670.8,1857
Gould Dowre & M,unknown,0.2,1,3670.7,1847
Lengerke Caesar,unknown,0.2,1,3645.9,1857
J H Randall,unknown,0.2,3,3632.38,1857
J Main Sons & Co,unknown,0.2,2,3622.59,1857
T. De La Rue & Co,unknown,0.2,3,3610.05,1866
Wienholt Wehmer & Co,unknown,0.2,1,3591.0,1857
Culverwell Brooks Co,unknown,0.2,1,3589.0,1914
J Usbounr J M,unknown,0.2,1,3583.855,1847
Samuel Magnus,unknown,0.2,6,3565.47,1866
Beverington Norris,unknown,0.2,1,3548.7000000000003,1857
Green Humphry & Co,unknown,0.2,3,3546.83,1866
Snr Gillian & Co,unknown,0.2,1,3536.725,1847
T De La Rue & Co,unknown,0.2,5,3531.59,1847
C Sparks,unknown,0.2,4,3527.2099999999996,1847
T. Hubbuck & Son Ltd,unknown,0.2,2,3522.6,1914
Brown & Laws,unknown,0.2,2,3507.3,1866
John Hugher & Co,unknown,0.2,6,3504.06,1866
Adamson & Ronaldson,unknown,0.2,7,3492.03,1866
G & J Prince,unknown,0.2,3,3485.67,1857
S Swownell & Son,unknown,0.2,5,3442.845,1857
Blogg Vellantini,unknown,0.2,1,3442.53,1857
William Clowes & Sons,unknown,0.2,1,3436.355,1857
Field & Sons,unknown,0.2,2,3428.24,1866
Hall & Nuttall,unknown,0.2,9,3410.02,1866
Thomas Seamer & Son,unknown,0.2,6,3384.15,1866
G C Boy & Co,unknown,0.2,1,3378.155,1847
Boyson & Hoyer,unknown,0.2,2,3367.5525000000002,1847
R Chuter,unknown,0.2,4,3338.02,1847
Josh Prestwich & S,unknown,0.2,9,3333.675,1847
A Cose & Co,unknown,0.2,1,3327.87,1857
Learidge Smith,unknown,0.2,4,3322.9449999999997,1847
J Montefiore & Son,unknown,0.2,3,3316.27,1847
Prior & Son Co,unknown,0.2,1,3311.7,1847
J W Courtman,unknown,0.2,1,3306.0,1847
John Boulcott & Co,unknown,0.2,8,3298.275,1847
Sheen & Leary,unknown,0.2,1,3291.75,1847
Taylor & Whalley,unknown,0.2,1,3290.0,1866
George Routledge & Son,unknown,0.2,7,3265.93,1866
S Willyams & Co,unknown,0.2,1,3262.74,1847
L Goddard Finch & Co,unknown,0.2,6,3247.76,1857
H White & Co,unknown,0.2,1,3246.6299999999997,1866
N. C. Frank & Sons,unknown,0.2,3,3243.81,1866
E. H. Keeling & Son,unknown,0.2,1,3225.14,1866
W. Ewart & Son Ltd,unknown,0.2,1,3224.2999999999997,1914
B Leloa & Son,unknown,0.2,1,3218.6699999999996,1847
Swindell & Bankhead,unknown,0.2,5,3190.65,1857
M Kinsey,unknown,0.2,11,3175.8125,1847
W.H. Cox & Co,unknown,0.2,1,3171.6,1866
L Spartali & L,unknown,0.2,1,3163.5,1847
Willyams & Co,unknown,0.2,1,3162.0,1847
Alex Crowe & Co,unknown,0.2,3,3156.76,1847
Ps Galatti,unknown,0.2,4,3156.3,1857
J. H. Mackenzie,unknown,0.2,1,3150.0,1866
Lister & Biggs,unknown,0.2,9,3147.995,1866
W Smee & Sons,unknown,0.2,3,3144.7650000000003,1857
Joseph Bridgett & Co,unknown,0.2,1,3143.7000000000003,1866
J T Sines & Co,unknown,0.2,1,3129.2599999999998,1847
L Engstrom Neame & Co,unknown,0.2,1,3110.52,1857
L Bisset & Co,unknown,0.2,2,3109.05,1857
Venables Wilson & Co,unknown,0.2,3,3100.5750000000003,1847
E Girdham & Co,unknown,0.2,4,3086.02,1866
W Hinkes Cay & Co,unknown,0.2,1,3085.2000000000003,1866
Stoman & Co,unknown,0.2,1,3085.2000000000003,1866
N Daniels,unknown,0.2,1,3078.5,1847
R + Paul,unknown,0.2,2,3071.7,1857
J. Defries & Sons,unknown,0.2,6,3069.7799999999997,1866
W J Fraser,unknown,0.2,7,3059.625,1847
Mason & Taylor,unknown,0.2,7,3050.1450000000004,1847
Tandel + Phillips,unknown,0.2,1,3047.625,1857
Bedell Prior & Co,unknown,0.2,4,3042.9,1866
G Johnson & Co,unknown,0.2,3,3039.7200000000003,1847
G Costen,unknown,0.2,1,3018.6,1866
Moris Ashby Ltd,unknown,0.2,1,3011.765,1914
Mepen & Co,unknown,0.2,1,3010.77,1847
F. Bowes & Co,unknown,0.2,1,3000.0,1866
Hoine Wahney,unknown,0.2,1,2976.75,1857
Wf Moore,unknown,0.2,4,2958.62,1857
L Harris & Sons,unknown,0.2,1,2956.9049999999997,1847
Jnr Leas & Son,unknown,0.2,2,2947.66,1847
J T Bells & Co,unknown,0.2,2,2941.3199999999997,1847
W Wansey,unknown,0.2,15,2937.7275,1847
W & J Lowndes & Co,unknown,0.2,3,2927.64,1847
J Woaker Callety,unknown,0.2,1,2922.46,1847
W H Cox & Sons,unknown,0.2,1,2914.62,1857
Jnr Miefro Co,unknown,0.2,1,2913.75,1847
Rowley & Co,unknown,0.2,2,2912.49,1847
Wm Norton Yates Lombard St,unknown,0.2,1,2905.1,1914
Joseph Balfour,unknown,0.2,1,2900.0,1866
Front Co,unknown,0.2,1,2896.875,1847
Gallespie M C,unknown,0.2,1,2880.0,1847
Lapton Hootond & Co,unknown,0.2,2,2867.13,1857
L Engstown L & Co,unknown,0.2,1,2862.35,1847
Wm Lymington & Co,unknown,0.2,1,2853.7999999999997,1914
E. & I. Vickers & Co,unknown,0.2,5,2850.73,1857
Jameson M & M,unknown,0.2,1,2850.0,1847
I Isaacs,unknown,0.2,3,2847.2200000000003,1857
Mata,unknown,0.2,1,2835.0,1847
Arthur Lewis,unknown,0.2,2,2835.0,1847
Favell Beddome & Co,unknown,0.2,2,2829.555,1857
W Clowes & Co,unknown,0.2,2,2823.3999999999996,1847
Thomas Prehn,unknown,0.2,1,2820.0,1847
Teede & Bishop,unknown,0.2,6,2817.935,1866
James Anderson & Co,unknown,0.2,4,2815.0,"1857,1866"
John Haurie Nephew,unknown,0.2,3,2813.4,1866
J W Liggins,unknown,0.2,4,2801.8599999999997,1847
H Bull Son & Co,unknown,0.2,5,2796.17,1847
Bennock & Twentyman,unknown,0.2,1,2793.375,1847
Eyre & Spottiswoode,unknown,0.2,4,2768.7,1866
"Porter, Schlusser & Co",unknown,0.2,2,2760.0,1866
"Pye, Field & Tanqueray",unknown,0.2,1,2758.8999999999996,1866
Jnr Dowson & Co,unknown,0.2,1,2748.6975,1847
Stuart & Son Bros,unknown,0.2,1,2727.0899999999997,1847
Hanson Smiths & Stevens,unknown,0.2,1,2725.2000000000003,1857
Thomas Severs,unknown,0.2,3,2723.4425,1847
James Dicke,unknown,0.2,1,2721.6,1847
Yeames Lander & Co,unknown,0.2,1,2718.9,1857
Saplding & Hodge,unknown,0.2,2,2707.665,1847
Tannvaco M & Co,unknown,0.2,1,2704.7000000000003,1847
"Puice, Coken & Co",unknown,0.2,1,2704.3799999999997,1866
E. Tetley & Son,unknown,0.2,8,2700.88,1866
Steve Blas,unknown,0.2,1,2693.25,1857
F. Horne & Co,unknown,0.2,1,2687.4,1866
Rob Muter,unknown,0.2,3,2684.0,1847
Tevan Kamon & Son,unknown,0.2,2,2678.13,1857
It Tixcsen & Co,unknown,0.2,2,2669.625,1857
Prestwich J & Co,unknown,0.2,6,2669.45,1847
Rogers Bros,unknown,0.2,7,2657.1974999999998,1847
W & H Braud & Co,unknown,0.2,1,2650.5,1857
William Andew & Sons,unknown,0.2,1,2646.9,1857
Ew Fernie,unknown,0.2,2,2642.4,1857
Isaac Jacobson,unknown,0.2,7,2632.75,1847
Longton & Ricknell,unknown,0.2,1,2625.35,1847
Ditchburn & Mare,unknown,0.2,3,2622.5999999999995,1847
Cripps & Starkey,unknown,0.2,2,2621.16,1857
J & N Smith,unknown,0.2,2,2611.925,1847
Josh Dawson & Co,unknown,0.2,1,2609.585,1847
J & W Hoolon,unknown,0.2,3,2599.9049999999997,1847
S. W. Silver & Co,unknown,0.2,2,2599.1,1866
R. Johnson & Co,unknown,0.2,5,2588.68,1866
L Walker W W,unknown,0.2,1,2565.0,1847
Edward Corry,unknown,0.2,2,2565.0,1866
John Goie & Co,unknown,0.2,2,2564.56,1857
David Lloyd & Co,unknown,0.2,2,2563.6,1866
Wm Rivet & Sons Ltd,unknown,0.2,1,2558.35,1914
Hicks Baylis & Hicks,unknown,0.2,1,2552.4449999999997,1857
Bidgorddons & Co,unknown,0.2,2,2545.335,1857
W Speir & Co,unknown,0.2,2,2531.42,1847
Standring Brothers,unknown,0.2,3,2530.8,1857
S. H. Lucas & Son,unknown,0.2,1,2527.2000000000003,1866
John Courtenay,unknown,0.2,1,2511.93,1857
Shropshire Bank Coy ( To The Afe Of G. J. Smith ),clearing_or_joint_stock_bank,0.4,1,2495.7000000000003,1866
Walker Howell & Co,unknown,0.2,3,2477.7,1857
P Davey & Sons,unknown,0.2,3,2475.265,1857
W Learmouth & Co,unknown,0.2,3,2462.7,1847
C T Miller & Sons,unknown,0.2,2,2452.2000000000003,1847
Bandier Tobias & Co,unknown,0.2,1,2436.21,1857
Geo Stevenson & Sons,unknown,0.2,1,2425.92,1847
Anderson & Cathay,unknown,0.2,1,2423.4375,1847
John Bowring,unknown,0.2,1,2422.36,1847
Lut & George,unknown,0.2,1,2417.4,1857
Southall & Ponsford,unknown,0.2,2,2417.395,1857
"Judah, Hart & Co",unknown,0.2,2,2414.43,1866
Hore + Gifford,unknown,0.2,3,2388.745,1857
Burr Brother & Co,unknown,0.2,2,2388.54,1866
Koebel Jameson & Co,unknown,0.2,2,2385.0,1866
James Scott & Son,unknown,0.2,1,2381.64,1866
C Humble & Son,unknown,0.2,3,2380.5525,1847
H Williamns & Co,unknown,0.2,1,2375.1,1857
Engstom L Co,unknown,0.2,1,2371.0049999999997,1847
Josh Reid,unknown,0.2,5,2369.82,1847
John Leltham & Co,unknown,0.2,1,2366.7999999999997,1847
Brien & Parker,unknown,0.2,13,2365.6,1857
Caran Bros,unknown,0.2,1,2362.5,1847
N Nicholls & Sons,unknown,0.2,4,2359.8075,1857
W. H. Hindley,unknown,0.2,2,2358.46,1866
J H Noding,unknown,0.2,3,2350.73,1847
T . O. Stock & Co,unknown,0.2,1,2350.0,1866
Henry Caylay Co,unknown,0.2,1,2350.0,1847
Spactati & Co,unknown,0.2,1,2348.4,1847
H.C. Heut,unknown,0.2,1,2345.2999999999997,1866
Ben Smith D. Co,unknown,0.2,1,2343.75,1847
Alex,unknown,0.2,1,2343.6,1847
Henry Dresser & Co,unknown,0.2,1,2340.9,1857
Ashby Morris Ltd,unknown,0.2,1,2335.7599999999998,1914
Thomas Ainsworth,unknown,0.2,1,2334.6,1866
Closley Vepher & Co,unknown,0.2,1,2332.2599999999998,1857
Swonnell Samuel & Son,unknown,0.2,2,2327.37,1866
??Se Sons & Co,unknown,0.2,1,2325.93,1866
Rikiue Bros,unknown,0.2,1,2319.975,1847
Joseph Tetley & Co,unknown,0.2,3,2316.6000000000004,1866
F Giesler & Co,unknown,0.2,2,2312.0,1847
Doggett,unknown,0.2,1,2301.225,1847
F E Blatspiel,unknown,0.2,1,2299.2,1847
Pike Leake & Co,unknown,0.2,1,2296.65,1857
Wm Hooten Yates,unknown,0.2,2,2290.45,1914
Jno Kendall,unknown,0.2,2,2287.125,1847
C Faintling,unknown,0.2,2,2272.5,1857
Thomas Southey & Son,unknown,0.2,1,2256.0,1847
J. B. Elin,unknown,0.2,1,2250.0,1866
A. Wehmes,unknown,0.2,2,2245.0,1866
Janner & Son,unknown,0.2,1,2240.02,1847
Stephen Evans & Co,unknown,0.2,3,2232.4399999999996,1866
Seys Mason & Co,unknown,0.2,2,2229.84,1847
Coles Child & Co,unknown,0.2,3,2224.565,1847
W Cann,unknown,0.2,4,2213.585,1847
J Clark B S,unknown,0.2,6,2209.165,1847
E & G Hibbert,unknown,0.2,8,2204.935,1847
James Mills,industrial_or_commercial,0.6,4,2199.7799999999997,1866
C. Lloyd & Co,unknown,0.2,1,2192.08,1866
W. Mepzstein,unknown,0.2,1,2190.6,1866
Pye Field & Tanqueray,unknown,0.2,1,2186.1,1857
Locke Lanccaster W W R Johnson Sons Ltd,unknown,0.2,2,2184.05,1914
William Burnside,unknown,0.2,1,2177.4300000000003,1857
F Nalker & Co,unknown,0.2,1,2171.7,1847
R W Kein & Co,unknown,0.2,2,2162.9300000000003,1857
Thackrah L & Co,unknown,0.2,2,2160.27,1847
T M Waters,unknown,0.2,3,2152.42,1857
John Reay Sons & Co,unknown,0.2,3,2149.1,1857
Parker Hine & Co,unknown,0.2,3,2146.8599999999997,1857
W.R.Crow & Son,unknown,0.2,1,2146.0499999999997,1914
Tuichaw Leatson P & Co,unknown,0.2,1,2138.535,1857
Joseph Preckorch & Co,unknown,0.2,1,2137.5,1847
H Lancaster & Bull,unknown,0.2,3,2135.475,1857
Burdon & Gray,unknown,0.2,17,2119.265,1847
Paul & Dastis,unknown,0.2,3,2113.1549999999997,1847
M. Z. Just & Co,unknown,0.2,1,2102.4,1866
J+A Crocker,unknown,0.2,1,2100.9225,1847
G. Andreae & Co,unknown,0.2,2,2092.5,1866
Blogg + Martin,unknown,0.2,1,2082.6,1857
Hellertwaag Russel,unknown,0.2,1,2079.5499999999997,1914
Chester & Co,unknown,0.2,1,2078.055,1847
Jersey Banking Coy,unknown,0.2,1,2067.3,1866
Priei Cohen & Co,unknown,0.2,1,2049.3,1857
T Le Princeton,unknown,0.2,1,2048.4,1857
Eastern Amos & Sons,merchant_bank,0.85,1,2046.6000000000001,1866
W Howell & Co,unknown,0.2,6,2041.5800000000002,"1847,1857"
Faster Porter & Co,unknown,0.2,1,2040.4325000000001,1847
L&A Brown,unknown,0.2,1,2019.6999999999998,1914
J D Park,unknown,0.2,1,2019.03,1857
John Riaff Sons & Co,unknown,0.2,3,2017.075,1857
Heitz & Deveze,unknown,0.2,3,2015.58,1866
Castello,unknown,0.2,1,2007.4450000000002,1847
Te Blatsphiel,unknown,0.2,2,2005.29,1857
Bieber & Co.,unknown,0.2,1,2005.02,1866
John Simmonds,unknown,0.2,6,2004.1,1866
J. B. Elvis,unknown,0.2,1,2000.0,1866
Schwann & Co,unknown,0.2,1,1999.4999999999998,1866
F.T. Barry,unknown,0.2,1,1995.62,1866
Kipling Pain & Co,unknown,0.2,2,1980.9,1866
Serutton Sons & Co,unknown,0.2,1,1980.0,1857
Samer Ward,unknown,0.2,1,1973.785,1847
Alex Webber & Co,unknown,0.2,3,1972.08,1866
Brewell Y & Co,unknown,0.2,1,1967.25,1847
Unity St Jk Bank,clearing_or_joint_stock_bank,0.4,1,1966.5,1857
F Tuke,unknown,0.2,6,1959.9125,1847
Cutler & Barker,unknown,0.2,2,1956.45,1866
Jacob Isaac,unknown,0.2,1,1945.8,1866
James Duke,unknown,0.2,1,1941.975,1847
Lyse Sons,unknown,0.2,1,1940.0,1847
W. Hi & Andrew Form,unknown,0.2,1,1937.25,1857
Schrmann Bros,unknown,0.2,1,1936.1,1914
W. H. Laird,unknown,0.2,2,1935.0,1857
Srordet M Co,unknown,0.2,1,1931.58,1847
Tambouru & Bell,unknown,0.2,2,1925.12,1847
Edward Johnson,unknown,0.2,1,1920.0,1847
T Wiggin & Co,unknown,0.2,3,1919.04,1847
Gillies & Horne,unknown,0.2,4,1917.275,1847
Dufay & Isnard,unknown,0.2,2,1915.32,1866
Barnett & Kimpton,unknown,0.2,6,1913.27,1847
S.Bobree & Sons,unknown,0.2,1,1907.6,1914
Nirepen & co,unknown,0.2,1,1904.475,1847
Rob Christie & Co,unknown,0.2,3,1902.1499999999999,1847
Wesainder & Co,unknown,0.2,1,1900.0,1847
Blyth Greene Jourdain Co Ld,unknown,0.2,1,1894.3,1914
Sugstrom Luch Co,unknown,0.2,1,1894.28,1847
Curteis Whitworth & Co,unknown,0.2,1,1892.7,1866
R J Bayshaw,unknown,0.2,1,1890.0,1847
C Jamtterey,unknown,0.2,1,1890.0,1857
W Anderson Haut & Co,unknown,0.2,1,1890.0,1857
J & W J Coutenay,unknown,0.2,2,1886.1799999999998,1847
John Mair Son & Co,unknown,0.2,1,1881.0,1857
Lawton & Bichnell,unknown,0.2,1,1880.0,1847
N. H. Pantridge & Co,unknown,0.2,1,1873.8,1866
T. Hodgekinson & Co,unknown,0.2,3,1872.5,1866
Peter Rackshaw,unknown,0.2,1,1870.0,1847
J. Bennock & Co,unknown,0.2,1,1862.1399999999999,1866
C Fauntheory,unknown,0.2,2,1859.12,1847
J Draeon & Co,unknown,0.2,1,1855.0400000000002,1847
J Lefever,unknown,0.2,7,1854.1599999999999,1847
Bank Of Australasia,foreign_or_colonial_financial,0.7,1,1851.55,1914
Gottschalch & Schrade,unknown,0.2,2,1843.2,1847
Schwaan & Co,unknown,0.2,1,1843.0,1914
W C Laming & Co,unknown,0.2,2,1839.58,1847
Wornersley & Co,unknown,0.2,3,1835.395,1847
Favell & Beddome,unknown,0.2,3,1830.75,1847
Elvlvhisther,unknown,0.2,2,1827.54,1847
Carvalho Brother & Co,unknown,0.2,2,1822.5,1866
Fw Caseus,unknown,0.2,2,1816.2,1857
Sermon Bros,unknown,0.2,1,1815.4499999999998,1847
E J Cole,unknown,0.2,8,1814.87,1857
Delennory & Co,unknown,0.2,1,1808.73,1847
Gunning & Duarrell,unknown,0.2,5,1807.925,1847
Balls Garrett,unknown,0.2,2,1807.1,1866
B. De Castro & Co,unknown,0.2,2,1800.0,1866
W. H. Partridge & Co,unknown,0.2,1,1800.0,1866
C Tauntlory,unknown,0.2,3,1800.0,1857
J Hash & Co,unknown,0.2,1,1800.0,1857
Wm Andrew & Sons,unknown,0.2,1,1790.1000000000001,1857
R. W. Starkey & Son,unknown,0.2,2,1789.2,1866
Hawes & Co,unknown,0.2,1,1780.0,1866
C Warwick,unknown,0.2,2,1776.8849999999998,1847
Ridgemont Bros,unknown,0.2,1,1776.0,1847
Leaf Barnett & Co,unknown,0.2,4,1773.9299999999998,1847
Moses Solomon,unknown,0.2,3,1773.4499999999998,"1857,1866"
L R & N Browning & Co,unknown,0.2,1,1771.75,1847
S Vander Willigen,unknown,0.2,1,1756.3,1857
W. H & A Scott,unknown,0.2,1,1755.9,1866
Williams Meyustein,unknown,0.2,1,1738.8,1866
"Lockie, Crosier & Edwards",unknown,0.2,1,1737.0,1866
Josh Angus,unknown,0.2,6,1734.19,1847
L Busson & Co,unknown,0.2,1,1724.665,1857
John Boyd,unknown,0.2,2,1722.37,1866
P Ruckham,unknown,0.2,2,1719.9499999999998,1847
John Sharp,unknown,0.2,5,1716.32,"1847,1857"
T W Meade,unknown,0.2,14,1714.175,1847
Anderson & Newton,unknown,0.2,5,1712.74,1847
E. Lloyd & Cp,unknown,0.2,1,1710.0,1866
Chas Belier,unknown,0.2,2,1710.0,1914
James Mullins & Co,unknown,0.2,1,1709.34,1857
Beller,unknown,0.2,1,1702.3999999999999,1847
Gunning + Luarell,unknown,0.2,2,1694.16,1857
William,unknown,0.2,1,1680.8,1847
Faundel & Phillips,unknown,0.2,1,1674.9299999999998,1847
"Grierson, Cole & Co.",unknown,0.2,2,1674.25,1866
Cha Heinery,unknown,0.2,1,1671.3,1857
J Mathew M L,unknown,0.2,2,1669.9275,1847
Harley Nephew & Co,unknown,0.2,1,1669.8149999999998,1857
Jacobson,unknown,0.2,4,1667.295,1847
G.G. Sandeman Sons Co,unknown,0.2,1,1666.3,1914
J. Hughes & Co,unknown,0.2,2,1654.48,1866
Alepson Bros Co,unknown,0.2,1,1651.21,1847
Geo Gibbs & Son,merchant_bank,0.85,7,1648.135,"1847,1857"
Amayssi Sons,unknown,0.2,1,1647.03,1847
Alex Bros,unknown,0.2,1,1643.355,1847
Brochoff & Sons,unknown,0.2,1,1642.55,1847
Fibacn & Co,unknown,0.2,1,1642.3799999999999,1847
Jno Gore & Co,unknown,0.2,1,1634.9499999999998,1847
E Zohrab,unknown,0.2,1,1633.05,1847
Washington & Davies,unknown,0.2,2,1631.35,1857
"Locke, Crosier & Edwards",unknown,0.2,2,1631.26,1866
T Hodgkinson & Co,unknown,0.2,4,1629.1799999999998,1857
Raff. Bascones,unknown,0.2,1,1628.4,1866
T Walker WW,unknown,0.2,1,1627.955,1847
Faudel & Phillips,unknown,0.2,1,1624.455,1857
R Halls M L,unknown,0.2,3,1615.855,1847
J Frederick Son & Co,unknown,0.2,1,1611.1999999999998,1847
A Dimitris & Sons,unknown,0.2,2,1610.28,1857
Unwick Son & Co,unknown,0.2,1,1608.3899999999999,1847
Roryemon & Sons,unknown,0.2,1,1606.5,1847
Parner Sons & Pictoned,unknown,0.2,1,1606.5,1857
J Lheais & Sons,unknown,0.2,1,1605.5549999999998,1847
W Hunt & Co,unknown,0.2,1,1598.0,1866
Shield & Harwood,unknown,0.2,2,1595.05,1847
"Davey, Thompson & Alder",unknown,0.2,1,1593.9,1866
Christopher Armstrong,unknown,0.2,1,1589.5,1847
Carvalho & Brother,unknown,0.2,1,1557.0,1857
Chris Cokes Jnr,unknown,0.2,1,1551.0,1847
Hen Geoff,unknown,0.2,1,1549.8,1857
J Urwich & Sons,unknown,0.2,2,1546.865,1847
Nalter Cossu & Son,unknown,0.2,1,1543.825,1847
Josh Foot & Son,unknown,0.2,2,1539.005,1847
Fould Dowir & M,unknown,0.2,1,1531.845,1847
Union Life,unknown,0.2,2,1524.48,1847
N & A Daniels,unknown,0.2,1,1520.0,1847
Bailey & Fox,unknown,0.2,2,1517.085,1847
M Da Costa + I. E. Coleman,unknown,0.2,1,1514.7,1857
Shreatfeild L & Codo,unknown,0.2,1,1506.0349999999999,1847
Jos Holl & Co,unknown,0.2,4,1505.2599999999998,1847
Jas Brooker,unknown,0.2,5,1503.875,1847
New Zealand Loans Afe,unknown,0.2,1,1500.0,1866
G. Routledge & Sons Ld,unknown,0.2,2,1499.1,1914
James Lawrence,unknown,0.2,2,1498.5,1866
Nestle & Anglo Swiss C.Milk Co,unknown,0.2,1,1496.25,1914
John Cape,unknown,0.2,3,1494.22,1847
F Dean Leller,unknown,0.2,1,1489.6,1847
Alifson B,unknown,0.2,1,1482.775,1847
F Siesler & Co,unknown,0.2,1,1482.0,1847
W H & A Scott,unknown,0.2,1,1472.0,1857
G. Houghton & Sons,unknown,0.2,4,1471.8000000000002,1857
David Kidd & Son,unknown,0.2,2,1465.2,1866
Richard Poppleton,unknown,0.2,1,1461.9599999999998,1866
Jonas Simonsen & Co,unknown,0.2,1,1458.0,1866
Geo Stevenson Sons,unknown,0.2,1,1455.0,1847
Bell Alex,unknown,0.2,1,1455.0,1847
H Erswell,unknown,0.2,2,1454.26,1847
J S Betts & Co,unknown,0.2,1,1448.4450000000002,1847
Vander Willigen Simon,unknown,0.2,1,1445.3200000000002,1866
Wulff,unknown,0.2,1,1440.0,1847
Matthew Brothers,unknown,0.2,1,1430.1000000000001,1857
J Cockburn & Co,unknown,0.2,3,1425.0,1847
W Guitealfe,unknown,0.2,1,1425.0,1847
R A Coward,unknown,0.2,2,1422.44,1847
Jnr Main,unknown,0.2,1,1422.225,1847
John Montefiore & Son,unknown,0.2,1,1410.3,1857
Jnr J H Pelly,unknown,0.2,1,1410.0,1847
Jh Macku,unknown,0.2,2,1409.04,1857
Alex Stewart & W,unknown,0.2,1,1406.25,1847
L. Engstrom Browning & Co,unknown,0.2,1,1405.8,1866
London S N Coy Limited,unknown,0.2,1,1398.72,1866
Sam Magnus,unknown,0.2,2,1388.28,1847
Giesler & Co F,unknown,0.2,1,1387.1,1847
Schwarm & Co,unknown,0.2,1,1386.0,1866
Tp Lloyds & Co,clearing_or_joint_stock_bank,0.7,1,1383.3,1857
Ruck Son & F,unknown,0.2,1,1381.93,1847
Sharpe H & D,unknown,0.2,4,1376.82,1847
J H N Loundes & Co,unknown,0.2,1,1374.03,1857
Resta Moore,unknown,0.2,3,1362.5,1857
Soanes M J,unknown,0.2,1,1358.0,1847
Chas Armstrong,unknown,0.2,3,1357.2,1847
John Halles,unknown,0.2,1,1354.5,1866
Nowoorjee Furdoonjee,unknown,0.2,1,1351.8,1866
George Peash,unknown,0.2,6,1344.435,1857
Kielsalls & Co,unknown,0.2,1,1340.5,1847
J.Greenich & Sons Ld,unknown,0.2,1,1333.1799999999998,1914
J J Buttress,unknown,0.2,5,1332.1575,"1847,1857"
W Cofser & Son,unknown,0.2,1,1326.34,1847
J & B Peade & Co,unknown,0.2,1,1314.12,1866
Anick & Son,unknown,0.2,1,1311.3,1847
Lovegrove & Leather,unknown,0.2,1,1310.715,1847
"Gilmour, Rankin, Strang & Co",unknown,0.2,1,1305.48,1866
Robinson & Brooking,unknown,0.2,1,1303.86,1847
J. B Thompson,unknown,0.2,1,1292.28,1866
Chs Brischek,unknown,0.2,1,1272.915,1847
Sinclair Hamilton & Co,unknown,0.2,1,1268.68,1857
Jno Udall,unknown,0.2,5,1267.18,1847
N S Coy & Co,unknown,0.2,1,1266.7725,1847
N. H + A Scott,unknown,0.2,1,1266.3,1857
Neumann Lueback & Co,unknown,0.2,1,1265.3999999999999,1914
A. G. D Costa,unknown,0.2,1,1260.0,1866
L Engstown Leach & Co,unknown,0.2,1,1256.85,1847
Oliver & Carr,unknown,0.2,3,1252.68,1866
Bardburg & Cook,unknown,0.2,1,1248.32,1866
Beaudsell & Jackson,unknown,0.2,2,1238.6499999999999,1866
E W Whistler,unknown,0.2,2,1230.02,1847
Reake & Grove,unknown,0.2,1,1229.0625,1847
Le Gros Thompson & Co,unknown,0.2,1,1228.58,1847
N Nansey,unknown,0.2,6,1215.62,1847
Tho' Stephens & Co,unknown,0.2,1,1215.0,1857
Thomas Nelson & Son,unknown,0.2,2,1207.92,1866
Parker Son & Picktchef,unknown,0.2,1,1206.66,1857
J H & G Scovell,unknown,0.2,2,1197.6175,1847
James Consens,unknown,0.2,1,1188.0,1857
W Tindall,unknown,0.2,1,1184.3999999999999,1847
H Huith,unknown,0.2,1,1179.36,1857
Henckell Du Buisson Co,unknown,0.2,2,1175.53,1914
Bridgewater Jones & Co,unknown,0.2,2,1169.8200000000002,1866
Joane Jackson & Co,unknown,0.2,1,1162.35,1857
John Walker,unknown,0.2,5,1149.3,1857
R Von Glehn,unknown,0.2,1,1142.97,1857
Legros Thompson Co,unknown,0.2,1,1142.04,1847
Ralli & Co,unknown,0.2,1,1140.0,1847
Tho Thomasset,unknown,0.2,1,1140.0,1847
E Beach Sons & Co,unknown,0.2,1,1138.725,1857
Rouney Bruce & Co,unknown,0.2,2,1128.75,1847
H. A Joseph,unknown,0.2,1,1128.0,1866
R & W J Roxby,unknown,0.2,2,1128.0,1847
Chas Watton & Sons,unknown,0.2,1,1124.55,1857
H R Fowler,unknown,0.2,1,1098.48,1857
White H,unknown,0.2,1,1096.755,1847
I. E. Coleman,unknown,0.2,2,1091.7,1857
Tw Madley & Co,unknown,0.2,1,1083.915,1857
A Pollack Erben,unknown,0.2,1,1079.2,1847
John Barelli,unknown,0.2,1,1077.87,1857
H J Lias & Son,unknown,0.2,4,1075.43,1857
W Bamondi,unknown,0.2,1,1074.465,1857
R Gray,unknown,0.2,1,1071.6,1847
P. Abraham,unknown,0.2,3,1071.0,1866
Lutwyike & Guys,unknown,0.2,3,1069.475,1847
Luys M C,unknown,0.2,1,1064.0,1847
P J Meugsino,unknown,0.2,2,1046.5,1857
Scott Alsion & Co,unknown,0.2,1,1041.6,1847
P Howard,unknown,0.2,1,1039.5,1857
Tho Husband & Co,unknown,0.2,1,1039.5,1857
J A Crocker,unknown,0.2,1,1030.3700000000001,1847
Tavell Beddone & Co,unknown,0.2,1,1029.105,1857
Edward Beach,unknown,0.2,1,1023.825,1847
Thomas Seamer,unknown,0.2,2,1018.8,1857
"Unwick, Son & D",unknown,0.2,1,1017.765,1847
G F Gaubert,unknown,0.2,2,1017.345,1847
Heppans & Co,unknown,0.2,1,1010.8,1847
R howards,unknown,0.2,1,1009.77,1847
W Clewes & Sons,unknown,0.2,1,1000.8000000000001,1857
Thos Wecom & Son,unknown,0.2,1,1000.0,1857
"Meares, Absolom & Co",unknown,0.2,3,998.01,1866
T W Houces,unknown,0.2,1,993.1949999999999,1847
E Beach Frn & Rep,unknown,0.2,1,992.7,1866
Harper Burne & Co,unknown,0.2,1,990.8399999999999,1857
National Bk Ld,unknown,0.2,1,989.9,1914
BCJ Gray & Son,unknown,0.2,1,980.16,1847
Inglis Wakefield,unknown,0.2,1,978.0749999999999,1857
Jas Holl & Co,unknown,0.2,1,977.8125,1847
Alich Bros,unknown,0.2,1,977.5999999999999,1847
Geden W H,unknown,0.2,1,970.0,1847
W B Gurney,unknown,0.2,7,968.51,1847
Mody & Co,unknown,0.2,1,968.1999999999999,1866
Morlel and Horne,unknown,0.2,1,967.68,1847
Bidgood Jones & Wilson,unknown,0.2,1,966.4200000000001,1857
W B Hine Parker & Co,unknown,0.2,2,963.05,1847
Secretan Campbell & Co,unknown,0.2,1,958.8,1866
J L Baker,unknown,0.2,4,956.4499999999999,1847
Beauvaisen + Leannard,unknown,0.2,1,950.67,1857
Alex & Jones,unknown,0.2,1,950.0,1847
F Walter & Co,unknown,0.2,1,950.0,1914
William Chevyt & Co,unknown,0.2,1,948.5200000000001,1857
Sromidill & Beckham,unknown,0.2,2,945.0,1857
Bell & Hughes,unknown,0.2,1,945.0,1847
Edward Sparkhall,unknown,0.2,1,945.0,1857
Geo Keen,unknown,0.2,1,945.0,1847
Sayant Fridor Co,unknown,0.2,2,945.0,1847
David Brown,unknown,0.2,3,944.595,1847
William Jackson,unknown,0.2,1,943.2,1857
F Mutvrieff,unknown,0.2,1,935.0,1847
A J Hill,unknown,0.2,1,935.0,1847
B Faurntheroy,unknown,0.2,1,935.0,1847
Parkinson & Dilchick,unknown,0.2,1,932.7149999999999,1857
Union Smiths Bank Ld Prescotts,clearing_or_joint_stock_bank,0.4,1,931.9499999999999,1914
N B Gurney & Sons,unknown,0.2,3,931.5,1847
Barnard & Co,unknown,0.2,1,930.8249999999999,1857
Tevan Kamm Tevan,unknown,0.2,1,930.8249999999999,1857
"Bauley, Pegg & Co",unknown,0.2,1,929.9999999999999,1866
W E Eddison,unknown,0.2,2,929.5799999999999,1857
Morgan Jnr & Ridge,merchant_bank,0.85,2,929.11,1847
Freinn Kennedy Percival (?),unknown,0.2,1,921.1999999999999,1857
Messrs Berkefeld,unknown,0.2,1,920.0,1857
Preacher Osborne & Co,unknown,0.2,2,918.72,1847
Seamer,unknown,0.2,1,912.255,1847
David Low,unknown,0.2,4,911.52,1847
S Stuart,unknown,0.2,1,909.0,1857
Stinton Bard & Co,unknown,0.2,1,904.365,1857
S Ulwich Son & D,unknown,0.2,1,900.4050000000001,1847
B Halberth & Sons,unknown,0.2,1,900.0,1857
Dawson Worth,unknown,0.2,1,900.0,1866
Edward Luckie,unknown,0.2,1,900.0,1866
N. Ganuap,unknown,0.2,1,900.0,1866
C & S Grimmrade,unknown,0.2,1,900.0,1866
Parker Son & Co,unknown,0.2,1,897.3000000000001,1857
S Swonnell & Son,unknown,0.2,2,888.0,1857
R Comber,unknown,0.2,1,883.575,1847
T & W H Hirst,unknown,0.2,2,880.98,1847
Rd Poppleton,unknown,0.2,1,878.4000000000001,1847
L.Boy.W.Bk Bk Chas Comiys Co,unknown,0.2,2,877.8,1914
John Brooks B W,unknown,0.2,7,874.21,1847
W B Hutton & Son,unknown,0.2,1,868.335,1847
Thomas Reynolds Jnr,unknown,0.2,3,866.6,1847
James Stern & Sons,merchant_bank,0.85,1,859.2800000000001,1847
J T Thol & Co,unknown,0.2,1,850.5,1847
Thomas Lee,unknown,0.2,4,841.395,"1847,1857"
J. W Laird,unknown,0.2,2,839.4499999999999,1866
S. Rich,unknown,0.2,1,828.0,1866
Gb Oyates & Son,unknown,0.2,1,819.3149999999999,1857
Alex Jones,unknown,0.2,1,817.425,1847
Charles Hoare Co,unknown,0.2,1,814.15,1914
William Horn,unknown,0.2,2,813.5,1847
Morlet & Horne,unknown,0.2,1,811.89,1847
Mae Jontque Buchanan & Co,unknown,0.2,1,807.9749999999999,1857
Schaezleil,unknown,0.2,1,807.5,1847
James Davidge,unknown,0.2,5,806.5,1857
Cittanerck C S,unknown,0.2,1,803.25,1847
"Mackinlay, Reuss & Co",unknown,0.2,1,800.0,1866
Rob Clouter,unknown,0.2,1,786.24,1847
"Bayliss, Jones & Bayliss",unknown,0.2,1,782.0,1866
J P Thal & Co,unknown,0.2,2,779.97,1857
G. B. Yates & Son,unknown,0.2,2,775.7,1866
Sinckin & Buck,unknown,0.2,1,775.1999999999999,1847
H. Thurburn,unknown,0.2,1,765.0,1866
H. D. Baleh,unknown,0.2,4,758.865,1866
J E Ford,unknown,0.2,1,757.8000000000001,1857
Sivendell & Baukland,unknown,0.2,1,756.0,1857
Fray & Mc Farlan,unknown,0.2,1,756.0,1847
W. E. Eddison & Co,unknown,0.2,1,756.0,1866
Isaac Walker,unknown,0.2,2,755.48,1847
Joshun Saunders,unknown,0.2,1,754.11,1847
M Levyson,unknown,0.2,1,750.3000000000001,1847
Barff & Co,unknown,0.2,1,748.8000000000001,1866
Frederick Sage,unknown,0.2,12,745.58,1866
Newton B & Co,unknown,0.2,1,741.6,1857
Perrott & Perrott,unknown,0.2,1,730.8000000000001,1866
E Downs & Co,unknown,0.2,1,724.7825,1857
Banffo & Co,unknown,0.2,1,720.0,1866
Wm Clay & Son,unknown,0.2,1,720.0,1847
H D Tho,unknown,0.2,1,718.16,1847
T Scott,unknown,0.2,1,711.5849999999999,1857
Willaim Pringle,unknown,0.2,1,708.75,1847
Josh & Holl & Co,unknown,0.2,1,704.85,1847
T Lawnde & Co,unknown,0.2,1,701.1899999999999,1857
White Greenwell,unknown,0.2,1,697.15,1847
Joseph Barwick,unknown,0.2,1,696.6,1866
H. Varasseus,unknown,0.2,1,695.5999999999999,1866
Hune P C,unknown,0.2,1,693.63,1847
Udall John,unknown,0.2,1,689.67,1847
W Kindle,unknown,0.2,1,687.97,1857
John Kendall,unknown,0.2,1,681.3449999999999,1847
Jno Wood C S,unknown,0.2,4,676.08,1847
Vivian & Younger,unknown,0.2,1,675.0,1866
La Forest,unknown,0.2,1,674.325,1847
H Bettle Parker Co,unknown,0.2,1,673.6725,1847
Joseph Callinson,unknown,0.2,2,663.3899999999999,1857
Sam Parker,unknown,0.2,1,662.6999999999999,1847
J. P. Thol & Co,unknown,0.2,2,656.8,1866
F J Montoya,unknown,0.2,1,651.0,1857
A. M. Peebler & Son,unknown,0.2,1,650.48,1866
Rees Glammong & Co,unknown,0.2,5,648.08,1866
Natl Bk Of England Ltd,unknown,0.2,1,647.9,1914
"Chas Hancock, C S",unknown,0.2,1,646.0,1847
Perrott +Perrott,unknown,0.2,1,644.0,1857
"John Reay, Sons Co",unknown,0.2,2,637.44,1866
Tevan Kamon + Tevan,unknown,0.2,1,636.93,1857
Grosscuth & Lubodlt,unknown,0.2,1,627.0,1914
W T Fasn,unknown,0.2,1,623.645,1847
Jno Williams & Sons,unknown,0.2,1,619.6875,1847
Pesta Movie,unknown,0.2,1,614.25,1857
I. W. Horsley,unknown,0.2,2,610.29,1866
Finze & Williams,unknown,0.2,1,607.24,1847
D H Bushell,unknown,0.2,5,607.23,1857
Williamson,unknown,0.2,1,606.6899999999999,1847
C J Ellis,unknown,0.2,1,598.5,1847
Hall Jos & Co,unknown,0.2,1,597.24,1847
Till & Flegor,unknown,0.2,1,592.515,1857
J Burls,unknown,0.2,2,584.19,1847
Rob & Simmons,unknown,0.2,2,577.5,1847
S Jacobson,unknown,0.2,1,567.4499999999999,1847
W Jenkinson,unknown,0.2,2,565.53,1866
Owthwaite & Co,unknown,0.2,4,556.9100000000001,1857
S & J Peqq,unknown,0.2,1,551.78,1866
John Macfrige,unknown,0.2,1,548.1,1857
C E Fireman,unknown,0.2,1,548.1,1857
W Wilson & Co,unknown,0.2,1,540.0,1866
Mary Burton,unknown,0.2,1,540.0,1857
J Brocker,unknown,0.2,1,536.75,1847
A. Haliener & Co,unknown,0.2,4,536.4,1866
Charles & Jof,unknown,0.2,1,532.98,1857
E. F. Oelricks & Co,unknown,0.2,3,531.7,1866
Robt Beattey & Sons,unknown,0.2,1,529.1999999999999,1857
Jt Dow,unknown,0.2,1,516.915,1857
M. Mayer & Co,unknown,0.2,1,513.0,1866
Lurek Barelay,unknown,0.2,1,512.1,1857
George Johnson & Co,unknown,0.2,1,509.40000000000003,1857
Jas Chambers,unknown,0.2,1,508.75,1847
Albers & Son,unknown,0.2,1,499.7,1847
Geo Simmons,unknown,0.2,3,494.19,1847
W M Crauston,unknown,0.2,1,491.40000000000003,1866
R & N Nicholls,unknown,0.2,2,489.91499999999996,1847
Langton + Robinson,unknown,0.2,1,489.6,1857
A L Crohn,unknown,0.2,2,489.0,1857
Carlthian & Corbierie,unknown,0.2,1,488.24999999999994,1857
Chrales & Fox,unknown,0.2,1,486.71999999999997,1847
W Wausay,unknown,0.2,1,484.185,1847
H. & J. Johnson & Co,unknown,0.2,1,480.24,1857
London Missionary Soc,unknown,0.2,1,477.5,1914
Tho Hodgkinson & Co,unknown,0.2,1,472.5,1857
Pesk Hooie,unknown,0.2,1,472.5,1857
Jas Hall & Co,unknown,0.2,1,467.5,1847
H C & Cabe,unknown,0.2,1,464.99999999999994,1857
J Lias & Son,unknown,0.2,2,464.30499999999995,1847
C A Jonas & Co,unknown,0.2,2,452.7,1857
Harvey Stambridge,unknown,0.2,1,450.0,1857
J. D. Dow,unknown,0.2,1,450.0,1866
Rofus Bros,unknown,0.2,1,440.85999999999996,1847
J. H Boobyer & Co,unknown,0.2,1,434.7,1866
A.Branwell Co Ltd,unknown,0.2,3,434.15,1914
Henry Moul,unknown,0.2,1,432.90000000000003,1866
J Boys,unknown,0.2,2,429.465,1847
Pocock & Sons,unknown,0.2,11,428.15999999999997,1847
Womersley Burts,unknown,0.2,1,427.5,1847
Ben Smith Duke,unknown,0.2,1,426.88,1847
Frederick Dunhill,unknown,0.2,5,424.19500000000005,1866
G A & J Swann,unknown,0.2,1,423.0,1847
Jnr Preskoick & Co,unknown,0.2,1,420.525,1847
A Jackson & Co,unknown,0.2,2,418.68,1857
Butterworth & Sons,unknown,0.2,1,417.57,1857
John Wood C S,unknown,0.2,2,415.8,1847
J & W McCutcheon,unknown,0.2,2,411.40000000000003,1847
William Howell & Co,unknown,0.2,2,411.07499999999993,1847
J Bunn,unknown,0.2,1,410.13,1847
G. & S. Kiteat,unknown,0.2,1,408.37,1914
J Tharp,unknown,0.2,1,405.79,1847
H.Kohnstamm,unknown,0.2,1,402.79999999999995,1914
S. Lewis & Sons,unknown,0.2,1,402.69,1866
H G Buchler & Co,unknown,0.2,1,402.55,1847
J H Dart,unknown,0.2,2,402.48,1857
Jns Rei,unknown,0.2,1,399.95,1847
Fred Fratt,unknown,0.2,1,394.79999999999995,1857
Thomas Leamer,unknown,0.2,1,392.40000000000003,1857
J Udall,unknown,0.2,2,390.56,1847
Judun Joseph,unknown,0.2,1,388.21999999999997,1847
G E Mackieth,unknown,0.2,4,383.57,1857
J. B. Minshall,unknown,0.2,1,383.40000000000003,1866
Neacher & Co,unknown,0.2,1,380.0,1847
H Thompson CC,unknown,0.2,4,379.0,1847
Robert Nuter,unknown,0.2,1,378.0,1847
J W Gibbon,unknown,0.2,1,378.0,1857
John Keay Sons Co,unknown,0.2,1,377.88,1866
J. H. Dant,unknown,0.2,1,376.0,1866
J R Glesias,unknown,0.2,1,376.0,1847
J Cousens & Sons,unknown,0.2,2,374.12,1847
Tho Frefor,unknown,0.2,1,372.33,1857
Millie & Palton,unknown,0.2,1,370.5,1847
G. E Macketh,unknown,0.2,3,368.48,1866
M L Magnus,unknown,0.2,2,366.2,1847
John Getting,unknown,0.2,4,364.885,"1847,1866"
G F Allcock,unknown,0.2,1,362.88,1847
J T Burrell,unknown,0.2,1,362.84,1847
Titus Nevrhouse,unknown,0.2,1,360.0,1866
J Meier,unknown,0.2,1,357.12,1847
Battley & Butler,unknown,0.2,1,353.7,1866
Jphn Prince,unknown,0.2,1,349.68,1847
Perram Jas,unknown,0.2,1,347.52,1847
Eady & Paris,unknown,0.2,2,344.58000000000004,1866
Jp Thol & Co,unknown,0.2,1,343.97999999999996,1857
Fox & Thompson,unknown,0.2,1,341.31,1866
W Watts,unknown,0.2,3,337.7,1847
Hall & Gray,unknown,0.2,1,333.585,1914
T Knaus & Co,unknown,0.2,1,330.88,1866
C. E. Heinke,unknown,0.2,2,329.94,1866
James Brys,unknown,0.2,1,327.75,1847
William Audlace & Sons,unknown,0.2,1,322.0,1857
Thomas Fielding,unknown,0.2,2,321.84,1847
Thos M Gregor,unknown,0.2,1,319.5,1857
Forman & Hadon,unknown,0.2,3,318.98999999999995,1847
T D Henry,unknown,0.2,1,314.685,1847
Tw Eady,unknown,0.2,1,314.64,1857
Magnus M L,unknown,0.2,1,314.28,1847
Alfred Towgood,unknown,0.2,2,312.855,1857
John Walker WW,unknown,0.2,1,312.55,1847
Bl Leman,unknown,0.2,2,309.96,1857
T Walker,unknown,0.2,1,307.8,1857
W & C Volckman,unknown,0.2,1,307.2,1847
A Best,unknown,0.2,1,306.3125,1847
Child & Co,unknown,0.2,2,296.4,1914
N Volckman,unknown,0.2,1,288.0,1847
Henry Rilli,unknown,0.2,1,285.0,1847
Runey B,unknown,0.2,1,285.0,1847
Teument & Co,unknown,0.2,1,283.5,1857
Tiedenick Tatt,unknown,0.2,1,283.5,1857
Lacey Howard & Co,unknown,0.2,1,282.0,1847
J Laussense,unknown,0.2,1,282.0,1847
Thomas Stephings,unknown,0.2,2,282.0,"1857,1866"
M Cape,unknown,0.2,1,282.0,1847
J Hood Co,unknown,0.2,1,277.5,1847
Rawlandson V A,unknown,0.2,1,277.44,1847
Richard Mitchell,unknown,0.2,5,276.45,1866
Francis Scott,unknown,0.2,1,270.90000000000003,1857
J. M. Buston,unknown,0.2,1,270.0,1866
Julius Jacoby,unknown,0.2,2,266.4,1866
W Nansey,unknown,0.2,1,264.0,1847
Jno Fettham & Co,unknown,0.2,1,262.2,1847
L Friedeberg,unknown,0.2,2,259.02,1847
W Lewell Co,unknown,0.2,1,250.9,1847
Geo Houghton & Sons,unknown,0.2,3,250.20999999999998,1847
Calchesters & Woolman,unknown,0.2,1,247.38,1857
Elizabeth Atkinson,unknown,0.2,1,244.03500000000003,1847
Jones Alex,unknown,0.2,1,242.5,1847
Jr Browne,unknown,0.2,2,238.14,1857
W. J. Crook,unknown,0.2,1,237.5,1914
Nara Matu,unknown,0.2,1,236.74,1866
Thomas Hodgkinsons & Co,unknown,0.2,1,235.0,1857
J C Jacobson,unknown,0.2,1,235.0,1847
H Richard & Sons,unknown,0.2,1,233.595,1857
Thomas Hodgkinson & Co,unknown,0.2,1,230.0,1857
Jas Rundall,unknown,0.2,2,227.1,1847
C Shudbolt & Co,unknown,0.2,1,227.04999999999998,1847
Jns Prishock & Co,unknown,0.2,1,225.855,1847
J Simpson,unknown,0.2,1,217.35,1857
John Lias & Son,unknown,0.2,1,214.7,1847
Tho Nelson & Son,unknown,0.2,1,207.89999999999998,1857
Thomas Nalher N N,unknown,0.2,1,206.28,1847
Jinchess & Pawtucket,unknown,0.2,1,201.96,1847
Pellegrrice Rasselli,unknown,0.2,1,200.22,1847
Samuel Strickland,unknown,0.2,2,198.55,1866
S A Moore & Others,unknown,0.2,1,198.45,1857
T Dunhill,unknown,0.2,2,198.22,1857
Tho Biggs,unknown,0.2,3,198.0,1857
James Brokke,unknown,0.2,1,194.0,1847
Gale & Frieud,unknown,0.2,1,189.9,1866
Sam & Vickers,unknown,0.2,2,188.1,1847
M F Mackenzie,unknown,0.2,1,188.0,1866
H & W Treygon,unknown,0.2,1,186.2,1847
Thomas M Gregor,unknown,0.2,1,186.11999999999998,1866
John Smith,unknown,0.2,1,186.0,1866
W. Pickford,unknown,0.2,1,184.5,1866
Bayliss Jones & Bayliss,unknown,0.2,1,180.5,1914
Angus Mackenzie,unknown,0.2,1,180.0,1857
Tr Browne,unknown,0.2,2,179.54999999999998,1857
R J + R Swift,unknown,0.2,2,178.605,1857
James Cerram,unknown,0.2,1,177.66,1847
Saman & Audont,unknown,0.2,1,174.825,1847
Bier & Partner,unknown,0.2,2,173.88,1857
S Houghton & Son,unknown,0.2,2,166.9175,1847
Thomas Walton,unknown,0.2,1,166.47,1857
J. L. Minel,unknown,0.2,1,165.44,1866
J nr Lilley,unknown,0.2,1,163.2,1847
G. J Thompson,unknown,0.2,1,161.1,1866
Jas Jacobson,unknown,0.2,1,160.65,1847
W F Brown,unknown,0.2,1,159.31,1857
A J Schleucher,unknown,0.2,1,154.98,1847
G E Mackreth,unknown,0.2,1,143.1,1857
J C Shackleton,unknown,0.2,1,141.75,1847
A B Byass,unknown,0.2,2,141.0,1847
Byfield & Richards,unknown,0.2,3,140.4,1866
J D Dow,unknown,0.2,1,139.5,1857
Beiy Riley,unknown,0.2,1,138.17999999999998,1866
J Sharp,unknown,0.2,1,133.95,1847
A & N Nicholls,unknown,0.2,1,127.3,1847
H Joey,unknown,0.2,1,126.63,1847
F Falt,unknown,0.2,1,123.5,1847
S A Hodgson,unknown,0.2,1,120.015,1857
Rob & Hunter,unknown,0.2,1,113.39999999999999,1847
Alfred Stram,unknown,0.2,1,110.91999999999999,1866
James Dickson,unknown,0.2,1,109.8,1866
Peckanell Bros,unknown,0.2,1,106.14999999999999,1847
F. Dunhill,unknown,0.2,2,105.80000000000001,1866
Ehrmann Bros,unknown,0.2,1,104.5,1914
Jno James,unknown,0.2,1,101.64999999999999,1847
Summers & Son,unknown,0.2,1,96.89999999999999,1847
J F Stanford,unknown,0.2,2,96.0,1847
H. J. V. Greenway,unknown,0.2,1,95.88,1866
Edwin Morgan,merchant_bank,0.85,1,95.535,1847
H Thompson C C,unknown,0.2,1,95.0,1847
Joseph Gonalaie,unknown,0.2,1,94.5,1857
Hl Crohn,unknown,0.2,1,94.5,1857
J Davidge,unknown,0.2,1,90.0,1857
Adi Denielrio & Sons,unknown,0.2,2,90.0,1857
J & W Rider,unknown,0.2,2,87.89,1866
T H Biggs,unknown,0.2,1,79.38,1857
P. S. Galitti,unknown,0.2,1,70.875,1857
Frederick Smee,unknown,0.2,1,65.8,1866
George Wyatt,unknown,0.2,2,61.11,1857
J. Samuel & Emmanuel,unknown,0.2,2,52.63999999999999,1866
Hodgson & Poweis,unknown,0.2,1,51.974999999999994,1847
Tj Van Yellen Of Bauks,unknown,0.2,1,47.25,1857
J. G. Buskin,unknown,0.2,1,45.0,1866
J Samalvier,unknown,0.2,1,45.0,1857
Joshua Jornalvico,unknown,0.2,1,44.415,1857
John Kelsey,unknown,0.2,1,43.699999999999996,1847
J. Ballauce & Son,unknown,0.2,1,40.419999999999995,1866
J. O. Beetron,unknown,0.2,3,38.7,1866
John S Baike,unknown,0.2,1,23.625,1857
Thomas Drayton,unknown,0.2,2,23.400000000000002,1857
John H Barbe,unknown,0.2,1,22.5,1857
Nash & Gurney,unknown,0.2,1,22.08,1847
Richard Pearee,unknown,0.2,1,20.47,1857
Joseph Samalivies,unknown,0.2,1,18.0,1857
Fauntt & B,unknown,0.2,1,0.0,1847
James Laurence,unknown,0.2,1,0.0,1857
Williams Deacon & Co,clearing_or_joint_stock_bank,0.7,1,0.0,1857
Thomas Lyde,unknown,0.2,1,0.0,1866
A Goldson,unknown,0.2,1,0.0,1847
Saml Dobree & Sons,unknown,0.2,1,0.0,1914
G Friend,unknown,0.2,1,0.0,1857
William Nansey,unknown,0.2,1,0.0,1847
James Simott,unknown,0.2,1,0.0,1847
Jns Angus,unknown,0.2,1,0.0,1847
William Kleen,unknown,0.2,1,0.0,1847
Kraft Bros,unknown,0.2,1,0.0,1914
M Causens & Sons,unknown,0.2,1,0.0,1847
Miller C & Co,unknown,0.2,1,0.0,1847
Robert Adams,unknown,0.2,2,0.0,1866
Alex Collie & Co,unknown,0.2,1,0.0,1866
P Edwards,unknown,0.2,1,0.0,1847
Bucknell & Sons,unknown,0.2,1,0.0,1857
Unreadable,unknown,0.2,1,0.0,1857
E Mansell + Ga Ellie & Co,unknown,0.2,1,0.0,1857
C Chressperger,unknown,0.2,1,0.0,1847
Jno Gilliat & Co,unknown,0.2,1,0.0,1847
Cradock & Co,unknown,0.2,3,0.0,1847
Rt Saunders,unknown,0.2,1,0.0,1857
Trvayice & Bovill,unknown,0.2,1,0.0,1847
J B Shuttleworth & Co,unknown,0.2,6,0.0,1847
J Dickinson J & A,unknown,0.2,1,0.0,1847
Woolcombe & Co,unknown,0.2,1,0.0,1847
Jas Simott,unknown,0.2,6,0.0,1847
Philip Levi & Co,unknown,0.2,1,0.0,1866
S Phillips & Co,unknown,0.2,1,0.0,1847
P van de Wall,unknown,0.2,1,0.0,1847
Thomas Reeves,unknown,0.2,1,0.0,1847
C Heaton & Co,unknown,0.2,3,0.0,1847
J G Marzetti,unknown,0.2,1,0.0,1847
Jno McCulcheon,unknown,0.2,1,0.0,1847
C J Miller & Sons,unknown,0.2,2,0.0,1847
Gillson Cole & Co,unknown,0.2,1,0.0,1866
J Greaves,unknown,0.2,1,0.0,1847
Robert Froie,unknown,0.2,1,0.0,1857
Sam Swownell & Son,unknown,0.2,1,0.0,1857
HY Crosley,unknown,0.2,1,0.0,1847
John Bill Dresser & Co,unknown,0.2,1,0.0,1857
R Forte Swift,unknown,0.2,1,0.0,1857
B Douglas & Son,unknown,0.2,1,0.0,1847
J W Laird,unknown,0.2,1,0.0,1847
N C Braddon,unknown,0.2,1,0.0,1847
Lionel Friedeberg,unknown,0.2,1,0.0,1847
T. O. Beeton,unknown,0.2,2,0.0,1866
Deichaiu Smart & Co,unknown,0.2,1,0.0,1847
Rauson Norton & Co,unknown,0.2,1,0.0,1847
Nesleukings Bus,unknown,0.2,1,0.0,1866
John Schneider & Co,unknown,0.2,1,0.0,1857
Joseph Holl & Co,unknown,0.2,1,0.0,1847
R + Rea & Co,unknown,0.2,1,0.0,1857
R T + R Swift,unknown,0.2,1,0.0,1857
Lloyd Morgan,merchant_bank,0.85,1,0.0,1847
J Lausseure Jnr,unknown,0.2,1,0.0,1847
R Knaphill,unknown,0.2,1,0.0,1847
Bardon & Gray,unknown,0.2,1,0.0,1847
J McCutcheon,unknown,0.2,3,0.0,1847
J P Bunt & Co,unknown,0.2,1,0.0,1866
T+D Henry,unknown,0.2,1,0.0,1847
Abrahamson Lihme & Co,unknown,0.2,1,0.0,1866
Nate Linds,unknown,0.2,1,0.0,1866
Abm Bish,unknown,0.2,1,0.0,1847
I Hart & Co,unknown,0.2,1,0.0,1847
H B Downing,unknown,0.2,1,0.0,1857
T. O. Stock & Co,unknown,0.2,1,0.0,1866
Akmagaroff & Gasparian,unknown,0.2,1,0.0,1857
J H Pelly,unknown,0.2,1,0.0,1847
H H Willis,unknown,0.2,1,0.0,1847
John Brudertt Co,unknown,0.2,1,0.0,1847
Borker Sons & Co,unknown,0.2,2,0.0,1847
B L Lomant,unknown,0.2,1,0.0,1857
J H Potter,unknown,0.2,1,0.0,1847
B Tippen,unknown,0.2,1,0.0,1847
R F & R Swift,unknown,0.2,1,0.0,1857
H Hillby & Sons,unknown,0.2,1,0.0,1866
W Allder,unknown,0.2,1,0.0,1847
E.Pandorf,unknown,0.2,1,0.0,1914
A Lewis,unknown,0.2,1,0.0,1847
Walter Howell,unknown,0.2,1,0.0,1866
J Jackson & Co,unknown,0.2,1,0.0,1857
Norman Nansey,unknown,0.2,1,0.0,1847
Smabourne & Bell,unknown,0.2,1,0.0,1847
Finance Company Ld,unknown,0.2,1,0.0,1914
Geo Noughton & Sons,unknown,0.2,1,0.0,1847
Loveing & Minton,unknown,0.2,1,0.0,1866
H Eubank,unknown,0.2,1,0.0,1847
Redo Doofson & Co,unknown,0.2,1,0.0,1847
Henry Cowell,unknown,0.2,1,0.0,1866
Lornman & Hadon,unknown,0.2,1,0.0,1847
Donaldson Laubert & Co,unknown,0.2,3,0.0,1847
Jonail Turner & Co,unknown,0.2,1,0.0,1847
