counterparty,actor_category,crises,n_crises,n_transactions,total_amount,early_access,top_quartile_scale,intermediary_role,centrality_norm,recurrence_norm,cross_crisis_norm,information_channel_score
Union Discount Co. Of London Ltd,discount_house,1914,1,115,10352861.3,1,1,1,1.0,0.434,0.0,0.7651
Overend Gurney & Co,discount_house,"1847,1857,1866",3,64,5037818.2,1,1,1,0.4866,0.2415,0.6667,0.7336
National Discount Co.,discount_house,1914,1,91,6862189.1,1,1,1,0.6628,0.3434,0.0,0.6841
Frith Sands & Co,bill_broker,"1847,1857,1866",3,50,1730032.0,1,1,1,0.1671,0.1887,0.6667,0.6617
R Raphael & Sons,merchant_bank,"1847,1857,1866",3,30,693976.3,1,1,1,0.067,0.1132,0.6667,0.6304
Smith St Aubyn & Co,bill_broker,1914,1,41,4894544.5,1,1,1,0.4728,0.1547,0.0,0.6178
Fruhling & Goschen,merchant_bank,"1857,1866,1914",3,13,419378.4,1,1,1,0.0405,0.0491,0.6667,0.6155
Allen Harvey & Ross,discount_house,1914,1,61,3087057.8,1,1,1,0.2982,0.2302,0.0,0.5942
Stern Bros,merchant_bank,"1847,1914",2,47,485518.4,1,1,1,0.0469,0.1774,0.3333,0.586
Bruce Wilkinson & Co,bill_broker,1857,1,63,2239566.9,1,1,1,0.2163,0.2377,0.0,0.5789
J H Schroder & Co,merchant_bank,"1847,1857",2,18,295141.3,1,1,1,0.0285,0.0679,0.3333,0.5659
F Huth & Co,merchant_bank,"1847,1857",2,13,420633.8,1,1,1,0.0406,0.0491,0.3333,0.5655
Bischoffsheim & Goldschmidt,merchant_bank,"1857,1866",2,12,169437.4,1,1,1,0.0164,0.0453,0.3333,0.5601
R. Raphael & Sons,merchant_bank,"1866,1914",2,8,196899.6,1,1,1,0.019,0.0302,0.3333,0.5583
Sanderson Sandeman & Co,bill_broker,1857,1,38,1781120.3,1,1,1,0.172,0.1434,0.0,0.5559
Glyn Mills Currie,merchant_bank,1914,1,94,10097238.4,0,1,1,0.9753,0.3547,0.0,0.5483
C.J.Hambro & Son,merchant_bank,1914,1,29,1286288.1,1,1,1,0.1242,0.1094,0.0,0.5412
Rothschild & Sons,merchant_bank,1847,1,17,1242239.1,1,1,1,0.12,0.0642,0.0,0.5336
F.Huth Co,merchant_bank,1914,1,21,1120477.2,1,1,1,0.1082,0.0792,0.0,0.5335
Eastern Bank Ltd,merchant_bank,1914,1,31,699639.4,1,1,1,0.0676,0.117,0.0,0.5311
Sanderson & Reid,bill_broker,1847,1,25,749764.7,1,1,1,0.0724,0.0943,0.0,0.5286
Gillett Bros & Co,bill_broker,1914,1,17,940985.0,1,1,1,0.0909,0.0642,0.0,0.5278
National Discount Co Of Limited,discount_house,1866,1,10,1115863.7,1,1,1,0.1078,0.0377,0.0,0.5272
National Discount Corporation,discount_house,1857,1,19,775619.5,1,1,1,0.0749,0.0717,0.0,0.5257
B. W .Blydenstein & Co,unknown,1914,1,60,7082331.3,1,1,0,0.6841,0.2264,0.0,0.5208
Alexander Cunliffes & Co,bill_broker,1866,1,5,848266.2,1,1,1,0.0819,0.0189,0.0,0.5192
London Discount Corporation,discount_house,1857,1,23,293016.6,1,1,1,0.0283,0.0868,0.0,0.5187
Alexanders & Co Ltd,unknown,1914,1,86,6159279.0,1,1,0,0.5949,0.3245,0.0,0.5177
Discount Corporation Limited,discount_house,1866,1,11,500000.0,1,1,1,0.0483,0.0415,0.0,0.5159
Wallace Bros & Co Ld,merchant_bank,1914,1,10,419558.1,1,1,1,0.0405,0.0377,0.0,0.5138
Fruhling & Gaschew,merchant_bank,1847,1,15,219600.4,1,1,1,0.0212,0.0566,0.0,0.5127
"Finlay, Hodgeson & Co",merchant_bank,1866,1,13,260994.9,1,1,1,0.0252,0.0491,0.0,0.5124
C J Hambro & Son,merchant_bank,1847,1,16,163819.3,1,1,1,0.0158,0.0604,0.0,0.5122
Finlay Hodgson & Co,merchant_bank,1847,1,15,187381.3,1,1,1,0.0181,0.0566,0.0,0.5121
Consolidated Discount Co Limited,discount_house,1866,1,9,288000.0,1,1,1,0.0278,0.034,0.0,0.5107
Morgan M & Co,merchant_bank,1847,1,15,12743.4,1,1,1,0.0012,0.0566,0.0,0.5087
Hatimal Discount Co Ltd,discount_house,1914,1,3,344192.9,1,1,1,0.0332,0.0113,0.0,0.5083
C I Hambro & Son,merchant_bank,1857,1,8,184145.3,1,1,1,0.0178,0.0302,0.0,0.5081
Finlay Campbell & Co,merchant_bank,1866,1,4,289487.5,1,1,1,0.028,0.0151,0.0,0.5079
David Morgan,merchant_bank,1847,1,13,20414.5,1,1,1,0.002,0.0491,0.0,0.5078
Reeves Whitburn & Co,unknown,1914,1,67,6174018.9,1,1,0,0.5964,0.2528,0.0,0.5072
Absolom Crocker & Co,unknown,"1847,1857,1866",3,94,129663.3,1,1,0,0.0125,0.3547,0.6667,0.5057
Andy Gibbs & Sons,merchant_bank,1866,1,5,135049.3,1,1,1,0.013,0.0189,0.0,0.5054
Morgan Gellibrand & Co,merchant_bank,1866,1,7,31480.1,1,1,1,0.003,0.0264,0.0,0.5046
Wallace Brothers,merchant_bank,1866,1,6,63814.4,1,1,1,0.0062,0.0226,0.0,0.5046
D T Morgan,merchant_bank,1857,1,7,10618.0,1,1,1,0.001,0.0264,0.0,0.5042
Foy Morgan & Co,merchant_bank,1914,1,3,91818.3,1,1,1,0.0089,0.0113,0.0,0.5035
Frith Wallace & Co,merchant_bank,1847,1,4,12020.5,1,1,1,0.0012,0.0151,0.0,0.5025
J. S. Morgan & Co,merchant_bank,1866,1,2,63645.0,1,1,1,0.0061,0.0075,0.0,0.5023
Smith Payne & Smiths,merchant_bank,1857,1,1,50000.0,1,1,1,0.0048,0.0038,0.0,0.5015
Brightwen & Co,unknown,1914,1,72,5720211.7,1,1,0,0.5525,0.2717,0.0,0.5013
Joint Stock Discount Co Limited,discount_house,1866,1,1,25000.0,1,1,1,0.0024,0.0038,0.0,0.501
T Huth Co,merchant_bank,1847,1,1,17247.1,1,1,1,0.0017,0.0038,0.0,0.5009
Raphael & Son,merchant_bank,1847,1,1,11729.3,1,1,1,0.0011,0.0038,0.0,0.5008
J & R Morley,unknown,"1847,1857,1866",3,50,285828.9,1,1,0,0.0276,0.1887,0.6667,0.4838
Bell & Grant,unknown,"1847,1857,1866",3,54,160747.7,1,1,0,0.0155,0.2038,0.6667,0.4837
Schilizzi & Co,unknown,"1847,1857,1866",3,54,160608.7,1,1,0,0.0155,0.2038,0.6667,0.4837
Boutcher Mortimore & Co,unknown,"1847,1857,1866",3,49,223673.8,1,1,0,0.0216,0.1849,0.6667,0.4821
London County & Westminster Bank Ltd,clearing_or_joint_stock_bank,1914,1,265,9271925.9,0,1,0,0.8956,1.0,0.0,0.4791
Durant & Co,unknown,"1847,1857,1866",3,25,535238.9,1,1,0,0.0517,0.0943,0.6667,0.4745
P Grenfell & Sons,unknown,"1847,1857,1866",3,35,233664.2,1,1,0,0.0226,0.1321,0.6667,0.4743
Bevington & Morris,unknown,"1847,1857,1866",3,40,53693.4,1,1,0,0.0052,0.1509,0.6667,0.4737
H L & C Edwards & Co,unknown,"1847,1857,1866",3,35,152424.3,1,1,0,0.0147,0.1321,0.6667,0.4728
Charles & Fox,unknown,"1847,1857,1866",3,39,18504.1,1,1,0,0.0018,0.1472,0.6667,0.4724
Bennison & Lennard,unknown,"1847,1866",2,103,692022.7,1,1,0,0.0668,0.3887,0.3333,0.4717
Chaffey & Son,unknown,"1847,1857,1866",3,32,20208.6,1,1,0,0.002,0.1208,0.6667,0.4685
Suse & Sibeth,unknown,"1847,1866",2,101,516630.4,1,1,0,0.0499,0.3811,0.3333,0.4671
Small & Co,unknown,"1847,1857,1866",3,18,148091.2,1,1,0,0.0143,0.0679,0.6667,0.463
A & G W Alexander & Co,unknown,1857,1,51,4337505.4,1,1,0,0.419,0.1925,0.0,0.4627
Hohler & Co,unknown,1914,1,45,4380520.9,1,1,0,0.4231,0.1698,0.0,0.4601
F & E Godsell,unknown,"1847,1857,1866",3,10,26653.8,1,1,0,0.0026,0.0377,0.6667,0.4562
Cox Heisch & Co,unknown,"1847,1857,1866",3,6,34516.4,1,1,0,0.0033,0.0226,0.6667,0.4541
King & Foa,unknown,1914,1,51,3875752.8,1,1,0,0.3744,0.1925,0.0,0.4538
Sturt & Sharp,unknown,"1847,1857,1866",3,4,18408.1,1,1,0,0.0018,0.0151,0.6667,0.4526
Baker Duncombe & Co Ltd,unknown,1914,1,47,3677587.4,1,1,0,0.3552,0.1774,0.0,0.4476
Peek Bros & Co,unknown,"1847,1857",2,72,120631.1,1,1,0,0.0117,0.2717,0.3333,0.4431
G H & J F Wulff,unknown,"1847,1857",2,72,101686.0,1,1,0,0.0098,0.2717,0.3333,0.4427
H & D Sharpe,unknown,"1847,1857",2,73,49561.3,1,1,0,0.0048,0.2755,0.3333,0.4423
Cook Sons & Co,unknown,"1847,1857",2,60,225741.5,1,1,0,0.0218,0.2264,0.3333,0.4383
Cunliffes & Co,unknown,"1847,1857",2,27,875280.8,1,1,0,0.0845,0.1019,0.3333,0.4322
Bordier Fabris & Co,unknown,"1847,1857",2,47,223528.7,1,1,0,0.0216,0.1774,0.3333,0.4309
Prior Turner & Co,unknown,"1847,1857",2,49,86551.0,1,1,0,0.0084,0.1849,0.3333,0.4294
H & J Johnston & Co,unknown,"1847,1857",2,38,362778.1,1,1,0,0.035,0.1434,0.3333,0.4285
H W Eaton,unknown,"1847,1857",2,42,174993.4,1,1,0,0.0169,0.1585,0.3333,0.4272
Bruce Buxton & Co,unknown,1847,1,46,2641114.3,1,1,0,0.2551,0.1736,0.0,0.4271
G B Carr,unknown,"1847,1857",2,40,119220.7,1,1,0,0.0115,0.1509,0.3333,0.4249
E Sieveking & Son,unknown,"1847,1857",2,38,162402.3,1,1,0,0.0157,0.1434,0.3333,0.4246
W & J Devas & Co,unknown,"1847,1866",2,36,196429.9,1,1,0,0.019,0.1358,0.3333,0.4242
T J & T Powell,unknown,"1847,1857",2,40,77117.5,1,1,0,0.0074,0.1509,0.3333,0.4241
Miller & Potter,unknown,"1847,1857",2,40,34239.3,1,1,0,0.0033,0.1509,0.3333,0.4233
David Lloyd,unknown,"1847,1857",2,39,58025.0,1,1,0,0.0056,0.1472,0.3333,0.4232
Bieber & Co,unknown,"1857,1866",2,33,199628.2,1,1,0,0.0193,0.1245,0.3333,0.4225
David Evans & Co,unknown,"1857,1866",2,36,107087.4,1,1,0,0.0103,0.1358,0.3333,0.4224
Oriental Bank Corporation,foreign_or_colonial_financial,"1857,1866",2,14,715807.5,1,1,0,0.0691,0.0528,0.3333,0.4217
Andrew Jackson & Co,unknown,"1847,1866",2,36,14270.6,1,1,0,0.0014,0.1358,0.3333,0.4206
S Reuter,unknown,"1847,1857",2,33,94336.3,1,1,0,0.0091,0.1245,0.3333,0.4205
D & T J Warren,unknown,"1847,1866",2,35,27145.4,1,1,0,0.0026,0.1321,0.3333,0.4203
Do,unknown,"1847,1857",2,23,353721.1,1,1,0,0.0342,0.0868,0.3333,0.4199
Gledstanes & Co,unknown,"1847,1857",2,27,232389.1,1,1,0,0.0224,0.1019,0.3333,0.4198
F Harrison & Co,unknown,"1847,1857",2,33,45652.4,1,1,0,0.0044,0.1245,0.3333,0.4196
R & J Henderson,unknown,"1847,1866",2,23,325255.5,1,1,0,0.0314,0.0868,0.3333,0.4193
B Elkin & Sons,unknown,"1847,1857",2,33,30064.4,1,1,0,0.0029,0.1245,0.3333,0.4192
J L Lemme & Co,unknown,"1847,1857",2,22,296127.8,1,1,0,0.0286,0.083,0.3333,0.4182
Rainey Bruce & Co,unknown,"1847,1857",2,31,26194.7,1,1,0,0.0025,0.117,0.3333,0.418
King Melvil & Co,unknown,"1847,1866",2,27,84447.8,1,1,0,0.0082,0.1019,0.3333,0.4169
Spalding & Hodge,unknown,"1847,1866",2,28,51697.6,1,1,0,0.005,0.1057,0.3333,0.4169
Bradbury & Cook,unknown,"1857,1866",2,26,97236.4,1,1,0,0.0094,0.0981,0.3333,0.4166
Giles Loder,unknown,"1847,1866",2,20,260495.8,1,1,0,0.0252,0.0755,0.3333,0.4164
Haarbleicher Schumann,unknown,1914,1,39,2280963.9,1,1,0,0.2203,0.1472,0.0,0.4161
B S & J Phillips & Co,unknown,"1857,1866",2,22,167561.3,1,1,0,0.0162,0.083,0.3333,0.4157
J Hubbard & Co,unknown,"1847,1857",2,22,169768.6,1,1,0,0.0164,0.083,0.3333,0.4157
Daniell Dickinson & Co,unknown,"1847,1857",2,24,94084.6,1,1,0,0.0091,0.0906,0.3333,0.4154
W Jameson & Son,unknown,"1847,1857",2,25,43263.4,1,1,0,0.0042,0.0943,0.3333,0.415
Randells & Co,unknown,"1847,1857",2,24,54183.0,1,1,0,0.0052,0.0906,0.3333,0.4146
Pinto Perez & Co,unknown,"1847,1857",2,24,52044.8,1,1,0,0.005,0.0906,0.3333,0.4146
J Hart & Co,unknown,"1847,1857",2,25,25151.0,1,1,0,0.0024,0.0943,0.3333,0.4146
Anglo South American Bank Ltd,foreign_or_colonial_financial,1914,1,39,2166880.9,1,1,0,0.2093,0.1472,0.0,0.4139
D Taylor & Sons,unknown,"1847,1857",2,22,65761.2,1,1,0,0.0064,0.083,0.3333,0.4137
J Bischoff & Sons,unknown,"1847,1857",2,21,23288.4,1,1,0,0.0022,0.0792,0.3333,0.4123
R Rea & Co,unknown,"1847,1857",2,21,19510.1,1,1,0,0.0019,0.0792,0.3333,0.4123
J Davies & Son,unknown,"1847,1857",2,21,16573.9,1,1,0,0.0016,0.0792,0.3333,0.4122
Haycroft & Pethick,unknown,"1857,1866",2,17,118786.5,1,1,0,0.0115,0.0642,0.3333,0.4119
Sampson Mitchell & Co,unknown,"1847,1857",2,14,197231.0,1,1,0,0.0191,0.0528,0.3333,0.4117
G Hitchcock & Co,unknown,"1847,1857",2,19,46419.8,1,1,0,0.0045,0.0717,0.3333,0.4116
J Gaury & Co,unknown,"1847,1857",2,18,56067.6,1,1,0,0.0054,0.0679,0.3333,0.4113
J & J Vickers & Co,unknown,"1847,1866",2,19,19195.8,1,1,0,0.0019,0.0717,0.3333,0.4111
Somes Mullens & Co,unknown,"1857,1866",2,18,48865.4,1,1,0,0.0047,0.0679,0.3333,0.4111
Welch Margetson & Co,unknown,"1847,1857",2,18,41195.9,1,1,0,0.004,0.0679,0.3333,0.411
Heugh Balfour & Co,unknown,"1857,1866",2,15,128543.7,1,1,0,0.0124,0.0566,0.3333,0.411
Conway Phelps & Hayward,unknown,"1857,1866",2,18,33700.8,1,1,0,0.0033,0.0679,0.3333,0.4108
White Son & Co,unknown,"1857,1866",2,18,33450.7,1,1,0,0.0032,0.0679,0.3333,0.4108
Louis Cohen,unknown,"1847,1857",2,14,119870.3,1,1,0,0.0116,0.0528,0.3333,0.4102
Stephenson Clarke,unknown,"1857,1866",2,17,19939.0,1,1,0,0.0019,0.0642,0.3333,0.41
Elias & Co,unknown,"1857,1866",2,13,134345.1,1,1,0,0.013,0.0491,0.3333,0.41
Kerr & Scott,unknown,"1847,1857",2,16,30785.2,1,1,0,0.003,0.0604,0.3333,0.4097
C. & C. I. Coles,unknown,"1857,1866",2,14,81295.2,1,1,0,0.0079,0.0528,0.3333,0.4095
Cole Nichols & Co,unknown,"1847,1857",2,15,49249.8,1,1,0,0.0048,0.0566,0.3333,0.4094
James Hill & Sons,unknown,"1857,1866",2,11,159327.4,1,1,0,0.0154,0.0415,0.3333,0.4093
W Klein,unknown,"1857,1866",2,15,40035.5,1,1,0,0.0039,0.0566,0.3333,0.4093
Mangles & Co,unknown,"1847,1857",2,15,34764.9,1,1,0,0.0034,0.0566,0.3333,0.4092
Coventry Sheppard & Co,unknown,"1857,1866",2,15,27783.0,1,1,0,0.0027,0.0566,0.3333,0.409
D Drakeford & Co,unknown,"1847,1857",2,15,25732.1,1,1,0,0.0025,0.0566,0.3333,0.409
Bevingtons & Sons,unknown,"1847,1866",2,15,29285.0,1,1,0,0.0028,0.0566,0.3333,0.409
W Kendle,unknown,"1847,1857",2,15,7874.1,1,1,0,0.0008,0.0566,0.3333,0.4086
L Hart & Son,unknown,"1847,1857",2,14,25235.5,1,1,0,0.0024,0.0528,0.3333,0.4084
Moses Brothers,unknown,"1857,1866",2,13,40285.2,1,1,0,0.0039,0.0491,0.3333,0.4081
Edwards Eastty & Co,unknown,"1857,1866",2,12,63226.6,1,1,0,0.0061,0.0453,0.3333,0.408
Phillips King & Co,unknown,"1847,1857",2,13,23178.1,1,1,0,0.0022,0.0491,0.3333,0.4078
P Hava & Co,unknown,"1847,1857",2,12,45477.8,1,1,0,0.0044,0.0453,0.3333,0.4077
Leaf Sons & Co,unknown,"1857,1866",2,10,99803.7,1,1,0,0.0096,0.0377,0.3333,0.4076
R Johnson & Co,unknown,"1857,1866",2,12,9211.3,1,1,0,0.0009,0.0453,0.3333,0.407
J F Fixsen & Co,unknown,"1847,1857",2,11,11993.4,1,1,0,0.0012,0.0415,0.3333,0.4065
Horstman & Co,unknown,"1857,1866",2,8,99717.3,1,1,0,0.0096,0.0302,0.3333,0.4064
H Waithman & Co,unknown,"1847,1857",2,10,25916.5,1,1,0,0.0025,0.0377,0.3333,0.4061
George Brettle & Co,unknown,"1857,1866",2,10,21481.3,1,1,0,0.0021,0.0377,0.3333,0.4061
Thomson Bonar & Co,unknown,"1847,1866",2,8,74528.1,1,1,0,0.0072,0.0302,0.3333,0.406
Marshall Page & Co,unknown,"1857,1866",2,10,17596.1,1,1,0,0.0017,0.0377,0.3333,0.406
Lemon Hart & Son,unknown,"1847,1866",2,9,38159.7,1,1,0,0.0037,0.034,0.3333,0.4058
Spartali & Co,unknown,"1857,1866",2,8,53709.2,1,1,0,0.0052,0.0302,0.3333,0.4056
B Salomons & Sons,unknown,"1847,1857",2,9,18764.0,1,1,0,0.0018,0.034,0.3333,0.4055
Blogg & Martin,unknown,"1847,1866",2,6,102840.4,1,1,0,0.0099,0.0226,0.3333,0.4054
H H Lindsay,unknown,"1847,1857",2,9,11629.2,1,1,0,0.0011,0.034,0.3333,0.4053
John Harbottle,unknown,"1857,1866",2,8,25708.5,1,1,0,0.0025,0.0302,0.3333,0.405
Ralli & Mavrojani,unknown,"1857,1866",2,7,30870.6,1,1,0,0.003,0.0264,0.3333,0.4046
"Chartered Bank Of India, Austrailia & China",foreign_or_colonial_financial,1914,1,22,2175719.5,1,1,0,0.2102,0.083,0.0,0.4045
Ralli Bros,unknown,"1847,1914",2,4,108912.8,1,1,0,0.0105,0.0151,0.3333,0.4044
A & G N Alexander & Co,unknown,1847,1,31,1899818.5,1,1,0,0.1835,0.117,0.0,0.4043
James Watt & Co,unknown,"1857,1866",2,7,15026.6,1,1,0,0.0015,0.0264,0.3333,0.4043
Geo Gibbs & Son,merchant_bank,"1847,1857",2,7,1648.1,1,0,1,0.0002,0.0264,0.3333,0.404
Imperial Ottoman Bank,foreign_or_colonial_financial,1914,1,19,2237876.9,1,1,0,0.2162,0.0717,0.0,0.404
Samuel Stone,unknown,"1847,1857",2,6,25479.1,1,1,0,0.0025,0.0226,0.3333,0.4039
Zarifi Brothers & Co,unknown,"1857,1866",2,5,55602.7,1,1,0,0.0054,0.0189,0.3333,0.4039
H Bateman,unknown,"1847,1857",2,6,23848.4,1,1,0,0.0023,0.0226,0.3333,0.4038
Nathaniel Cohen,unknown,"1857,1866",2,5,42495.7,1,1,0,0.0041,0.0189,0.3333,0.4036
Bailey Pegg & Co,unknown,"1847,1857",2,6,11321.1,1,1,0,0.0011,0.0226,0.3333,0.4036
John Pirie & Co,unknown,"1857,1866",2,5,16580.0,1,1,0,0.0016,0.0189,0.3333,0.4032
Colchesters & Woolner,unknown,"1857,1866",2,5,16927.9,1,1,0,0.0016,0.0189,0.3333,0.4032
H & C Kent,unknown,"1857,1866",2,5,15494.2,1,1,0,0.0015,0.0189,0.3333,0.4031
James Barber & Co,unknown,"1857,1866",2,5,11831.7,1,1,0,0.0011,0.0189,0.3333,0.403
Morgan Brothers,merchant_bank,"1857,1866",2,4,11800.3,1,0,1,0.0011,0.0151,0.3333,0.4025
Joseph Jackson,unknown,"1847,1857",2,4,7350.0,1,1,0,0.0007,0.0151,0.3333,0.4024
Jellicoe & Wix,unknown,"1847,1857",2,4,6790.8,1,1,0,0.0007,0.0151,0.3333,0.4024
Dudgeon & Co,unknown,"1847,1857",2,3,8007.0,1,1,0,0.0008,0.0113,0.3333,0.4018
Churchill & Sim,unknown,"1857,1914",2,2,28811.2,1,1,0,0.0028,0.0075,0.3333,0.4017
R.Cunliffe Sons Co,unknown,1914,1,24,1899733.2,1,1,0,0.1835,0.0906,0.0,0.4003
Thomas Walker WW,unknown,1847,1,83,70115.0,1,1,0,0.0068,0.3132,0.0,0.3983
Hong Kong & Shanghai Banking Corporation,unknown,1914,1,24,1617882.9,1,1,0,0.1563,0.0906,0.0,0.3948
S.Montagu Co,unknown,1914,1,32,1376063.8,1,1,0,0.1329,0.1208,0.0,0.3947
R B Byass,unknown,1847,1,76,52471.6,1,1,0,0.0051,0.2868,0.0,0.394
Coates & Co,unknown,1847,1,65,264642.7,1,1,0,0.0256,0.2453,0.0,0.3919
Ryder & Co,unknown,1914,1,20,1458923.0,1,1,0,0.1409,0.0755,0.0,0.3895
Smith Fleming & Co,unknown,1866,1,29,1130267.1,1,1,0,0.1092,0.1094,0.0,0.3883
Rob Lawes & Co,unknown,1847,1,42,610292.4,1,1,0,0.0589,0.1585,0.0,0.3856
Kraeutler & Mueville,unknown,1847,1,45,445125.4,1,1,0,0.043,0.1698,0.0,0.3841
William Nash,unknown,1847,1,58,61351.7,1,1,0,0.0059,0.2189,0.0,0.384
Lyon & Lucker,unknown,1914,1,22,1005164.5,1,1,0,0.0971,0.083,0.0,0.3819
Robert Smith & Co,unknown,1866,1,47,257094.5,1,1,0,0.0248,0.1774,0.0,0.3816
R Lawes & Co,unknown,1857,1,25,888937.5,1,1,0,0.0859,0.0943,0.0,0.3813
H Castellain Sons & Co,unknown,1847,1,47,232284.3,1,1,0,0.0224,0.1774,0.0,0.3811
Jas Lang,unknown,1847,1,48,192731.1,1,1,0,0.0186,0.1811,0.0,0.3809
Daniell Cafenove & Co,unknown,1914,1,28,780754.3,1,1,0,0.0754,0.1057,0.0,0.3809
Ralli & Mavrajani,unknown,1847,1,47,198345.6,1,1,0,0.0192,0.1774,0.0,0.3804
Harwood Knight & Allen,unknown,1866,1,19,984430.0,1,1,0,0.0951,0.0717,0.0,0.3798
Carr Lamb & Co,unknown,1847,1,47,94810.0,1,1,0,0.0092,0.1774,0.0,0.3784
White & Shaxson,unknown,1914,1,22,782893.5,1,1,0,0.0756,0.083,0.0,0.3776
Morrison D & Co,unknown,1847,1,36,352634.3,1,1,0,0.0341,0.1358,0.0,0.3772
P T Ralli,unknown,1857,1,42,170952.4,1,1,0,0.0165,0.1585,0.0,0.3771
Mercantile Bank Of India Ltd,foreign_or_colonial_financial,1914,1,20,819240.3,1,1,0,0.0791,0.0755,0.0,0.3771
R Nunes,unknown,1847,1,46,21195.1,1,1,0,0.002,0.1736,0.0,0.3764
Perkins Schlusser & Co,unknown,1847,1,40,188293.9,1,1,0,0.0182,0.1509,0.0,0.3763
International Banking Corporation,unknown,1914,1,22,708043.3,1,1,0,0.0684,0.083,0.0,0.3761
W Cater,unknown,1847,1,44,51942.7,1,1,0,0.005,0.166,0.0,0.3759
Hyde Hodge & Co,unknown,1857,1,38,222453.9,1,1,0,0.0215,0.1434,0.0,0.3758
Bischoffshein G & Co,unknown,1847,1,32,389796.6,1,1,0,0.0377,0.1208,0.0,0.3757
H W Schwartz,unknown,1847,1,41,108931.3,1,1,0,0.0105,0.1547,0.0,0.3753
British Bank Of South America Ltd,clearing_or_joint_stock_bank,1914,1,12,952994.2,1,1,0,0.0921,0.0453,0.0,0.3752
Schunck S & Co,unknown,1847,1,35,275840.7,1,1,0,0.0266,0.1321,0.0,0.3751
A. Ruffer & Sons,unknown,1914,1,28,470857.4,1,1,0,0.0455,0.1057,0.0,0.375
T & J Ralli,unknown,1866,1,41,90859.8,1,1,0,0.0088,0.1547,0.0,0.375
William Brandt'S Sons & Co,unknown,1914,1,13,899189.7,1,1,0,0.0869,0.0491,0.0,0.3747
A Nichol & Son,unknown,1847,1,42,47578.1,1,1,0,0.0046,0.1585,0.0,0.3747
David Evans,unknown,1847,1,38,156935.7,1,1,0,0.0152,0.1434,0.0,0.3746
Cavan Bros & Co,unknown,1847,1,37,182987.4,1,1,0,0.0177,0.1396,0.0,0.3745
Conway Phelps & Co,unknown,1847,1,39,125388.2,1,1,0,0.0121,0.1472,0.0,0.3745
Rawson & Norton & Co,unknown,1847,1,38,138142.4,1,1,0,0.0133,0.1434,0.0,0.3742
Gould Dowie & M,unknown,1847,1,40,74818.2,1,1,0,0.0072,0.1509,0.0,0.3741
W H Ogden,unknown,1847,1,40,58935.9,1,1,0,0.0057,0.1509,0.0,0.3738
Rob Knapton,unknown,1847,1,41,31124.6,1,1,0,0.003,0.1547,0.0,0.3738
Streatfeild L & Co,unknown,1847,1,40,59562.0,1,1,0,0.0058,0.1509,0.0,0.3738
L Phillips & Sons,unknown,1847,1,40,57569.7,1,1,0,0.0056,0.1509,0.0,0.3738
Fenn Kemm & Co,unknown,1847,1,40,50223.8,1,1,0,0.0049,0.1509,0.0,0.3736
B Figdor,unknown,1847,1,39,75762.7,1,1,0,0.0073,0.1472,0.0,0.3735
L Alexander & Co,unknown,1847,1,34,161964.6,1,1,0,0.0156,0.1283,0.0,0.3724
De Mattos & De Leon,unknown,1847,1,34,149963.8,1,1,0,0.0145,0.1283,0.0,0.3721
Castellain Sons & Co,unknown,1847,1,32,198883.9,1,1,0,0.0192,0.1208,0.0,0.372
Siordeh M & Co,unknown,1847,1,34,131009.5,1,1,0,0.0127,0.1283,0.0,0.3718
E B Brown,unknown,1847,1,37,27546.8,1,1,0,0.0027,0.1396,0.0,0.3715
J Reay Jnr & H Reay,unknown,1847,1,36,25473.7,1,1,0,0.0025,0.1358,0.0,0.3709
A Bell & Sons,unknown,1857,1,33,104493.8,1,1,0,0.0101,0.1245,0.0,0.3707
H Woodfull,unknown,1847,1,36,6845.5,1,1,0,0.0007,0.1358,0.0,0.3705
Rougemont Bros,unknown,1847,1,33,94598.5,1,1,0,0.0091,0.1245,0.0,0.3705
Haarbleichen Schumaum,unknown,1866,1,25,328000.7,1,1,0,0.0317,0.0943,0.0,0.3705
Holford & Co,unknown,1847,1,30,167489.2,1,1,0,0.0162,0.1132,0.0,0.3702
Ellice Kinnear & Co,unknown,1847,1,27,257169.4,1,1,0,0.0248,0.1019,0.0,0.3702
Schuezler & Co,unknown,1847,1,34,46743.5,1,1,0,0.0045,0.1283,0.0,0.3701
Cama & Co,unknown,1857,1,29,186057.0,1,1,0,0.018,0.1094,0.0,0.37
Booker Sons & Co,unknown,1847,1,34,28090.0,1,1,0,0.0027,0.1283,0.0,0.3698
Arbuthnol Latham & Co,unknown,1847,1,28,197114.1,1,1,0,0.019,0.1057,0.0,0.3697
Vyse & Sons,unknown,1847,1,32,79594.3,1,1,0,0.0077,0.1208,0.0,0.3697
Frederick Youle,unknown,1866,1,24,308573.3,1,1,0,0.0298,0.0906,0.0,0.3696
Fob Wright & Co,unknown,1847,1,31,97139.8,1,1,0,0.0094,0.117,0.0,0.3694
Charles Walton,unknown,1847,1,33,30108.9,1,1,0,0.0029,0.1245,0.0,0.3693
R Johnson & Neph,unknown,1847,1,33,26299.4,1,1,0,0.0025,0.1245,0.0,0.3692
Pearse & Child,unknown,1847,1,31,87955.7,1,1,0,0.0085,0.117,0.0,0.3692
Suse + Sibeth,unknown,1857,1,26,219100.7,1,1,0,0.0212,0.0981,0.0,0.369
Joseph Allard,unknown,1866,1,28,155957.9,1,1,0,0.0151,0.1057,0.0,0.3689
Coventry & Sheppard,unknown,1847,1,31,64856.4,1,1,0,0.0063,0.117,0.0,0.3688
Alex & Bell,unknown,1847,1,30,83117.6,1,1,0,0.008,0.1132,0.0,0.3686
John Brown,unknown,1847,1,32,24887.2,1,1,0,0.0024,0.1208,0.0,0.3686
Abbott Nottingham & Co,unknown,1847,1,32,26493.8,1,1,0,0.0026,0.1208,0.0,0.3686
F W Russell,unknown,1847,1,30,76198.0,1,1,0,0.0074,0.1132,0.0,0.3685
Rob & Harrison & Co,unknown,1847,1,29,102545.4,1,1,0,0.0099,0.1094,0.0,0.3684
Allen & Anderson,unknown,1847,1,25,209208.1,1,1,0,0.0202,0.0943,0.0,0.3682
Spartali & Lascaridi,unknown,1847,1,26,175937.4,1,1,0,0.017,0.0981,0.0,0.3681
J W Browne & Co,unknown,1847,1,31,28088.9,1,1,0,0.0027,0.117,0.0,0.3681
Streatfield Laurence & Co,unknown,1857,1,25,199265.1,1,1,0,0.0192,0.0943,0.0,0.368
Nestle Andreas & Co,unknown,1847,1,30,49232.8,1,1,0,0.0048,0.1132,0.0,0.3679
McCalmont Bros & Co,unknown,1847,1,24,215990.3,1,1,0,0.0209,0.0906,0.0,0.3678
R Eglinton & Co,unknown,1847,1,26,156221.9,1,1,0,0.0151,0.0981,0.0,0.3677
Aubertin Bros,unknown,1847,1,30,24407.9,1,1,0,0.0024,0.1132,0.0,0.3675
George Peabody,unknown,1847,1,25,175048.2,1,1,0,0.0169,0.0943,0.0,0.3675
Thomas Tapling & Co,unknown,1857,1,29,51033.1,1,1,0,0.0049,0.1094,0.0,0.3674
Timothy Wiggin & Co,unknown,1857,1,21,284535.7,1,1,0,0.0275,0.0792,0.0,0.3674
Gregson & Co,unknown,1847,1,24,193928.6,1,1,0,0.0187,0.0906,0.0,0.3673
Crawford C & Co,unknown,1847,1,24,190777.0,1,1,0,0.0184,0.0906,0.0,0.3673
Canadian Bank Of Commerce,foreign_or_colonial_financial,1914,1,10,603157.1,1,1,0,0.0583,0.0377,0.0,0.3673
Lon: Asiatic & American Coy Limited,unknown,1866,1,18,365609.9,1,1,0,0.0353,0.0679,0.0,0.3672
J F Pawson & Co,unknown,1847,1,25,157632.9,1,1,0,0.0152,0.0943,0.0,0.3672
Gledstones & Co,unknown,1866,1,19,322102.0,1,1,0,0.0311,0.0717,0.0,0.367
Fletcher A & Co,unknown,1847,1,19,321374.6,1,1,0,0.031,0.0717,0.0,0.367
The Ebbw Vale Co Ltd,unknown,1866,1,19,323600.7,1,1,0,0.0313,0.0717,0.0,0.367
Leys Masson & Co,unknown,1847,1,29,30201.4,1,1,0,0.0029,0.1094,0.0,0.367
G Peabody & Co,unknown,1857,1,13,494353.9,1,1,0,0.0478,0.0491,0.0,0.3669
H Buchler & Co,unknown,1847,1,29,17755.4,1,1,0,0.0017,0.1094,0.0,0.3668
Rowlandson & A,unknown,1847,1,29,14877.1,1,1,0,0.0014,0.1094,0.0,0.3667
R Heine Semon & Co,unknown,1857,1,23,186549.8,1,1,0,0.018,0.0868,0.0,0.3666
Cotesworth & Powell & Co,unknown,1847,1,24,148759.9,1,1,0,0.0144,0.0906,0.0,0.3665
Boyds & Thomas,unknown,1847,1,25,114873.9,1,1,0,0.0111,0.0943,0.0,0.3664
W Abbott & Son,unknown,1847,1,28,24703.4,1,1,0,0.0024,0.1057,0.0,0.3663
George Marshall,unknown,1847,1,28,25336.5,1,1,0,0.0024,0.1057,0.0,0.3663
Palmer McKillop D & C,unknown,1847,1,22,198432.3,1,1,0,0.0192,0.083,0.0,0.3663
J H Rudall,unknown,1847,1,28,21985.0,1,1,0,0.0021,0.1057,0.0,0.3663
W Sewell & Co,unknown,1847,1,28,18271.0,1,1,0,0.0018,0.1057,0.0,0.3662
Samuel Montagu & Co,unknown,1866,1,19,276452.9,1,1,0,0.0267,0.0717,0.0,0.3661
N M Rothchild & Son,unknown,1847,1,9,561456.5,1,1,0,0.0542,0.034,0.0,0.3659
W Cothay & Co,unknown,1847,1,25,93521.7,1,1,0,0.009,0.0943,0.0,0.3659
White & Greenwell,unknown,1847,1,26,57656.1,1,1,0,0.0056,0.0981,0.0,0.3658
Alston Bevan & Co,unknown,1847,1,26,51791.6,1,1,0,0.005,0.0981,0.0,0.3657
F.Elles Son,unknown,1914,1,17,316119.8,1,1,0,0.0305,0.0642,0.0,0.3657
De Lannoy & Nash,unknown,1847,1,26,46397.5,1,1,0,0.0045,0.0981,0.0,0.3656
C Buschek,unknown,1847,1,26,45601.9,1,1,0,0.0044,0.0981,0.0,0.3656
I. F. Pawson & Co,unknown,1866,1,17,294766.4,1,1,0,0.0285,0.0642,0.0,0.3653
Nohler & Co,unknown,1914,1,3,700000.0,1,1,0,0.0676,0.0113,0.0,0.3652
Clay Janson & Co,unknown,1847,1,26,26393.4,1,1,0,0.0025,0.0981,0.0,0.3652
Baltazzi & P,unknown,1847,1,22,136712.5,1,1,0,0.0132,0.083,0.0,0.3651
T. Tapling & Co,unknown,1866,1,24,77301.4,1,1,0,0.0075,0.0906,0.0,0.3651
Grant & Kemshead,unknown,1847,1,24,79144.3,1,1,0,0.0076,0.0906,0.0,0.3651
Konigswarter Bros,unknown,1847,1,23,99203.7,1,1,0,0.0096,0.0868,0.0,0.3649
Abel Bros,unknown,1847,1,25,32172.8,1,1,0,0.0031,0.0943,0.0,0.3648
A & G Da Costa & Co,unknown,1847,1,25,29287.0,1,1,0,0.0028,0.0943,0.0,0.3647
A Goldsmid,unknown,1847,1,21,137619.9,1,1,0,0.0133,0.0792,0.0,0.3645
Davey & Pegg,unknown,1847,1,25,20539.5,1,1,0,0.002,0.0943,0.0,0.3645
W Mallaliew & Co,unknown,1866,1,24,42015.1,1,1,0,0.0041,0.0906,0.0,0.3644
C Douglas & Son,unknown,1847,1,23,69032.6,1,1,0,0.0067,0.0868,0.0,0.3644
Geo Johnson & Co,unknown,1847,1,25,13104.6,1,1,0,0.0013,0.0943,0.0,0.3644
Groucock C & Co,unknown,1847,1,23,66182.9,1,1,0,0.0064,0.0868,0.0,0.3643
C Fauntleroy,unknown,1857,1,25,8611.6,1,1,0,0.0008,0.0943,0.0,0.3643
Steains Rowley & Co,unknown,1847,1,24,31848.6,1,1,0,0.0031,0.0906,0.0,0.3642
Dadabhai Naoroji & Co,unknown,1866,1,22,90862.5,1,1,0,0.0088,0.083,0.0,0.3642
Anglo Egyptian Bank Ltd,foreign_or_colonial_financial,1914,1,7,523242.6,1,1,0,0.0505,0.0264,0.0,0.3641
Trumpler & R,unknown,1847,1,23,50370.2,1,1,0,0.0049,0.0868,0.0,0.364
Gray & MacFarlan,unknown,1847,1,24,23005.0,1,1,0,0.0022,0.0906,0.0,0.364
T & W King,unknown,1847,1,17,223302.0,1,1,0,0.0216,0.0642,0.0,0.364
J Shears & Sons,unknown,1847,1,23,49223.5,1,1,0,0.0048,0.0868,0.0,0.364
Stewart & Westmorland,unknown,1847,1,22,80500.7,1,1,0,0.0078,0.083,0.0,0.364
E Lindo & Co,unknown,1847,1,21,102679.4,1,1,0,0.0099,0.0792,0.0,0.3639
Scott Bell & Co,unknown,1847,1,19,156252.9,1,1,0,0.0151,0.0717,0.0,0.3638
Hy Sherwood & Co,unknown,1914,1,10,418244.2,1,1,0,0.0404,0.0377,0.0,0.3637
Glyn & Co,unknown,1857,1,5,550257.4,1,1,0,0.0532,0.0189,0.0,0.3635
Johnson Cole & Co,unknown,1847,1,22,54974.0,1,1,0,0.0053,0.083,0.0,0.3635
Henry Clarke & Co,unknown,1866,1,22,47600.2,1,1,0,0.0046,0.083,0.0,0.3634
Alex Bell & Sons,unknown,1866,1,20,95830.0,1,1,0,0.0093,0.0755,0.0,0.3632
John Gladstone,unknown,1847,1,22,32684.4,1,1,0,0.0032,0.083,0.0,0.3631
J R Jaffray,unknown,1847,1,22,30518.8,1,1,0,0.0029,0.083,0.0,0.363
Francis Ede Son & Co,unknown,1857,1,20,84949.3,1,1,0,0.0082,0.0755,0.0,0.363
Chris Kreeft,unknown,1847,1,22,22003.5,1,1,0,0.0021,0.083,0.0,0.3629
J Horstman,unknown,1847,1,19,110768.9,1,1,0,0.0107,0.0717,0.0,0.3629
Maclean Maris & Co,unknown,1847,1,20,81144.5,1,1,0,0.0078,0.0755,0.0,0.3629
Reade & Grove,unknown,1847,1,21,46483.7,1,1,0,0.0045,0.0792,0.0,0.3628
R Harrison & Co,unknown,1847,1,20,75964.4,1,1,0,0.0073,0.0755,0.0,0.3628
Chas Fauntleroy,unknown,1847,1,22,17089.5,1,1,0,0.0017,0.083,0.0,0.3628
S Courtauld & Co,unknown,1847,1,20,75117.8,1,1,0,0.0073,0.0755,0.0,0.3628
J R Jaffray & Co,unknown,1857,1,21,42738.0,1,1,0,0.0041,0.0792,0.0,0.3627
J C Abrams,unknown,1847,1,22,9914.0,1,1,0,0.001,0.083,0.0,0.3626
Brockelbank & Roth,unknown,1847,1,20,61596.4,1,1,0,0.0059,0.0755,0.0,0.3625
F J Van Zeller,unknown,1847,1,21,24438.8,1,1,0,0.0024,0.0792,0.0,0.3624
Kraeutler & Mieville,unknown,1857,1,13,259095.7,1,1,0,0.025,0.0491,0.0,0.3624
Alexander Cullen & Co,unknown,1847,1,21,28596.2,1,1,0,0.0028,0.0792,0.0,0.3624
Ionides & Co,unknown,1847,1,18,107545.8,1,1,0,0.0104,0.0679,0.0,0.3623
Rob Von Glehn,unknown,1847,1,21,20445.8,1,1,0,0.002,0.0792,0.0,0.3623
Sadler Harrison & Co,unknown,1847,1,20,37798.9,1,1,0,0.0037,0.0755,0.0,0.3621
Lon Hanseatic Bk Ld,unknown,1914,1,12,274311.4,1,1,0,0.0265,0.0453,0.0,0.3621
J Pickersgill & Son,unknown,1847,1,18,90127.1,1,1,0,0.0087,0.0679,0.0,0.3619
Forster & Smith,unknown,1847,1,18,87468.8,1,1,0,0.0084,0.0679,0.0,0.3619
Stubbs & Church,unknown,1847,1,20,28138.9,1,1,0,0.0027,0.0755,0.0,0.3619
Jas Coster & Co,unknown,1847,1,18,81913.1,1,1,0,0.0079,0.0679,0.0,0.3618
Castelli G & Co,unknown,1847,1,18,86102.4,1,1,0,0.0083,0.0679,0.0,0.3618
Trueman & Cook,unknown,1847,1,15,168231.5,1,1,0,0.0162,0.0566,0.0,0.3617
Vyse Sons & Co,unknown,1866,1,19,49826.5,1,1,0,0.0048,0.0717,0.0,0.3617
Sargant Gordon & Co,unknown,1847,1,20,15509.3,1,1,0,0.0015,0.0755,0.0,0.3616
Evans Bros,unknown,1847,1,20,11718.4,1,1,0,0.0011,0.0755,0.0,0.3615
B C J Gray & Son,unknown,1847,1,19,30648.8,1,1,0,0.003,0.0717,0.0,0.3614
Collmann & Son,unknown,1847,1,15,138921.6,1,1,0,0.0134,0.0566,0.0,0.3612
S.P. Framjee & Co,unknown,1866,1,16,108969.0,1,1,0,0.0105,0.0604,0.0,0.3612
Reid Irving & Co,unknown,1847,1,13,201072.8,1,1,0,0.0194,0.0491,0.0,0.3612
Richardson & Co,unknown,1847,1,19,22138.4,1,1,0,0.0021,0.0717,0.0,0.3612
Sheatfield L & Co,unknown,1847,1,19,24754.0,1,1,0,0.0024,0.0717,0.0,0.3612
London River Place Bank Limited,clearing_or_joint_stock_bank,1866,1,12,224653.4,1,1,0,0.0217,0.0453,0.0,0.3611
S S Curtis,unknown,1847,1,19,12932.8,1,1,0,0.0012,0.0717,0.0,0.361
Greenwood & Butler,unknown,1847,1,17,63546.4,1,1,0,0.0061,0.0642,0.0,0.3608
Barclay Brothers & Co,clearing_or_joint_stock_bank,1847,1,15,119994.5,1,1,0,0.0116,0.0566,0.0,0.3608
M Levin & Adler,unknown,1857,1,17,58339.2,1,1,0,0.0056,0.0642,0.0,0.3608
E Sheldon & Co,unknown,1857,1,18,30269.8,1,1,0,0.0029,0.0679,0.0,0.3608
Moses Bros,unknown,1847,1,18,26898.1,1,1,0,0.0026,0.0679,0.0,0.3607
L Goddard,unknown,1847,1,18,28536.2,1,1,0,0.0028,0.0679,0.0,0.3607
R S Cox & Co,unknown,1847,1,18,27659.6,1,1,0,0.0027,0.0679,0.0,0.3607
William Thorne,unknown,1847,1,18,26866.6,1,1,0,0.0026,0.0679,0.0,0.3607
J Jacobson,unknown,1847,1,18,6430.4,1,1,0,0.0006,0.0679,0.0,0.3603
John Prince B S,unknown,1847,1,18,4318.5,1,1,0,0.0004,0.0679,0.0,0.3603
Chamberlain & Son,unknown,1847,1,17,31719.0,1,1,0,0.0031,0.0642,0.0,0.3602
Geo Laurence,unknown,1847,1,16,58152.1,1,1,0,0.0056,0.0604,0.0,0.3602
"Naylor, Benzon & Co",unknown,1866,1,12,172539.0,1,1,0,0.0167,0.0453,0.0,0.3601
E Price & Co,unknown,1847,1,16,47253.8,1,1,0,0.0046,0.0604,0.0,0.36
E Busch & Co,unknown,1847,1,16,46094.6,1,1,0,0.0045,0.0604,0.0,0.36
Church Son & Stubbs,unknown,1857,1,17,18535.7,1,1,0,0.0018,0.0642,0.0,0.36
Bomanjee Framjee Cama & Co,unknown,1866,1,14,105923.0,1,1,0,0.0102,0.0528,0.0,0.36
J G Behrends,unknown,1847,1,16,48181.3,1,1,0,0.0047,0.0604,0.0,0.36
Rob B Byass,unknown,1857,1,16,47123.9,1,1,0,0.0046,0.0604,0.0,0.36
Chartered Merchant Bank Of India Limited,foreign_or_colonial_financial,1866,1,4,400000.0,1,1,0,0.0386,0.0151,0.0,0.36
Henchell D & Co,unknown,1847,1,16,46728.3,1,1,0,0.0045,0.0604,0.0,0.36
S. Oppenheim & Sons,unknown,1866,1,10,220475.7,1,1,0,0.0213,0.0377,0.0,0.3599
Browning & Son,unknown,1847,1,17,13317.0,1,1,0,0.0013,0.0642,0.0,0.3599
Scheibler & Coenen,unknown,1866,1,16,39671.2,1,1,0,0.0038,0.0604,0.0,0.3598
I. W. Cater Inman & Co,unknown,1857,1,14,97718.9,1,1,0,0.0094,0.0528,0.0,0.3598
Geo Brettle & Co,unknown,1847,1,15,61882.7,1,1,0,0.006,0.0566,0.0,0.3597
J. C. Im Thurm & Co,unknown,1866,1,12,146127.6,1,1,0,0.0141,0.0453,0.0,0.3596
G&R Dewhurst Ltd,unknown,1914,1,8,263036.1,1,1,0,0.0254,0.0302,0.0,0.3596
Spence B & Co,unknown,1847,1,15,56897.5,1,1,0,0.0055,0.0566,0.0,0.3596
H Goez,unknown,1847,1,16,22380.9,1,1,0,0.0022,0.0604,0.0,0.3595
Caldecott P & Co,unknown,1847,1,15,49639.3,1,1,0,0.0048,0.0566,0.0,0.3594
W Anderson Sew & Co,unknown,1847,1,16,18455.3,1,1,0,0.0018,0.0604,0.0,0.3594
R. B. Byass,unknown,1866,1,15,46562.8,1,1,0,0.0045,0.0566,0.0,0.3594
Josh Dowson & Co,unknown,1847,1,15,41205.1,1,1,0,0.004,0.0566,0.0,0.3593
Magniac J & Co,unknown,1847,1,9,216940.2,1,1,0,0.021,0.034,0.0,0.3593
A Macdonald & Co,unknown,1847,1,15,42553.8,1,1,0,0.0041,0.0566,0.0,0.3593
G Houghton & Sons,unknown,1847,1,16,6784.2,1,1,0,0.0007,0.0604,0.0,0.3592
Mccalmont Brothers & Co,unknown,1857,1,8,243828.7,1,1,0,0.0236,0.0302,0.0,0.3592
Colchester & Neph,unknown,1847,1,16,7824.9,1,1,0,0.0008,0.0604,0.0,0.3592
C & B Hooper,unknown,1847,1,16,7829.0,1,1,0,0.0008,0.0604,0.0,0.3592
"Gilmour, Rankin, Strang & Co.",unknown,1866,1,15,25061.9,1,1,0,0.0024,0.0566,0.0,0.359
Colonial Company Limited,foreign_or_colonial_financial,1866,1,8,232767.3,1,1,0,0.0225,0.0302,0.0,0.359
Bank Of Madras,foreign_or_colonial_financial,1866,1,15,26365.0,1,1,0,0.0025,0.0566,0.0,0.359
I. Leonino & Co,unknown,1866,1,12,114840.0,1,1,0,0.0111,0.0453,0.0,0.359
Peck Bros & Co,unknown,1847,1,15,29435.9,1,1,0,0.0028,0.0566,0.0,0.359
Pastre Brothers,unknown,1866,1,12,106995.2,1,1,0,0.0103,0.0453,0.0,0.3589
Read Dodgson & Co,unknown,1847,1,15,23192.9,1,1,0,0.0022,0.0566,0.0,0.3589
J Walker W W,unknown,1847,1,15,14747.9,1,1,0,0.0014,0.0566,0.0,0.3588
R Cunliffe Son & Co,unknown,1857,1,10,162713.9,1,1,0,0.0157,0.0377,0.0,0.3588
Stone & Kemp,unknown,1847,1,14,46153.0,1,1,0,0.0045,0.0528,0.0,0.3588
R A Husey,unknown,1847,1,15,15864.0,1,1,0,0.0015,0.0566,0.0,0.3588
Luckie Bros & Co,unknown,1847,1,15,17332.4,1,1,0,0.0017,0.0566,0.0,0.3588
C Devaux & Co,unknown,1847,1,13,75327.8,1,1,0,0.0073,0.0491,0.0,0.3588
Bank Of Hindustan Limited,foreign_or_colonial_financial,1866,1,6,279238.7,1,1,0,0.027,0.0226,0.0,0.3588
Denham Smart & Co,unknown,1847,1,15,14199.8,1,1,0,0.0014,0.0566,0.0,0.3588
Peter Rolt & Co,unknown,1866,1,13,76369.6,1,1,0,0.0074,0.0491,0.0,0.3588
Richard Hooper & Sons,unknown,1866,1,14,46712.1,1,1,0,0.0045,0.0528,0.0,0.3588
T & D Henry,unknown,1847,1,15,15724.3,1,1,0,0.0015,0.0566,0.0,0.3588
James Lang,unknown,1857,1,14,41067.1,1,1,0,0.004,0.0528,0.0,0.3587
Richard Thornton,unknown,1847,1,15,13111.3,1,1,0,0.0013,0.0566,0.0,0.3587
John Schwartz,unknown,1866,1,15,10232.7,1,1,0,0.001,0.0566,0.0,0.3587
Lloyd & Attree,unknown,1866,1,15,11244.2,1,1,0,0.0011,0.0566,0.0,0.3587
Laing & Bruxner,unknown,1847,1,14,34389.4,1,1,0,0.0033,0.0528,0.0,0.3586
R J Bagshaw,unknown,1847,1,13,59677.6,1,1,0,0.0058,0.0491,0.0,0.3585
C Lester & Co,unknown,1847,1,14,24074.8,1,1,0,0.0023,0.0528,0.0,0.3584
Barnett & Co,unknown,1866,1,6,258606.9,1,1,0,0.025,0.0226,0.0,0.3584
W Brandt'S Sons & Co,unknown,1866,1,12,84283.1,1,1,0,0.0081,0.0453,0.0,0.3584
Streckeisen Bischoff & Co,unknown,1866,1,13,47850.8,1,1,0,0.0046,0.0491,0.0,0.3583
Drewett & Fowler,unknown,1847,1,10,135981.2,1,1,0,0.0131,0.0377,0.0,0.3583
John Williams & Sons,unknown,1857,1,14,18313.4,1,1,0,0.0018,0.0528,0.0,0.3583
R Rodger,unknown,1857,1,10,135776.8,1,1,0,0.0131,0.0377,0.0,0.3583
Davidson & Peter,unknown,1847,1,14,12416.3,1,1,0,0.0012,0.0528,0.0,0.3582
F. T. Elworthy,unknown,1866,1,11,102652.5,1,1,0,0.0099,0.0415,0.0,0.3582
Rossetto Carati & Co,unknown,1847,1,13,37475.9,1,1,0,0.0036,0.0491,0.0,0.3581
Robinson & Fleming,unknown,1866,1,11,98829.3,1,1,0,0.0095,0.0415,0.0,0.3581
James Steains & Co,unknown,1866,1,13,39511.4,1,1,0,0.0038,0.0491,0.0,0.3581
Adams & Co,unknown,1847,1,13,38309.9,1,1,0,0.0037,0.0491,0.0,0.3581
Barnetts Hoare & Co On Account Of The Clydesdale Banking Company,unknown,1857,1,4,302771.3,1,1,0,0.0292,0.0151,0.0,0.3581
Gillespies M & Co,unknown,1847,1,12,54797.0,1,1,0,0.0053,0.0453,0.0,0.3579
E H Brandts Son & Co,unknown,1857,1,12,58408.1,1,1,0,0.0056,0.0453,0.0,0.3579
Cruikshank M & Co,unknown,1847,1,13,30207.4,1,1,0,0.0029,0.0491,0.0,0.3579
W M Andrew & Sons,unknown,1866,1,12,54748.6,1,1,0,0.0053,0.0453,0.0,0.3579
Thomas Gabriel & Son,unknown,1847,1,13,28571.1,1,1,0,0.0028,0.0491,0.0,0.3579
Ritchie Bros,unknown,1847,1,13,24289.6,1,1,0,0.0023,0.0491,0.0,0.3578
Bank Of New South Wales,foreign_or_colonial_financial,1866,1,3,316000.0,1,1,0,0.0305,0.0113,0.0,0.3578
W Pemberton & Co,unknown,1847,1,13,21269.2,1,1,0,0.0021,0.0491,0.0,0.3578
Schunck Souchay & Co,unknown,1857,1,9,133838.2,1,1,0,0.0129,0.034,0.0,0.3577
Warre Bros,unknown,1847,1,13,16183.7,1,1,0,0.0016,0.0491,0.0,0.3577
"L. Goddard, Finch & Co",unknown,1866,1,13,16738.4,1,1,0,0.0016,0.0491,0.0,0.3577
Lyall Bros & Co,unknown,1847,1,11,69449.2,1,1,0,0.0067,0.0415,0.0,0.3576
H J Einthoven & Sons,unknown,1857,1,10,101176.6,1,1,0,0.0098,0.0377,0.0,0.3576
Jas Deacon & Sons,unknown,1847,1,13,13730.0,1,1,0,0.0013,0.0491,0.0,0.3576
Leonino Bros,unknown,1847,1,11,69310.1,1,1,0,0.0067,0.0415,0.0,0.3576
T.M. Mackay & Co,unknown,1866,1,12,41439.0,1,1,0,0.004,0.0453,0.0,0.3576
Josh Holl & Co,unknown,1847,1,13,6031.3,1,1,0,0.0006,0.0491,0.0,0.3575
Todd Bros,unknown,1847,1,13,9196.3,1,1,0,0.0009,0.0491,0.0,0.3575
Robinson & Flemming,unknown,1857,1,11,68694.9,1,1,0,0.0066,0.0415,0.0,0.3575
Barry & Hayward,unknown,1847,1,13,7593.3,1,1,0,0.0007,0.0491,0.0,0.3575
Joseph Anderson & Son,unknown,1866,1,12,34443.9,1,1,0,0.0033,0.0453,0.0,0.3575
Arthur & Co,unknown,1866,1,10,91624.9,1,1,0,0.0089,0.0377,0.0,0.3574
C & J Webb & Co,unknown,1847,1,12,28970.5,1,1,0,0.0028,0.0453,0.0,0.3574
H Hoffmann,unknown,1857,1,12,28198.7,1,1,0,0.0027,0.0453,0.0,0.3573
Ellis Everington & Co,unknown,1857,1,10,85429.1,1,1,0,0.0083,0.0377,0.0,0.3573
"John Jones, Lloyd",unknown,1847,1,12,23699.8,1,1,0,0.0023,0.0453,0.0,0.3573
H Casement & Son,unknown,1847,1,12,18692.9,1,1,0,0.0018,0.0453,0.0,0.3572
W. & T. Devas & Co,unknown,1857,1,12,20600.8,1,1,0,0.002,0.0453,0.0,0.3572
Puzey & Pallett,unknown,1847,1,12,23087.9,1,1,0,0.0022,0.0453,0.0,0.3572
G Matveieff,unknown,1847,1,12,13855.4,1,1,0,0.0013,0.0453,0.0,0.3571
Steven Brothers,unknown,1866,1,6,190961.6,1,1,0,0.0184,0.0226,0.0,0.3571
J Leonino & Co,unknown,1857,1,10,74117.9,1,1,0,0.0072,0.0377,0.0,0.3571
C Hancock C S,unknown,1847,1,12,16600.1,1,1,0,0.0016,0.0453,0.0,0.3571
Vivanti Annett & Co,unknown,1866,1,12,15058.3,1,1,0,0.0015,0.0453,0.0,0.3571
Todhunter & Sancton,unknown,1847,1,12,17415.6,1,1,0,0.0017,0.0453,0.0,0.3571
Laforest & Co,unknown,1847,1,12,9796.8,1,1,0,0.0009,0.0453,0.0,0.357
Sambourne & Bell,unknown,1847,1,12,8931.1,1,1,0,0.0009,0.0453,0.0,0.357
George Cross & Co,unknown,1866,1,12,11374.3,1,1,0,0.0011,0.0453,0.0,0.357
Fras Chambers,unknown,1847,1,12,10403.3,1,1,0,0.001,0.0453,0.0,0.357
M L Bensusan & Co,unknown,1847,1,12,9960.9,1,1,0,0.001,0.0453,0.0,0.357
J F Burrell,unknown,1847,1,12,11083.6,1,1,0,0.0011,0.0453,0.0,0.357
J M Waters,unknown,1847,1,12,10852.3,1,1,0,0.001,0.0453,0.0,0.357
C Trueman & Co,unknown,1847,1,11,34054.3,1,1,0,0.0033,0.0415,0.0,0.3569
Edward Robinson,unknown,1847,1,11,33034.4,1,1,0,0.0032,0.0415,0.0,0.3569
Cassavetti C & Co,unknown,1847,1,11,27809.4,1,1,0,0.0027,0.0415,0.0,0.3568
W Mitcalfe,unknown,1847,1,11,24888.3,1,1,0,0.0024,0.0415,0.0,0.3567
"Soanes, Son & Page",unknown,1866,1,8,112536.3,1,1,0,0.0109,0.0302,0.0,0.3567
Kelsalls & Co,unknown,1847,1,10,54376.3,1,1,0,0.0053,0.0377,0.0,0.3567
Bradbury Greatorex & Co,unknown,1857,1,10,54910.1,1,1,0,0.0053,0.0377,0.0,0.3567
J Bult Son & Co,unknown,1847,1,9,80572.4,1,1,0,0.0078,0.034,0.0,0.3567
National Bank Of India Ltd,foreign_or_colonial_financial,1914,1,2,290808.1,1,1,0,0.0281,0.0075,0.0,0.3567
Union Bank Of Canada,clearing_or_joint_stock_bank,1914,1,7,142161.4,1,1,0,0.0137,0.0264,0.0,0.3567
H F Wallaston,unknown,1847,1,11,20422.7,1,1,0,0.002,0.0415,0.0,0.3566
Gilbert Kerr & Co,unknown,1866,1,11,19634.2,1,1,0,0.0019,0.0415,0.0,0.3566
T. W. Smith & Co,unknown,1857,1,11,22222.1,1,1,0,0.0021,0.0415,0.0,0.3566
Trimmer & Grainger,unknown,1866,1,11,20571.6,1,1,0,0.002,0.0415,0.0,0.3566
Leaf Coles Smith & Co,unknown,1847,1,10,46947.4,1,1,0,0.0045,0.0377,0.0,0.3566
Hyde & Hodge & Co,unknown,1847,1,11,14903.2,1,1,0,0.0014,0.0415,0.0,0.3565
Edward Meyer,unknown,1847,1,10,44845.0,1,1,0,0.0043,0.0377,0.0,0.3565
J Stuart & Son,unknown,1847,1,11,12645.8,1,1,0,0.0012,0.0415,0.0,0.3565
J Deacon & Sons,unknown,1847,1,11,14233.9,1,1,0,0.0014,0.0415,0.0,0.3565
W. Rattray & Co,unknown,1866,1,11,15877.4,1,1,0,0.0015,0.0415,0.0,0.3565
B Simon & A Jacoby,unknown,1857,1,8,101706.3,1,1,0,0.0098,0.0302,0.0,0.3565
Geo Soanes & Co,unknown,1857,1,10,44889.1,1,1,0,0.0043,0.0377,0.0,0.3565
Lackerstein J & Co,unknown,1847,1,11,15143.5,1,1,0,0.0015,0.0415,0.0,0.3565
Allnutts & Arbain,unknown,1847,1,11,10650.2,1,1,0,0.001,0.0415,0.0,0.3564
Langton & Bicknell,unknown,1847,1,10,35790.8,1,1,0,0.0035,0.0377,0.0,0.3564
Keith Shoobridge & Co,unknown,1847,1,11,8104.0,1,1,0,0.0008,0.0415,0.0,0.3564
Jno Feltham & Co,unknown,1847,1,11,10304.6,1,1,0,0.001,0.0415,0.0,0.3564
W E Franks & Son,unknown,1857,1,11,11307.1,1,1,0,0.0011,0.0415,0.0,0.3564
Hugh Jones & Co,unknown,1866,1,11,8699.4,1,1,0,0.0008,0.0415,0.0,0.3564
Aug: Wehmer,unknown,1866,1,11,8428.5,1,1,0,0.0008,0.0415,0.0,0.3564
Wilson & Lancaster,unknown,1847,1,10,35645.7,1,1,0,0.0034,0.0377,0.0,0.3563
G Loder,unknown,1857,1,4,209526.2,1,1,0,0.0202,0.0151,0.0,0.3563
Stone & Gunter,unknown,1847,1,11,5759.3,1,1,0,0.0006,0.0415,0.0,0.3563
Lewellin Truman & Co,unknown,1847,1,10,35112.5,1,1,0,0.0034,0.0377,0.0,0.3563
J & T Hepburn & Sons,unknown,1866,1,10,27638.1,1,1,0,0.0027,0.0377,0.0,0.3562
Foster & Porter & Co,unknown,1847,1,10,29995.2,1,1,0,0.0029,0.0377,0.0,0.3562
Bennison Lermard,unknown,1857,1,9,55207.2,1,1,0,0.0053,0.034,0.0,0.3562
Smith & Simmonds,unknown,1847,1,9,54405.7,1,1,0,0.0053,0.034,0.0,0.3562
H.J. Enthoven & Sons,unknown,1866,1,8,89306.2,1,1,0,0.0086,0.0302,0.0,0.3562
Price Coker & Co,unknown,1857,1,10,25920.6,1,1,0,0.0025,0.0377,0.0,0.3562
Bradbury G & Co,unknown,1847,1,9,56988.8,1,1,0,0.0055,0.034,0.0,0.3562
John Mollett,unknown,1847,1,9,53395.0,1,1,0,0.0052,0.034,0.0,0.3561
Glyn & Co O/A Union Bank Of Scotland,foreign_or_colonial_financial,1857,1,1,285729.9,1,1,0,0.0276,0.0038,0.0,0.3561
Walker Parker & Co,unknown,1847,1,9,54058.9,1,1,0,0.0052,0.034,0.0,0.3561
G Soanes,unknown,1847,1,9,48198.6,1,1,0,0.0047,0.034,0.0,0.356
The London Brazilian Bank,clearing_or_joint_stock_bank,1866,1,1,282000.0,1,1,0,0.0272,0.0038,0.0,0.356
N E Bieber,unknown,1847,1,10,15609.1,1,1,0,0.0015,0.0377,0.0,0.356
J Harrison & Co,unknown,1847,1,10,16512.0,1,1,0,0.0016,0.0377,0.0,0.356
Turck Barclay & Co,clearing_or_joint_stock_bank,1857,1,10,16278.0,1,1,0,0.0016,0.0377,0.0,0.356
John Locke & Co,unknown,1847,1,10,16243.5,1,1,0,0.0016,0.0377,0.0,0.356
C Walton & Sons,unknown,1857,1,10,16462.0,1,1,0,0.0016,0.0377,0.0,0.356
H. W. Elder & Son,unknown,1866,1,9,40914.8,1,1,0,0.004,0.034,0.0,0.3559
D. E. Power,unknown,1866,1,10,10848.4,1,1,0,0.001,0.0377,0.0,0.3559
W. Spotten & Co,unknown,1866,1,10,14756.2,1,1,0,0.0014,0.0377,0.0,0.3559
Thurburn & Co,unknown,1847,1,9,42183.8,1,1,0,0.0041,0.034,0.0,0.3559
Roger Cunliffe,unknown,1847,1,8,72874.9,1,1,0,0.007,0.0302,0.0,0.3559
Thomas McGregor,unknown,1847,1,10,11665.8,1,1,0,0.0011,0.0377,0.0,0.3559
A G Da Costa,unknown,1857,1,10,10678.6,1,1,0,0.001,0.0377,0.0,0.3559
T Shephens & Co,unknown,1847,1,10,11462.2,1,1,0,0.0011,0.0377,0.0,0.3559
Matthew Bros & B,unknown,1847,1,10,11901.8,1,1,0,0.0011,0.0377,0.0,0.3559
Cockin & Seamer,unknown,1847,1,10,10443.8,1,1,0,0.001,0.0377,0.0,0.3559
Thomas & Chapman,unknown,1847,1,9,42194.4,1,1,0,0.0041,0.034,0.0,0.3559
C Stainbank & Son,unknown,1847,1,10,14775.5,1,1,0,0.0014,0.0377,0.0,0.3559
Aviesim & Co,unknown,1866,1,9,34595.9,1,1,0,0.0033,0.034,0.0,0.3558
H & E Muggeridge,unknown,1847,1,10,8932.0,1,1,0,0.0009,0.0377,0.0,0.3558
Sam & Phillips & Co,unknown,1847,1,9,38166.0,1,1,0,0.0037,0.034,0.0,0.3558
J P Thol & Co,unknown,1847,1,10,4677.5,1,1,0,0.0005,0.0377,0.0,0.3558
Byass & Son,unknown,1866,1,8,59925.4,1,1,0,0.0058,0.0302,0.0,0.3557
P Dickson & Co,unknown,1847,1,9,29366.6,1,1,0,0.0028,0.034,0.0,0.3557
Cavan Brothers & Co,unknown,1857,1,6,115135.2,1,1,0,0.0111,0.0226,0.0,0.3556
John Pirie,unknown,1847,1,9,28466.5,1,1,0,0.0027,0.034,0.0,0.3556
T. M. Comas & Co,unknown,1866,1,9,25732.0,1,1,0,0.0025,0.034,0.0,0.3556
Imp Merchant Credit Limited,unknown,1866,1,4,175000.0,1,1,0,0.0169,0.0151,0.0,0.3556
H D & J Blyth & Green,unknown,1847,1,8,56940.4,1,1,0,0.0055,0.0302,0.0,0.3556
R. Cunliffe Son & Co,unknown,1866,1,4,170000.0,1,1,0,0.0164,0.0151,0.0,0.3555
Coulon & Co,unknown,1857,1,9,20085.6,1,1,0,0.0019,0.034,0.0,0.3555
Barker & Co,unknown,1847,1,9,13106.8,1,1,0,0.0013,0.034,0.0,0.3554
T & W Smith,unknown,1866,1,9,14123.9,1,1,0,0.0014,0.034,0.0,0.3554
Gillespie Churchill & Co,unknown,1866,1,8,42089.6,1,1,0,0.0041,0.0302,0.0,0.3554
H A S & H Pigeon,unknown,1847,1,8,46262.4,1,1,0,0.0045,0.0302,0.0,0.3554
I F Pawson & Co,unknown,1857,1,8,47409.8,1,1,0,0.0046,0.0302,0.0,0.3554
H. W. Eaton,unknown,1866,1,6,103359.6,1,1,0,0.01,0.0226,0.0,0.3554
W Anderson Hunt & Co,unknown,1857,1,9,17352.0,1,1,0,0.0017,0.034,0.0,0.3554
Houghton Burnett & Co,unknown,1847,1,9,12408.5,1,1,0,0.0012,0.034,0.0,0.3553
Howse & Mead,unknown,1857,1,9,11409.4,1,1,0,0.0011,0.034,0.0,0.3553
Heywood & Co,unknown,1857,1,3,184334.5,1,1,0,0.0178,0.0113,0.0,0.3553
J Collinson,unknown,1857,1,9,8872.1,1,1,0,0.0009,0.034,0.0,0.3553
Hood & Ward,unknown,1857,1,9,8022.6,1,1,0,0.0008,0.034,0.0,0.3553
Richard Walford,unknown,1847,1,9,9983.5,1,1,0,0.001,0.034,0.0,0.3553
Hinton Brothers & Co,unknown,1857,1,9,9201.1,1,1,0,0.0009,0.034,0.0,0.3553
Abet Brothers,unknown,1857,1,9,10802.1,1,1,0,0.001,0.034,0.0,0.3553
Stiebel Bros,unknown,1847,1,8,34348.2,1,1,0,0.0033,0.0302,0.0,0.3552
Jacob Walter & Co,unknown,1914,1,7,63587.5,1,1,0,0.0061,0.0264,0.0,0.3552
Weber & Co,unknown,1847,1,8,36009.1,1,1,0,0.0035,0.0302,0.0,0.3552
Tanner & Ward,unknown,1847,1,9,5377.0,1,1,0,0.0005,0.034,0.0,0.3552
D. D. Cama & Co,unknown,1866,1,7,64075.0,1,1,0,0.0062,0.0264,0.0,0.3552
J & T Hepburn,unknown,1847,1,9,7556.3,1,1,0,0.0007,0.034,0.0,0.3552
Henry Kendall & Sons,unknown,1866,1,8,37603.0,1,1,0,0.0036,0.0302,0.0,0.3552
Sims Williams & Co,unknown,1847,1,8,32628.1,1,1,0,0.0032,0.0302,0.0,0.3552
Price & Pierce Ltd,unknown,1914,1,7,64340.0,1,1,0,0.0062,0.0264,0.0,0.3552
H Cox & Co,unknown,1857,1,8,29488.1,1,1,0,0.0028,0.0302,0.0,0.3551
J. Mosenthal & Co,unknown,1866,1,8,29828.6,1,1,0,0.0029,0.0302,0.0,0.3551
W J & H Beale,unknown,1847,1,8,29656.7,1,1,0,0.0029,0.0302,0.0,0.3551
Chalmers G & Co,unknown,1847,1,7,58670.7,1,1,0,0.0057,0.0264,0.0,0.3551
P & C Van Notten & Co,unknown,1866,1,8,27388.0,1,1,0,0.0026,0.0302,0.0,0.3551
J Kingston & Co,unknown,1847,1,8,29769.1,1,1,0,0.0029,0.0302,0.0,0.3551
Norris & Chaplin,unknown,1866,1,8,30396.7,1,1,0,0.0029,0.0302,0.0,0.3551
T. Lowndes & Co,unknown,1866,1,8,24549.7,1,1,0,0.0024,0.0302,0.0,0.355
J D Thomson,unknown,1847,1,8,21446.4,1,1,0,0.0021,0.0302,0.0,0.355
J W Cater Collett & Co,unknown,1847,1,8,22761.0,1,1,0,0.0022,0.0302,0.0,0.355
"Bagallay, Westall & Spence",unknown,1866,1,8,25287.6,1,1,0,0.0024,0.0302,0.0,0.355
H Bull,unknown,1847,1,8,22370.7,1,1,0,0.0022,0.0302,0.0,0.355
Eyles Evans & Co,unknown,1857,1,8,18747.1,1,1,0,0.0018,0.0302,0.0,0.3549
Shaw & Caffary,unknown,1847,1,8,18127.4,1,1,0,0.0018,0.0302,0.0,0.3549
H & E Downs,unknown,1847,1,8,13195.9,1,1,0,0.0013,0.0302,0.0,0.3548
J. & C. Boyd & Co,unknown,1857,1,7,44251.3,1,1,0,0.0043,0.0264,0.0,0.3548
D Satow & Co,unknown,1847,1,8,11296.8,1,1,0,0.0011,0.0302,0.0,0.3548
Broadwood & Barclay,clearing_or_joint_stock_bank,1857,1,7,44659.9,1,1,0,0.0043,0.0264,0.0,0.3548
Thomas Russell & Co,unknown,1847,1,8,13988.3,1,1,0,0.0014,0.0302,0.0,0.3548
Frederick Harrison & Co,unknown,1847,1,8,11162.6,1,1,0,0.0011,0.0302,0.0,0.3548
Ovingtons & Co,unknown,1847,1,8,11759.7,1,1,0,0.0011,0.0302,0.0,0.3548
Brockelbank & Rolt,unknown,1857,1,8,16345.0,1,1,0,0.0016,0.0302,0.0,0.3548
F. Bennoch & Co,unknown,1866,1,8,13279.6,1,1,0,0.0013,0.0302,0.0,0.3548
W. Vaughan & Co,unknown,1866,1,8,14278.9,1,1,0,0.0014,0.0302,0.0,0.3548
J Gore & Co,unknown,1847,1,8,16135.8,1,1,0,0.0016,0.0302,0.0,0.3548
F. Gade & Son,unknown,1866,1,8,15751.0,1,1,0,0.0015,0.0302,0.0,0.3548
Fenn Kemm & Fenn,unknown,1857,1,8,9267.3,1,1,0,0.0009,0.0302,0.0,0.3547
Northumberland & Durham Coal Co,unknown,1857,1,8,8870.5,1,1,0,0.0009,0.0302,0.0,0.3547
Josh Jackson S & Co,unknown,1847,1,8,7416.0,1,1,0,0.0007,0.0302,0.0,0.3547
F Castelli,unknown,1857,1,8,7628.8,1,1,0,0.0007,0.0302,0.0,0.3547
W. E. Franks & Son,unknown,1866,1,8,8667.4,1,1,0,0.0008,0.0302,0.0,0.3547
Alison Cumberlege & Co,unknown,1847,1,7,38329.4,1,1,0,0.0037,0.0264,0.0,0.3547
Spalding & Hodges,unknown,1857,1,8,8668.4,1,1,0,0.0008,0.0302,0.0,0.3547
Barclay & Friend,clearing_or_joint_stock_bank,1847,1,8,8721.2,1,1,0,0.0008,0.0302,0.0,0.3547
"Copestake Moore, Crampton & Co",unknown,1857,1,7,35890.5,1,1,0,0.0035,0.0264,0.0,0.3547
Esdaile & Co,unknown,1866,1,8,8331.6,1,1,0,0.0008,0.0302,0.0,0.3547
Bedwell Yates & Co,unknown,1847,1,8,8317.5,1,1,0,0.0008,0.0302,0.0,0.3547
L. Hart & Son,unknown,1866,1,7,36609.2,1,1,0,0.0035,0.0264,0.0,0.3547
James Fowa,unknown,1857,1,6,63486.1,1,1,0,0.0061,0.0226,0.0,0.3546
Rodocanachi S & Co,unknown,1847,1,7,30937.7,1,1,0,0.003,0.0264,0.0,0.3546
J Littlewood & Co,unknown,1847,1,8,5882.0,1,1,0,0.0006,0.0302,0.0,0.3546
W & I Hall & Co,unknown,1866,1,7,31329.1,1,1,0,0.003,0.0264,0.0,0.3546
"Crocker, Sons & Turner",unknown,1866,1,7,30892.0,1,1,0,0.003,0.0264,0.0,0.3546
Fullers & Co,unknown,1847,1,5,89330.9,1,1,0,0.0086,0.0189,0.0,0.3546
Jno Cape,unknown,1847,1,8,4209.1,1,1,0,0.0004,0.0302,0.0,0.3546
Robert Benson & Co,unknown,1866,1,4,115514.8,1,1,0,0.0112,0.0151,0.0,0.3545
Blyth & Greene,unknown,1847,1,7,29314.8,1,1,0,0.0028,0.0264,0.0,0.3545
Bardgett & Picard,unknown,1857,1,7,20954.5,1,1,0,0.002,0.0264,0.0,0.3544
"Kess, Scott & Co",unknown,1866,1,7,22517.6,1,1,0,0.0022,0.0264,0.0,0.3544
H Pollacks Erben,unknown,1847,1,7,21122.3,1,1,0,0.002,0.0264,0.0,0.3544
John Hubbard & Co,unknown,1866,1,6,46897.1,1,1,0,0.0045,0.0226,0.0,0.3543
John Gladstone & Co,unknown,1857,1,7,17700.5,1,1,0,0.0017,0.0264,0.0,0.3543
T R & W Browning & Co,unknown,1847,1,7,15789.0,1,1,0,0.0015,0.0264,0.0,0.3543
J Lunham & Co,unknown,1847,1,7,16898.9,1,1,0,0.0016,0.0264,0.0,0.3543
B W Laroche,unknown,1847,1,7,15864.8,1,1,0,0.0015,0.0264,0.0,0.3543
C Tottie & Sons,unknown,1857,1,7,18483.7,1,1,0,0.0018,0.0264,0.0,0.3543
Rob & Carter & Co,unknown,1847,1,7,15391.1,1,1,0,0.0015,0.0264,0.0,0.3543
A & J Hill,unknown,1847,1,7,15566.2,1,1,0,0.0015,0.0264,0.0,0.3543
William Leask,unknown,1857,1,7,13096.4,1,1,0,0.0013,0.0264,0.0,0.3542
Sellicoe & Wix,unknown,1847,1,7,11726.9,1,1,0,0.0011,0.0264,0.0,0.3542
Vaughan & Sheldon,unknown,1847,1,7,11694.7,1,1,0,0.0011,0.0264,0.0,0.3542
I B W Nevill & Co,unknown,1857,1,7,13898.0,1,1,0,0.0013,0.0264,0.0,0.3542
Fras Ede & Son,unknown,1847,1,7,11586.3,1,1,0,0.0011,0.0264,0.0,0.3542
C & W Brunshill,unknown,1847,1,7,9948.0,1,1,0,0.001,0.0264,0.0,0.3542
James Matthews & Co,unknown,1866,1,7,12559.7,1,1,0,0.0012,0.0264,0.0,0.3542
W N De Mattos,unknown,1857,1,7,10400.2,1,1,0,0.001,0.0264,0.0,0.3542
Higgins Eagle & Hutchinson,unknown,1866,1,7,11417.5,1,1,0,0.0011,0.0264,0.0,0.3542
W Venning & Co,unknown,1847,1,7,9960.0,1,1,0,0.001,0.0264,0.0,0.3542
Hardcastle & Co.,unknown,1866,1,7,11791.0,1,1,0,0.0011,0.0264,0.0,0.3542
London & Venezuela Bank Limited,clearing_or_joint_stock_bank,1866,1,6,41011.0,1,1,0,0.004,0.0226,0.0,0.3542
Phillips & Burton,unknown,1847,1,7,11323.7,1,1,0,0.0011,0.0264,0.0,0.3542
"Quenene, Furney & Co",unknown,1857,1,2,157927.1,1,1,0,0.0153,0.0075,0.0,0.3542
L Bunn & Co,unknown,1857,1,7,12765.6,1,1,0,0.0012,0.0264,0.0,0.3542
Rayner & Co,unknown,1866,1,7,14037.5,1,1,0,0.0014,0.0264,0.0,0.3542
Swewells & Neck,unknown,1857,1,6,44537.6,1,1,0,0.0043,0.0226,0.0,0.3542
Churchill & Son,unknown,1847,1,6,44410.4,1,1,0,0.0043,0.0226,0.0,0.3542
Dickson Bros & Co,unknown,1847,1,7,14995.0,1,1,0,0.0014,0.0264,0.0,0.3542
T P Lloyd & Co,unknown,1847,1,7,11477.8,1,1,0,0.0011,0.0264,0.0,0.3542
E Bernoulli,unknown,1847,1,7,10070.8,1,1,0,0.001,0.0264,0.0,0.3542
"Ellis, Howell & Co",unknown,1866,1,6,43867.4,1,1,0,0.0042,0.0226,0.0,0.3542
M J Soares,unknown,1847,1,7,8732.5,1,1,0,0.0008,0.0264,0.0,0.3541
Mitchell Yeames & Co,unknown,1866,1,5,65324.2,1,1,0,0.0063,0.0189,0.0,0.3541
"Dennistoun, Cross & Co",unknown,1866,1,4,97344.6,1,1,0,0.0094,0.0151,0.0,0.3541
W Leschallas,unknown,1847,1,7,7256.9,1,1,0,0.0007,0.0264,0.0,0.3541
Jas Renshaw & Co,unknown,1847,1,7,9684.5,1,1,0,0.0009,0.0264,0.0,0.3541
J Hartley & Co,unknown,1857,1,7,9028.8,1,1,0,0.0009,0.0264,0.0,0.3541
Thomas Urwick Son & D,unknown,1847,1,7,6809.8,1,1,0,0.0007,0.0264,0.0,0.3541
Fras Rebello,unknown,1847,1,7,7126.8,1,1,0,0.0007,0.0264,0.0,0.3541
Z Harris & Sons,unknown,1847,1,7,7657.5,1,1,0,0.0007,0.0264,0.0,0.3541
Pickernell Bros,unknown,1847,1,7,4334.4,1,1,0,0.0004,0.0264,0.0,0.354
"Tamvaco, Micrulachi & Co",unknown,1866,1,6,31521.1,1,1,0,0.003,0.0226,0.0,0.354
I.H.H. Holm,unknown,1866,1,6,31678.8,1,1,0,0.0031,0.0226,0.0,0.354
Graham Tobias & Co,unknown,1857,1,6,25755.9,1,1,0,0.0025,0.0226,0.0,0.3539
N Cohen,unknown,1857,1,5,52029.9,1,1,0,0.005,0.0189,0.0,0.3538
L H Haslewood,unknown,1847,1,6,23823.7,1,1,0,0.0023,0.0226,0.0,0.3538
C Sutherland & Co,unknown,1857,1,6,23410.5,1,1,0,0.0023,0.0226,0.0,0.3538
"Iwing, Ebsworth & Holmes",unknown,1866,1,5,50642.9,1,1,0,0.0049,0.0189,0.0,0.3538
Rehder & Baldemann,unknown,1857,1,6,18197.9,1,1,0,0.0018,0.0226,0.0,0.3538
N Garrett & Sons,unknown,1866,1,6,19799.4,1,1,0,0.0019,0.0226,0.0,0.3538
Robert Christie & Co,unknown,1866,1,6,13986.4,1,1,0,0.0014,0.0226,0.0,0.3537
Royal Bank Of Canada,clearing_or_joint_stock_bank,1914,1,2,135458.0,1,1,0,0.0131,0.0075,0.0,0.3537
Jno Schneider & Co,unknown,1847,1,5,44278.9,1,1,0,0.0043,0.0189,0.0,0.3537
N Fisher & Sons,unknown,1866,1,6,16024.1,1,1,0,0.0015,0.0226,0.0,0.3537
Thomson Hankey & Co,unknown,1847,1,6,16929.6,1,1,0,0.0016,0.0226,0.0,0.3537
E Wigan & Co,unknown,1847,1,5,44877.3,1,1,0,0.0043,0.0189,0.0,0.3537
George Smeed,unknown,1866,1,6,14646.3,1,1,0,0.0014,0.0226,0.0,0.3537
"Gellatly, Hankey & Sewell",unknown,1866,1,6,18031.1,1,1,0,0.0017,0.0226,0.0,0.3537
Jeff Pelly,unknown,1847,1,6,16148.0,1,1,0,0.0016,0.0226,0.0,0.3537
H Hewetson,unknown,1847,1,6,8981.2,1,1,0,0.0009,0.0226,0.0,0.3536
Christopher Sutherland,unknown,1847,1,6,9751.9,1,1,0,0.0009,0.0226,0.0,0.3536
Lat Discount Co Lo,unknown,1857,1,3,100272.1,1,1,0,0.0097,0.0113,0.0,0.3536
Bennock & T,unknown,1847,1,6,13351.8,1,1,0,0.0013,0.0226,0.0,0.3536
Montoya S & Co,unknown,1847,1,5,38155.4,1,1,0,0.0037,0.0189,0.0,0.3536
Pye Field & T,unknown,1847,1,6,12745.9,1,1,0,0.0012,0.0226,0.0,0.3536
Lascaridi & Co,unknown,1857,1,6,12359.4,1,1,0,0.0012,0.0226,0.0,0.3536
W B Hutton & Sons,unknown,1847,1,6,10357.9,1,1,0,0.001,0.0226,0.0,0.3536
Swindell Matthews & Sendall,unknown,1866,1,6,13036.6,1,1,0,0.0013,0.0226,0.0,0.3536
James Wiseman,unknown,1866,1,6,12552.9,1,1,0,0.0012,0.0226,0.0,0.3536
Puget & Co,unknown,1847,1,5,32369.7,1,1,0,0.0031,0.0189,0.0,0.3535
Lester & Buskin,unknown,1857,1,6,8648.3,1,1,0,0.0008,0.0226,0.0,0.3535
F H & J J Wawn,unknown,1847,1,6,5447.9,1,1,0,0.0005,0.0226,0.0,0.3535
J Lackerstein & Sons,unknown,1847,1,6,7987.6,1,1,0,0.0008,0.0226,0.0,0.3535
Josh Stuart & Son,unknown,1847,1,6,4981.0,1,1,0,0.0005,0.0226,0.0,0.3535
Elder Stevens & Co,unknown,1866,1,6,8775.8,1,1,0,0.0008,0.0226,0.0,0.3535
D Harris & Sons,unknown,1847,1,6,6240.3,1,1,0,0.0006,0.0226,0.0,0.3535
James Norris,unknown,1857,1,6,7992.5,1,1,0,0.0008,0.0226,0.0,0.3535
J Stephens & Co,unknown,1847,1,6,8058.2,1,1,0,0.0008,0.0226,0.0,0.3535
Wilson Swale & Co,unknown,1866,1,6,8265.0,1,1,0,0.0008,0.0226,0.0,0.3535
John Fair & Co,unknown,1866,1,5,34466.2,1,1,0,0.0033,0.0189,0.0,0.3535
N Anderson Son & Co,unknown,1847,1,6,5308.5,1,1,0,0.0005,0.0226,0.0,0.3535
Cockerell & Co,unknown,1847,1,4,65763.2,1,1,0,0.0064,0.0151,0.0,0.3535
D W Wetton & Co,unknown,1847,1,6,8225.4,1,1,0,0.0008,0.0226,0.0,0.3535
"Rose, Graham & Wilson",unknown,1866,1,5,28586.6,1,1,0,0.0028,0.0189,0.0,0.3534
Weston & Co,unknown,1866,1,5,31000.0,1,1,0,0.003,0.0189,0.0,0.3534
A. Mongredien & Co,unknown,1866,1,5,26447.0,1,1,0,0.0026,0.0189,0.0,0.3534
B. Jubini & Co,unknown,1866,1,5,23873.9,1,1,0,0.0023,0.0189,0.0,0.3533
H D Greverus,unknown,1847,1,5,25148.4,1,1,0,0.0024,0.0189,0.0,0.3533
J & A Crocker,unknown,1857,1,5,24516.0,1,1,0,0.0024,0.0189,0.0,0.3533
Jno Anderson & Sons,unknown,1847,1,5,23176.9,1,1,0,0.0022,0.0189,0.0,0.3533
Hoare Buxton & Co,unknown,1857,1,4,52019.3,1,1,0,0.005,0.0151,0.0,0.3533
Siordet Meyer & Co,unknown,1857,1,5,23694.7,1,1,0,0.0023,0.0189,0.0,0.3533
T Kinnersley & Sons,unknown,1847,1,4,47500.0,1,1,0,0.0046,0.0151,0.0,0.3532
"Barker, Benwell & Co.",unknown,1866,1,2,110000.0,1,1,0,0.0106,0.0075,0.0,0.3532
Spicer Brothers,unknown,1857,1,5,17966.1,1,1,0,0.0017,0.0189,0.0,0.3532
Thompson & Pattinson,unknown,1866,1,5,17515.3,1,1,0,0.0017,0.0189,0.0,0.3532
J. Kynaston & Sons,unknown,1866,1,5,20538.9,1,1,0,0.002,0.0189,0.0,0.3532
Samuel Courtaula & Co,unknown,1866,1,5,17535.5,1,1,0,0.0017,0.0189,0.0,0.3532
"Pye, Field & Co",unknown,1866,1,5,16146.6,1,1,0,0.0016,0.0189,0.0,0.3532
Young Harrison & Co,unknown,1847,1,5,17164.6,1,1,0,0.0017,0.0189,0.0,0.3532
L Engstrom L & Co,unknown,1847,1,5,17421.2,1,1,0,0.0017,0.0189,0.0,0.3532
Edwards Chuck,unknown,1847,1,5,19661.6,1,1,0,0.0019,0.0189,0.0,0.3532
R. W. Kennard & Co,unknown,1866,1,5,16264.7,1,1,0,0.0016,0.0189,0.0,0.3532
Baltazzi Sons & Co,unknown,1857,1,5,17748.9,1,1,0,0.0017,0.0189,0.0,0.3532
Sapte & Co,unknown,1847,1,4,48860.2,1,1,0,0.0047,0.0151,0.0,0.3532
Stealfeild Lancence,unknown,1857,1,4,41142.0,1,1,0,0.004,0.0151,0.0,0.3531
Gould Davis & M,unknown,1847,1,5,15184.0,1,1,0,0.0015,0.0189,0.0,0.3531
John Horstman,unknown,1847,1,4,45733.3,1,1,0,0.0044,0.0151,0.0,0.3531
J. H. Rudall & Son,unknown,1866,1,5,13551.7,1,1,0,0.0013,0.0189,0.0,0.3531
Jas Campbell B S,unknown,1847,1,5,15100.8,1,1,0,0.0015,0.0189,0.0,0.3531
John Feltham & Co,unknown,1857,1,5,12205.5,1,1,0,0.0012,0.0189,0.0,0.3531
Harrison & Hardcastle,unknown,1847,1,5,11336.9,1,1,0,0.0011,0.0189,0.0,0.3531
Ollier & Co,unknown,1866,1,5,11782.2,1,1,0,0.0011,0.0189,0.0,0.3531
P R Poland & Son,unknown,1847,1,5,12397.2,1,1,0,0.0012,0.0189,0.0,0.3531
Richard Hallett & Sons,unknown,1847,1,5,9982.0,1,1,0,0.001,0.0189,0.0,0.353
Thomas Kettlewell,unknown,1847,1,5,6885.6,1,1,0,0.0007,0.0189,0.0,0.353
Bery Lawrence,unknown,1847,1,5,7231.0,1,1,0,0.0007,0.0189,0.0,0.353
Jno Mair,unknown,1847,1,5,6961.5,1,1,0,0.0007,0.0189,0.0,0.353
E. Lloyd & Co,unknown,1866,1,5,9915.6,1,1,0,0.001,0.0189,0.0,0.353
Ricketts Boutcher & Co,unknown,1857,1,4,35981.8,1,1,0,0.0035,0.0151,0.0,0.353
Charleton & Watson,unknown,1847,1,5,8348.5,1,1,0,0.0008,0.0189,0.0,0.353
W & H Brand & Co,unknown,1857,1,5,7638.2,1,1,0,0.0007,0.0189,0.0,0.353
H. Butler & Son,unknown,1866,1,5,9900.0,1,1,0,0.001,0.0189,0.0,0.353
H Sherwood Co,unknown,1914,1,1,123022.2,1,1,0,0.0119,0.0038,0.0,0.353
H Sillem Son & Co,unknown,1847,1,4,39723.6,1,1,0,0.0038,0.0151,0.0,0.353
"B Smith, Duke",unknown,1847,1,5,8046.2,1,1,0,0.0008,0.0189,0.0,0.353
C J Mare & Co,unknown,1847,1,5,9507.2,1,1,0,0.0009,0.0189,0.0,0.353
C Joyce,unknown,1847,1,5,5797.7,1,1,0,0.0006,0.0189,0.0,0.353
Laurie Hamilton & Co,unknown,1847,1,5,7167.8,1,1,0,0.0007,0.0189,0.0,0.353
Jas Bischoff & Sons,unknown,1847,1,5,6970.5,1,1,0,0.0007,0.0189,0.0,0.353
Clay & Gillman,unknown,1847,1,5,5772.9,1,1,0,0.0006,0.0189,0.0,0.353
Jos Stuart & Son,unknown,1847,1,5,7695.0,1,1,0,0.0007,0.0189,0.0,0.353
Rob Chuter,unknown,1847,1,5,5977.1,1,1,0,0.0006,0.0189,0.0,0.353
Samuel Gibson,unknown,1866,1,5,8614.8,1,1,0,0.0008,0.0189,0.0,0.353
W C Braddon,unknown,1847,1,5,9859.3,1,1,0,0.001,0.0189,0.0,0.353
G S Cundell,unknown,1847,1,5,4575.0,1,1,0,0.0004,0.0189,0.0,0.3529
Copestake Moore & Co,unknown,1866,1,4,32732.1,1,1,0,0.0032,0.0151,0.0,0.3529
"Prince, Ogg & Co",unknown,1866,1,4,31987.0,1,1,0,0.0031,0.0151,0.0,0.3529
Manning & A,unknown,1847,1,4,32765.8,1,1,0,0.0032,0.0151,0.0,0.3529
John Constable,unknown,1847,1,5,5138.8,1,1,0,0.0005,0.0189,0.0,0.3529
F. De Lizardi & Co,unknown,1866,1,4,33830.4,1,1,0,0.0033,0.0151,0.0,0.3529
Mayniae & Co,unknown,1847,1,3,62874.0,1,1,0,0.0061,0.0113,0.0,0.3529
B Smith Greenwich,unknown,1847,1,5,4197.8,1,1,0,0.0004,0.0189,0.0,0.3529
Foster Porter & Co,unknown,1857,1,4,33454.6,1,1,0,0.0032,0.0151,0.0,0.3529
W Oswald,unknown,1847,1,5,5579.7,1,1,0,0.0005,0.0189,0.0,0.3529
Forman & Hadow,unknown,1847,1,5,5689.0,1,1,0,0.0005,0.0189,0.0,0.3529
W & J Kynaston,unknown,1847,1,5,5366.6,1,1,0,0.0005,0.0189,0.0,0.3529
John Rapp & Co,unknown,1857,1,4,34399.6,1,1,0,0.0033,0.0151,0.0,0.3529
C S Fowler,unknown,1847,1,5,4799.1,1,1,0,0.0005,0.0189,0.0,0.3529
English Joint & Stock Bank Limited,clearing_or_joint_stock_bank,1866,1,3,58000.0,1,1,0,0.0056,0.0113,0.0,0.3528
Hanson Bros & Co,unknown,1847,1,4,27768.8,1,1,0,0.0027,0.0151,0.0,0.3528
Donaldson Lambert & Co,unknown,1866,1,4,28140.0,1,1,0,0.0027,0.0151,0.0,0.3528
L J Enthoven & Co,unknown,1847,1,4,26066.4,1,1,0,0.0025,0.0151,0.0,0.3528
Standard Bank Of Africa Limited,foreign_or_colonial_financial,1866,1,4,27407.4,1,1,0,0.0026,0.0151,0.0,0.3528
Rt Lowes & Co,unknown,1857,1,2,79212.0,1,1,0,0.0077,0.0075,0.0,0.3527
Bank Of Egypt,foreign_or_colonial_financial,1857,1,3,54201.6,1,1,0,0.0052,0.0113,0.0,0.3527
W Jackson & Co,unknown,1866,1,4,21350.8,1,1,0,0.0021,0.0151,0.0,0.3527
John Armitage & Co,unknown,1866,1,4,18300.0,1,1,0,0.0018,0.0151,0.0,0.3526
Morgan Yellibrand & Co,merchant_bank,1914,1,4,17665.8,1,0,1,0.0017,0.0151,0.0,0.3526
Daniel Hawkins,unknown,1857,1,4,16580.0,1,1,0,0.0016,0.0151,0.0,0.3526
A. L. Elder,unknown,1866,1,3,48583.7,1,1,0,0.0047,0.0113,0.0,0.3526
Alexander Bell,unknown,1847,1,4,20000.1,1,1,0,0.0019,0.0151,0.0,0.3526
"Heilbut, Symons & Co",unknown,1866,1,4,19241.7,1,1,0,0.0019,0.0151,0.0,0.3526
Bowes Game & Moren,unknown,1866,1,4,13891.5,1,1,0,0.0013,0.0151,0.0,0.3525
Draper Pietroni & Co,unknown,1857,1,4,13138.0,1,1,0,0.0013,0.0151,0.0,0.3525
Stuart & Sharpe,unknown,1847,1,4,13190.0,1,1,0,0.0013,0.0151,0.0,0.3525
Crowe Christian & Co,unknown,1857,1,4,11478.4,1,1,0,0.0011,0.0151,0.0,0.3525
Alison C & Co,unknown,1847,1,4,13742.4,1,1,0,0.0013,0.0151,0.0,0.3525
Peter Dickson & Co,unknown,1847,1,4,12345.2,1,1,0,0.0012,0.0151,0.0,0.3525
Bhimsey Sewjee & Co,unknown,1866,1,4,13545.8,1,1,0,0.0013,0.0151,0.0,0.3525
A S Petrie & Co,unknown,1847,1,4,11011.9,1,1,0,0.0011,0.0151,0.0,0.3525
Fraser Neilson,unknown,1847,1,4,13733.2,1,1,0,0.0013,0.0151,0.0,0.3525
Fowler Neph & Co,unknown,1847,1,3,41514.9,1,1,0,0.004,0.0113,0.0,0.3525
"Bennoch, Twentyman & Rigg",unknown,1857,1,4,13591.4,1,1,0,0.0013,0.0151,0.0,0.3525
Sanderman F & Co,unknown,1847,1,4,12808.3,1,1,0,0.0012,0.0151,0.0,0.3525
J. Gaury & Co,unknown,1866,1,4,12817.9,1,1,0,0.0012,0.0151,0.0,0.3525
Vagliano Brothers,unknown,1866,1,4,14575.0,1,1,0,0.0014,0.0151,0.0,0.3525
E. C. M Da Costa,unknown,1866,1,4,14185.9,1,1,0,0.0014,0.0151,0.0,0.3525
Harryman & White,unknown,1857,1,4,14193.2,1,1,0,0.0014,0.0151,0.0,0.3525
John Tellham & Co,unknown,1857,1,4,11139.1,1,1,0,0.0011,0.0151,0.0,0.3525
Sieveking Droop & Co,unknown,1866,1,4,14112.5,1,1,0,0.0014,0.0151,0.0,0.3525
Hoge & Williamson,unknown,1857,1,3,43469.4,1,1,0,0.0042,0.0113,0.0,0.3525
R Farrand,unknown,1847,1,4,11886.1,1,1,0,0.0011,0.0151,0.0,0.3525
Spicer Bros,unknown,1847,1,4,10447.7,1,1,0,0.001,0.0151,0.0,0.3525
H Cayley & Co,unknown,1847,1,4,5615.0,1,1,0,0.0005,0.0151,0.0,0.3524
J C White,unknown,1847,1,4,5467.2,1,1,0,0.0005,0.0151,0.0,0.3524
David Taylor & Sons,unknown,1866,1,4,8614.2,1,1,0,0.0008,0.0151,0.0,0.3524
J G Tyrie,unknown,1847,1,4,9766.6,1,1,0,0.0009,0.0151,0.0,0.3524
Jas Stuart & Sons,unknown,1847,1,4,6387.2,1,1,0,0.0006,0.0151,0.0,0.3524
Sam & Sadler & Co,unknown,1847,1,4,6856.2,1,1,0,0.0007,0.0151,0.0,0.3524
Jas Duke,unknown,1847,1,4,8567.3,1,1,0,0.0008,0.0151,0.0,0.3524
Jon Hopkinson,unknown,1847,1,4,4862.4,1,1,0,0.0005,0.0151,0.0,0.3524
J Maurenbrecker Co,unknown,1847,1,4,8957.6,1,1,0,0.0009,0.0151,0.0,0.3524
Fincham M & Co,unknown,1847,1,4,5379.6,1,1,0,0.0005,0.0151,0.0,0.3524
Gabain & Co,unknown,1847,1,4,6748.1,1,1,0,0.0007,0.0151,0.0,0.3524
J R & N Browning & Co,unknown,1847,1,4,7368.5,1,1,0,0.0007,0.0151,0.0,0.3524
G & I. A. Noble,unknown,1866,1,4,9041.2,1,1,0,0.0009,0.0151,0.0,0.3524
Moese Bros,unknown,1847,1,4,7530.5,1,1,0,0.0007,0.0151,0.0,0.3524
Carliles Pittman & Co,unknown,1847,1,4,4256.5,1,1,0,0.0004,0.0151,0.0,0.3523
W I & H Thompson,unknown,1866,1,3,26580.0,1,1,0,0.0026,0.0113,0.0,0.3522
Leonon Hart & Son,unknown,1857,1,3,28165.5,1,1,0,0.0027,0.0113,0.0,0.3522
Byas & Thomas,unknown,1847,1,3,22631.7,1,1,0,0.0022,0.0113,0.0,0.3521
J & W Nicholson & Co,unknown,1847,1,3,19355.0,1,1,0,0.0019,0.0113,0.0,0.3521
Caldecott & Sons W,unknown,1857,1,3,20072.8,1,1,0,0.0019,0.0113,0.0,0.3521
Cook Son & Co,unknown,1866,1,3,19279.6,1,1,0,0.0019,0.0113,0.0,0.3521
John Currie & Co,unknown,1857,1,3,22240.7,1,1,0,0.0021,0.0113,0.0,0.3521
J Dowson & Co,unknown,1857,1,3,15454.7,1,1,0,0.0015,0.0113,0.0,0.352
John Young & Co,unknown,1857,1,3,15644.1,1,1,0,0.0015,0.0113,0.0,0.352
Ashton & Co,unknown,1857,1,3,16185.0,1,1,0,0.0016,0.0113,0.0,0.352
Gresend & Co,unknown,1857,1,1,73000.0,1,1,0,0.0071,0.0038,0.0,0.352
Bateman & Co,unknown,1866,1,2,47501.0,1,1,0,0.0046,0.0075,0.0,0.352
Joseph Traves & Sons,unknown,1866,1,3,15883.8,1,1,0,0.0015,0.0113,0.0,0.352
Coaeno Gurney Co,unknown,1847,1,1,74914.8,1,1,0,0.0072,0.0038,0.0,0.352
Feo Foss & Co,unknown,1857,1,3,13230.0,1,1,0,0.0013,0.0113,0.0,0.352
"Foster, Porter & Co",unknown,1866,1,3,16621.4,1,1,0,0.0016,0.0113,0.0,0.352
Edwards Matthie,unknown,1857,1,3,7871.9,1,1,0,0.0008,0.0113,0.0,0.3519
Skeen & Leary,unknown,1847,1,3,7879.8,1,1,0,0.0008,0.0113,0.0,0.3519
James Spicer & Sons,unknown,1866,1,3,12199.1,1,1,0,0.0012,0.0113,0.0,0.3519
W Bell & Co,unknown,1847,1,3,9681.3,1,1,0,0.0009,0.0113,0.0,0.3519
G Brette & Co,unknown,1847,1,3,11908.2,1,1,0,0.0012,0.0113,0.0,0.3519
James Duncan & Co,unknown,1866,1,3,11755.8,1,1,0,0.0011,0.0113,0.0,0.3519
Jos. Bridgette & Co,unknown,1857,1,3,12554.0,1,1,0,0.0012,0.0113,0.0,0.3519
Bischoff & Sons,unknown,1847,1,3,7891.0,1,1,0,0.0008,0.0113,0.0,0.3519
James Coster & Co,unknown,1857,1,3,11132.4,1,1,0,0.0011,0.0113,0.0,0.3519
Chs Coles & Son,unknown,1847,1,3,7840.2,1,1,0,0.0008,0.0113,0.0,0.3519
A Joachim,unknown,1857,1,3,9689.1,1,1,0,0.0009,0.0113,0.0,0.3519
George Goss & Co,unknown,1857,1,3,10327.3,1,1,0,0.001,0.0113,0.0,0.3519
Walford Tainen & Co,unknown,1857,1,3,8773.3,1,1,0,0.0008,0.0113,0.0,0.3519
Richard Walford & Co,unknown,1866,1,3,10480.1,1,1,0,0.001,0.0113,0.0,0.3519
T H Elinenhurst,unknown,1847,1,3,9520.8,1,1,0,0.0009,0.0113,0.0,0.3519
Rawson Sons & Co,unknown,1857,1,3,11287.2,1,1,0,0.0011,0.0113,0.0,0.3519
Price'S Patent Candle Co Limited,unknown,1866,1,3,8353.0,1,1,0,0.0008,0.0113,0.0,0.3519
Brown Davis & Co,unknown,1866,1,3,10364.6,1,1,0,0.001,0.0113,0.0,0.3519
Fincham Matson Potts & Co,unknown,1857,1,3,8899.8,1,1,0,0.0009,0.0113,0.0,0.3519
Laurence Phillips & Sons,unknown,1847,1,3,5916.1,1,1,0,0.0006,0.0113,0.0,0.3518
W & A Daniels,unknown,1847,1,3,4787.6,1,1,0,0.0005,0.0113,0.0,0.3518
Merchant Bank & Co Limited,clearing_or_joint_stock_bank,1866,1,2,37537.1,1,1,0,0.0036,0.0075,0.0,0.3518
Egyptian Tubale Acct,unknown,1857,1,1,63804.5,1,1,0,0.0062,0.0038,0.0,0.3518
Sanderson & Murray,bill_broker,1866,1,3,4857.6,1,0,1,0.0005,0.0113,0.0,0.3518
Thomas Moore B L,unknown,1847,1,3,5224.1,1,1,0,0.0005,0.0113,0.0,0.3518
C Armstrong,unknown,1847,1,3,5045.0,1,1,0,0.0005,0.0113,0.0,0.3518
J Wreford & Co,unknown,1847,1,3,5984.2,1,1,0,0.0006,0.0113,0.0,0.3518
Anderson & Cattley,unknown,1847,1,3,5567.2,1,1,0,0.0005,0.0113,0.0,0.3518
Coventry & Son,unknown,1847,1,3,5692.1,1,1,0,0.0005,0.0113,0.0,0.3518
Rob Brooks,unknown,1847,1,3,6829.9,1,1,0,0.0007,0.0113,0.0,0.3518
Dennistoun Cross & Co,unknown,1857,1,2,36836.8,1,1,0,0.0036,0.0075,0.0,0.3518
Rouyemont Bros,unknown,1847,1,3,5135.7,1,1,0,0.0005,0.0113,0.0,0.3518
Fras Nalder & Son,unknown,1847,1,3,4120.9,1,1,0,0.0004,0.0113,0.0,0.3518
N Milcalfe,unknown,1847,1,3,6573.9,1,1,0,0.0006,0.0113,0.0,0.3518
E. B. Meyes,unknown,1866,1,1,60000.0,1,1,0,0.0058,0.0038,0.0,0.3517
A Sellean Son & Co,unknown,1857,1,2,31077.0,1,1,0,0.003,0.0075,0.0,0.3517
I. K. Gilliat & Co,unknown,1866,1,2,28417.1,1,1,0,0.0027,0.0075,0.0,0.3517
Cj Howell & Son,unknown,1857,1,2,29766.6,1,1,0,0.0029,0.0075,0.0,0.3517
Thomson,unknown,1847,1,2,28301.5,1,1,0,0.0027,0.0075,0.0,0.3517
P H van Natteu & Co,unknown,1847,1,2,24689.1,1,1,0,0.0024,0.0075,0.0,0.3516
New Zealand Bank,clearing_or_joint_stock_bank,1866,1,2,26860.0,1,1,0,0.0026,0.0075,0.0,0.3516
Imp Merchant Credit Australia,unknown,1866,1,2,25800.0,1,1,0,0.0025,0.0075,0.0,0.3516
"Pinto Perez, Ashley & Co",unknown,1866,1,2,17670.0,1,1,0,0.0017,0.0075,0.0,0.3515
Mullens Marshall & Co,unknown,1857,1,1,50000.0,1,1,0,0.0048,0.0038,0.0,0.3515
Lewells + Nick,unknown,1857,1,2,18469.0,1,1,0,0.0018,0.0075,0.0,0.3515
Redfern Alexander & Co,unknown,1866,1,2,21100.9,1,1,0,0.002,0.0075,0.0,0.3515
Clawfow Coloui & Co,unknown,1857,1,2,15550.2,1,1,0,0.0015,0.0075,0.0,0.3514
H D J Hugh & Co,unknown,1847,1,2,16785.0,1,1,0,0.0016,0.0075,0.0,0.3514
Woverhamption & Staffordshire Banking Corporation By ?,unknown,1857,1,1,45756.0,1,1,0,0.0044,0.0038,0.0,0.3514
Price'S Patent Candle Company Limited,unknown,1857,1,2,12489.9,1,1,0,0.0012,0.0075,0.0,0.3514
B T Laveo & Co,unknown,1857,1,1,45834.4,1,1,0,0.0044,0.0038,0.0,0.3514
Hinkpatrick & Belguy,unknown,1866,1,2,13604.2,1,1,0,0.0013,0.0075,0.0,0.3514
Edward Erolty & Co,unknown,1857,1,2,12374.3,1,1,0,0.0012,0.0075,0.0,0.3514
Norman Thorne,unknown,1847,1,2,14373.5,1,1,0,0.0014,0.0075,0.0,0.3514
Taccivace Lucklacke,unknown,1857,1,2,16838.0,1,1,0,0.0016,0.0075,0.0,0.3514
Alex & Roberston,unknown,1847,1,2,16223.8,1,1,0,0.0016,0.0075,0.0,0.3514
H + E Muggeridge,unknown,1857,1,2,12504.2,1,1,0,0.0012,0.0075,0.0,0.3514
John Crossley & Sons Limited,unknown,1866,1,2,14355.8,1,1,0,0.0014,0.0075,0.0,0.3514
Lawes & Co R,unknown,1847,1,2,15808.2,1,1,0,0.0015,0.0075,0.0,0.3514
Hop Planters Joint Stock Company,unknown,1866,1,2,11579.9,1,1,0,0.0011,0.0075,0.0,0.3513
Foster & Porter,unknown,1866,1,2,11599.1,1,1,0,0.0011,0.0075,0.0,0.3513
Geo Bretsle & Co,unknown,1857,1,2,11142.4,1,1,0,0.0011,0.0075,0.0,0.3513
Oastler & Palmer,unknown,1866,1,2,9853.1,1,1,0,0.001,0.0075,0.0,0.3513
Dimsdale & Co,unknown,1857,1,1,38475.9,1,1,0,0.0037,0.0038,0.0,0.3513
Henry Powell & Sons,unknown,1857,1,2,8641.4,1,1,0,0.0008,0.0075,0.0,0.3513
T. D. Henry,unknown,1866,1,2,9985.0,1,1,0,0.001,0.0075,0.0,0.3513
Siondet Mayer & Co,unknown,1857,1,2,10525.1,1,1,0,0.001,0.0075,0.0,0.3513
W Mc Andrew & Sons,unknown,1857,1,2,7619.7,1,1,0,0.0007,0.0075,0.0,0.3513
Fishers & Robinson,unknown,1857,1,2,9882.2,1,1,0,0.001,0.0075,0.0,0.3513
Welch Margeston & Co,unknown,1866,1,2,8675.2,1,1,0,0.0008,0.0075,0.0,0.3513
Jimder Co,unknown,1847,1,2,10524.1,1,1,0,0.001,0.0075,0.0,0.3513
Tamvaco M & M,unknown,1847,1,2,6778.0,1,1,0,0.0007,0.0075,0.0,0.3513
Cafsovette Co,unknown,1847,1,2,9861.8,1,1,0,0.001,0.0075,0.0,0.3513
Pollacks Erben,unknown,1847,1,2,10195.6,1,1,0,0.001,0.0075,0.0,0.3513
Geo: Hitchcock W: H & Co,unknown,1866,1,2,9200.7,1,1,0,0.0009,0.0075,0.0,0.3513
L J Enthovson & Co,unknown,1847,1,2,10768.2,1,1,0,0.001,0.0075,0.0,0.3513
J Ruth & Co,unknown,1847,1,1,38597.6,1,1,0,0.0037,0.0038,0.0,0.3513
Callmann & Son,unknown,1847,1,2,6902.4,1,1,0,0.0007,0.0075,0.0,0.3513
Rowson Norton & Co,unknown,1847,1,2,11118.8,1,1,0,0.0011,0.0075,0.0,0.3513
Paris & Tower,unknown,1847,1,2,11106.9,1,1,0,0.0011,0.0075,0.0,0.3513
Springfield Son & Co,unknown,1847,1,2,10093.5,1,1,0,0.001,0.0075,0.0,0.3513
George Lawrence,unknown,1857,1,2,11654.1,1,1,0,0.0011,0.0075,0.0,0.3513
John Anderson & Sons,unknown,1857,1,2,11817.6,1,1,0,0.0011,0.0075,0.0,0.3513
Duke & Hill,unknown,1847,1,2,5330.4,1,1,0,0.0005,0.0075,0.0,0.3512
R Real,unknown,1847,1,2,4517.6,1,1,0,0.0004,0.0075,0.0,0.3512
A Lindgren,unknown,1847,1,2,4354.6,1,1,0,0.0004,0.0075,0.0,0.3512
Barber Bros,unknown,1847,1,2,4972.6,1,1,0,0.0005,0.0075,0.0,0.3512
I.K. Gilliat & Co,unknown,1866,1,1,34348.5,1,1,0,0.0033,0.0038,0.0,0.3512
Cheswright S & Co,unknown,1847,1,2,4637.3,1,1,0,0.0004,0.0075,0.0,0.3512
Colonial Land,foreign_or_colonial_financial,1847,1,2,6460.0,1,1,0,0.0006,0.0075,0.0,0.3512
Nelson & Lancaster,unknown,1847,1,2,6142.5,1,1,0,0.0006,0.0075,0.0,0.3512
Walker,unknown,1847,1,2,4329.4,1,1,0,0.0004,0.0075,0.0,0.3512
Janner & Ward,unknown,1847,1,2,4614.2,1,1,0,0.0004,0.0075,0.0,0.3512
Cattley & Stephenson,unknown,1847,1,2,4435.5,1,1,0,0.0004,0.0075,0.0,0.3512
Rofsetto C & Co,unknown,1847,1,2,5224.1,1,1,0,0.0005,0.0075,0.0,0.3512
Kingsford & Lay,unknown,1847,1,2,5735.3,1,1,0,0.0006,0.0075,0.0,0.3512
W & J Woodley,unknown,1847,1,2,6529.0,1,1,0,0.0006,0.0075,0.0,0.3512
Bicken & Co,unknown,1857,1,1,25987.8,1,1,0,0.0025,0.0038,0.0,0.3511
Cocherell Larpeut & Co,unknown,1847,1,1,27999.5,1,1,0,0.0027,0.0038,0.0,0.3511
The Bank Of Egypt,foreign_or_colonial_financial,1866,1,1,27816.0,1,1,0,0.0027,0.0038,0.0,0.3511
Morgan Jnr & Ridge,merchant_bank,1847,1,2,929.1,1,0,1,0.0001,0.0075,0.0,0.3511
Thomas Phehan & Co,unknown,1857,1,1,26663.0,1,1,0,0.0026,0.0038,0.0,0.3511
James Bult Son & Co,unknown,1857,1,1,22803.6,1,1,0,0.0022,0.0038,0.0,0.351
A Lillen Son & Co,unknown,1857,1,1,22361.4,1,1,0,0.0022,0.0038,0.0,0.351
Atfu Heseundes & Co,unknown,1857,1,1,24414.1,1,1,0,0.0024,0.0038,0.0,0.351
Roger Cunliffe Son Co,unknown,1857,1,1,20000.0,1,1,0,0.0019,0.0038,0.0,0.351
J L Lensome & Co,unknown,1857,1,1,19390.8,1,1,0,0.0019,0.0038,0.0,0.351
Same Hawkey & Co,unknown,1866,1,1,20113.2,1,1,0,0.0019,0.0038,0.0,0.351
Gauge & Co,unknown,1857,1,1,19287.5,1,1,0,0.0019,0.0038,0.0,0.351
Semme & Co J L,unknown,1847,1,1,16378.9,1,1,0,0.0016,0.0038,0.0,0.3509
Arch & Hastic,unknown,1847,1,1,18456.0,1,1,0,0.0018,0.0038,0.0,0.3509
A Robertson,unknown,1847,1,1,16608.0,1,1,0,0.0016,0.0038,0.0,0.3509
Caraun Co,unknown,1847,1,1,18699.2,1,1,0,0.0018,0.0038,0.0,0.3509
The Egyptian Tribute,unknown,1866,1,1,13663.8,1,1,0,0.0013,0.0038,0.0,0.3508
A Hastie,unknown,1847,1,1,12690.0,1,1,0,0.0012,0.0038,0.0,0.3508
Gilliat & Co,unknown,1847,1,1,10363.5,1,1,0,0.001,0.0038,0.0,0.3508
Reed Georery Co,unknown,1847,1,1,14213.7,1,1,0,0.0014,0.0038,0.0,0.3508
"H. Rogess, Sons & Co",unknown,1866,1,1,9914.2,1,1,0,0.001,0.0038,0.0,0.3508
GB Nettle & Co,unknown,1847,1,1,9251.4,1,1,0,0.0009,0.0038,0.0,0.3508
T Prehn & Co,unknown,1857,1,1,13950.0,1,1,0,0.0013,0.0038,0.0,0.3508
C J Alambro & Son,unknown,1847,1,1,11711.6,1,1,0,0.0011,0.0038,0.0,0.3508
"Thomas, B L",unknown,1847,1,1,11171.9,1,1,0,0.0011,0.0038,0.0,0.3508
James Still & Sons,unknown,1866,1,1,14653.7,1,1,0,0.0014,0.0038,0.0,0.3508
Gaschen,unknown,1847,1,1,12338.4,1,1,0,0.0012,0.0038,0.0,0.3508
Edward Liddell Manager Of The Sheffield Union Banking Company,unknown,1857,1,1,13904.8,1,1,0,0.0013,0.0038,0.0,0.3508
J scheider & Co,unknown,1847,1,1,9746.9,1,1,0,0.0009,0.0038,0.0,0.3508
Melpuish G & Co,unknown,1847,1,1,11871.1,1,1,0,0.0011,0.0038,0.0,0.3508
Jt Docoson & Co,unknown,1857,1,1,13356.6,1,1,0,0.0013,0.0038,0.0,0.3508
"Catesworth, P Co",unknown,1847,1,1,9682.0,1,1,0,0.0009,0.0038,0.0,0.3508
Cotesworth & Powell,unknown,1866,1,1,14800.0,1,1,0,0.0014,0.0038,0.0,0.3508
P & C van Notten & Co,unknown,1847,1,1,10071.8,1,1,0,0.001,0.0038,0.0,0.3508
M Salmon B & Co,unknown,1847,1,1,11090.1,1,1,0,0.0011,0.0038,0.0,0.3508
Momson D L,unknown,1847,1,1,9450.6,1,1,0,0.0009,0.0038,0.0,0.3508
Ja Bull Sons Co,unknown,1857,1,1,8956.7,1,1,0,0.0009,0.0038,0.0,0.3508
Alexiadi Delta & Co,unknown,1857,1,1,8984.7,1,1,0,0.0009,0.0038,0.0,0.3508
R J Anderson,unknown,1847,1,1,9227.4,1,1,0,0.0009,0.0038,0.0,0.3508
Robert Badger,unknown,1857,1,1,15000.0,1,1,0,0.0014,0.0038,0.0,0.3508
Crewett & Co,unknown,1847,1,1,10120.4,1,1,0,0.001,0.0038,0.0,0.3508
Richard Little Co,unknown,1847,1,1,12986.9,1,1,0,0.0013,0.0038,0.0,0.3508
Gowen Neph Co,unknown,1847,1,1,9691.9,1,1,0,0.0009,0.0038,0.0,0.3508
W + A Riand & Co,unknown,1857,1,1,9450.0,1,1,0,0.0009,0.0038,0.0,0.3508
Crekerell & Co,unknown,1847,1,1,11595.7,1,1,0,0.0011,0.0038,0.0,0.3508
Rrid Jimmy Co,unknown,1847,1,1,9434.9,1,1,0,0.0009,0.0038,0.0,0.3508
M C Calmont Bros & Co,unknown,1847,1,1,11362.9,1,1,0,0.0011,0.0038,0.0,0.3508
Shern Bros,unknown,1847,1,1,9696.6,1,1,0,0.0009,0.0038,0.0,0.3508
R Eghntin Co,unknown,1847,1,1,9403.1,1,1,0,0.0009,0.0038,0.0,0.3508
T. Courtauld & Co,unknown,1866,1,1,14527.7,1,1,0,0.0014,0.0038,0.0,0.3508
Jas Hill & Sons,unknown,1847,1,1,10916.1,1,1,0,0.0011,0.0038,0.0,0.3508
Dienis B & Co,unknown,1847,1,1,13440.7,1,1,0,0.0013,0.0038,0.0,0.3508
Allen,unknown,1847,1,1,9844.6,1,1,0,0.001,0.0038,0.0,0.3508
E Lohrab,unknown,1847,1,1,9600.0,1,1,0,0.0009,0.0038,0.0,0.3508
D Coutauld & Co,unknown,1847,1,1,12686.2,1,1,0,0.0012,0.0038,0.0,0.3508
Junnes Coster Co,unknown,1847,1,1,9609.4,1,1,0,0.0009,0.0038,0.0,0.3508
Afillem Son Co,unknown,1847,1,1,11704.9,1,1,0,0.0011,0.0038,0.0,0.3508
Ranson Co,unknown,1847,1,1,4750.0,1,1,0,0.0005,0.0038,0.0,0.3507
Rob & Lowe & Co,unknown,1847,1,1,5014.2,1,1,0,0.0005,0.0038,0.0,0.3507
L J Entheren & Co,unknown,1847,1,1,5145.2,1,1,0,0.0005,0.0038,0.0,0.3507
Priget & Co,unknown,1847,1,1,6843.8,1,1,0,0.0007,0.0038,0.0,0.3507
Rio & Co,unknown,1847,1,1,7391.0,1,1,0,0.0007,0.0038,0.0,0.3507
Bence B & Co,unknown,1847,1,1,6734.2,1,1,0,0.0007,0.0038,0.0,0.3507
Reed Groery Co,unknown,1847,1,1,8750.4,1,1,0,0.0008,0.0038,0.0,0.3507
S Dobree & Sons,unknown,1847,1,1,6388.8,1,1,0,0.0006,0.0038,0.0,0.3507
R Busch & Co,unknown,1847,1,1,5333.6,1,1,0,0.0005,0.0038,0.0,0.3507
J Thomson T Brown & Co,unknown,1847,1,1,5323.9,1,1,0,0.0005,0.0038,0.0,0.3507
John Young Ehlers & Co,unknown,1866,1,1,8460.0,1,1,0,0.0008,0.0038,0.0,0.3507
Pusch & Co,unknown,1847,1,1,5451.3,1,1,0,0.0005,0.0038,0.0,0.3507
A Alexander & Co,unknown,1847,1,1,8392.3,1,1,0,0.0008,0.0038,0.0,0.3507
Brochellank & Ralt,unknown,1847,1,1,4981.1,1,1,0,0.0005,0.0038,0.0,0.3507
Jonules & Co,unknown,1847,1,1,5622.7,1,1,0,0.0005,0.0038,0.0,0.3507
Randon H Co,unknown,1847,1,1,6580.0,1,1,0,0.0006,0.0038,0.0,0.3507
Richards L & Co,unknown,1847,1,1,6735.5,1,1,0,0.0007,0.0038,0.0,0.3507
J Butt Son & Co,unknown,1857,1,1,8753.5,1,1,0,0.0008,0.0038,0.0,0.3507
D Dodree & Son,unknown,1847,1,1,8230.0,1,1,0,0.0008,0.0038,0.0,0.3507
Pims Willyarm & Co,unknown,1847,1,1,8001.3,1,1,0,0.0008,0.0038,0.0,0.3507
Luckensteen Son & Co,unknown,1847,1,1,6045.0,1,1,0,0.0006,0.0038,0.0,0.3507
Thompson & Forman,unknown,1847,1,1,7441.3,1,1,0,0.0007,0.0038,0.0,0.3507
Fledstones & Co,unknown,1847,1,1,7060.1,1,1,0,0.0007,0.0038,0.0,0.3507
Taster Oortens & Co,unknown,1857,1,1,7731.0,1,1,0,0.0007,0.0038,0.0,0.3507
A D J Blynt & Co,unknown,1847,1,1,7600.0,1,1,0,0.0007,0.0038,0.0,0.3507
Apactali & Co,unknown,1847,1,1,7628.2,1,1,0,0.0007,0.0038,0.0,0.3507
Chas Coles Jnr,unknown,1847,1,1,4787.4,1,1,0,0.0005,0.0038,0.0,0.3507
Lydle Bros Co,unknown,1847,1,1,6000.8,1,1,0,0.0006,0.0038,0.0,0.3507
I. W. Cater Sons & Co,unknown,1866,1,1,8750.5,1,1,0,0.0008,0.0038,0.0,0.3507
Matthew Parker & Co,unknown,1847,1,1,6028.7,1,1,0,0.0006,0.0038,0.0,0.3507
Elvian & Co,unknown,1847,1,1,8275.7,1,1,0,0.0008,0.0038,0.0,0.3507
Elligan & Co,unknown,1847,1,1,8648.6,1,1,0,0.0008,0.0038,0.0,0.3507
Mortoy S Co,unknown,1847,1,1,6017.1,1,1,0,0.0006,0.0038,0.0,0.3507
H+J Johnston & Co,unknown,1847,1,1,8677.4,1,1,0,0.0008,0.0038,0.0,0.3507
Edward & Megan Co,unknown,1847,1,1,6288.7,1,1,0,0.0006,0.0038,0.0,0.3507
Pidgeon H A S & H,unknown,1847,1,1,4050.0,1,1,0,0.0004,0.0038,0.0,0.3506
D Mattos & De Leon,unknown,1847,1,1,4281.6,1,1,0,0.0004,0.0038,0.0,0.3506
Lloyd Morgan,merchant_bank,1847,1,1,0.0,1,0,1,0.0,0.0038,0.0,0.3506
C Coles Jnr,unknown,1847,1,1,4172.4,1,1,0,0.0004,0.0038,0.0,0.3506
Edwin Morgan,merchant_bank,1847,1,1,95.5,1,0,1,0.0,0.0038,0.0,0.3506
A S Lavant & W,unknown,1847,1,1,4642.8,1,1,0,0.0004,0.0038,0.0,0.3506
Alexs & Bell,unknown,1847,1,1,4381.1,1,1,0,0.0004,0.0038,0.0,0.3506
Lon S.Western Bk,merchant_bank,1914,1,45,1073072.5,0,1,1,0.1036,0.1698,0.0,0.3462
N. M. Rothschild & Sons,merchant_bank,1914,1,12,1237482.4,0,1,1,0.1195,0.0453,0.0,0.3307
Kleinwort Sons & Co,merchant_bank,1914,1,33,556727.5,0,1,1,0.0538,0.1245,0.0,0.3294
J.H.Schroder & Co,merchant_bank,1914,1,10,1031112.9,0,1,1,0.0996,0.0377,0.0,0.3256
Baring Bros & Co Ld,merchant_bank,1914,1,7,864269.1,0,1,1,0.0835,0.0264,0.0,0.3207
Brightwen Gillet & Co,bill_broker,1866,1,9,232254.0,0,1,1,0.0224,0.034,0.0,0.3096
"Drake, Kleinwort & Cohen",merchant_bank,1866,1,7,238208.4,0,1,1,0.023,0.0264,0.0,0.3086
Brown Shipley & Co,merchant_bank,1914,1,7,205353.9,0,1,1,0.0198,0.0264,0.0,0.3079
Credit Lyonnais Per Glyn Mills Currie,merchant_bank,1914,1,1,281915.3,0,1,1,0.0272,0.0038,0.0,0.306
Frederick Huth & Co,merchant_bank,1866,1,2,203778.0,0,1,1,0.0197,0.0075,0.0,0.3051
S.N.Schroder & Co,merchant_bank,1914,1,1,111542.3,0,1,1,0.0108,0.0038,0.0,0.3027
Kleinwort & Cohen,merchant_bank,1857,1,3,33930.9,0,1,1,0.0033,0.0113,0.0,0.3024
"Sanderson Frys, Rigge & Co",bill_broker,1866,1,3,8969.9,0,1,1,0.0009,0.0113,0.0,0.3019
Baring Brothers & Co,merchant_bank,1857,1,1,59000.0,0,1,1,0.0057,0.0038,0.0,0.3017
Baring & Co,merchant_bank,1857,1,1,60000.0,0,1,1,0.0058,0.0038,0.0,0.3017
H. T Morgan & Co,merchant_bank,1866,1,1,53894.7,0,1,1,0.0052,0.0038,0.0,0.3016
P. J. Morgan & Co,merchant_bank,1866,1,1,30825.0,0,1,1,0.003,0.0038,0.0,0.3012
Lloyd'S Bank Ltd,clearing_or_joint_stock_bank,1914,1,73,4051027.0,0,1,0,0.3913,0.2755,0.0,0.2696
Union Smiths Bk Ho,unknown,1914,1,107,2573360.0,0,1,0,0.2486,0.4038,0.0,0.2603
Union Smiths Bank Ld Lom St,clearing_or_joint_stock_bank,1914,1,147,1195134.2,0,1,0,0.1154,0.5547,0.0,0.2563
Greenwood & Co,unknown,"1857,1866",2,9,8991.9,1,0,0,0.0009,0.034,0.3333,0.2553
Clement Dresser,unknown,"1857,1866",2,8,10290.8,1,0,0,0.001,0.0302,0.3333,0.2547
Luckie Brothers & Co,unknown,"1857,1866",2,8,3811.9,1,0,0,0.0004,0.0302,0.3333,0.2546
Gorton & Son,unknown,"1857,1866",2,7,9891.4,1,0,0,0.001,0.0264,0.3333,0.2542
Browning Wood & Fox,unknown,"1857,1866",2,7,6577.5,1,0,0,0.0006,0.0264,0.3333,0.2541
Richard Johnson & Co,unknown,"1847,1866",2,7,4131.5,1,0,0,0.0004,0.0264,0.3333,0.254
W Howell & Co,unknown,"1847,1857",2,6,2041.6,1,0,0,0.0002,0.0226,0.3333,0.2534
Dawson Campbell & Co,unknown,"1847,1857",2,5,5411.2,1,0,0,0.0005,0.0189,0.3333,0.2529
John Sharp,unknown,"1847,1857",2,5,1716.3,1,0,0,0.0002,0.0189,0.3333,0.2529
J J Buttress,unknown,"1847,1857",2,5,1332.2,1,0,0,0.0001,0.0189,0.3333,0.2528
Samuel Sadler,unknown,"1857,1866",2,4,6211.6,1,0,0,0.0006,0.0151,0.3333,0.2524
A F Schleicher,unknown,"1847,1857",2,4,4795.6,1,0,0,0.0005,0.0151,0.3333,0.2524
Thomas Lee,unknown,"1847,1857",2,4,841.4,1,0,0,0.0001,0.0151,0.3333,0.2523
Puzey Pallett & Co,unknown,"1857,1866",2,4,4393.1,1,0,0,0.0004,0.0151,0.3333,0.2523
James Anderson & Co,unknown,"1857,1866",2,4,2815.0,1,0,0,0.0003,0.0151,0.3333,0.2523
John Getting,unknown,"1847,1866",2,4,364.9,1,0,0,0.0,0.0151,0.3333,0.2523
Allen & Solly,unknown,"1847,1857",2,4,4535.8,1,0,0,0.0004,0.0151,0.3333,0.2523
Young Harrison & Bevan,unknown,"1857,1866",2,3,6039.4,1,0,0,0.0006,0.0113,0.3333,0.2518
Moses Solomon,unknown,"1857,1866",2,3,1773.5,1,0,0,0.0002,0.0113,0.3333,0.2517
A. S. Petrie & Co,unknown,"1857,1866",2,2,7877.3,1,0,0,0.0008,0.0075,0.3333,0.2513
Puget Bainbridges & Co,unknown,"1857,1866",2,2,9523.4,1,0,0,0.0009,0.0075,0.3333,0.2513
Robert Bentley & Sons,unknown,"1857,1866",2,2,8404.7,1,0,0,0.0008,0.0075,0.3333,0.2513
Lupton Hooton & Co,unknown,"1847,1857",2,2,4549.4,1,0,0,0.0004,0.0075,0.3333,0.2512
Thomas Stephings,unknown,"1857,1866",2,2,282.0,1,0,0,0.0,0.0075,0.3333,0.2511
National Provincial Bk Of England Ltd,clearing_or_joint_stock_bank,1914,1,58,3309195.8,0,1,0,0.3196,0.2189,0.0,0.2468
Lon Jt Stock Bk,unknown,1914,1,48,2215691.6,0,1,0,0.214,0.1811,0.0,0.22
Natl Bk Of India Ltd,unknown,1914,1,34,2594595.3,0,1,0,0.2506,0.1283,0.0,0.2194
Parr'S Bank Ltd,clearing_or_joint_stock_bank,1914,1,90,835460.4,0,1,0,0.0807,0.3396,0.0,0.2171
London & River Plate Bank Ltd,clearing_or_joint_stock_bank,1914,1,16,2805472.5,0,1,0,0.271,0.0604,0.0,0.2133
John Gladding & Son,unknown,1866,1,18,5099.4,1,0,0,0.0005,0.0679,0.0,0.2103
Walter Howell & Co,unknown,1847,1,18,3930.1,1,0,0,0.0004,0.0679,0.0,0.2103
Burdon & Gray,unknown,1847,1,17,2119.3,1,0,0,0.0002,0.0642,0.0,0.2097
Arluthrot Ewart & Co,unknown,1914,1,15,24811.1,1,0,0,0.0024,0.0566,0.0,0.209
W Wansey,unknown,1847,1,15,2937.7,1,0,0,0.0003,0.0566,0.0,0.2086
The Bombay Co Ltd,unknown,1914,1,14,28800.9,1,0,0,0.0028,0.0528,0.0,0.2085
T W Meade,unknown,1847,1,14,1714.2,1,0,0,0.0002,0.0528,0.0,0.208
Brien & Parker,unknown,1857,1,13,2365.6,1,0,0,0.0002,0.0491,0.0,0.2074
Frederick Sage,unknown,1866,1,12,745.6,1,0,0,0.0001,0.0453,0.0,0.2068
M Kinsey,unknown,1847,1,11,3175.8,1,0,0,0.0003,0.0415,0.0,0.2063
Colonial Bank,foreign_or_colonial_financial,"1866,1914",2,4,209025.7,0,1,0,0.0202,0.0151,0.3333,0.2063
Pocock & Sons,unknown,1847,1,11,428.2,1,0,0,0.0,0.0415,0.0,0.2062
Lister & Biggs,unknown,1866,1,9,3148.0,1,0,0,0.0003,0.034,0.0,0.2052
T. I. & T. Powell,unknown,1914,1,9,5682.9,1,0,0,0.0005,0.034,0.0,0.2052
C Henry,unknown,1857,1,9,7528.1,1,0,0,0.0007,0.034,0.0,0.2052
Hall & Nuttall,unknown,1866,1,9,3410.0,1,0,0,0.0003,0.034,0.0,0.2052
Josh Prestwich & S,unknown,1847,1,9,3333.7,1,0,0,0.0003,0.034,0.0,0.2052
E & A Prior,unknown,1857,1,9,6475.9,1,0,0,0.0006,0.034,0.0,0.2052
Rutherford Drury & Co,unknown,1866,1,9,7185.8,1,0,0,0.0007,0.034,0.0,0.2052
J Jacobson & Co,unknown,1857,1,9,4542.5,1,0,0,0.0004,0.034,0.0,0.2052
W. Morhimore,unknown,1866,1,8,6445.5,1,0,0,0.0006,0.0302,0.0,0.2047
H. Clarkson & Co,unknown,1866,1,8,7667.5,1,0,0,0.0007,0.0302,0.0,0.2047
John Boulcott & Co,unknown,1847,1,8,3298.3,1,0,0,0.0003,0.0302,0.0,0.2046
E J Cole,unknown,1857,1,8,1814.9,1,0,0,0.0002,0.0302,0.0,0.2046
E. Tetley & Son,unknown,1866,1,8,2700.9,1,0,0,0.0003,0.0302,0.0,0.2046
Northumberland & Durham Coal,unknown,1866,1,8,4907.0,1,0,0,0.0005,0.0302,0.0,0.2046
E & G Hibbert,unknown,1847,1,8,2204.9,1,0,0,0.0002,0.0302,0.0,0.2046
Pritchett & Sons,unknown,1866,1,8,5356.5,1,0,0,0.0005,0.0302,0.0,0.2046
Comptoir National D'Escompte De Paris,foreign_or_colonial_financial,1914,1,31,1901110.5,0,1,0,0.1836,0.117,0.0,0.2043
Somervell & Co,unknown,1866,1,7,5758.3,1,0,0,0.0006,0.0264,0.0,0.2041
F Ede Son & Noyes,unknown,1866,1,7,6952.3,1,0,0,0.0007,0.0264,0.0,0.2041
Adamson & Ronaldson,unknown,1866,1,7,3492.0,1,0,0,0.0003,0.0264,0.0,0.204
George Routledge & Son,unknown,1866,1,7,3265.9,1,0,0,0.0003,0.0264,0.0,0.204
Rogers Bros,unknown,1847,1,7,2657.2,1,0,0,0.0003,0.0264,0.0,0.204
Mason & Taylor,unknown,1847,1,7,3050.1,1,0,0,0.0003,0.0264,0.0,0.204
Isaac Jacobson,unknown,1847,1,7,2632.8,1,0,0,0.0003,0.0264,0.0,0.204
W B Gurney,unknown,1847,1,7,968.5,1,0,0,0.0001,0.0264,0.0,0.204
John Brooks B W,unknown,1847,1,7,874.2,1,0,0,0.0001,0.0264,0.0,0.204
J Lefever,unknown,1847,1,7,1854.2,1,0,0,0.0002,0.0264,0.0,0.204
W J Fraser,unknown,1847,1,7,3059.6,1,0,0,0.0003,0.0264,0.0,0.204
Hoston Megaw Co Ltd,unknown,1914,1,6,23022.3,1,0,0,0.0022,0.0226,0.0,0.2038
Mac Intyre Buchanan & Co,unknown,1857,1,6,4395.4,1,0,0,0.0004,0.0226,0.0,0.2035
John Hugher & Co,unknown,1866,1,6,3504.1,1,0,0,0.0003,0.0226,0.0,0.2035
Palmer & Co,unknown,1857,1,6,6738.4,1,0,0,0.0007,0.0226,0.0,0.2035
Samuel Magnus,unknown,1866,1,6,3565.5,1,0,0,0.0003,0.0226,0.0,0.2035
Teede & Bishop,unknown,1866,1,6,2817.9,1,0,0,0.0003,0.0226,0.0,0.2035
Charles Rayne,unknown,1866,1,6,5425.7,1,0,0,0.0005,0.0226,0.0,0.2035
J. Defries & Sons,unknown,1866,1,6,3069.8,1,0,0,0.0003,0.0226,0.0,0.2035
Prestwich J & Co,unknown,1847,1,6,2669.5,1,0,0,0.0003,0.0226,0.0,0.2035
"Wilson, Rose, Graham & Co",unknown,1857,1,6,6958.9,1,0,0,0.0007,0.0226,0.0,0.2035
Thomas Seamer & Son,unknown,1866,1,6,3384.2,1,0,0,0.0003,0.0226,0.0,0.2035
E Bernouilli,unknown,1857,1,6,4844.2,1,0,0,0.0005,0.0226,0.0,0.2035
L Goddard Finch & Co,unknown,1857,1,6,3247.8,1,0,0,0.0003,0.0226,0.0,0.2035
Josh Angus,unknown,1847,1,6,1734.2,1,0,0,0.0002,0.0226,0.0,0.2034
Barnett & Kimpton,unknown,1847,1,6,1913.3,1,0,0,0.0002,0.0226,0.0,0.2034
George Peash,unknown,1857,1,6,1344.4,1,0,0,0.0001,0.0226,0.0,0.2034
John Simmonds,unknown,1866,1,6,2004.1,1,0,0,0.0002,0.0226,0.0,0.2034
N Nansey,unknown,1847,1,6,1215.6,1,0,0,0.0001,0.0226,0.0,0.2034
J B Shuttleworth & Co,unknown,1847,1,6,0.0,1,0,0,0.0,0.0226,0.0,0.2034
J Clark B S,unknown,1847,1,6,2209.2,1,0,0,0.0002,0.0226,0.0,0.2034
Jas Simott,unknown,1847,1,6,0.0,1,0,0,0.0,0.0226,0.0,0.2034
F Tuke,unknown,1847,1,6,1959.9,1,0,0,0.0002,0.0226,0.0,0.2034
Arthur & Co Ltd,unknown,1914,1,5,18969.7,1,0,0,0.0018,0.0189,0.0,0.2032
Hindley Co,unknown,1914,1,5,19230.8,1,0,0,0.0019,0.0189,0.0,0.2032
"Mac Intyre, Buchanan & Co",unknown,1866,1,5,5942.4,1,0,0,0.0006,0.0189,0.0,0.203
James Shears & Sons,unknown,1857,1,5,6734.4,1,0,0,0.0007,0.0189,0.0,0.203
Clairmonte Brothers,unknown,1857,1,5,5752.0,1,0,0,0.0006,0.0189,0.0,0.203
Tw Bradley & Co,unknown,1857,1,5,5983.7,1,0,0,0.0006,0.0189,0.0,0.203
Thomas Lowndes & Co,unknown,1857,1,5,7360.2,1,0,0,0.0007,0.0189,0.0,0.203
Borrowman Phillipps & Co,unknown,1866,1,5,6436.0,1,0,0,0.0006,0.0189,0.0,0.203
Jno Udall,unknown,1847,1,5,1267.2,1,0,0,0.0001,0.0189,0.0,0.2029
R. Johnson & Co,unknown,1866,1,5,2588.7,1,0,0,0.0003,0.0189,0.0,0.2029
Josh Reid,unknown,1847,1,5,2369.8,1,0,0,0.0002,0.0189,0.0,0.2029
D H Bushell,unknown,1857,1,5,607.2,1,0,0,0.0001,0.0189,0.0,0.2029
Jas Brooker,unknown,1847,1,5,1503.9,1,0,0,0.0001,0.0189,0.0,0.2029
James Davidge,unknown,1857,1,5,806.5,1,0,0,0.0001,0.0189,0.0,0.2029
John Barelli & Co,unknown,1866,1,5,4106.6,1,0,0,0.0004,0.0189,0.0,0.2029
C H Olivier,unknown,1857,1,5,3744.0,1,0,0,0.0004,0.0189,0.0,0.2029
Phillips Faithfull & Co,unknown,1857,1,5,5320.1,1,0,0,0.0005,0.0189,0.0,0.2029
E. & I. Vickers & Co,unknown,1857,1,5,2850.7,1,0,0,0.0003,0.0189,0.0,0.2029
Anderson & Newton,unknown,1847,1,5,1712.7,1,0,0,0.0002,0.0189,0.0,0.2029
T De La Rue & Co,unknown,1847,1,5,3531.6,1,0,0,0.0003,0.0189,0.0,0.2029
S Swownell & Son,unknown,1857,1,5,3442.8,1,0,0,0.0003,0.0189,0.0,0.2029
A Webber & Co,unknown,1857,1,5,4661.9,1,0,0,0.0005,0.0189,0.0,0.2029
Hawes Stanbridge & Hedley,unknown,1857,1,5,4043.0,1,0,0,0.0004,0.0189,0.0,0.2029
John Walker,unknown,1857,1,5,1149.3,1,0,0,0.0001,0.0189,0.0,0.2029
Swindell & Bankhead,unknown,1857,1,5,3190.7,1,0,0,0.0003,0.0189,0.0,0.2029
Gunning & Duarrell,unknown,1847,1,5,1807.9,1,0,0,0.0002,0.0189,0.0,0.2029
J Foot & Son,unknown,1857,1,5,4829.3,1,0,0,0.0005,0.0189,0.0,0.2029
H Bull Son & Co,unknown,1847,1,5,2796.2,1,0,0,0.0003,0.0189,0.0,0.2029
Rees Glammong & Co,unknown,1866,1,5,648.1,1,0,0,0.0001,0.0189,0.0,0.2029
Norton Megaw & Co Ltd,unknown,1914,1,4,27476.3,1,0,0,0.0027,0.0151,0.0,0.2028
Frederick Dunhill,unknown,1866,1,5,424.2,1,0,0,0.0,0.0189,0.0,0.2028
Richard Mitchell,unknown,1866,1,5,276.4,1,0,0,0.0,0.0189,0.0,0.2028
Richard Evans & Co,unknown,1866,1,4,6149.8,1,0,0,0.0006,0.0151,0.0,0.2024
R Evans & Co,unknown,1857,1,4,7074.3,1,0,0,0.0007,0.0151,0.0,0.2024
Grissell Brothers & Co,unknown,1857,1,4,5885.0,1,0,0,0.0006,0.0151,0.0,0.2024
S. Northcote & Co,unknown,1866,1,4,4819.7,1,0,0,0.0005,0.0151,0.0,0.2024
Cash + Ledgard,unknown,1857,1,4,7349.5,1,0,0,0.0007,0.0151,0.0,0.2024
J & W J Courtenay,unknown,1857,1,4,6350.7,1,0,0,0.0006,0.0151,0.0,0.2024
Henderson & Constable,unknown,1857,1,4,6066.8,1,0,0,0.0006,0.0151,0.0,0.2024
Henry Joachim,unknown,1857,1,4,6644.9,1,0,0,0.0006,0.0151,0.0,0.2024
J. H. Rudall,unknown,1857,1,4,5875.7,1,0,0,0.0006,0.0151,0.0,0.2024
C C Williams,unknown,1857,1,4,6615.0,1,0,0,0.0006,0.0151,0.0,0.2024
Wilson & Bellenger,unknown,1866,1,4,6729.4,1,0,0,0.0007,0.0151,0.0,0.2024
Allen Solly & Co,unknown,1866,1,4,6651.4,1,0,0,0.0006,0.0151,0.0,0.2024
B. Tucker & Co,unknown,1866,1,4,4112.5,1,0,0,0.0004,0.0151,0.0,0.2023
Sharpe H & D,unknown,1847,1,4,1376.8,1,0,0,0.0001,0.0151,0.0,0.2023
Howe & Sons,unknown,1847,1,4,3790.0,1,0,0,0.0004,0.0151,0.0,0.2023
J W Liggins,unknown,1847,1,4,2801.9,1,0,0,0.0003,0.0151,0.0,0.2023
J L Baker,unknown,1847,1,4,956.4,1,0,0,0.0001,0.0151,0.0,0.2023
Learidge Smith,unknown,1847,1,4,3322.9,1,0,0,0.0003,0.0151,0.0,0.2023
N Nicholls & Sons,unknown,1857,1,4,2359.8,1,0,0,0.0002,0.0151,0.0,0.2023
H Thompson CC,unknown,1847,1,4,379.0,1,0,0,0.0,0.0151,0.0,0.2023
R Chuter,unknown,1847,1,4,3338.0,1,0,0,0.0003,0.0151,0.0,0.2023
Jos Holl & Co,unknown,1847,1,4,1505.3,1,0,0,0.0001,0.0151,0.0,0.2023
Eyre & Spottiswoode,unknown,1866,1,4,2768.7,1,0,0,0.0003,0.0151,0.0,0.2023
Escourt & Stanley,unknown,1866,1,4,4033.5,1,0,0,0.0004,0.0151,0.0,0.2023
H. D. Baleh,unknown,1866,1,4,758.9,1,0,0,0.0001,0.0151,0.0,0.2023
Leaf Barnett & Co,unknown,1847,1,4,1773.9,1,0,0,0.0002,0.0151,0.0,0.2023
Jno Wood C S,unknown,1847,1,4,676.1,1,0,0,0.0001,0.0151,0.0,0.2023
Balfour Joseph,unknown,1847,1,4,3998.9,1,0,0,0.0004,0.0151,0.0,0.2023
David Low,unknown,1847,1,4,911.5,1,0,0,0.0001,0.0151,0.0,0.2023
W Cann,unknown,1847,1,4,2213.6,1,0,0,0.0002,0.0151,0.0,0.2023
G. Houghton & Sons,unknown,1857,1,4,1471.8,1,0,0,0.0001,0.0151,0.0,0.2023
"Wilson, Seward & Swale",unknown,1857,1,4,4518.0,1,0,0,0.0004,0.0151,0.0,0.2023
C Sparks,unknown,1847,1,4,3527.2,1,0,0,0.0003,0.0151,0.0,0.2023
T Hodgkinson & Co,unknown,1857,1,4,1629.2,1,0,0,0.0002,0.0151,0.0,0.2023
H J Lias & Son,unknown,1857,1,4,1075.4,1,0,0,0.0001,0.0151,0.0,0.2023
E Girdham & Co,unknown,1866,1,4,3086.0,1,0,0,0.0003,0.0151,0.0,0.2023
James Mills,industrial_or_commercial,1866,1,4,2199.8,1,0,0,0.0002,0.0151,0.0,0.2023
G E Mackieth,unknown,1857,1,4,383.6,1,0,0,0.0,0.0151,0.0,0.2023
H Davies,unknown,1857,1,4,3703.9,1,0,0,0.0004,0.0151,0.0,0.2023
Gillies & Horne,unknown,1847,1,4,1917.3,1,0,0,0.0002,0.0151,0.0,0.2023
C. H. Noble,unknown,1866,1,4,3846.2,1,0,0,0.0004,0.0151,0.0,0.2023
Jacobson,unknown,1847,1,4,1667.3,1,0,0,0.0002,0.0151,0.0,0.2023
Naylor Benyon Co Ld,unknown,1914,1,3,25469.7,1,0,0,0.0025,0.0113,0.0,0.2022
S .Japhet Co,unknown,1914,1,2,48500.0,1,0,0,0.0047,0.0075,0.0,0.2021
S.Barrow & Bro Ltd,unknown,1914,1,3,19449.5,1,0,0,0.0019,0.0113,0.0,0.2021
W. Muggeridge & Co,unknown,1866,1,3,7850.7,1,0,0,0.0008,0.0113,0.0,0.2019
T.O. Stock & Co,unknown,1866,1,3,7800.0,1,0,0,0.0008,0.0113,0.0,0.2019
Pomsford Southall & Co,unknown,1866,1,3,5887.0,1,0,0,0.0006,0.0113,0.0,0.2018
Gunning & Duarell,unknown,1866,1,3,4382.6,1,0,0,0.0004,0.0113,0.0,0.2018
W Smee & Sons,unknown,1857,1,3,3144.8,1,0,0,0.0003,0.0113,0.0,0.2018
W & J Lowndes & Co,unknown,1847,1,3,2927.6,1,0,0,0.0003,0.0113,0.0,0.2018
Thomas Walker,unknown,1866,1,3,4010.8,1,0,0,0.0004,0.0113,0.0,0.2018
Brandram Bros,unknown,1847,1,3,4007.9,1,0,0,0.0004,0.0113,0.0,0.2018
J & W Hoolon,unknown,1847,1,3,2599.9,1,0,0,0.0003,0.0113,0.0,0.2018
Simon & Carey,unknown,1857,1,3,7330.5,1,0,0,0.0007,0.0113,0.0,0.2018
Thomas Severs,unknown,1847,1,3,2723.4,1,0,0,0.0003,0.0113,0.0,0.2018
Novelli & Co,unknown,1866,1,3,7181.6,1,0,0,0.0007,0.0113,0.0,0.2018
George Walker,unknown,1866,1,3,4050.0,1,0,0,0.0004,0.0113,0.0,0.2018
Morlet + Horne,unknown,1857,1,3,5747.0,1,0,0,0.0006,0.0113,0.0,0.2018
A. Salomons,unknown,1866,1,3,5245.5,1,0,0,0.0005,0.0113,0.0,0.2018
Rob Muter,unknown,1847,1,3,2684.0,1,0,0,0.0003,0.0113,0.0,0.2018
"Hanson, Smiths & Stephens",unknown,1866,1,3,4856.1,1,0,0,0.0005,0.0113,0.0,0.2018
H P Rouquette & Co,unknown,1857,1,3,6517.9,1,0,0,0.0006,0.0113,0.0,0.2018
G & J Prince,unknown,1857,1,3,3485.7,1,0,0,0.0003,0.0113,0.0,0.2018
Green Humphry & Co,unknown,1866,1,3,3546.8,1,0,0,0.0003,0.0113,0.0,0.2018
Horne & Watney,unknown,1857,1,3,7420.9,1,0,0,0.0007,0.0113,0.0,0.2018
Ditchburn & Mare,unknown,1847,1,3,2622.6,1,0,0,0.0003,0.0113,0.0,0.2018
T. Husband & Co,unknown,1866,1,3,4057.1,1,0,0,0.0004,0.0113,0.0,0.2018
N. C. Frank & Sons,unknown,1866,1,3,3243.8,1,0,0,0.0003,0.0113,0.0,0.2018
T. De La Rue & Co,unknown,1866,1,3,3610.1,1,0,0,0.0003,0.0113,0.0,0.2018
Hartman & Mallet,unknown,1866,1,3,6218.3,1,0,0,0.0006,0.0113,0.0,0.2018
Sevidet Mayer & Co,unknown,1857,1,3,6937.4,1,0,0,0.0007,0.0113,0.0,0.2018
J H Randall,unknown,1857,1,3,3632.4,1,0,0,0.0004,0.0113,0.0,0.2018
G Johnson & Co,unknown,1847,1,3,3039.7,1,0,0,0.0003,0.0113,0.0,0.2018
I Isaacs,unknown,1857,1,3,2847.2,1,0,0,0.0003,0.0113,0.0,0.2018
Rowley & Davies,unknown,1866,1,3,6817.8,1,0,0,0.0007,0.0113,0.0,0.2018
"Dae La Rue Thomas, & Co",unknown,1857,1,3,6051.8,1,0,0,0.0006,0.0113,0.0,0.2018
Venables Wilson & Co,unknown,1847,1,3,3100.6,1,0,0,0.0003,0.0113,0.0,0.2018
I. W. Cripps,unknown,1866,1,3,5757.9,1,0,0,0.0006,0.0113,0.0,0.2018
Mangles Brothers,unknown,1857,1,3,5458.1,1,0,0,0.0005,0.0113,0.0,0.2018
Resta Moore,unknown,1857,1,3,1362.5,1,0,0,0.0001,0.0113,0.0,0.2017
David Brown,unknown,1847,1,3,944.6,1,0,0,0.0001,0.0113,0.0,0.2017
N B Gurney & Sons,unknown,1847,1,3,931.5,1,0,0,0.0001,0.0113,0.0,0.2017
Donaldson Laubert & Co,unknown,1847,1,3,0.0,1,0,0,0.0,0.0113,0.0,0.2017
John Cape,unknown,1847,1,3,1494.2,1,0,0,0.0001,0.0113,0.0,0.2017
Cradock & Co,unknown,1847,1,3,0.0,1,0,0,0.0,0.0113,0.0,0.2017
John Reay Sons & Co,unknown,1857,1,3,2149.1,1,0,0,0.0002,0.0113,0.0,0.2017
Thomas Reynolds Jnr,unknown,1847,1,3,866.6,1,0,0,0.0001,0.0113,0.0,0.2017
W Learmouth & Co,unknown,1847,1,3,2462.7,1,0,0,0.0002,0.0113,0.0,0.2017
Parker Hine & Co,unknown,1857,1,3,2146.9,1,0,0,0.0002,0.0113,0.0,0.2017
Tho Biggs,unknown,1857,1,3,198.0,1,0,0,0.0,0.0113,0.0,0.2017
Lutwyike & Guys,unknown,1847,1,3,1069.5,1,0,0,0.0001,0.0113,0.0,0.2017
Paul & Dastis,unknown,1847,1,3,2113.2,1,0,0,0.0002,0.0113,0.0,0.2017
H Lancaster & Bull,unknown,1857,1,3,2135.5,1,0,0,0.0002,0.0113,0.0,0.2017
Stephen Evans & Co,unknown,1866,1,3,2232.4,1,0,0,0.0002,0.0113,0.0,0.2017
J McCutcheon,unknown,1847,1,3,0.0,1,0,0,0.0,0.0113,0.0,0.2017
Standring Brothers,unknown,1857,1,3,2530.8,1,0,0,0.0002,0.0113,0.0,0.2017
C Heaton & Co,unknown,1847,1,3,0.0,1,0,0,0.0,0.0113,0.0,0.2017
R Halls M L,unknown,1847,1,3,1615.9,1,0,0,0.0002,0.0113,0.0,0.2017
Alex Webber & Co,unknown,1866,1,3,1972.1,1,0,0,0.0002,0.0113,0.0,0.2017
John Riaff Sons & Co,unknown,1857,1,3,2017.1,1,0,0,0.0002,0.0113,0.0,0.2017
W Watts,unknown,1847,1,3,337.7,1,0,0,0.0,0.0113,0.0,0.2017
J H Noding,unknown,1847,1,3,2350.7,1,0,0,0.0002,0.0113,0.0,0.2017
Heitz & Deveze,unknown,1866,1,3,2015.6,1,0,0,0.0002,0.0113,0.0,0.2017
Hore + Gifford,unknown,1857,1,3,2388.7,1,0,0,0.0002,0.0113,0.0,0.2017
J Cockburn & Co,unknown,1847,1,3,1425.0,1,0,0,0.0001,0.0113,0.0,0.2017
C Tauntlory,unknown,1857,1,3,1800.0,1,0,0,0.0002,0.0113,0.0,0.2017
P. Abraham,unknown,1866,1,3,1071.0,1,0,0,0.0001,0.0113,0.0,0.2017
Chas Armstrong,unknown,1847,1,3,1357.2,1,0,0,0.0001,0.0113,0.0,0.2017
Joseph Tetley & Co,unknown,1866,1,3,2316.6,1,0,0,0.0002,0.0113,0.0,0.2017
"Meares, Absolom & Co",unknown,1866,1,3,998.0,1,0,0,0.0001,0.0113,0.0,0.2017
Rob Christie & Co,unknown,1847,1,3,1902.1,1,0,0,0.0002,0.0113,0.0,0.2017
Forman & Hadon,unknown,1847,1,3,319.0,1,0,0,0.0,0.0113,0.0,0.2017
P Davey & Sons,unknown,1857,1,3,2475.3,1,0,0,0.0002,0.0113,0.0,0.2017
T. Hodgekinson & Co,unknown,1866,1,3,1872.5,1,0,0,0.0002,0.0113,0.0,0.2017
G. E Macketh,unknown,1866,1,3,368.5,1,0,0,0.0,0.0113,0.0,0.2017
T Wiggin & Co,unknown,1847,1,3,1919.0,1,0,0,0.0002,0.0113,0.0,0.2017
Wornersley & Co,unknown,1847,1,3,1835.4,1,0,0,0.0002,0.0113,0.0,0.2017
T M Waters,unknown,1857,1,3,2152.4,1,0,0,0.0002,0.0113,0.0,0.2017
Favell & Beddome,unknown,1847,1,3,1830.8,1,0,0,0.0002,0.0113,0.0,0.2017
Geo Houghton & Sons,unknown,1847,1,3,250.2,1,0,0,0.0,0.0113,0.0,0.2017
Geo Simmons,unknown,1847,1,3,494.2,1,0,0,0.0,0.0113,0.0,0.2017
Oliver & Carr,unknown,1866,1,3,1252.7,1,0,0,0.0001,0.0113,0.0,0.2017
London & Liverpool Bank Of Commerce Ltd,clearing_or_joint_stock_bank,1914,1,2,26964.1,1,0,0,0.0026,0.0075,0.0,0.2016
"Jacomb, Hogg & Co",unknown,1866,1,2,7701.4,1,0,0,0.0007,0.0075,0.0,0.2013
J Carter & Co,unknown,1857,1,2,7272.1,1,0,0,0.0007,0.0075,0.0,0.2013
Poutus Kleman,unknown,1866,1,2,7440.0,1,0,0,0.0007,0.0075,0.0,0.2013
Page & Welch,unknown,1866,1,2,6909.9,1,0,0,0.0007,0.0075,0.0,0.2013
C Leary & Co,unknown,1857,1,2,7450.2,1,0,0,0.0007,0.0075,0.0,0.2013
I T W Noakes,unknown,1857,1,2,6773.8,1,0,0,0.0007,0.0075,0.0,0.2013
Judah Hard & Co,unknown,1866,1,2,7284.4,1,0,0,0.0007,0.0075,0.0,0.2013
"Porter, Schlusser & Co",unknown,1866,1,2,2760.0,1,0,0,0.0003,0.0075,0.0,0.2012
Middleton Answorth & Co,unknown,1866,1,2,5199.2,1,0,0,0.0005,0.0075,0.0,0.2012
"Bidgood, Jones & Wilson",unknown,1866,1,2,3865.6,1,0,0,0.0004,0.0075,0.0,0.2012
"Locke, Crosier & Edwards",unknown,1866,1,2,1631.3,1,0,0,0.0002,0.0075,0.0,0.2012
Boyson & Hoyer,unknown,1847,1,2,3367.6,1,0,0,0.0003,0.0075,0.0,0.2012
P Ruckham,unknown,1847,1,2,1719.9,1,0,0,0.0002,0.0075,0.0,0.2012
L Bisset & Co,unknown,1857,1,2,3109.1,1,0,0,0.0003,0.0075,0.0,0.2012
Wm Oliver & Sons Ltd,unknown,1914,1,2,5238.3,1,0,0,0.0005,0.0075,0.0,0.2012
Kemp Stone & Co,unknown,1866,1,2,4294.3,1,0,0,0.0004,0.0075,0.0,0.2012
Wn De Hacelles,unknown,1857,1,2,6151.8,1,0,0,0.0006,0.0075,0.0,0.2012
"Judah, Hart & Co",unknown,1866,1,2,2414.4,1,0,0,0.0002,0.0075,0.0,0.2012
Bidgorddons & Co,unknown,1857,1,2,2545.3,1,0,0,0.0002,0.0075,0.0,0.2012
Lapton Hootond & Co,unknown,1857,1,2,2867.1,1,0,0,0.0003,0.0075,0.0,0.2012
W Vaughan & Co,unknown,1857,1,2,5791.4,1,0,0,0.0006,0.0075,0.0,0.2012
Southall & Ponsford,unknown,1857,1,2,2417.4,1,0,0,0.0002,0.0075,0.0,0.2012
Te Blatsphiel,unknown,1857,1,2,2005.3,1,0,0,0.0002,0.0075,0.0,0.2012
Buckler Woolbright,unknown,1866,1,2,5173.3,1,0,0,0.0005,0.0075,0.0,0.2012
Tambouru & Bell,unknown,1847,1,2,1925.1,1,0,0,0.0002,0.0075,0.0,0.2012
Clode & Baker,unknown,1866,1,2,6336.4,1,0,0,0.0006,0.0075,0.0,0.2012
W Clowes & Co,unknown,1847,1,2,2823.4,1,0,0,0.0003,0.0075,0.0,0.2012
Burr Brother & Co,unknown,1866,1,2,2388.5,1,0,0,0.0002,0.0075,0.0,0.2012
Gottschalch & Schrade,unknown,1847,1,2,1843.2,1,0,0,0.0002,0.0075,0.0,0.2012
"Grierson, Cole & Co.",unknown,1866,1,2,1674.2,1,0,0,0.0002,0.0075,0.0,0.2012
Gunning + Luarell,unknown,1857,1,2,1694.2,1,0,0,0.0002,0.0075,0.0,0.2012
Balls Garrett,unknown,1866,1,2,1807.1,1,0,0,0.0002,0.0075,0.0,0.2012
J. Hughes & Co,unknown,1866,1,2,1654.5,1,0,0,0.0002,0.0075,0.0,0.2012
Smith & Lister,unknown,1866,1,2,5980.7,1,0,0,0.0006,0.0075,0.0,0.2012
Shield & Harwood,unknown,1847,1,2,1595.0,1,0,0,0.0002,0.0075,0.0,0.2012
Hocking Hitchock & Co,unknown,1866,1,2,4293.6,1,0,0,0.0004,0.0075,0.0,0.2012
Seys Mason & Co,unknown,1847,1,2,2229.8,1,0,0,0.0002,0.0075,0.0,0.2012
Rowley & Co,unknown,1847,1,2,2912.5,1,0,0,0.0003,0.0075,0.0,0.2012
Ruck Fenwick & Ruck,unknown,1857,1,2,4778.4,1,0,0,0.0005,0.0075,0.0,0.2012
Inglis & Wakefield,unknown,1866,1,2,6023.5,1,0,0,0.0006,0.0075,0.0,0.2012
It Tixcsen & Co,unknown,1857,1,2,2669.6,1,0,0,0.0003,0.0075,0.0,0.2012
W Speir & Co,unknown,1847,1,2,2531.4,1,0,0,0.0002,0.0075,0.0,0.2012
J & C Ratliff,unknown,1847,1,2,3908.0,1,0,0,0.0004,0.0075,0.0,0.2012
J & N Smith,unknown,1847,1,2,2611.9,1,0,0,0.0003,0.0075,0.0,0.2012
W. H. Hindley,unknown,1866,1,2,2358.5,1,0,0,0.0002,0.0075,0.0,0.2012
J Main Sons & Co,unknown,1857,1,2,3622.6,1,0,0,0.0003,0.0075,0.0,0.2012
J Mathew M L,unknown,1847,1,2,1669.9,1,0,0,0.0002,0.0075,0.0,0.2012
J Maurenbrecher & Co,unknown,1857,1,2,5038.2,1,0,0,0.0005,0.0075,0.0,0.2012
S. W. Silver & Co,unknown,1866,1,2,2599.1,1,0,0,0.0003,0.0075,0.0,0.2012
C Faintling,unknown,1857,1,2,2272.5,1,0,0,0.0002,0.0075,0.0,0.2012
Arthur Lewis,unknown,1847,1,2,2835.0,1,0,0,0.0003,0.0075,0.0,0.2012
Swonnell Samuel & Son,unknown,1866,1,2,2327.4,1,0,0,0.0002,0.0075,0.0,0.2012
Field & Sons,unknown,1866,1,2,3428.2,1,0,0,0.0003,0.0075,0.0,0.2012
Jno Kendall,unknown,1847,1,2,2287.1,1,0,0,0.0002,0.0075,0.0,0.2012
D Lloyd,unknown,1857,1,2,5115.3,1,0,0,0.0005,0.0075,0.0,0.2012
Cutler & Barker,unknown,1866,1,2,1956.5,1,0,0,0.0002,0.0075,0.0,0.2012
David Lloyd & Co,unknown,1866,1,2,2563.6,1,0,0,0.0002,0.0075,0.0,0.2012
Dufay & Isnard,unknown,1866,1,2,1915.3,1,0,0,0.0002,0.0075,0.0,0.2012
"Dunbar, Dicksons & Co",unknown,1866,1,2,3806.3,1,0,0,0.0004,0.0075,0.0,0.2012
John Fore & Co,unknown,1857,1,2,3919.6,1,0,0,0.0004,0.0075,0.0,0.2012
Cripps & Starkey,unknown,1857,1,2,2621.2,1,0,0,0.0003,0.0075,0.0,0.2012
A Dimitris & Sons,unknown,1857,1,2,1610.3,1,0,0,0.0002,0.0075,0.0,0.2012
Favell Beddome & Co,unknown,1857,1,2,2829.6,1,0,0,0.0003,0.0075,0.0,0.2012
Washington & Davies,unknown,1857,1,2,1631.3,1,0,0,0.0002,0.0075,0.0,0.2012
John Boyd,unknown,1866,1,2,1722.4,1,0,0,0.0002,0.0075,0.0,0.2012
Thomas Stephens & Co,unknown,1866,1,2,6210.4,1,0,0,0.0006,0.0075,0.0,0.2012
Jnr Leas & Son,unknown,1847,1,2,2947.7,1,0,0,0.0003,0.0075,0.0,0.2012
Elvlvhisther,unknown,1847,1,2,1827.5,1,0,0,0.0002,0.0075,0.0,0.2012
C Fauntheory,unknown,1847,1,2,1859.1,1,0,0,0.0002,0.0075,0.0,0.2012
Tevan Kamon & Son,unknown,1857,1,2,2678.1,1,0,0,0.0003,0.0075,0.0,0.2012
Thackrah L & Co,unknown,1847,1,2,2160.3,1,0,0,0.0002,0.0075,0.0,0.2012
F Giesler & Co,unknown,1847,1,2,2312.0,1,0,0,0.0002,0.0075,0.0,0.2012
Thomas Drayton,unknown,1857,1,2,23.4,1,0,0,0.0,0.0075,0.0,0.2011
Alfred Towgood,unknown,1857,1,2,312.9,1,0,0,0.0,0.0075,0.0,0.2011
J & W McCutcheon,unknown,1847,1,2,411.4,1,0,0,0.0,0.0075,0.0,0.2011
J & W Rider,unknown,1866,1,2,87.9,1,0,0,0.0,0.0075,0.0,0.2011
Sayant Fridor Co,unknown,1847,1,2,945.0,1,0,0,0.0001,0.0075,0.0,0.2011
J Boys,unknown,1847,1,2,429.5,1,0,0,0.0,0.0075,0.0,0.2011
J Burls,unknown,1847,1,2,584.2,1,0,0,0.0001,0.0075,0.0,0.2011
Samuel Strickland,unknown,1866,1,2,198.6,1,0,0,0.0,0.0075,0.0,0.2011
W B Hine Parker & Co,unknown,1847,1,2,963.0,1,0,0,0.0001,0.0075,0.0,0.2011
J Cousens & Sons,unknown,1847,1,2,374.1,1,0,0,0.0,0.0075,0.0,0.2011
J H & G Scovell,unknown,1847,1,2,1197.6,1,0,0,0.0001,0.0075,0.0,0.2011
J F Stanford,unknown,1847,1,2,96.0,1,0,0,0.0,0.0075,0.0,0.2011
P J Meugsino,unknown,1857,1,2,1046.5,1,0,0,0.0001,0.0075,0.0,0.2011
J H Dart,unknown,1857,1,2,402.5,1,0,0,0.0,0.0075,0.0,0.2011
Sam Magnus,unknown,1847,1,2,1388.3,1,0,0,0.0001,0.0075,0.0,0.2011
Sam & Vickers,unknown,1847,1,2,188.1,1,0,0,0.0,0.0075,0.0,0.2011
J Lias & Son,unknown,1847,1,2,464.3,1,0,0,0.0,0.0075,0.0,0.2011
Tr Browne,unknown,1857,1,2,179.5,1,0,0,0.0,0.0075,0.0,0.2011
Union Life,unknown,1847,1,2,1524.5,1,0,0,0.0001,0.0075,0.0,0.2011
G F Gaubert,unknown,1847,1,2,1017.3,1,0,0,0.0001,0.0075,0.0,0.2011
G. B. Yates & Son,unknown,1866,1,2,775.7,1,0,0,0.0001,0.0075,0.0,0.2011
T Dunhill,unknown,1857,1,2,198.2,1,0,0,0.0,0.0075,0.0,0.2011
Thomas Fielding,unknown,1847,1,2,321.8,1,0,0,0.0,0.0075,0.0,0.2011
E W Whistler,unknown,1847,1,2,1230.0,1,0,0,0.0001,0.0075,0.0,0.2011
L Friedeberg,unknown,1847,1,2,259.0,1,0,0,0.0,0.0075,0.0,0.2011
H Erswell,unknown,1847,1,2,1454.3,1,0,0,0.0001,0.0075,0.0,0.2011
Beaudsell & Jackson,unknown,1866,1,2,1238.6,1,0,0,0.0001,0.0075,0.0,0.2011
W Jenkinson,unknown,1866,1,2,565.5,1,0,0,0.0001,0.0075,0.0,0.2011
A Jackson & Co,unknown,1857,1,2,418.7,1,0,0,0.0,0.0075,0.0,0.2011
A L Crohn,unknown,1857,1,2,489.0,1,0,0,0.0,0.0075,0.0,0.2011
Thomas Nelson & Son,unknown,1866,1,2,1207.9,1,0,0,0.0001,0.0075,0.0,0.2011
Henckell Du Buisson Co,unknown,1914,1,2,1175.5,1,0,0,0.0001,0.0075,0.0,0.2011
W E Eddison,unknown,1857,1,2,929.6,1,0,0,0.0001,0.0075,0.0,0.2011
Bailey & Fox,unknown,1847,1,2,1517.1,1,0,0,0.0001,0.0075,0.0,0.2011
T & W H Hirst,unknown,1847,1,2,881.0,1,0,0,0.0001,0.0075,0.0,0.2011
M L Magnus,unknown,1847,1,2,366.2,1,0,0,0.0,0.0075,0.0,0.2011
F. Dunhill,unknown,1866,1,2,105.8,1,0,0,0.0,0.0075,0.0,0.2011
Eady & Paris,unknown,1866,1,2,344.6,1,0,0,0.0,0.0075,0.0,0.2011
Preacher Osborne & Co,unknown,1847,1,2,918.7,1,0,0,0.0001,0.0075,0.0,0.2011
I. E. Coleman,unknown,1857,1,2,1091.7,1,0,0,0.0001,0.0075,0.0,0.2011
I. W. Horsley,unknown,1866,1,2,610.3,1,0,0,0.0001,0.0075,0.0,0.2011
George Wyatt,unknown,1857,1,2,61.1,1,0,0,0.0,0.0075,0.0,0.2011
Isaac Walker,unknown,1847,1,2,755.5,1,0,0,0.0001,0.0075,0.0,0.2011
C. E. Heinke,unknown,1866,1,2,329.9,1,0,0,0.0,0.0075,0.0,0.2011
"John Reay, Sons Co",unknown,1866,1,2,637.4,1,0,0,0.0001,0.0075,0.0,0.2011
Bridgewater Jones & Co,unknown,1866,1,2,1169.8,1,0,0,0.0001,0.0075,0.0,0.2011
R & W J Roxby,unknown,1847,1,2,1128.0,1,0,0,0.0001,0.0075,0.0,0.2011
Rouney Bruce & Co,unknown,1847,1,2,1128.8,1,0,0,0.0001,0.0075,0.0,0.2011
J. W Laird,unknown,1866,1,2,839.4,1,0,0,0.0001,0.0075,0.0,0.2011
Joseph Callinson,unknown,1857,1,2,663.4,1,0,0,0.0001,0.0075,0.0,0.2011
John Wood C S,unknown,1847,1,2,415.8,1,0,0,0.0,0.0075,0.0,0.2011
J Urwich & Sons,unknown,1847,1,2,1546.9,1,0,0,0.0001,0.0075,0.0,0.2011
J Udall,unknown,1847,1,2,390.6,1,0,0,0.0,0.0075,0.0,0.2011
J. Samuel & Emmanuel,unknown,1866,1,2,52.6,1,0,0,0.0,0.0075,0.0,0.2011
S Houghton & Son,unknown,1847,1,2,166.9,1,0,0,0.0,0.0075,0.0,0.2011
R J + R Swift,unknown,1857,1,2,178.6,1,0,0,0.0,0.0075,0.0,0.2011
Bl Leman,unknown,1857,1,2,310.0,1,0,0,0.0,0.0075,0.0,0.2011
S Swonnell & Son,unknown,1857,1,2,888.0,1,0,0,0.0001,0.0075,0.0,0.2011
R A Coward,unknown,1847,1,2,1422.4,1,0,0,0.0001,0.0075,0.0,0.2011
Robert Adams,unknown,1866,1,2,0.0,1,0,0,0.0,0.0075,0.0,0.2011
J P Thal & Co,unknown,1857,1,2,780.0,1,0,0,0.0001,0.0075,0.0,0.2011
Jr Browne,unknown,1857,1,2,238.1,1,0,0,0.0,0.0075,0.0,0.2011
Rob & Simmons,unknown,1847,1,2,577.5,1,0,0,0.0001,0.0075,0.0,0.2011
R & N Nicholls,unknown,1847,1,2,489.9,1,0,0,0.0,0.0075,0.0,0.2011
A B Byass,unknown,1847,1,2,141.0,1,0,0,0.0,0.0075,0.0,0.2011
J. P. Thol & Co,unknown,1866,1,2,656.8,1,0,0,0.0001,0.0075,0.0,0.2011
Bier & Partner,unknown,1857,1,2,173.9,1,0,0,0.0,0.0075,0.0,0.2011
Jh Macku,unknown,1857,1,2,1409.0,1,0,0,0.0001,0.0075,0.0,0.2011
William Howell & Co,unknown,1847,1,2,411.1,1,0,0,0.0,0.0075,0.0,0.2011
Jas Rundall,unknown,1847,1,2,227.1,1,0,0,0.0,0.0075,0.0,0.2011
Borker Sons & Co,unknown,1847,1,2,0.0,1,0,0,0.0,0.0075,0.0,0.2011
William Horn,unknown,1847,1,2,813.5,1,0,0,0.0001,0.0075,0.0,0.2011
Barry & Nephews,unknown,1866,1,1,4700.0,1,0,0,0.0005,0.0038,0.0,0.2007
H Ballin & Son,unknown,1857,1,1,5000.0,1,0,0,0.0005,0.0038,0.0,0.2007
Morley Nephew & Co,unknown,1857,1,1,5852.2,1,0,0,0.0006,0.0038,0.0,0.2007
H Butler & Son,unknown,1857,1,1,7428.8,1,0,0,0.0007,0.0038,0.0,0.2007
Sillem & Co,unknown,1866,1,1,5085.8,1,0,0,0.0005,0.0038,0.0,0.2007
Robert Campbell,unknown,1866,1,1,5700.3,1,0,0,0.0006,0.0038,0.0,0.2007
J. Tenny Clarke & Co,unknown,1866,1,1,5620.3,1,0,0,0.0005,0.0038,0.0,0.2007
Frangopulo Agelasto Co,unknown,1866,1,1,7426.0,1,0,0,0.0007,0.0038,0.0,0.2007
J. Hubbard & Co,unknown,1866,1,1,6900.0,1,0,0,0.0007,0.0038,0.0,0.2007
L. Brusewitz,unknown,1866,1,1,4700.0,1,0,0,0.0005,0.0038,0.0,0.2007
A Jarohai,unknown,1857,1,1,5197.5,1,0,0,0.0005,0.0038,0.0,0.2007
John Dickensgill & Son,unknown,1857,1,1,6003.9,1,0,0,0.0006,0.0038,0.0,0.2007
Lom Bunudti Soms & Co,unknown,1866,1,1,5906.4,1,0,0,0.0006,0.0038,0.0,0.2007
Truman Hitchcock & Co,unknown,1866,1,1,7045.3,1,0,0,0.0007,0.0038,0.0,0.2007
Tamvaco Michrulachi,unknown,1857,1,1,5762.3,1,0,0,0.0006,0.0038,0.0,0.2007
Rob Clouter,unknown,1847,1,1,786.2,1,0,0,0.0001,0.0038,0.0,0.2006
Teument & Co,unknown,1857,1,1,283.5,1,0,0,0.0,0.0038,0.0,0.2006
White Greenwell,unknown,1847,1,1,697.1,1,0,0,0.0001,0.0038,0.0,0.2006
Tevan Kamm Tevan,unknown,1857,1,1,930.8,1,0,0,0.0001,0.0038,0.0,0.2006
Taylor & Whalley,unknown,1866,1,1,3290.0,1,0,0,0.0003,0.0038,0.0,0.2006
Tevan Kamon + Tevan,unknown,1857,1,1,636.9,1,0,0,0.0001,0.0038,0.0,0.2006
Walford Fairer & Harrison,unknown,1857,1,1,4386.8,1,0,0,0.0004,0.0038,0.0,0.2006
S. Rich,unknown,1866,1,1,828.0,1,0,0,0.0001,0.0038,0.0,0.2006
Tavell Beddone & Co,unknown,1857,1,1,1029.1,1,0,0,0.0001,0.0038,0.0,0.2006
Tannvaco M & Co,unknown,1847,1,1,2704.7,1,0,0,0.0003,0.0038,0.0,0.2006
T H Biggs,unknown,1857,1,1,79.4,1,0,0,0.0,0.0038,0.0,0.2006
T Knaus & Co,unknown,1866,1,1,330.9,1,0,0,0.0,0.0038,0.0,0.2006
T Lawnde & Co,unknown,1857,1,1,701.2,1,0,0,0.0001,0.0038,0.0,0.2006
T Scott,unknown,1857,1,1,711.6,1,0,0,0.0001,0.0038,0.0,0.2006
T Walker WW,unknown,1847,1,1,1628.0,1,0,0,0.0002,0.0038,0.0,0.2006
R Knaphill,unknown,1847,1,1,0.0,1,0,0,0.0,0.0038,0.0,0.2006
P Howard,unknown,1857,1,1,1039.5,1,0,0,0.0001,0.0038,0.0,0.2006
T+D Henry,unknown,1847,1,1,0.0,1,0,0,0.0,0.0038,0.0,0.2006
White H,unknown,1847,1,1,1096.8,1,0,0,0.0001,0.0038,0.0,0.2006
P Edwards,unknown,1847,1,1,0.0,1,0,0,0.0,0.0038,0.0,0.2006
T. O. Stock & Co,unknown,1866,1,1,0.0,1,0,0,0.0,0.0038,0.0,0.2006
A. M. Peebler & Son,unknown,1866,1,1,650.5,1,0,0,0.0001,0.0038,0.0,0.2006
Rob & Hunter,unknown,1847,1,1,113.4,1,0,0,0.0,0.0038,0.0,0.2006
Tandel + Phillips,unknown,1857,1,1,3047.6,1,0,0,0.0003,0.0038,0.0,0.2006
W Bamondi,unknown,1857,1,1,1074.5,1,0,0,0.0001,0.0038,0.0,0.2006
O. Roberts & Son,unknown,1866,1,1,3689.5,1,0,0,0.0004,0.0038,0.0,0.2006
W Anderson Haut & Co,unknown,1857,1,1,1890.0,1,0,0,0.0002,0.0038,0.0,0.2006
Tho Frefor,unknown,1857,1,1,372.3,1,0,0,0.0,0.0038,0.0,0.2006
Tho Hodgkinson & Co,unknown,1857,1,1,472.5,1,0,0,0.0,0.0038,0.0,0.2006
Tiedenick Tatt,unknown,1857,1,1,283.5,1,0,0,0.0,0.0038,0.0,0.2006
Till & Flegor,unknown,1857,1,1,592.5,1,0,0,0.0001,0.0038,0.0,0.2006
Tj Van Yellen Of Bauks,unknown,1857,1,1,47.2,1,0,0,0.0,0.0038,0.0,0.2006
Raff. Bascones,unknown,1866,1,1,1628.4,1,0,0,0.0002,0.0038,0.0,0.2006
Neacher & Co,unknown,1847,1,1,380.0,1,0,0,0.0,0.0038,0.0,0.2006
Ralli & Co,unknown,1847,1,1,1140.0,1,0,0,0.0001,0.0038,0.0,0.2006
Tuichaw Leatson P & Co,unknown,1857,1,1,2138.5,1,0,0,0.0002,0.0038,0.0,0.2006
W & H Braud & Co,unknown,1857,1,1,2650.5,1,0,0,0.0003,0.0038,0.0,0.2006
Tw Madley & Co,unknown,1857,1,1,1083.9,1,0,0,0.0001,0.0038,0.0,0.2006
Udall John,unknown,1847,1,1,689.7,1,0,0,0.0001,0.0038,0.0,0.2006
W & C Volckman,unknown,1847,1,1,307.2,1,0,0,0.0,0.0038,0.0,0.2006
Redo Doofson & Co,unknown,1847,1,1,0.0,1,0,0,0.0,0.0038,0.0,0.2006
Reake & Grove,unknown,1847,1,1,1229.1,1,0,0,0.0001,0.0038,0.0,0.2006
Unwick Son & Co,unknown,1847,1,1,1608.4,1,0,0,0.0002,0.0038,0.0,0.2006
"Unwick, Son & D",unknown,1847,1,1,1017.8,1,0,0,0.0001,0.0038,0.0,0.2006
A & N Nicholls,unknown,1847,1,1,127.3,1,0,0,0.0,0.0038,0.0,0.2006
Vander Willigen Simon,unknown,1866,1,1,1445.3,1,0,0,0.0001,0.0038,0.0,0.2006
Abm Bish,unknown,1847,1,1,0.0,1,0,0,0.0,0.0038,0.0,0.2006
Rawlandson V A,unknown,1847,1,1,277.4,1,0,0,0.0,0.0038,0.0,0.2006
Wesainder & Co,unknown,1847,1,1,1900.0,1,0,0,0.0002,0.0038,0.0,0.2006
Thomas Walton,unknown,1857,1,1,166.5,1,0,0,0.0,0.0038,0.0,0.2006
Rehdi & Baldermann,unknown,1857,1,1,3670.8,1,0,0,0.0004,0.0038,0.0,0.2006
Thomas Leamer,unknown,1857,1,1,392.4,1,0,0,0.0,0.0038,0.0,0.2006
Tho Husband & Co,unknown,1857,1,1,1039.5,1,0,0,0.0001,0.0038,0.0,0.2006
Tho Nelson & Son,unknown,1857,1,1,207.9,1,0,0,0.0,0.0038,0.0,0.2006
Tho Thomasset,unknown,1847,1,1,1140.0,1,0,0,0.0001,0.0038,0.0,0.2006
R Von Glehn,unknown,1857,1,1,1143.0,1,0,0,0.0001,0.0038,0.0,0.2006
R howards,unknown,1847,1,1,1009.8,1,0,0,0.0001,0.0038,0.0,0.2006
Robert Froie,unknown,1857,1,1,0.0,1,0,0,0.0,0.0038,0.0,0.2006
Thomas Hodgkinson & Co,unknown,1857,1,1,230.0,1,0,0,0.0,0.0038,0.0,0.2006
Thomas Hodgkinsons & Co,unknown,1857,1,1,235.0,1,0,0,0.0,0.0038,0.0,0.2006
Thomas Lyde,unknown,1866,1,1,0.0,1,0,0,0.0,0.0038,0.0,0.2006
Richard Poppleton,unknown,1866,1,1,1462.0,1,0,0,0.0001,0.0038,0.0,0.2006
Rikiue Bros,unknown,1847,1,1,2320.0,1,0,0,0.0002,0.0038,0.0,0.2006
Norman Nansey,unknown,1847,1,1,0.0,1,0,0,0.0,0.0038,0.0,0.2006
Wulff,unknown,1847,1,1,1440.0,1,0,0,0.0001,0.0038,0.0,0.2006
Thomas M Gregor,unknown,1866,1,1,186.1,1,0,0,0.0,0.0038,0.0,0.2006
Nirepen & co,unknown,1847,1,1,1904.5,1,0,0,0.0002,0.0038,0.0,0.2006
Thomas Nalher N N,unknown,1847,1,1,206.3,1,0,0,0.0,0.0038,0.0,0.2006
New Zealand Loans Afe,unknown,1866,1,1,1500.0,1,0,0,0.0001,0.0038,0.0,0.2006
Ridgemont Bros,unknown,1847,1,1,1776.0,1,0,0,0.0002,0.0038,0.0,0.2006
P van de Wall,unknown,1847,1,1,0.0,1,0,0,0.0,0.0038,0.0,0.2006
Willaim Pringle,unknown,1847,1,1,708.8,1,0,0,0.0001,0.0038,0.0,0.2006
T D Henry,unknown,1847,1,1,314.7,1,0,0,0.0,0.0038,0.0,0.2006
W Nansey,unknown,1847,1,1,264.0,1,0,0,0.0,0.0038,0.0,0.2006
S A Hodgson,unknown,1857,1,1,120.0,1,0,0,0.0,0.0038,0.0,0.2006
Schwann & Co,unknown,1866,1,1,1999.5,1,0,0,0.0002,0.0038,0.0,0.2006
S & J Peqq,unknown,1866,1,1,551.8,1,0,0,0.0001,0.0038,0.0,0.2006
Runey B,unknown,1847,1,1,285.0,1,0,0,0.0,0.0038,0.0,0.2006
Ruck Son & F,unknown,1847,1,1,1381.9,1,0,0,0.0001,0.0038,0.0,0.2006
Secretan Campbell & Co,unknown,1866,1,1,958.8,1,0,0,0.0001,0.0038,0.0,0.2006
Sermon Bros,unknown,1847,1,1,1815.4,1,0,0,0.0002,0.0038,0.0,0.2006
William Audlace & Sons,unknown,1857,1,1,322.0,1,0,0,0.0,0.0038,0.0,0.2006
Rt Saunders,unknown,1857,1,1,0.0,1,0,0,0.0,0.0038,0.0,0.2006
W. Hi & Andrew Form,unknown,1857,1,1,1937.2,1,0,0,0.0002,0.0038,0.0,0.2006
William Nansey,unknown,1847,1,1,0.0,1,0,0,0.0,0.0038,0.0,0.2006
R F & R Swift,unknown,1857,1,1,0.0,1,0,0,0.0,0.0038,0.0,0.2006
Sheen & Leary,unknown,1847,1,1,3291.8,1,0,0,0.0003,0.0038,0.0,0.2006
Williamson,unknown,1847,1,1,606.7,1,0,0,0.0001,0.0038,0.0,0.2006
Shreatfeild L & Codo,unknown,1847,1,1,1506.0,1,0,0,0.0001,0.0038,0.0,0.2006
Rauson Norton & Co,unknown,1847,1,1,0.0,1,0,0,0.0,0.0038,0.0,0.2006
Sinckin & Buck,unknown,1847,1,1,775.2,1,0,0,0.0001,0.0038,0.0,0.2006
Sinclair Hamilton & Co,unknown,1857,1,1,1268.7,1,0,0,0.0001,0.0038,0.0,0.2006
S A Moore & Others,unknown,1857,1,1,198.4,1,0,0,0.0,0.0038,0.0,0.2006
S Jacobson,unknown,1847,1,1,567.4,1,0,0,0.0001,0.0038,0.0,0.2006
Smabourne & Bell,unknown,1847,1,1,0.0,1,0,0,0.0,0.0038,0.0,0.2006
William Clowes & Sons,unknown,1857,1,1,3436.4,1,0,0,0.0003,0.0038,0.0,0.2006
William Kleen,unknown,1847,1,1,0.0,1,0,0,0.0,0.0038,0.0,0.2006
"Pye, Field & Tanqueray",unknown,1866,1,1,2758.9,1,0,0,0.0003,0.0038,0.0,0.2006
S. Lewis & Sons,unknown,1866,1,1,402.7,1,0,0,0.0,0.0038,0.0,0.2006
S Willyams & Co,unknown,1847,1,1,3262.7,1,0,0,0.0003,0.0038,0.0,0.2006
S Vander Willigen,unknown,1857,1,1,1756.3,1,0,0,0.0002,0.0038,0.0,0.2006
W Wausay,unknown,1847,1,1,484.2,1,0,0,0.0,0.0038,0.0,0.2006
"Puice, Coken & Co",unknown,1866,1,1,2704.4,1,0,0,0.0003,0.0038,0.0,0.2006
Sam Parker,unknown,1847,1,1,662.7,1,0,0,0.0001,0.0038,0.0,0.2006
S Ulwich Son & D,unknown,1847,1,1,900.4,1,0,0,0.0001,0.0038,0.0,0.2006
Schaezleil,unknown,1847,1,1,807.5,1,0,0,0.0001,0.0038,0.0,0.2006
Saman & Audont,unknown,1847,1,1,174.8,1,0,0,0.0,0.0038,0.0,0.2006
Samer Ward,unknown,1847,1,1,1973.8,1,0,0,0.0002,0.0038,0.0,0.2006
Prior & Son Co,unknown,1847,1,1,3311.7,1,0,0,0.0003,0.0038,0.0,0.2006
William Chevyt & Co,unknown,1857,1,1,948.5,1,0,0,0.0001,0.0038,0.0,0.2006
A Pollack Erben,unknown,1847,1,1,1079.2,1,0,0,0.0001,0.0038,0.0,0.2006
W T Fasn,unknown,1847,1,1,623.6,1,0,0,0.0001,0.0038,0.0,0.2006
S Phillips & Co,unknown,1847,1,1,0.0,1,0,0,0.0,0.0038,0.0,0.2006
William Burnside,unknown,1857,1,1,2177.4,1,0,0,0.0002,0.0038,0.0,0.2006
Sivendell & Baukland,unknown,1857,1,1,756.0,1,0,0,0.0001,0.0038,0.0,0.2006
A Lewis,unknown,1847,1,1,0.0,1,0,0,0.0,0.0038,0.0,0.2006
T . O. Stock & Co,unknown,1866,1,1,2350.0,1,0,0,0.0002,0.0038,0.0,0.2006
W H Cox & Sons,unknown,1857,1,1,2914.6,1,0,0,0.0003,0.0038,0.0,0.2006
A Goldson,unknown,1847,1,1,0.0,1,0,0,0.0,0.0038,0.0,0.2006
Summers & Son,unknown,1847,1,1,96.9,1,0,0,0.0,0.0038,0.0,0.2006
Parner Sons & Pictoned,unknown,1857,1,1,1606.5,1,0,0,0.0002,0.0038,0.0,0.2006
William,unknown,1847,1,1,1680.8,1,0,0,0.0002,0.0038,0.0,0.2006
Parkinson & Dilchick,unknown,1857,1,1,932.7,1,0,0,0.0001,0.0038,0.0,0.2006
W Hunt & Co,unknown,1866,1,1,1598.0,1,0,0,0.0002,0.0038,0.0,0.2006
Womersley Burts,unknown,1847,1,1,427.5,1,0,0,0.0,0.0038,0.0,0.2006
Parker Son & Picktchef,unknown,1857,1,1,1206.7,1,0,0,0.0001,0.0038,0.0,0.2006
W H & A Scott,unknown,1857,1,1,1472.0,1,0,0,0.0001,0.0038,0.0,0.2006
Wm Clay & Son,unknown,1847,1,1,720.0,1,0,0,0.0001,0.0038,0.0,0.2006
Woolcombe & Co,unknown,1847,1,1,0.0,1,0,0,0.0,0.0038,0.0,0.2006
Robt Beattey & Sons,unknown,1857,1,1,529.2,1,0,0,0.0001,0.0038,0.0,0.2006
W Guitealfe,unknown,1847,1,1,1425.0,1,0,0,0.0001,0.0038,0.0,0.2006
P. S. Galitti,unknown,1857,1,1,70.9,1,0,0,0.0,0.0038,0.0,0.2006
W Cofser & Son,unknown,1847,1,1,1326.3,1,0,0,0.0001,0.0038,0.0,0.2006
R J Bayshaw,unknown,1847,1,1,1890.0,1,0,0,0.0002,0.0038,0.0,0.2006
Robinson & Brooking,unknown,1847,1,1,1303.9,1,0,0,0.0001,0.0038,0.0,0.2006
Robert Nuter,unknown,1847,1,1,378.0,1,0,0,0.0,0.0038,0.0,0.2006
Stuart & Son Bros,unknown,1847,1,1,2727.1,1,0,0,0.0003,0.0038,0.0,0.2006
Rofus Bros,unknown,1847,1,1,440.9,1,0,0,0.0,0.0038,0.0,0.2006
R Forte Swift,unknown,1857,1,1,0.0,1,0,0,0.0,0.0038,0.0,0.2006
W Kindle,unknown,1857,1,1,688.0,1,0,0,0.0001,0.0038,0.0,0.2006
Snr Gillian & Co,unknown,1847,1,1,3536.7,1,0,0,0.0003,0.0038,0.0,0.2006
Soanes M J,unknown,1847,1,1,1358.0,1,0,0,0.0001,0.0038,0.0,0.2006
Nate Linds,unknown,1866,1,1,0.0,1,0,0,0.0,0.0038,0.0,0.2006
Spactati & Co,unknown,1847,1,1,2348.4,1,0,0,0.0002,0.0038,0.0,0.2006
Roryemon & Sons,unknown,1847,1,1,1606.5,1,0,0,0.0002,0.0038,0.0,0.2006
A J Schleucher,unknown,1847,1,1,155.0,1,0,0,0.0,0.0038,0.0,0.2006
W Lewell Co,unknown,1847,1,1,250.9,1,0,0,0.0,0.0038,0.0,0.2006
Srordet M Co,unknown,1847,1,1,1931.6,1,0,0,0.0002,0.0038,0.0,0.2006
A J Hill,unknown,1847,1,1,935.0,1,0,0,0.0001,0.0038,0.0,0.2006
Peckanell Bros,unknown,1847,1,1,106.1,1,0,0,0.0,0.0038,0.0,0.2006
Steve Blas,unknown,1857,1,1,2693.2,1,0,0,0.0003,0.0038,0.0,0.2006
A Best,unknown,1847,1,1,306.3,1,0,0,0.0,0.0038,0.0,0.2006
Peter Rackshaw,unknown,1847,1,1,1870.0,1,0,0,0.0002,0.0038,0.0,0.2006
A Cose & Co,unknown,1857,1,1,3327.9,1,0,0,0.0003,0.0038,0.0,0.2006
Pesta Movie,unknown,1857,1,1,614.2,1,0,0,0.0001,0.0038,0.0,0.2006
Pesk Hooie,unknown,1857,1,1,472.5,1,0,0,0.0,0.0038,0.0,0.2006
Perram Jas,unknown,1847,1,1,347.5,1,0,0,0.0,0.0038,0.0,0.2006
Stinton Bard & Co,unknown,1857,1,1,904.4,1,0,0,0.0001,0.0038,0.0,0.2006
Willyams & Co,unknown,1847,1,1,3162.0,1,0,0,0.0003,0.0038,0.0,0.2006
??Se Sons & Co,unknown,1866,1,1,2325.9,1,0,0,0.0002,0.0038,0.0,0.2006
Nash & Gurney,unknown,1847,1,1,22.1,1,0,0,0.0,0.0038,0.0,0.2006
John Kendall,unknown,1847,1,1,681.3,1,0,0,0.0001,0.0038,0.0,0.2006
H Thompson C C,unknown,1847,1,1,95.0,1,0,0,0.0,0.0038,0.0,0.2006
Anderson & Cathay,unknown,1847,1,1,2423.4,1,0,0,0.0002,0.0038,0.0,0.2006
H Joey,unknown,1847,1,1,126.6,1,0,0,0.0,0.0038,0.0,0.2006
H Huith,unknown,1857,1,1,1179.4,1,0,0,0.0001,0.0038,0.0,0.2006
H Hillby & Sons,unknown,1866,1,1,0.0,1,0,0,0.0,0.0038,0.0,0.2006
John Keay Sons Co,unknown,1866,1,1,377.9,1,0,0,0.0,0.0038,0.0,0.2006
John Kelsey,unknown,1847,1,1,43.7,1,0,0,0.0,0.0038,0.0,0.2006
H H Willis,unknown,1847,1,1,0.0,1,0,0,0.0,0.0038,0.0,0.2006
H & W Treygon,unknown,1847,1,1,186.2,1,0,0,0.0,0.0038,0.0,0.2006
John Leltham & Co,unknown,1847,1,1,2366.8,1,0,0,0.0002,0.0038,0.0,0.2006
John Lias & Son,unknown,1847,1,1,214.7,1,0,0,0.0,0.0038,0.0,0.2006
H G Buchler & Co,unknown,1847,1,1,402.6,1,0,0,0.0,0.0038,0.0,0.2006
H Eubank,unknown,1847,1,1,0.0,1,0,0,0.0,0.0038,0.0,0.2006
H D Tho,unknown,1847,1,1,718.2,1,0,0,0.0001,0.0038,0.0,0.2006
John Pickergsill & Son,unknown,1847,1,1,4000.6,1,0,0,0.0004,0.0038,0.0,0.2006
H C & Cabe,unknown,1857,1,1,465.0,1,0,0,0.0,0.0038,0.0,0.2006
John Courtenay,unknown,1857,1,1,2511.9,1,0,0,0.0002,0.0038,0.0,0.2006
John Brudertt Co,unknown,1847,1,1,0.0,1,0,0,0.0,0.0038,0.0,0.2006
H White & Co,unknown,1866,1,1,3246.6,1,0,0,0.0003,0.0038,0.0,0.2006
H. & J. Johnson & Co,unknown,1857,1,1,480.2,1,0,0,0.0,0.0038,0.0,0.2006
Jno McCulcheon,unknown,1847,1,1,0.0,1,0,0,0.0,0.0038,0.0,0.2006
H. Varasseus,unknown,1866,1,1,695.6,1,0,0,0.0001,0.0038,0.0,0.2006
Jno Williams & Sons,unknown,1847,1,1,619.7,1,0,0,0.0001,0.0038,0.0,0.2006
Jnr Dowson & Co,unknown,1847,1,1,2748.7,1,0,0,0.0003,0.0038,0.0,0.2006
Jnr J H Pelly,unknown,1847,1,1,1410.0,1,0,0,0.0001,0.0038,0.0,0.2006
Jnr Main,unknown,1847,1,1,1422.2,1,0,0,0.0001,0.0038,0.0,0.2006
H. J. V. Greenway,unknown,1866,1,1,95.9,1,0,0,0.0,0.0038,0.0,0.2006
Jnr Preskoick & Co,unknown,1847,1,1,420.5,1,0,0,0.0,0.0038,0.0,0.2006
Jns Angus,unknown,1847,1,1,0.0,1,0,0,0.0,0.0038,0.0,0.2006
Jns Prishock & Co,unknown,1847,1,1,225.9,1,0,0,0.0,0.0038,0.0,0.2006
Jns Rei,unknown,1847,1,1,399.9,1,0,0,0.0,0.0038,0.0,0.2006
Joane Jackson & Co,unknown,1857,1,1,1162.3,1,0,0,0.0001,0.0038,0.0,0.2006
John Barelli,unknown,1857,1,1,1077.9,1,0,0,0.0001,0.0038,0.0,0.2006
H. A Joseph,unknown,1866,1,1,1128.0,1,0,0,0.0001,0.0038,0.0,0.2006
John Bowring,unknown,1847,1,1,2422.4,1,0,0,0.0002,0.0038,0.0,0.2006
H Bettle Parker Co,unknown,1847,1,1,673.7,1,0,0,0.0001,0.0038,0.0,0.2006
John S Baike,unknown,1857,1,1,23.6,1,0,0,0.0,0.0038,0.0,0.2006
Judun Joseph,unknown,1847,1,1,388.2,1,0,0,0.0,0.0038,0.0,0.2006
Josh Dawson & Co,unknown,1847,1,1,2609.6,1,0,0,0.0003,0.0038,0.0,0.2006
Joseph Holl & Co,unknown,1847,1,1,0.0,1,0,0,0.0,0.0038,0.0,0.2006
G F Allcock,unknown,1847,1,1,362.9,1,0,0,0.0,0.0038,0.0,0.2006
Joseph Preckorch & Co,unknown,1847,1,1,2137.5,1,0,0,0.0002,0.0038,0.0,0.2006
G C Boy & Co,unknown,1847,1,1,3378.2,1,0,0,0.0003,0.0038,0.0,0.2006
G A & J Swann,unknown,1847,1,1,423.0,1,0,0,0.0,0.0038,0.0,0.2006
Josh & Holl & Co,unknown,1847,1,1,704.9,1,0,0,0.0001,0.0038,0.0,0.2006
Front Co,unknown,1847,1,1,2896.9,1,0,0,0.0003,0.0038,0.0,0.2006
Freinn Kennedy Percival (?),unknown,1857,1,1,921.2,1,0,0,0.0001,0.0038,0.0,0.2006
John Schneider & Co,unknown,1857,1,1,0.0,1,0,0,0.0,0.0038,0.0,0.2006
Frederick Smee,unknown,1866,1,1,65.8,1,0,0,0.0,0.0038,0.0,0.2006
Joshua Jornalvico,unknown,1857,1,1,44.4,1,0,0,0.0,0.0038,0.0,0.2006
J R Glesias,unknown,1847,1,1,376.0,1,0,0,0.0,0.0038,0.0,0.2006
Fred Fratt,unknown,1857,1,1,394.8,1,0,0,0.0,0.0038,0.0,0.2006
Jp Thol & Co,unknown,1857,1,1,344.0,1,0,0,0.0,0.0038,0.0,0.2006
Jphn Prince,unknown,1847,1,1,349.7,1,0,0,0.0,0.0038,0.0,0.2006
Fray & Mc Farlan,unknown,1847,1,1,756.0,1,0,0,0.0001,0.0038,0.0,0.2006
Joseph Gonalaie,unknown,1857,1,1,94.5,1,0,0,0.0,0.0038,0.0,0.2006
G Friend,unknown,1857,1,1,0.0,1,0,0,0.0,0.0038,0.0,0.2006
G. & S. Kiteat,unknown,1914,1,1,408.4,1,0,0,0.0,0.0038,0.0,0.2006
Gallespie M C,unknown,1847,1,1,2880.0,1,0,0,0.0003,0.0038,0.0,0.2006
John Smith,unknown,1866,1,1,186.0,1,0,0,0.0,0.0038,0.0,0.2006
Gould Dowre & M,unknown,1847,1,1,3670.7,1,0,0,0.0004,0.0038,0.0,0.2006
John Walker WW,unknown,1847,1,1,312.6,1,0,0,0.0,0.0038,0.0,0.2006
"Gilmour, Rankin, Strang & Co",unknown,1866,1,1,1305.5,1,0,0,0.0001,0.0038,0.0,0.2006
Gillson Cole & Co,unknown,1866,1,1,0.0,1,0,0,0.0,0.0038,0.0,0.2006
Giesler & Co F,unknown,1847,1,1,1387.1,1,0,0,0.0001,0.0038,0.0,0.2006
Anick & Son,unknown,1847,1,1,1311.3,1,0,0,0.0001,0.0038,0.0,0.2006
Jonail Turner & Co,unknown,1847,1,1,0.0,1,0,0,0.0,0.0038,0.0,0.2006
Geo Stevenson Sons,unknown,1847,1,1,1455.0,1,0,0,0.0001,0.0038,0.0,0.2006
Geo Stevenson & Sons,unknown,1847,1,1,2425.9,1,0,0,0.0002,0.0038,0.0,0.2006
Geo Noughton & Sons,unknown,1847,1,1,0.0,1,0,0,0.0,0.0038,0.0,0.2006
Geo Keen,unknown,1847,1,1,945.0,1,0,0,0.0001,0.0038,0.0,0.2006
Jones Alex,unknown,1847,1,1,242.5,1,0,0,0.0,0.0038,0.0,0.2006
Geden W H,unknown,1847,1,1,970.0,1,0,0,0.0001,0.0038,0.0,0.2006
Gb Oyates & Son,unknown,1857,1,1,819.3,1,0,0,0.0001,0.0038,0.0,0.2006
Jno James,unknown,1847,1,1,101.6,1,0,0,0.0,0.0038,0.0,0.2006
Jno Gore & Co,unknown,1847,1,1,1634.9,1,0,0,0.0002,0.0038,0.0,0.2006
Jno Gilliat & Co,unknown,1847,1,1,0.0,1,0,0,0.0,0.0038,0.0,0.2006
J D Park,unknown,1857,1,1,2019.0,1,0,0,0.0002,0.0038,0.0,0.2006
J W Gibbon,unknown,1857,1,1,378.0,1,0,0,0.0,0.0038,0.0,0.2006
J W Laird,unknown,1847,1,1,0.0,1,0,0,0.0,0.0038,0.0,0.2006
J Draeon & Co,unknown,1847,1,1,1855.0,1,0,0,0.0002,0.0038,0.0,0.2006
J nr Lilley,unknown,1847,1,1,163.2,1,0,0,0.0,0.0038,0.0,0.2006
J+A Crocker,unknown,1847,1,1,2100.9,1,0,0,0.0002,0.0038,0.0,0.2006
J+G Boyd & Co,unknown,1847,1,1,3937.5,1,0,0,0.0004,0.0038,0.0,0.2006
J Dickinson J & A,unknown,1847,1,1,0.0,1,0,0,0.0,0.0038,0.0,0.2006
J D Dow,unknown,1857,1,1,139.5,1,0,0,0.0,0.0038,0.0,0.2006
Jno Fettham & Co,unknown,1847,1,1,262.2,1,0,0,0.0,0.0038,0.0,0.2006
J C Shackleton,unknown,1847,1,1,141.8,1,0,0,0.0,0.0038,0.0,0.2006
J. Ballauce & Son,unknown,1866,1,1,40.4,1,0,0,0.0,0.0038,0.0,0.2006
J. Bennock & Co,unknown,1866,1,1,1862.1,1,0,0,0.0002,0.0038,0.0,0.2006
J C Jacobson,unknown,1847,1,1,235.0,1,0,0,0.0,0.0038,0.0,0.2006
J Bunn,unknown,1847,1,1,410.1,1,0,0,0.0,0.0038,0.0,0.2006
J Brocker,unknown,1847,1,1,536.8,1,0,0,0.0001,0.0038,0.0,0.2006
Alich Bros,unknown,1847,1,1,977.6,1,0,0,0.0001,0.0038,0.0,0.2006
J W Courtman,unknown,1847,1,1,3306.0,1,0,0,0.0003,0.0038,0.0,0.2006
J Usbounr J M,unknown,1847,1,1,3583.9,1,0,0,0.0003,0.0038,0.0,0.2006
Alfred Stram,unknown,1866,1,1,110.9,1,0,0,0.0,0.0038,0.0,0.2006
J Tharp,unknown,1847,1,1,405.8,1,0,0,0.0,0.0038,0.0,0.2006
J Meier,unknown,1847,1,1,357.1,1,0,0,0.0,0.0038,0.0,0.2006
J Lheais & Sons,unknown,1847,1,1,1605.6,1,0,0,0.0002,0.0038,0.0,0.2006
J Lausseure Jnr,unknown,1847,1,1,0.0,1,0,0,0.0,0.0038,0.0,0.2006
J Laussense,unknown,1847,1,1,282.0,1,0,0,0.0,0.0038,0.0,0.2006
J Hart & Son,unknown,1847,1,1,3940.5,1,0,0,0.0004,0.0038,0.0,0.2006
J H Potter,unknown,1847,1,1,0.0,1,0,0,0.0,0.0038,0.0,0.2006
J Sharp,unknown,1847,1,1,133.9,1,0,0,0.0,0.0038,0.0,0.2006
J H Pelly,unknown,1847,1,1,0.0,1,0,0,0.0,0.0038,0.0,0.2006
J Simpson,unknown,1857,1,1,217.3,1,0,0,0.0,0.0038,0.0,0.2006
J H N Loundes & Co,unknown,1857,1,1,1374.0,1,0,0,0.0001,0.0038,0.0,0.2006
J T Burrell,unknown,1847,1,1,362.8,1,0,0,0.0,0.0038,0.0,0.2006
J Greaves,unknown,1847,1,1,0.0,1,0,0,0.0,0.0038,0.0,0.2006
J G Marzetti,unknown,1847,1,1,0.0,1,0,0,0.0,0.0038,0.0,0.2006
J Frederick Son & Co,unknown,1847,1,1,1611.2,1,0,0,0.0002,0.0038,0.0,0.2006
J T Thol & Co,unknown,1847,1,1,850.5,1,0,0,0.0001,0.0038,0.0,0.2006
J. H. Dant,unknown,1866,1,1,376.0,1,0,0,0.0,0.0038,0.0,0.2006
J & B Peade & Co,unknown,1866,1,1,1314.1,1,0,0,0.0001,0.0038,0.0,0.2006
J. L. Minel,unknown,1866,1,1,165.4,1,0,0,0.0,0.0038,0.0,0.2006
Havenith & Co,unknown,1857,1,1,3870.0,1,0,0,0.0004,0.0038,0.0,0.2006
Alex Jones,unknown,1847,1,1,817.4,1,0,0,0.0001,0.0038,0.0,0.2006
James Laurence,unknown,1857,1,1,0.0,1,0,0,0.0,0.0038,0.0,0.2006
James Mullins & Co,unknown,1857,1,1,1709.3,1,0,0,0.0002,0.0038,0.0,0.2006
Harley Nephew & Co,unknown,1857,1,1,1669.8,1,0,0,0.0002,0.0038,0.0,0.2006
Hall Jos & Co,unknown,1847,1,1,597.2,1,0,0,0.0001,0.0038,0.0,0.2006
James Simott,unknown,1847,1,1,0.0,1,0,0,0.0,0.0038,0.0,0.2006
HY Crosley,unknown,1847,1,1,0.0,1,0,0,0.0,0.0038,0.0,0.2006
Jameson M & M,unknown,1847,1,1,2850.0,1,0,0,0.0003,0.0038,0.0,0.2006
Janner & Son,unknown,1847,1,1,2240.0,1,0,0,0.0002,0.0038,0.0,0.2006
Jas Chambers,unknown,1847,1,1,508.8,1,0,0,0.0,0.0038,0.0,0.2006
Jas Hall & Co,unknown,1847,1,1,467.5,1,0,0,0.0,0.0038,0.0,0.2006
Jas Holl & Co,unknown,1847,1,1,977.8,1,0,0,0.0001,0.0038,0.0,0.2006
Jas Jacobson,unknown,1847,1,1,160.7,1,0,0,0.0,0.0038,0.0,0.2006
H.C. Heut,unknown,1866,1,1,2345.3,1,0,0,0.0002,0.0038,0.0,0.2006
Jinchess & Pawtucket,unknown,1847,1,1,202.0,1,0,0,0.0,0.0038,0.0,0.2006
James Duke,unknown,1847,1,1,1942.0,1,0,0,0.0002,0.0038,0.0,0.2006
James Dicke,unknown,1847,1,1,2721.6,1,0,0,0.0003,0.0038,0.0,0.2006
Inglis Wakefield,unknown,1857,1,1,978.1,1,0,0,0.0001,0.0038,0.0,0.2006
Hen Geoff,unknown,1857,1,1,1549.8,1,0,0,0.0001,0.0038,0.0,0.2006
I Hart & Co,unknown,1847,1,1,0.0,1,0,0,0.0,0.0038,0.0,0.2006
Hune P C,unknown,1847,1,1,693.6,1,0,0,0.0001,0.0038,0.0,0.2006
Hoine Wahney,unknown,1857,1,1,2976.8,1,0,0,0.0003,0.0038,0.0,0.2006
Hodgson & Poweis,unknown,1847,1,1,52.0,1,0,0,0.0,0.0038,0.0,0.2006
Alex Stewart & W,unknown,1847,1,1,1406.2,1,0,0,0.0001,0.0038,0.0,0.2006
Hl Crohn,unknown,1857,1,1,94.5,1,0,0,0.0,0.0038,0.0,0.2006
Hit Dellators,unknown,1857,1,1,3964.3,1,0,0,0.0004,0.0038,0.0,0.2006
Jacob Isaac,unknown,1866,1,1,1945.8,1,0,0,0.0002,0.0038,0.0,0.2006
Hicks Baylis & Hicks,unknown,1857,1,1,2552.4,1,0,0,0.0002,0.0038,0.0,0.2006
Heppans & Co,unknown,1847,1,1,1010.8,1,0,0,0.0001,0.0038,0.0,0.2006
James Brokke,unknown,1847,1,1,194.0,1,0,0,0.0,0.0038,0.0,0.2006
Henry Rilli,unknown,1847,1,1,285.0,1,0,0,0.0,0.0038,0.0,0.2006
James Brys,unknown,1847,1,1,327.8,1,0,0,0.0,0.0038,0.0,0.2006
James Cerram,unknown,1847,1,1,177.7,1,0,0,0.0,0.0038,0.0,0.2006
Henckell Du Buisson & Co,unknown,1866,1,1,3807.0,1,0,0,0.0004,0.0038,0.0,0.2006
Jt Dow,unknown,1857,1,1,516.9,1,0,0,0.0,0.0038,0.0,0.2006
Joshun Saunders,unknown,1847,1,1,754.1,1,0,0,0.0001,0.0038,0.0,0.2006
Fox & Thompson,unknown,1866,1,1,341.3,1,0,0,0.0,0.0038,0.0,0.2006
Calchesters & Woolman,unknown,1857,1,1,247.4,1,0,0,0.0,0.0038,0.0,0.2006
"Chas Hancock, C S",unknown,1847,1,1,646.0,1,0,0,0.0001,0.0038,0.0,0.2006
Charles & Jof,unknown,1857,1,1,533.0,1,0,0,0.0001,0.0038,0.0,0.2006
M F Mackenzie,unknown,1866,1,1,188.0,1,0,0,0.0,0.0038,0.0,0.2006
Castello,unknown,1847,1,1,2007.4,1,0,0,0.0002,0.0038,0.0,0.2006
Carlthian & Corbierie,unknown,1857,1,1,488.2,1,0,0,0.0,0.0038,0.0,0.2006
Caran Bros,unknown,1847,1,1,2362.5,1,0,0,0.0002,0.0038,0.0,0.2006
Mae Jontque Buchanan & Co,unknown,1857,1,1,808.0,1,0,0,0.0001,0.0038,0.0,0.2006
Butterworth & Sons,unknown,1857,1,1,417.6,1,0,0,0.0,0.0038,0.0,0.2006
Magnus M L,unknown,1847,1,1,314.3,1,0,0,0.0,0.0038,0.0,0.2006
C. Lloyd & Co,unknown,1866,1,1,2192.1,1,0,0,0.0002,0.0038,0.0,0.2006
Akmagaroff & Gasparian,unknown,1857,1,1,0.0,1,0,0,0.0,0.0038,0.0,0.2006
C Shudbolt & Co,unknown,1847,1,1,227.0,1,0,0,0.0,0.0038,0.0,0.2006
C Jamtterey,unknown,1857,1,1,1890.0,1,0,0,0.0002,0.0038,0.0,0.2006
Mata,unknown,1847,1,1,2835.0,1,0,0,0.0003,0.0038,0.0,0.2006
M Causens & Sons,unknown,1847,1,1,0.0,1,0,0,0.0,0.0038,0.0,0.2006
M Cape,unknown,1847,1,1,282.0,1,0,0,0.0,0.0038,0.0,0.2006
Chas Watton & Sons,unknown,1857,1,1,1124.5,1,0,0,0.0001,0.0038,0.0,0.2006
Lyse Sons,unknown,1847,1,1,1940.0,1,0,0,0.0002,0.0038,0.0,0.2006
Luys M C,unknown,1847,1,1,1064.0,1,0,0,0.0001,0.0038,0.0,0.2006
Lut & George,unknown,1857,1,1,2417.4,1,0,0,0.0002,0.0038,0.0,0.2006
Chester & Co,unknown,1847,1,1,2078.1,1,0,0,0.0002,0.0038,0.0,0.2006
Fould Dowir & M,unknown,1847,1,1,1531.8,1,0,0,0.0001,0.0038,0.0,0.2006
Lovegrove & Leather,unknown,1847,1,1,1310.7,1,0,0,0.0001,0.0038,0.0,0.2006
Albers & Son,unknown,1847,1,1,499.7,1,0,0,0.0,0.0038,0.0,0.2006
Chrales & Fox,unknown,1847,1,1,486.7,1,0,0,0.0,0.0038,0.0,0.2006
Chris Cokes Jnr,unknown,1847,1,1,1551.0,1,0,0,0.0001,0.0038,0.0,0.2006
Christopher Armstrong,unknown,1847,1,1,1589.5,1,0,0,0.0002,0.0038,0.0,0.2006
Lornman & Hadon,unknown,1847,1,1,0.0,1,0,0,0.0,0.0038,0.0,0.2006
Chs Brischek,unknown,1847,1,1,1272.9,1,0,0,0.0001,0.0038,0.0,0.2006
Cittanerck C S,unknown,1847,1,1,803.2,1,0,0,0.0001,0.0038,0.0,0.2006
Closley Vepher & Co,unknown,1857,1,1,2332.3,1,0,0,0.0002,0.0038,0.0,0.2006
C J Ellis,unknown,1847,1,1,598.5,1,0,0,0.0001,0.0038,0.0,0.2006
Bandier Tobias & Co,unknown,1857,1,1,2436.2,1,0,0,0.0002,0.0038,0.0,0.2006
BCJ Gray & Son,unknown,1847,1,1,980.2,1,0,0,0.0001,0.0038,0.0,0.2006
Beauvaisen + Leannard,unknown,1857,1,1,950.7,1,0,0,0.0001,0.0038,0.0,0.2006
N & A Daniels,unknown,1847,1,1,1520.0,1,0,0,0.0001,0.0038,0.0,0.2006
Bell & Hughes,unknown,1847,1,1,945.0,1,0,0,0.0001,0.0038,0.0,0.2006
Beiy Riley,unknown,1866,1,1,138.2,1,0,0,0.0,0.0038,0.0,0.2006
N Daniels,unknown,1847,1,1,3078.5,1,0,0,0.0003,0.0038,0.0,0.2006
N S Coy & Co,unknown,1847,1,1,1266.8,1,0,0,0.0001,0.0038,0.0,0.2006
N Volckman,unknown,1847,1,1,288.0,1,0,0,0.0,0.0038,0.0,0.2006
"Bayliss, Jones & Bayliss",unknown,1866,1,1,782.0,1,0,0,0.0001,0.0038,0.0,0.2006
Mepen & Co,unknown,1847,1,1,3010.8,1,0,0,0.0003,0.0038,0.0,0.2006
Bautcher Baltimore,unknown,1857,1,1,4331.9,1,0,0,0.0004,0.0038,0.0,0.2006
"Bauley, Pegg & Co",unknown,1866,1,1,930.0,1,0,0,0.0001,0.0038,0.0,0.2006
Barnard & Co,unknown,1857,1,1,930.8,1,0,0,0.0001,0.0038,0.0,0.2006
Bardon & Gray,unknown,1847,1,1,0.0,1,0,0,0.0,0.0038,0.0,0.2006
Nalter Cossu & Son,unknown,1847,1,1,1543.8,1,0,0,0.0001,0.0038,0.0,0.2006
Bardburg & Cook,unknown,1866,1,1,1248.3,1,0,0,0.0001,0.0038,0.0,0.2006
Bell Alex,unknown,1847,1,1,1455.0,1,0,0,0.0001,0.0038,0.0,0.2006
Beller,unknown,1847,1,1,1702.4,1,0,0,0.0002,0.0038,0.0,0.2006
Mothay & Co,unknown,1847,1,1,3971.9,1,0,0,0.0004,0.0038,0.0,0.2006
Ben Smith D. Co,unknown,1847,1,1,2343.8,1,0,0,0.0002,0.0038,0.0,0.2006
Morley & Powell,unknown,1866,1,1,4509.2,1,0,0,0.0004,0.0038,0.0,0.2006
Morlet & Horne,unknown,1847,1,1,811.9,1,0,0,0.0001,0.0038,0.0,0.2006
Morlel and Horne,unknown,1847,1,1,967.7,1,0,0,0.0001,0.0038,0.0,0.2006
Moris Ashby Ltd,unknown,1914,1,1,3011.8,1,0,0,0.0003,0.0038,0.0,0.2006
Bennock & Twentyman,unknown,1847,1,1,2793.4,1,0,0,0.0003,0.0038,0.0,0.2006
Mody & Co,unknown,1866,1,1,968.2,1,0,0,0.0001,0.0038,0.0,0.2006
Mme Cherry Co,unknown,1857,1,1,4332.8,1,0,0,0.0004,0.0038,0.0,0.2006
Millie & Palton,unknown,1847,1,1,370.5,1,0,0,0.0,0.0038,0.0,0.2006
Bidgood Jones & Wilson,unknown,1857,1,1,966.4,1,0,0,0.0001,0.0038,0.0,0.2006
Bieber & Co.,unknown,1866,1,1,2005.0,1,0,0,0.0002,0.0038,0.0,0.2006
Blogg Vellantini,unknown,1857,1,1,3442.5,1,0,0,0.0003,0.0038,0.0,0.2006
Brochoff & Sons,unknown,1847,1,1,1642.5,1,0,0,0.0002,0.0038,0.0,0.2006
Messrs Berkefeld,unknown,1857,1,1,920.0,1,0,0,0.0001,0.0038,0.0,0.2006
London S N Coy Limited,unknown,1866,1,1,1398.7,1,0,0,0.0001,0.0038,0.0,0.2006
Loveing & Minton,unknown,1866,1,1,0.0,1,0,0,0.0,0.0038,0.0,0.2006
Edward Sparkhall,unknown,1857,1,1,945.0,1,0,0,0.0001,0.0038,0.0,0.2006
F E Blatspiel,unknown,1847,1,1,2299.2,1,0,0,0.0002,0.0038,0.0,0.2006
F Mutvrieff,unknown,1847,1,1,935.0,1,0,0,0.0001,0.0038,0.0,0.2006
L R & N Browning & Co,unknown,1847,1,1,1771.8,1,0,0,0.0002,0.0038,0.0,0.2006
L Spartali & L,unknown,1847,1,1,3163.5,1,0,0,0.0003,0.0038,0.0,0.2006
L Walker W W,unknown,1847,1,1,2565.0,1,0,0,0.0002,0.0038,0.0,0.2006
F J Montoya,unknown,1857,1,1,651.0,1,0,0,0.0001,0.0038,0.0,0.2006
F Falt,unknown,1847,1,1,123.5,1,0,0,0.0,0.0038,0.0,0.2006
F Dean Leller,unknown,1847,1,1,1489.6,1,0,0,0.0001,0.0038,0.0,0.2006
Lawton & Bichnell,unknown,1847,1,1,1880.0,1,0,0,0.0002,0.0038,0.0,0.2006
Engstom L Co,unknown,1847,1,1,2371.0,1,0,0,0.0002,0.0038,0.0,0.2006
B Douglas & Son,unknown,1847,1,1,0.0,1,0,0,0.0,0.0038,0.0,0.2006
B Faurntheroy,unknown,1847,1,1,935.0,1,0,0,0.0001,0.0038,0.0,0.2006
Edward Johnson,unknown,1847,1,1,1920.0,1,0,0,0.0002,0.0038,0.0,0.2006
E. H. Keeling & Son,unknown,1866,1,1,3225.1,1,0,0,0.0003,0.0038,0.0,0.2006
E Zohrab,unknown,1847,1,1,1633.0,1,0,0,0.0002,0.0038,0.0,0.2006
Alex & Jones,unknown,1847,1,1,950.0,1,0,0,0.0001,0.0038,0.0,0.2006
L Harris & Sons,unknown,1847,1,1,2956.9,1,0,0,0.0003,0.0038,0.0,0.2006
L Engstrom Neame & Co,unknown,1857,1,1,3110.5,1,0,0,0.0003,0.0038,0.0,0.2006
L Engstown Leach & Co,unknown,1847,1,1,1256.8,1,0,0,0.0001,0.0038,0.0,0.2006
F Nalker & Co,unknown,1847,1,1,2171.7,1,0,0,0.0002,0.0038,0.0,0.2006
L Engstown L & Co,unknown,1847,1,1,2862.3,1,0,0,0.0003,0.0038,0.0,0.2006
F Siesler & Co,unknown,1847,1,1,1482.0,1,0,0,0.0001,0.0038,0.0,0.2006
L Busson & Co,unknown,1857,1,1,1724.7,1,0,0,0.0002,0.0038,0.0,0.2006
F.T. Barry,unknown,1866,1,1,1995.6,1,0,0,0.0002,0.0038,0.0,0.2006
Faster Porter & Co,unknown,1847,1,1,2040.4,1,0,0,0.0002,0.0038,0.0,0.2006
Faudel & Phillips,unknown,1857,1,1,1624.5,1,0,0,0.0002,0.0038,0.0,0.2006
Fauntt & B,unknown,1847,1,1,0.0,1,0,0,0.0,0.0038,0.0,0.2006
Kielsalls & Co,unknown,1847,1,1,1340.5,1,0,0,0.0001,0.0038,0.0,0.2006
Alex Bros,unknown,1847,1,1,1643.4,1,0,0,0.0002,0.0038,0.0,0.2006
Ashby Morris Ltd,unknown,1914,1,1,2335.8,1,0,0,0.0002,0.0038,0.0,0.2006
Finze & Williams,unknown,1847,1,1,607.2,1,0,0,0.0001,0.0038,0.0,0.2006
Jw Silmer & Co,unknown,1857,1,1,3821.6,1,0,0,0.0004,0.0038,0.0,0.2006
B Halberth & Sons,unknown,1857,1,1,900.0,1,0,0,0.0001,0.0038,0.0,0.2006
J P Bunt & Co,unknown,1866,1,1,0.0,1,0,0,0.0,0.0038,0.0,0.2006
E Downs & Co,unknown,1857,1,1,724.8,1,0,0,0.0001,0.0038,0.0,0.2006
Culverwell Brooks Co,unknown,1914,1,1,3589.0,1,0,0,0.0003,0.0038,0.0,0.2006
Deichaiu Smart & Co,unknown,1847,1,1,0.0,1,0,0,0.0,0.0038,0.0,0.2006
Lionel Friedeberg,unknown,1847,1,1,0.0,1,0,0,0.0,0.0038,0.0,0.2006
DeVANS,unknown,1847,1,1,4007.0,1,0,0,0.0004,0.0038,0.0,0.2006
B Leloa & Son,unknown,1847,1,1,3218.7,1,0,0,0.0003,0.0038,0.0,0.2006
B L Lomant,unknown,1857,1,1,0.0,1,0,0,0.0,0.0038,0.0,0.2006
B Tippen,unknown,1847,1,1,0.0,1,0,0,0.0,0.0038,0.0,0.2006
E Beach Sons & Co,unknown,1857,1,1,1138.7,1,0,0,0.0001,0.0038,0.0,0.2006
Delennory & Co,unknown,1847,1,1,1808.7,1,0,0,0.0002,0.0038,0.0,0.2006
Union Smiths Bank Prescotts,clearing_or_joint_stock_bank,1914,1,68,274230.8,0,1,0,0.0265,0.2566,0.0,0.1938
London & Brazilian Bank,clearing_or_joint_stock_bank,1914,1,8,1745684.9,0,1,0,0.1686,0.0302,0.0,0.1882
Royal Bank Of Scotland,foreign_or_colonial_financial,1914,1,38,830776.0,0,1,0,0.0802,0.1434,0.0,0.1876
Banque Belge,unknown,1914,1,25,1069739.9,0,1,0,0.1033,0.0943,0.0,0.1848
Union Smiths Bk Ld,unknown,1914,1,35,667362.7,0,1,0,0.0645,0.1321,0.0,0.1827
Deutsche Bank,foreign_or_colonial_financial,1914,1,9,1321208.7,0,1,0,0.1276,0.034,0.0,0.1806
Capital & Counties Bank Ltd,clearing_or_joint_stock_bank,1914,1,24,710577.2,0,1,0,0.0686,0.0906,0.0,0.1773
Credito Italiano,unknown,1914,1,15,862855.5,0,1,0,0.0833,0.0566,0.0,0.1752
Yokohama Bk Ltd,unknown,1914,1,7,1008933.2,0,1,0,0.0975,0.0264,0.0,0.1735
Union Bank Of Scotland Ltd,foreign_or_colonial_financial,1914,1,11,881278.0,0,1,0,0.0851,0.0415,0.0,0.1732
Standard Bk Of S.Africa,unknown,1914,1,17,619090.3,0,1,0,0.0598,0.0642,0.0,0.1716
Barclay & Co Ltd,clearing_or_joint_stock_bank,1914,1,33,125872.1,0,1,0,0.0122,0.1245,0.0,0.1711
National Bank Of Scotland,foreign_or_colonial_financial,1914,1,23,370236.9,0,1,0,0.0358,0.0868,0.0,0.1702
Guaranty Trust Co Of New York,unknown,1914,1,7,653935.3,0,1,0,0.0632,0.0264,0.0,0.1666
Agra & Mastermans Bank Limited,foreign_or_colonial_financial,1866,1,2,750000.0,0,1,0,0.0724,0.0075,0.0,0.1656
Cater Greenwell & Co,unknown,1914,1,9,526436.9,0,1,0,0.0508,0.034,0.0,0.1653
Lon Provincial Bk,unknown,1914,1,24,74464.8,0,1,0,0.0072,0.0906,0.0,0.165
Banca Commerciale Italiana,unknown,1914,1,11,443935.0,0,1,0,0.0429,0.0415,0.0,0.1648
Lutgens & Ripley,unknown,1914,1,16,290912.8,0,1,0,0.0281,0.0604,0.0,0.1647
Bank Of Montreal,foreign_or_colonial_financial,1914,1,15,317947.0,0,1,0,0.0307,0.0566,0.0,0.1646
Barclay & Co,clearing_or_joint_stock_bank,1866,1,4,595188.2,0,1,0,0.0575,0.0151,0.0,0.1638
Union Bank Of Australia Ltd,clearing_or_joint_stock_bank,1914,1,14,284327.4,0,1,0,0.0275,0.0528,0.0,0.1634
British Bank Of Foreign Trade Ltd,clearing_or_joint_stock_bank,1914,1,9,401400.7,0,1,0,0.0388,0.034,0.0,0.1629
James Burness & Sons,unknown,1914,1,8,426901.5,0,1,0,0.0412,0.0302,0.0,0.1628
Alliance Bank Limited,clearing_or_joint_stock_bank,1866,1,4,520000.0,0,1,0,0.0502,0.0151,0.0,0.1623
Martin'S Bank Ltd,clearing_or_joint_stock_bank,1914,1,15,175712.9,0,1,0,0.017,0.0566,0.0,0.1619
Dresdner Bank,foreign_or_colonial_financial,1914,1,5,468421.2,0,1,0,0.0452,0.0189,0.0,0.1619
London County Bank,clearing_or_joint_stock_bank,1866,1,3,505035.2,0,1,0,0.0488,0.0113,0.0,0.1615
Manchester & Liverpool District Bkg Co Ltd,unknown,1914,1,7,358625.0,0,1,0,0.0346,0.0264,0.0,0.1609
John Boy & Co,unknown,1857,1,17,32305.7,0,1,0,0.0031,0.0642,0.0,0.1602
Williams Deacon'S Bank Ltd,clearing_or_joint_stock_bank,1914,1,10,213978.0,0,1,0,0.0207,0.0377,0.0,0.1598
Swiss Bankverein,unknown,1914,1,5,346781.4,0,1,0,0.0335,0.0189,0.0,0.1595
Lon Lpool Bk Of Comce,unknown,1914,1,12,141767.5,0,1,0,0.0137,0.0453,0.0,0.1595
Bank Of London Limited,clearing_or_joint_stock_bank,1866,1,2,430000.0,0,1,0,0.0415,0.0075,0.0,0.1594
Commercial Bank Of Scotland Ltd,foreign_or_colonial_financial,1914,1,9,198264.0,0,1,0,0.0192,0.034,0.0,0.1589
Gust Roos & Co,unknown,1866,1,14,28939.5,0,1,0,0.0028,0.0528,0.0,0.1585
Robert Lawes & Co,unknown,1866,1,5,257800.0,0,1,0,0.0249,0.0189,0.0,0.1578
Chilian Gout,unknown,1914,1,1,364090.3,0,1,0,0.0352,0.0038,0.0,0.1576
Metrop Provincial Bank Limited,clearing_or_joint_stock_bank,1866,1,9,118475.7,0,1,0,0.0114,0.034,0.0,0.1574
Robarts Lubbock Co,unknown,1914,1,5,196156.9,0,1,0,0.0189,0.0189,0.0,0.1566
Williams Overbury & Co,unknown,1866,1,10,42335.7,0,1,0,0.0041,0.0377,0.0,0.1565
Morrison Dillon & Co,unknown,1857,1,9,66708.9,0,1,0,0.0064,0.034,0.0,0.1564
London Westminister Bank,clearing_or_joint_stock_bank,1866,1,1,300000.0,0,1,0,0.029,0.0038,0.0,0.1564
Konig Bros,unknown,1914,1,3,233761.9,0,1,0,0.0226,0.0113,0.0,0.1562
The Bornes Co Limited,unknown,1866,1,5,168410.2,0,1,0,0.0163,0.0189,0.0,0.1561
The City Bank,clearing_or_joint_stock_bank,1866,1,2,255049.2,0,1,0,0.0246,0.0075,0.0,0.156
Commercial Banking Co. Of Of Sydney Ltd,unknown,1914,1,5,161863.9,0,1,0,0.0156,0.0189,0.0,0.156
H. Bath & Son,unknown,1866,1,9,34991.1,0,1,0,0.0034,0.034,0.0,0.1558
Natl Bk Of Africa Ltd,unknown,1914,1,1,268612.5,0,1,0,0.0259,0.0038,0.0,0.1557
Sheppard Pelly & Co,unknown,1866,1,4,169500.0,0,1,0,0.0164,0.0151,0.0,0.1555
Josh Dodson,unknown,1847,1,9,8230.3,0,1,0,0.0008,0.034,0.0,0.1553
Direction Der Discounts,unknown,1914,1,1,243103.1,0,1,0,0.0235,0.0038,0.0,0.1553
The London County Bank,clearing_or_joint_stock_bank,1866,1,1,239167.8,0,1,0,0.0231,0.0038,0.0,0.1552
Bank Of Wales,clearing_or_joint_stock_bank,1914,1,2,201077.9,0,1,0,0.0194,0.0075,0.0,0.155
Anglo Austrian Bank,foreign_or_colonial_financial,1914,1,2,186328.2,0,1,0,0.018,0.0075,0.0,0.1547
National Bank Of Australasia,foreign_or_colonial_financial,1866,1,4,123339.9,0,1,0,0.0119,0.0151,0.0,0.1546
R Smith & Co,unknown,1857,1,6,53406.9,0,1,0,0.0052,0.0226,0.0,0.1544
J C Cummins,unknown,1847,1,7,18888.7,0,1,0,0.0018,0.0264,0.0,0.1543
J C Bailey,unknown,1857,1,3,135000.0,0,1,0,0.013,0.0113,0.0,0.1543
Weston + Laurie,unknown,1857,1,6,49070.2,0,1,0,0.0047,0.0226,0.0,0.1543
Swayne & Bovill,unknown,1847,1,7,6360.0,0,1,0,0.0006,0.0264,0.0,0.1541
Duncan Fox & Co,unknown,1914,1,4,87687.8,0,1,0,0.0085,0.0151,0.0,0.154
Crawshay Bailey,unknown,1866,1,4,84394.7,0,1,0,0.0082,0.0151,0.0,0.1539
Edward Higgin & Co,unknown,1866,1,6,24208.2,0,1,0,0.0023,0.0226,0.0,0.1538
British Bank Of North America Ltd,clearing_or_joint_stock_bank,1914,1,4,80847.8,0,1,0,0.0078,0.0151,0.0,0.1538
Consolidated Bank Limited,clearing_or_joint_stock_bank,1866,1,2,131190.3,0,1,0,0.0127,0.0075,0.0,0.1537
A Pelly & Co,unknown,1857,1,6,15759.0,0,1,0,0.0015,0.0226,0.0,0.1537
J. R. Jaffray & Co,unknown,1866,1,6,15300.0,0,1,0,0.0015,0.0226,0.0,0.1537
H Moryssi Bro,unknown,1847,1,6,9004.5,0,1,0,0.0009,0.0226,0.0,0.1536
Oliver Worthington & Co,unknown,1847,1,6,4020.9,0,1,0,0.0004,0.0226,0.0,0.1535
Thos Walker,unknown,1857,1,6,7750.8,0,1,0,0.0007,0.0226,0.0,0.1535
Williams Deacon & Co On Each Of The Dudley + West Bromwich Co,clearing_or_joint_stock_bank,1857,1,3,90000.0,0,1,0,0.0087,0.0113,0.0,0.1534
Mildred Goyeneche & Co,unknown,1866,1,4,52289.4,0,1,0,0.0051,0.0151,0.0,0.1533
B. C. T. Gray & Son,unknown,1857,1,5,17564.4,0,1,0,0.0017,0.0189,0.0,0.1532
H. S. Lefevre & Co,unknown,1866,1,4,46328.4,0,1,0,0.0045,0.0151,0.0,0.1532
Spence Baggallay & Co,unknown,1857,1,5,17235.6,0,1,0,0.0017,0.0189,0.0,0.1532
Anglo Egyptian Bank Limited,foreign_or_colonial_financial,1866,1,3,79440.3,0,1,0,0.0077,0.0113,0.0,0.1532
Imp. Ottoman Government,unknown,1866,1,1,135000.0,0,1,0,0.013,0.0038,0.0,0.1532
Charles Hemery,unknown,1866,1,5,12107.8,0,1,0,0.0012,0.0189,0.0,0.1531
Dinsdale Drewell & Co,unknown,1857,1,2,101642.9,0,1,0,0.0098,0.0075,0.0,0.1531
East London Bank Limited,clearing_or_joint_stock_bank,1866,1,3,73178.1,0,1,0,0.0071,0.0113,0.0,0.1531
P Mordon & Co,unknown,1866,1,5,8704.2,0,1,0,0.0008,0.0189,0.0,0.153
Lon: River Plate Bank Limited,clearing_or_joint_stock_bank,1866,1,2,99646.2,0,1,0,0.0096,0.0075,0.0,0.153
European Bank Limited,clearing_or_joint_stock_bank,1866,1,4,40655.8,0,1,0,0.0039,0.0151,0.0,0.153
London Bank Of Australia Ltd,clearing_or_joint_stock_bank,1914,1,3,62004.6,0,1,0,0.006,0.0113,0.0,0.1529
Banca De Espana,unknown,1914,1,3,63926.4,0,1,0,0.0062,0.0113,0.0,0.1529
H & R Fowler,unknown,1866,1,4,22209.2,0,1,0,0.0021,0.0151,0.0,0.1527
John Pickersgill & Son,unknown,1857,1,4,20673.0,0,1,0,0.002,0.0151,0.0,0.1527
C. Bailey,unknown,1866,1,3,50802.4,0,1,0,0.0049,0.0113,0.0,0.1527
R Cunliffes & Co,unknown,1857,1,3,46262.8,0,1,0,0.0045,0.0113,0.0,0.1526
English & Swedish Bank Limited,clearing_or_joint_stock_bank,1866,1,3,47062.3,0,1,0,0.0045,0.0113,0.0,0.1526
Anglo Italian Bank Limited,foreign_or_colonial_financial,1866,1,2,70000.0,0,1,0,0.0068,0.0075,0.0,0.1525
Benoliel Brothers,unknown,1857,1,4,9955.8,0,1,0,0.001,0.0151,0.0,0.1525
Nestle Andreae & Co,unknown,1866,1,4,13840.2,0,1,0,0.0013,0.0151,0.0,0.1525
Bco & Del Rio De La Hala,unknown,1914,1,1,99407.0,0,1,0,0.0096,0.0038,0.0,0.1525
W McAndrew Sons,unknown,1847,1,4,7588.6,0,1,0,0.0007,0.0151,0.0,0.1524
Lambert Ridley & Co,unknown,1847,1,4,4709.9,0,1,0,0.0005,0.0151,0.0,0.1524
A Dalrymple,unknown,1847,1,4,4970.2,0,1,0,0.0005,0.0151,0.0,0.1524
Egyptian Commercial Trading Coy,unknown,1866,1,3,35028.9,0,1,0,0.0034,0.0113,0.0,0.1524
Aberdare Iron Co.,industrial_or_commercial,1866,1,2,66444.3,0,1,0,0.0064,0.0075,0.0,0.1524
Walhampton & Staffordshire,unknown,1857,1,1,91579.5,0,1,0,0.0088,0.0038,0.0,0.1523
National Bank Of New Zealand,clearing_or_joint_stock_bank,1914,1,1,85217.8,0,1,0,0.0082,0.0038,0.0,0.1522
C David & Co,unknown,1857,1,3,19557.0,0,1,0,0.0019,0.0113,0.0,0.1521
Fore Street Warehouse & Co Limited,unknown,1866,1,2,47334.4,0,1,0,0.0046,0.0075,0.0,0.152
Cj Hamlin & Sons,unknown,1857,1,2,44622.0,0,1,0,0.0043,0.0075,0.0,0.152
R & H Green,unknown,1866,1,3,17613.9,0,1,0,0.0017,0.0113,0.0,0.152
Gilmour Rankin Strong & Co,unknown,1857,1,3,9890.4,0,1,0,0.001,0.0113,0.0,0.1519
Mccalmont Bros & Co,unknown,1866,1,2,42273.0,0,1,0,0.0041,0.0075,0.0,0.1519
G. J. Smith For The Shropshire Banking Coy,unknown,1866,1,2,35602.7,0,1,0,0.0034,0.0075,0.0,0.1518
Argenti S & Co,unknown,1847,1,3,4643.2,0,1,0,0.0004,0.0113,0.0,0.1518
Heilbut Symons & Co,unknown,1914,1,1,64698.8,0,1,0,0.0062,0.0038,0.0,0.1518
English Scottish & Australian Bank Limited,clearing_or_joint_stock_bank,1866,1,2,37000.0,0,1,0,0.0036,0.0075,0.0,0.1518
Ebbw Vale & Co,unknown,1857,1,2,34500.0,0,1,0,0.0033,0.0075,0.0,0.1518
M J de Lizardi,unknown,1847,1,3,7364.9,0,1,0,0.0007,0.0113,0.0,0.1518
Craster Humble & Son,unknown,1847,1,3,5836.4,0,1,0,0.0006,0.0113,0.0,0.1518
C Tottie & Son,unknown,1847,1,3,7657.3,0,1,0,0.0007,0.0113,0.0,0.1518
London County Bank For The Midland Bank,clearing_or_joint_stock_bank,1866,1,1,55000.0,0,1,0,0.0053,0.0038,0.0,0.1516
Crowsley Bailey,unknown,1866,1,2,23299.2,0,1,0,0.0023,0.0075,0.0,0.1516
Price & Co For The Bedford,unknown,1866,1,1,52116.3,0,1,0,0.005,0.0038,0.0,0.1516
T. A. Hawkey,unknown,1866,1,2,27000.0,0,1,0,0.0026,0.0075,0.0,0.1516
William Deacon & Co For The Northampton Union Bank,clearing_or_joint_stock_bank,1866,1,1,46322.1,0,1,0,0.0045,0.0038,0.0,0.1515
Jroing Ellsworth & Adams,unknown,1857,1,2,17148.6,0,1,0,0.0017,0.0075,0.0,0.1515
Jno Shield & Co,unknown,1847,1,2,18204.0,0,1,0,0.0018,0.0075,0.0,0.1515
Palmer Mackillop Dent & Co,unknown,1857,1,1,45000.0,0,1,0,0.0043,0.0038,0.0,0.1514
The International Bank,clearing_or_joint_stock_bank,1866,1,2,17055.0,0,1,0,0.0016,0.0075,0.0,0.1514
Joseph Richard,unknown,1866,1,2,16241.8,0,1,0,0.0016,0.0075,0.0,0.1514
John Ranking & Co,unknown,1857,1,2,13837.5,0,1,0,0.0013,0.0075,0.0,0.1514
J C Im Thuru & Co,unknown,1857,1,2,16755.3,0,1,0,0.0016,0.0075,0.0,0.1514
Rhymney Iron & Co,industrial_or_commercial,1866,1,2,12067.9,0,1,0,0.0012,0.0075,0.0,0.1514
Cuadra Romero,unknown,1857,1,2,12015.7,0,1,0,0.0012,0.0075,0.0,0.1514
C. Candy & Co,unknown,1866,1,2,8487.9,0,1,0,0.0008,0.0075,0.0,0.1513
James Pin & Co,unknown,1866,1,2,9758.7,0,1,0,0.0009,0.0075,0.0,0.1513
John Torrance,unknown,1866,1,2,9725.0,0,1,0,0.0009,0.0075,0.0,0.1513
J & H Taylor,unknown,1847,1,2,8594.0,0,1,0,0.0008,0.0075,0.0,0.1513
Provincial Bank & Corp Limited,clearing_or_joint_stock_bank,1866,1,2,9373.5,0,1,0,0.0009,0.0075,0.0,0.1513
Carneille David & Co,unknown,1857,1,2,11557.8,0,1,0,0.0011,0.0075,0.0,0.1513
A. Grant Son & Co,unknown,1866,1,2,9144.9,0,1,0,0.0009,0.0075,0.0,0.1513
British Honduras Coy Limited,unknown,1866,1,2,11000.0,0,1,0,0.0011,0.0075,0.0,0.1513
G. Hitchcock Williams & Co,unknown,1866,1,2,8791.2,0,1,0,0.0008,0.0075,0.0,0.1513
I & E Corderoy & Co,unknown,1866,1,2,8836.2,0,1,0,0.0009,0.0075,0.0,0.1513
Dwindale & Ho,unknown,1866,1,1,40000.0,0,1,0,0.0039,0.0038,0.0,0.1513
W H Cox & Co,unknown,1857,1,2,10938.6,0,1,0,0.0011,0.0075,0.0,0.1513
The Oriental Br Corps,unknown,1857,1,1,34380.0,0,1,0,0.0033,0.0038,0.0,0.1512
John Clifford,unknown,1847,1,2,4842.0,0,1,0,0.0005,0.0075,0.0,0.1512
Frullen Baubury & Co,unknown,1866,1,1,35686.8,0,1,0,0.0034,0.0038,0.0,0.1512
D A Scanavi,unknown,1847,1,2,5476.8,0,1,0,0.0005,0.0075,0.0,0.1512
Albert Pelly & Co,unknown,1847,1,2,4931.3,0,1,0,0.0005,0.0075,0.0,0.1512
Tjas + Robinson W Ebbie Rale Co,unknown,1857,1,1,31500.0,0,1,0,0.003,0.0038,0.0,0.1512
The European Bank,clearing_or_joint_stock_bank,1866,1,1,29100.6,0,1,0,0.0028,0.0038,0.0,0.1511
Keith Sands & Co,unknown,1857,1,1,30000.0,0,1,0,0.0029,0.0038,0.0,0.1511
The East London Bank Limited,clearing_or_joint_stock_bank,1866,1,1,28809.9,0,1,0,0.0028,0.0038,0.0,0.1511
J R Thomason & Co,unknown,1857,1,1,27000.0,0,1,0,0.0026,0.0038,0.0,0.1511
Josh Robinson + Ebbie Vale Co,unknown,1857,1,1,24300.0,0,1,0,0.0023,0.0038,0.0,0.151
A. Ralli & Co,unknown,1866,1,1,23396.4,0,1,0,0.0023,0.0038,0.0,0.151
L Cohen,unknown,1857,1,1,23384.7,0,1,0,0.0023,0.0038,0.0,0.151
G. Credit & Finance Coy Limited,unknown,1866,1,1,22286.7,0,1,0,0.0022,0.0038,0.0,0.151
Edinburgh & Glasgow B,unknown,1847,1,1,23209.0,0,1,0,0.0022,0.0038,0.0,0.151
Harvey & Hudsons,unknown,1866,1,1,17343.0,0,1,0,0.0017,0.0038,0.0,0.1509
Joseph Leese,unknown,1866,1,1,19000.0,0,1,0,0.0018,0.0038,0.0,0.1509
Darent & Co,unknown,1857,1,1,18309.6,0,1,0,0.0018,0.0038,0.0,0.1509
Cocker Biddulph & Co,unknown,1866,1,1,19000.0,0,1,0,0.0018,0.0038,0.0,0.1509
Bailey & Co To Afe Of Bailey,unknown,1866,1,1,18325.1,0,1,0,0.0018,0.0038,0.0,0.1509
"Randall, Wigan & Co",unknown,1866,1,1,20000.0,0,1,0,0.0019,0.0038,0.0,0.1509
X. Balli,unknown,1866,1,1,14961.6,0,1,0,0.0014,0.0038,0.0,0.1508
M Gray & Co,unknown,1847,1,1,13800.9,0,1,0,0.0013,0.0038,0.0,0.1508
Miles Brother & Co,unknown,1866,1,1,9000.0,0,1,0,0.0009,0.0038,0.0,0.1508
Boysin Hoyer Tagart,unknown,1857,1,1,10000.0,0,1,0,0.001,0.0038,0.0,0.1508
The Jone St Marehouse Co Limited,unknown,1866,1,1,9305.8,0,1,0,0.0009,0.0038,0.0,0.1508
F Calvert,unknown,1857,1,1,9000.0,0,1,0,0.0009,0.0038,0.0,0.1508
Ebbie Vale Co & Robbinson,unknown,1857,1,1,11799.9,0,1,0,0.0011,0.0038,0.0,0.1508
Melhuish Sons & Co,unknown,1857,1,1,13973.0,0,1,0,0.0013,0.0038,0.0,0.1508
Straham & Co,unknown,1847,1,1,14597.9,0,1,0,0.0014,0.0038,0.0,0.1508
Truhling & Goschen,merchant_bank,1914,1,1,10412.9,0,0,1,0.001,0.0038,0.0,0.1508
Pinto Leite & Brothers,unknown,1857,1,1,9224.1,0,1,0,0.0009,0.0038,0.0,0.1508
Crowns Agents For Colonies,unknown,1866,1,1,9000.0,0,1,0,0.0009,0.0038,0.0,0.1508
F Le Breton,unknown,1857,1,1,14292.0,0,1,0,0.0014,0.0038,0.0,0.1508
J R Thomas & Co,unknown,1857,1,1,10800.0,0,1,0,0.001,0.0038,0.0,0.1508
J. Young Ehlers & Co,unknown,1866,1,1,9900.0,0,1,0,0.001,0.0038,0.0,0.1508
Sims Willyams Nevill & Co,unknown,1857,1,1,8807.4,0,1,0,0.0009,0.0038,0.0,0.1508
J Bulk Son & Co,unknown,1857,1,1,9900.0,0,1,0,0.001,0.0038,0.0,0.1508
T H Elmenhorst,unknown,1847,1,1,4790.4,0,1,0,0.0005,0.0038,0.0,0.1507
J Rult Sons Co,unknown,1847,1,1,6672.8,0,1,0,0.0006,0.0038,0.0,0.1507
H Rogers Sons & Co,unknown,1857,1,1,8175.6,0,1,0,0.0008,0.0038,0.0,0.1507
J T Harris,unknown,1847,1,1,5819.0,0,1,0,0.0006,0.0038,0.0,0.1507
Unity Mutual Bank,clearing_or_joint_stock_bank,1857,1,1,8253.7,0,1,0,0.0008,0.0038,0.0,0.1507
Famraes M Co,unknown,1847,1,1,6033.8,0,1,0,0.0006,0.0038,0.0,0.1507
T & N Kind,unknown,1847,1,1,8602.5,0,1,0,0.0008,0.0038,0.0,0.1507
Eastern Amos & Sons,merchant_bank,1866,1,1,2046.6,0,0,1,0.0002,0.0038,0.0,0.1506
James Stern & Sons,merchant_bank,1847,1,1,859.3,0,0,1,0.0001,0.0038,0.0,0.1506
Sevayne & Bowell,unknown,1847,1,1,4033.3,0,1,0,0.0004,0.0038,0.0,0.1506
Bambridge & Mews,unknown,1847,1,1,4162.3,0,1,0,0.0004,0.0038,0.0,0.1506
Jomdes Co,unknown,1847,1,1,4070.6,0,1,0,0.0004,0.0038,0.0,0.1506
Bank Of Scotland,foreign_or_colonial_financial,1914,1,9,27550.0,0,0,0,0.0027,0.034,0.0,0.0056
Borneo Co Ltd,unknown,1914,1,7,57205.2,0,0,0,0.0055,0.0264,0.0,0.0051
Beith Stevenson & Co,unknown,1914,1,7,55956.1,0,0,0,0.0054,0.0264,0.0,0.005
Britsh Linen Bank,clearing_or_joint_stock_bank,1914,1,8,4664.5,0,0,0,0.0005,0.0302,0.0,0.0046
Fecan Kerrison & Flanne,unknown,1857,1,7,5768.0,0,0,0,0.0006,0.0264,0.0,0.0041
Hy Rogers Sons & Co,unknown,1914,1,6,31711.9,0,0,0,0.0031,0.0226,0.0,0.004
Bank Of British West Africa Ltd,foreign_or_colonial_financial,1914,1,5,51756.0,0,0,0,0.005,0.0189,0.0,0.0038
R&J Henderson,unknown,1914,1,6,17357.5,0,0,0,0.0017,0.0226,0.0,0.0037
Puito Perry & Co,unknown,1857,1,6,7155.0,0,0,0,0.0007,0.0226,0.0,0.0035
Pinto Leite & Nephews,unknown,1914,1,4,35807.4,0,0,0,0.0035,0.0151,0.0,0.003
G.F. Neame Co,unknown,1914,1,3,44054.3,0,0,0,0.0043,0.0113,0.0,0.0026
T. R. Merton,unknown,1914,1,3,41302.2,0,0,0,0.004,0.0113,0.0,0.0025
Chesnutt Cooper Co,unknown,1914,1,4,12332.5,0,0,0,0.0012,0.0151,0.0,0.0025
Arbuthnot Latham Co,unknown,1914,1,3,34247.5,0,0,0,0.0033,0.0113,0.0,0.0024
Peek Brothers & Co,unknown,1866,1,4,8010.0,0,0,0,0.0008,0.0151,0.0,0.0024
Carr & Hoare,unknown,1866,1,4,5448.6,0,0,0,0.0005,0.0151,0.0,0.0024
Natl Bk Of Belgium,unknown,1914,1,3,34546.8,0,0,0,0.0033,0.0113,0.0,0.0024
A. Haliener & Co,unknown,1866,1,4,536.4,0,0,0,0.0001,0.0151,0.0,0.0023
Bedell Prior & Co,unknown,1866,1,4,3042.9,0,0,0,0.0003,0.0151,0.0,0.0023
Owthwaite & Co,unknown,1857,1,4,556.9,0,0,0,0.0001,0.0151,0.0,0.0023
Warre Brothers,unknown,1857,1,4,4545.6,0,0,0,0.0004,0.0151,0.0,0.0023
Ps Galatti,unknown,1857,1,4,3156.3,0,0,0,0.0003,0.0151,0.0,0.0023
Wf Moore,unknown,1857,1,4,2958.6,0,0,0,0.0003,0.0151,0.0,0.0023
Mildred Goyenchi & Co,unknown,1914,1,2,50968.4,0,0,0,0.0049,0.0075,0.0,0.0021
J & I Batten & Co,unknown,1914,1,3,8166.7,0,0,0,0.0008,0.0113,0.0,0.0019
Rodocanachi Sons & Co,unknown,1914,1,3,4465.0,0,0,0,0.0004,0.0113,0.0,0.0018
Bheonutt Booper & Co,unknown,1914,1,3,5320.0,0,0,0,0.0005,0.0113,0.0,0.0018
J Montefiore & Son,unknown,1847,1,3,3316.3,0,0,0,0.0003,0.0113,0.0,0.0018
Phirias Abraham,unknown,1857,1,3,7141.5,0,0,0,0.0007,0.0113,0.0,0.0018
Gladstone Ewart & Co,unknown,1866,1,3,5985.9,0,0,0,0.0006,0.0113,0.0,0.0018
John Haurie Nephew,unknown,1866,1,3,2813.4,0,0,0,0.0003,0.0113,0.0,0.0018
Alex Crowe & Co,unknown,1847,1,3,3156.8,0,0,0,0.0003,0.0113,0.0,0.0018
I. & B. Pearse & Co,unknown,1857,1,3,6290.0,0,0,0,0.0006,0.0113,0.0,0.0018
Coles Child & Co,unknown,1847,1,3,2224.6,0,0,0,0.0002,0.0113,0.0,0.0017
Natl Bk Of Australasia,unknown,1914,1,2,29144.1,0,0,0,0.0028,0.0075,0.0,0.0017
Walker Howell & Co,unknown,1857,1,3,2477.7,0,0,0,0.0002,0.0113,0.0,0.0017
E. F. Oelricks & Co,unknown,1866,1,3,531.7,0,0,0,0.0001,0.0113,0.0,0.0017
J. O. Beetron,unknown,1866,1,3,38.7,0,0,0,0.0,0.0113,0.0,0.0017
A.Branwell Co Ltd,unknown,1914,1,3,434.1,0,0,0,0.0,0.0113,0.0,0.0017
Byfield & Richards,unknown,1866,1,3,140.4,0,0,0,0.0,0.0113,0.0,0.0017
C Humble & Son,unknown,1847,1,3,2380.6,0,0,0,0.0002,0.0113,0.0,0.0017
F&A Delcomyn,unknown,1914,1,2,26681.7,0,0,0,0.0026,0.0075,0.0,0.0016
Robinson Fleming & Co,unknown,1914,1,1,55506.6,0,0,0,0.0054,0.0038,0.0,0.0016
Jones & Brown,unknown,1914,1,2,19419.9,0,0,0,0.0019,0.0075,0.0,0.0015
J.R Belltman,unknown,1914,1,2,20936.1,0,0,0,0.002,0.0075,0.0,0.0015
Horstman Co,unknown,1914,1,2,14109.4,0,0,0,0.0014,0.0075,0.0,0.0014
Clydesdale Bank Ltd,clearing_or_joint_stock_bank,1914,1,2,8669.7,0,0,0,0.0008,0.0075,0.0,0.0013
James & Brown,unknown,1914,1,1,35987.9,0,0,0,0.0035,0.0038,0.0,0.0013
W.Ladenburg & Co,unknown,1914,1,2,7896.4,0,0,0,0.0008,0.0075,0.0,0.0013
Da Costa & Kiell,unknown,1866,1,2,7200.0,0,0,0,0.0007,0.0075,0.0,0.0013
Ross & Ash,unknown,1866,1,2,6750.0,0,0,0,0.0007,0.0075,0.0,0.0013
T. & D. Henry,unknown,1857,1,2,7009.3,0,0,0,0.0007,0.0075,0.0,0.0013
Wilson Leward & Swale,unknown,1857,1,2,7180.0,0,0,0,0.0007,0.0075,0.0,0.0013
Carvalho Brother & Co,unknown,1866,1,2,1822.5,0,0,0,0.0002,0.0075,0.0,0.0012
A. Wehmes,unknown,1866,1,2,2245.0,0,0,0,0.0002,0.0075,0.0,0.0012
Smellgrove & Leach,unknown,1866,1,2,5202.0,0,0,0,0.0005,0.0075,0.0,0.0012
R + Paul,unknown,1857,1,2,3071.7,0,0,0,0.0003,0.0075,0.0,0.0012
Locke Lanccaster W W R Johnson Sons Ltd,unknown,1914,1,2,2184.1,0,0,0,0.0002,0.0075,0.0,0.0012
Chas Belier,unknown,1914,1,2,1710.0,0,0,0,0.0002,0.0075,0.0,0.0012
Saplding & Hodge,unknown,1847,1,2,2707.7,0,0,0,0.0003,0.0075,0.0,0.0012
W C Laming & Co,unknown,1847,1,2,1839.6,0,0,0,0.0002,0.0075,0.0,0.0012
Delhi & London Bank Ltd,clearing_or_joint_stock_bank,1914,1,1,32758.1,0,0,0,0.0032,0.0038,0.0,0.0012
Castelli Brothers,unknown,1866,1,2,5669.1,0,0,0,0.0005,0.0075,0.0,0.0012
W. H. Laird,unknown,1857,1,2,1935.0,0,0,0,0.0002,0.0075,0.0,0.0012
J T Bells & Co,unknown,1847,1,2,2941.3,0,0,0,0.0003,0.0075,0.0,0.0012
C T Miller & Sons,unknown,1847,1,2,2452.2,0,0,0,0.0002,0.0075,0.0,0.0012
Ew Fernie,unknown,1857,1,2,2642.4,0,0,0,0.0003,0.0075,0.0,0.0012
J & W J Coutenay,unknown,1847,1,2,1886.2,0,0,0,0.0002,0.0075,0.0,0.0012
B. De Castro & Co,unknown,1866,1,2,1800.0,0,0,0,0.0002,0.0075,0.0,0.0012
C Warwick,unknown,1847,1,2,1776.9,0,0,0,0.0002,0.0075,0.0,0.0012
David Sasson & Co Ld,unknown,1914,1,1,35195.6,0,0,0,0.0034,0.0038,0.0,0.0012
W. Halford & Co,unknown,1914,1,2,5605.0,0,0,0,0.0005,0.0075,0.0,0.0012
Prier P Candle & Co,unknown,1857,1,2,6490.3,0,0,0,0.0006,0.0075,0.0,0.0012
Brown & Laws,unknown,1866,1,2,3507.3,0,0,0,0.0003,0.0075,0.0,0.0012
D.Sasson Co Ltd,unknown,1914,1,1,33251.9,0,0,0,0.0032,0.0038,0.0,0.0012
E. Higgin & Co,unknown,1866,1,2,3780.0,0,0,0,0.0004,0.0075,0.0,0.0012
Edward Corry,unknown,1866,1,2,2565.0,0,0,0,0.0002,0.0075,0.0,0.0012
Poppleton Gibs & Co,unknown,1914,1,2,6122.2,0,0,0,0.0006,0.0075,0.0,0.0012
English Scottish & Australian Bank Ltd,clearing_or_joint_stock_bank,1914,1,1,30060.8,0,0,0,0.0029,0.0038,0.0,0.0012
Wm Hooten Yates,unknown,1914,1,2,2290.4,0,0,0,0.0002,0.0075,0.0,0.0012
Kipling Pain & Co,unknown,1866,1,2,1980.9,0,0,0,0.0002,0.0075,0.0,0.0012
G. Andreae & Co,unknown,1866,1,2,2092.5,0,0,0,0.0002,0.0075,0.0,0.0012
Neville Reid Prestwich & Co,unknown,1857,1,2,4247.1,0,0,0,0.0004,0.0075,0.0,0.0012
Fw Caseus,unknown,1857,1,2,1816.2,0,0,0,0.0002,0.0075,0.0,0.0012
John Goie & Co,unknown,1857,1,2,2564.6,0,0,0,0.0002,0.0075,0.0,0.0012
R. W. Starkey & Son,unknown,1866,1,2,1789.2,0,0,0,0.0002,0.0075,0.0,0.0012
T. Hubbuck & Son Ltd,unknown,1914,1,2,3522.6,0,0,0,0.0003,0.0075,0.0,0.0012
Koebel Jameson & Co,unknown,1866,1,2,2385.0,0,0,0,0.0002,0.0075,0.0,0.0012
R W Kein & Co,unknown,1857,1,2,2162.9,0,0,0,0.0002,0.0075,0.0,0.0012
S Fafhet & Co,unknown,1914,1,1,28500.0,0,0,0,0.0028,0.0038,0.0,0.0011
G. Routledge & Sons Ld,unknown,1914,1,2,1499.1,0,0,0,0.0001,0.0075,0.0,0.0011
L.Boy.W.Bk Bk Chas Comiys Co,unknown,1914,1,2,877.8,0,0,0,0.0001,0.0075,0.0,0.0011
Josh Foot & Son,unknown,1847,1,2,1539.0,0,0,0,0.0001,0.0075,0.0,0.0011
James Lawrence,unknown,1866,1,2,1498.5,0,0,0,0.0001,0.0075,0.0,0.0011
Julius Jacoby,unknown,1866,1,2,266.4,0,0,0,0.0,0.0075,0.0,0.0011
Adi Denielrio & Sons,unknown,1857,1,2,90.0,0,0,0,0.0,0.0075,0.0,0.0011
Sromidill & Beckham,unknown,1857,1,2,945.0,0,0,0,0.0001,0.0075,0.0,0.0011
Bank Of Australia,clearing_or_joint_stock_bank,1914,1,1,26456.5,0,0,0,0.0026,0.0038,0.0,0.0011
Beo Befand Del Rio Co,unknown,1914,1,1,28644.4,0,0,0,0.0028,0.0038,0.0,0.0011
David Kidd & Son,unknown,1866,1,2,1465.2,0,0,0,0.0001,0.0075,0.0,0.0011
C A Jonas & Co,unknown,1857,1,2,452.7,0,0,0,0.0,0.0075,0.0,0.0011
Child & Co,unknown,1914,1,2,296.4,0,0,0,0.0,0.0075,0.0,0.0011
Thomas Seamer,unknown,1857,1,2,1018.8,0,0,0,0.0001,0.0075,0.0,0.0011
T. O. Beeton,unknown,1866,1,2,0.0,0,0,0,0.0,0.0075,0.0,0.0011
C J Miller & Sons,unknown,1847,1,2,0.0,0,0,0,0.0,0.0075,0.0,0.0011
Bank Of Ireland,foreign_or_colonial_financial,1914,1,1,23750.0,0,0,0,0.0023,0.0038,0.0,0.001
Rohinson Fleming & Co,unknown,1914,1,1,22656.5,0,0,0,0.0022,0.0038,0.0,0.001
Dominion Bank,clearing_or_joint_stock_bank,1914,1,1,19192.8,0,0,0,0.0019,0.0038,0.0,0.001
Ricard Freiwald,unknown,1914,1,1,17094.3,0,0,0,0.0017,0.0038,0.0,0.0009
Hatsman & Co,unknown,1914,1,1,18326.5,0,0,0,0.0018,0.0038,0.0,0.0009
S.Faphel & Co,unknown,1914,1,1,19000.0,0,0,0,0.0018,0.0038,0.0,0.0009
Bowes Co Ltd,unknown,1914,1,1,16293.3,0,0,0,0.0016,0.0038,0.0,0.0009
London Bank Of Australia,clearing_or_joint_stock_bank,1914,1,1,11131.1,0,0,0,0.0011,0.0038,0.0,0.0008
Fisher King & Co,unknown,1914,1,1,9837.2,0,0,0,0.001,0.0038,0.0,0.0008
Commonwealth Bk Of Australia,unknown,1914,1,1,14382.0,0,0,0,0.0014,0.0038,0.0,0.0008
H.S.Lefevre,unknown,1914,1,1,11156.8,0,0,0,0.0011,0.0038,0.0,0.0008
Geo Gore & Co,unknown,1857,1,1,4777.5,0,0,0,0.0005,0.0038,0.0,0.0007
Stephen Kennard & Co,unknown,1866,1,1,4680.0,0,0,0,0.0005,0.0038,0.0,0.0007
Higginson & Co,unknown,1914,1,1,4750.0,0,0,0,0.0005,0.0038,0.0,0.0007
De Jersey & Co,unknown,1914,1,1,5905.2,0,0,0,0.0006,0.0038,0.0,0.0007
Unity St Something,unknown,1857,1,1,6702.6,0,0,0,0.0006,0.0038,0.0,0.0007
Lanthe Buhnell,unknown,1866,1,1,8064.9,0,0,0,0.0008,0.0038,0.0,0.0007
Sheyer Bros,unknown,1914,1,1,7708.3,0,0,0,0.0007,0.0038,0.0,0.0007
Thos Pretu & Co,unknown,1857,1,1,4752.0,0,0,0,0.0005,0.0038,0.0,0.0007
Gene Credit & Co Limited,unknown,1866,1,1,4881.6,0,0,0,0.0005,0.0038,0.0,0.0007
Saml.Barrow & Bro Ld,unknown,1914,1,1,6627.2,0,0,0,0.0006,0.0038,0.0,0.0007
"Caldecott, Sons & Willcocks",unknown,1866,1,1,6400.8,0,0,0,0.0006,0.0038,0.0,0.0007
T Ralli Sons & Co,unknown,1857,1,1,7015.5,0,0,0,0.0007,0.0038,0.0,0.0007
Coutts & Co,unknown,1914,1,1,7247.5,0,0,0,0.0007,0.0038,0.0,0.0007
I. Ciw Thaw & Co,unknown,1857,1,1,7612.2,0,0,0,0.0007,0.0038,0.0,0.0007
J. G. Homere,unknown,1866,1,1,7380.9,0,0,0,0.0007,0.0038,0.0,0.0007
Bernard Elliot,unknown,1914,1,1,7330.2,0,0,0,0.0007,0.0038,0.0,0.0007
Unity Joint,unknown,1857,1,1,7367.4,0,0,0,0.0007,0.0038,0.0,0.0007
Stera Bros,unknown,1857,1,1,6258.6,0,0,0,0.0006,0.0038,0.0,0.0007
Tamvaco Utell,unknown,1857,1,1,5472.9,0,0,0,0.0005,0.0038,0.0,0.0007
Thomas Stephen & Co,unknown,1866,1,1,7021.8,0,0,0,0.0007,0.0038,0.0,0.0007
H Lohnotamm,unknown,1914,1,1,7821.3,0,0,0,0.0008,0.0038,0.0,0.0007
F Engelhardt,unknown,1857,1,1,4940.1,0,0,0,0.0005,0.0038,0.0,0.0007
John Pickessgill & Sons,unknown,1857,1,1,4661.1,0,0,0,0.0005,0.0038,0.0,0.0007
H E + M Moses,unknown,1857,1,1,6440.0,0,0,0,0.0006,0.0038,0.0,0.0007
Baker & Co,unknown,1857,1,1,7225.2,0,0,0,0.0007,0.0038,0.0,0.0007
National Bk Ld,unknown,1914,1,1,989.9,0,0,0,0.0001,0.0038,0.0,0.0006
Wm Rivet & Sons Ltd,unknown,1914,1,1,2558.3,0,0,0,0.0002,0.0038,0.0,0.0006
Cha Heinery,unknown,1857,1,1,1671.3,0,0,0,0.0002,0.0038,0.0,0.0006
Bayliss Jones & Bayliss,unknown,1914,1,1,180.5,0,0,0,0.0,0.0038,0.0,0.0006
J Woaker Callety,unknown,1847,1,1,2922.5,0,0,0,0.0003,0.0038,0.0,0.0006
Abrahamson Lihme & Co,unknown,1866,1,1,0.0,0,0,0,0.0,0.0038,0.0,0.0006
M Levyson,unknown,1847,1,1,750.3,0,0,0,0.0001,0.0038,0.0,0.0006
Charles Hoare Co,unknown,1914,1,1,814.1,0,0,0,0.0001,0.0038,0.0,0.0006
S. H. Lucas & Son,unknown,1866,1,1,2527.2,0,0,0,0.0002,0.0038,0.0,0.0006
Nara Matu,unknown,1866,1,1,236.7,0,0,0,0.0,0.0038,0.0,0.0006
M Da Costa + I. E. Coleman,unknown,1857,1,1,1514.7,0,0,0,0.0001,0.0038,0.0,0.0006
Wm Lymington & Co,unknown,1914,1,1,2853.8,0,0,0,0.0003,0.0038,0.0,0.0006
W Hinkes Cay & Co,unknown,1866,1,1,3085.2,0,0,0,0.0003,0.0038,0.0,0.0006
Parker Son & Co,unknown,1857,1,1,897.3,0,0,0,0.0001,0.0038,0.0,0.0006
Wm Norton Yates Lombard St,unknown,1914,1,1,2905.1,0,0,0,0.0003,0.0038,0.0,0.0006
Yeames Lander & Co,unknown,1857,1,1,2718.9,0,0,0,0.0003,0.0038,0.0,0.0006
J. G. Buskin,unknown,1866,1,1,45.0,0,0,0,0.0,0.0038,0.0,0.0006
M. Mayer & Co,unknown,1866,1,1,513.0,0,0,0,0.0,0.0038,0.0,0.0006
W M Crauston,unknown,1866,1,1,491.4,0,0,0,0.0,0.0038,0.0,0.0006
M. Z. Just & Co,unknown,1866,1,1,2102.4,0,0,0,0.0002,0.0038,0.0,0.0006
Carvalho & Brother,unknown,1857,1,1,1557.0,0,0,0,0.0002,0.0038,0.0,0.0006
Wr Crow & Son,unknown,1914,1,1,4266.4,0,0,0,0.0004,0.0038,0.0,0.0006
N. H. Pantridge & Co,unknown,1866,1,1,1873.8,0,0,0,0.0002,0.0038,0.0,0.0006
J. B. Elvis,unknown,1866,1,1,2000.0,0,0,0,0.0002,0.0038,0.0,0.0006
"Mackinlay, Reuss & Co",unknown,1866,1,1,800.0,0,0,0,0.0001,0.0038,0.0,0.0006
J. B. Elin,unknown,1866,1,1,2250.0,0,0,0,0.0002,0.0038,0.0,0.0006
J Davidge,unknown,1857,1,1,90.0,0,0,0,0.0,0.0038,0.0,0.0006
J. B Thompson,unknown,1866,1,1,1292.3,0,0,0,0.0001,0.0038,0.0,0.0006
Barff & Co,unknown,1866,1,1,748.8,0,0,0,0.0001,0.0038,0.0,0.0006
S.Bobree & Sons,unknown,1914,1,1,1907.6,0,0,0,0.0002,0.0038,0.0,0.0006
N. H + A Scott,unknown,1857,1,1,1266.3,0,0,0,0.0001,0.0038,0.0,0.0006
Battley & Butler,unknown,1866,1,1,353.7,0,0,0,0.0,0.0038,0.0,0.0006
J. D. Dow,unknown,1866,1,1,450.0,0,0,0,0.0,0.0038,0.0,0.0006
J. B. Minshall,unknown,1866,1,1,383.4,0,0,0,0.0,0.0038,0.0,0.0006
J S Betts & Co,unknown,1847,1,1,1448.4,0,0,0,0.0001,0.0038,0.0,0.0006
W Tindall,unknown,1847,1,1,1184.4,0,0,0,0.0001,0.0038,0.0,0.0006
J Hood Co,unknown,1847,1,1,277.5,0,0,0,0.0,0.0038,0.0,0.0006
W.H. Cox & Co,unknown,1866,1,1,3171.6,0,0,0,0.0003,0.0038,0.0,0.0006
Newton B & Co,unknown,1857,1,1,741.6,0,0,0,0.0001,0.0038,0.0,0.0006
W.R.Crow & Son,unknown,1914,1,1,2146.0,0,0,0,0.0002,0.0038,0.0,0.0006
Banffo & Co,unknown,1866,1,1,720.0,0,0,0,0.0001,0.0038,0.0,0.0006
Ben Smith Duke,unknown,1847,1,1,426.9,0,0,0,0.0,0.0038,0.0,0.0006
William Jackson,unknown,1857,1,1,943.2,0,0,0,0.0001,0.0038,0.0,0.0006
J T Sines & Co,unknown,1847,1,1,3129.3,0,0,0,0.0003,0.0038,0.0,0.0006
J Jackson & Co,unknown,1857,1,1,0.0,0,0,0,0.0,0.0038,0.0,0.0006
Walter Howell,unknown,1866,1,1,0.0,0,0,0,0.0,0.0038,0.0,0.0006
Sam Swownell & Son,unknown,1857,1,1,0.0,0,0,0,0.0,0.0038,0.0,0.0006
Bank Of Australasia,foreign_or_colonial_financial,1914,1,1,1851.5,0,0,0,0.0002,0.0038,0.0,0.0006
Bucknell & Sons,unknown,1857,1,1,0.0,0,0,0,0.0,0.0038,0.0,0.0006
Brewell Y & Co,unknown,1847,1,1,1967.2,0,0,0,0.0002,0.0038,0.0,0.0006
S Stuart,unknown,1857,1,1,909.0,0,0,0,0.0001,0.0038,0.0,0.0006
Beverington Norris,unknown,1857,1,1,3548.7,0,0,0,0.0003,0.0038,0.0,0.0006
Miller C & Co,unknown,1847,1,1,0.0,0,0,0,0.0,0.0038,0.0,0.0006
J Samalvier,unknown,1857,1,1,45.0,0,0,0,0.0,0.0038,0.0,0.0006
Nowoorjee Furdoonjee,unknown,1866,1,1,1351.8,0,0,0,0.0001,0.0038,0.0,0.0006
Blyth Greene Jourdain Co Ld,unknown,1914,1,1,1894.3,0,0,0,0.0002,0.0038,0.0,0.0006
William Andew & Sons,unknown,1857,1,1,2646.9,0,0,0,0.0003,0.0038,0.0,0.0006
J Hash & Co,unknown,1857,1,1,1800.0,0,0,0,0.0002,0.0038,0.0,0.0006
Blogg + Martin,unknown,1857,1,1,2082.6,0,0,0,0.0002,0.0038,0.0,0.0006
Neumann Lueback & Co,unknown,1914,1,1,1265.4,0,0,0,0.0001,0.0038,0.0,0.0006
Williams Deacon & Co,clearing_or_joint_stock_bank,1857,1,1,0.0,0,0,0,0.0,0.0038,0.0,0.0006
Mary Burton,unknown,1857,1,1,540.0,0,0,0,0.0001,0.0038,0.0,0.0006
Saml Dobree & Sons,unknown,1914,1,1,0.0,0,0,0,0.0,0.0038,0.0,0.0006
Matthew Brothers,unknown,1857,1,1,1430.1,0,0,0,0.0001,0.0038,0.0,0.0006
J E Ford,unknown,1857,1,1,757.8,0,0,0,0.0001,0.0038,0.0,0.0006
Natl Bk Of England Ltd,unknown,1914,1,1,647.9,0,0,0,0.0001,0.0038,0.0,0.0006
W Wilson & Co,unknown,1866,1,1,540.0,0,0,0,0.0001,0.0038,0.0,0.0006
Wm Andrew & Sons,unknown,1857,1,1,1790.1,0,0,0,0.0002,0.0038,0.0,0.0006
N. Ganuap,unknown,1866,1,1,900.0,0,0,0,0.0001,0.0038,0.0,0.0006
W. E. Eddison & Co,unknown,1866,1,1,756.0,0,0,0,0.0001,0.0038,0.0,0.0006
C E Fireman,unknown,1857,1,1,548.1,0,0,0,0.0001,0.0038,0.0,0.0006
Wienholt Wehmer & Co,unknown,1857,1,1,3591.0,0,0,0,0.0003,0.0038,0.0,0.0006
W. H & A Scott,unknown,1866,1,1,1755.9,0,0,0,0.0002,0.0038,0.0,0.0006
N C Braddon,unknown,1847,1,1,0.0,0,0,0,0.0,0.0038,0.0,0.0006
S Block & Son,unknown,1847,1,1,3680.0,0,0,0,0.0004,0.0038,0.0,0.0006
Nesleukings Bus,unknown,1866,1,1,0.0,0,0,0,0.0,0.0038,0.0,0.0006
W. H. Partridge & Co,unknown,1866,1,1,1800.0,0,0,0,0.0002,0.0038,0.0,0.0006
C Chressperger,unknown,1847,1,1,0.0,0,0,0,0.0,0.0038,0.0,0.0006
W. J. Crook,unknown,1914,1,1,237.5,0,0,0,0.0,0.0038,0.0,0.0006
Nestle & Anglo Swiss C.Milk Co,unknown,1914,1,1,1496.2,0,0,0,0.0001,0.0038,0.0,0.0006
W. Mepzstein,unknown,1866,1,1,2190.6,0,0,0,0.0002,0.0038,0.0,0.0006
C & S Grimmrade,unknown,1866,1,1,900.0,0,0,0,0.0001,0.0038,0.0,0.0006
W. Pickford,unknown,1866,1,1,184.5,0,0,0,0.0,0.0038,0.0,0.0006
Williams Meyustein,unknown,1866,1,1,1738.8,0,0,0,0.0002,0.0038,0.0,0.0006
S W Silver & Co,unknown,1857,1,1,3716.1,0,0,0,0.0004,0.0038,0.0,0.0006
W. Ewart & Son Ltd,unknown,1914,1,1,3224.3,0,0,0,0.0003,0.0038,0.0,0.0006
Rd Poppleton,unknown,1847,1,1,878.4,0,0,0,0.0001,0.0038,0.0,0.0006
Lurek Barelay,unknown,1857,1,1,512.1,0,0,0,0.0,0.0038,0.0,0.0006
R + Rea & Co,unknown,1857,1,1,0.0,0,0,0,0.0,0.0038,0.0,0.0006
Jnr Miefro Co,unknown,1847,1,1,2913.8,0,0,0,0.0003,0.0038,0.0,0.0006
Joseph Samalivies,unknown,1857,1,1,18.0,0,0,0,0.0,0.0038,0.0,0.0006
H. Thurburn,unknown,1866,1,1,765.0,0,0,0,0.0001,0.0038,0.0,0.0006
Jersey Banking Coy,unknown,1866,1,1,2067.3,0,0,0,0.0002,0.0038,0.0,0.0006
Josh Anderson,unknown,1857,1,1,4144.5,0,0,0,0.0004,0.0038,0.0,0.0006
H.Kohnstamm,unknown,1914,1,1,402.8,0,0,0,0.0,0.0038,0.0,0.0006
R Gray,unknown,1847,1,1,1071.6,0,0,0,0.0001,0.0038,0.0,0.0006
Francis Scott,unknown,1857,1,1,270.9,0,0,0,0.0,0.0038,0.0,0.0006
Hall & Gray,unknown,1914,1,1,333.6,0,0,0,0.0,0.0038,0.0,0.0006
R Comber,unknown,1847,1,1,883.6,0,0,0,0.0001,0.0038,0.0,0.0006
James Scott & Son,unknown,1866,1,1,2381.6,0,0,0,0.0002,0.0038,0.0,0.0006
Finance Company Ld,unknown,1914,1,1,0.0,0,0,0,0.0,0.0038,0.0,0.0006
Fibacn & Co,unknown,1847,1,1,1642.4,0,0,0,0.0002,0.0038,0.0,0.0006
Faundel & Phillips,unknown,1847,1,1,1674.9,0,0,0,0.0002,0.0038,0.0,0.0006
Kraft Bros,unknown,1914,1,1,0.0,0,0,0,0.0,0.0038,0.0,0.0006
G E Mackreth,unknown,1857,1,1,143.1,0,0,0,0.0,0.0038,0.0,0.0006
Hanson Smiths & Stevens,unknown,1857,1,1,2725.2,0,0,0,0.0003,0.0038,0.0,0.0006
Harvey Stambridge,unknown,1857,1,1,450.0,0,0,0,0.0,0.0038,0.0,0.0006
F. Horne & Co,unknown,1866,1,1,2687.4,0,0,0,0.0003,0.0038,0.0,0.0006
F. Bowes & Co,unknown,1866,1,1,3000.0,0,0,0,0.0003,0.0038,0.0,0.0006
James Dickson,unknown,1866,1,1,109.8,0,0,0,0.0,0.0038,0.0,0.0006
Hawes & Co,unknown,1866,1,1,1780.0,0,0,0,0.0002,0.0038,0.0,0.0006
F Walter & Co,unknown,1914,1,1,950.0,0,0,0,0.0001,0.0038,0.0,0.0006
Hellertwaag Russel,unknown,1914,1,1,2079.5,0,0,0,0.0002,0.0038,0.0,0.0006
Pye Field & Tanqueray,unknown,1857,1,1,2186.1,0,0,0,0.0002,0.0038,0.0,0.0006
James Cook & Co,unknown,1857,1,1,4500.0,0,0,0,0.0004,0.0038,0.0,0.0006
Tho' Stephens & Co,unknown,1857,1,1,1215.0,0,0,0,0.0001,0.0038,0.0,0.0006
James Consens,unknown,1857,1,1,1188.0,0,0,0,0.0001,0.0038,0.0,0.0006
Thomas Ainsworth,unknown,1866,1,1,2334.6,0,0,0,0.0002,0.0038,0.0,0.0006
L&A Brown,unknown,1914,1,1,2019.7,0,0,0,0.0002,0.0038,0.0,0.0006
G Costen,unknown,1866,1,1,3018.6,0,0,0,0.0003,0.0038,0.0,0.0006
Richard Pearee,unknown,1857,1,1,20.5,0,0,0,0.0,0.0038,0.0,0.0006
Henry Caylay Co,unknown,1847,1,1,2350.0,0,0,0,0.0002,0.0038,0.0,0.0006
Amayssi Sons,unknown,1847,1,1,1647.0,0,0,0,0.0002,0.0038,0.0,0.0006
John Macfrige,unknown,1857,1,1,548.1,0,0,0,0.0001,0.0038,0.0,0.0006
John Mair Son & Co,unknown,1857,1,1,1881.0,0,0,0,0.0002,0.0038,0.0,0.0006
John Montefiore & Son,unknown,1857,1,1,1410.3,0,0,0,0.0001,0.0038,0.0,0.0006
H Bucknall & Sons Ltd,unknown,1914,1,1,4165.8,0,0,0,0.0004,0.0038,0.0,0.0006
H B Downing,unknown,1857,1,1,0.0,0,0,0,0.0,0.0038,0.0,0.0006
John Halles,unknown,1866,1,1,1354.5,0,0,0,0.0001,0.0038,0.0,0.0006
Sugstrom Luch Co,unknown,1847,1,1,1894.3,0,0,0,0.0002,0.0038,0.0,0.0006
John H Barbe,unknown,1857,1,1,22.5,0,0,0,0.0,0.0038,0.0,0.0006
Guillaume Coster,unknown,1866,1,1,4620.6,0,0,0,0.0004,0.0038,0.0,0.0006
A. G. D Costa,unknown,1866,1,1,1260.0,0,0,0,0.0001,0.0038,0.0,0.0006
Grosscuth & Lubodlt,unknown,1914,1,1,627.0,0,0,0,0.0001,0.0038,0.0,0.0006
H R Fowler,unknown,1857,1,1,1098.5,0,0,0,0.0001,0.0038,0.0,0.0006
H Richard & Sons,unknown,1857,1,1,233.6,0,0,0,0.0,0.0038,0.0,0.0006
Alex Collie & Co,unknown,1866,1,1,0.0,0,0,0,0.0,0.0038,0.0,0.0006
Angus Mackenzie,unknown,1857,1,1,180.0,0,0,0,0.0,0.0038,0.0,0.0006
Joseph Bridgett & Co,unknown,1866,1,1,3143.7,0,0,0,0.0003,0.0038,0.0,0.0006
George Johnson & Co,unknown,1857,1,1,509.4,0,0,0,0.0,0.0038,0.0,0.0006
Jonas Simonsen & Co,unknown,1866,1,1,1458.0,0,0,0,0.0001,0.0038,0.0,0.0006
R T + R Swift,unknown,1857,1,1,0.0,0,0,0,0.0,0.0038,0.0,0.0006
T Le Princeton,unknown,1857,1,1,2048.4,0,0,0,0.0002,0.0038,0.0,0.0006
Joseph Balfour,unknown,1866,1,1,2900.0,0,0,0,0.0003,0.0038,0.0,0.0006
Gale & Frieud,unknown,1866,1,1,189.9,0,0,0,0.0,0.0038,0.0,0.0006
G.G. Sandeman Sons Co,unknown,1914,1,1,1666.3,0,0,0,0.0002,0.0038,0.0,0.0006
T W Houces,unknown,1847,1,1,993.2,0,0,0,0.0001,0.0038,0.0,0.0006
Springfield Sons & Co,unknown,1857,1,1,4125.6,0,0,0,0.0004,0.0038,0.0,0.0006
T Walker,unknown,1857,1,1,307.8,0,0,0,0.0,0.0038,0.0,0.0006
G. J Thompson,unknown,1866,1,1,161.1,0,0,0,0.0,0.0038,0.0,0.0006
H Williamns & Co,unknown,1857,1,1,2375.1,0,0,0,0.0002,0.0038,0.0,0.0006
John Bill Dresser & Co,unknown,1857,1,1,0.0,0,0,0,0.0,0.0038,0.0,0.0006
Joseph Barwick,unknown,1866,1,1,696.6,0,0,0,0.0001,0.0038,0.0,0.0006
L. Engstrom Browning & Co,unknown,1866,1,1,1405.8,0,0,0,0.0001,0.0038,0.0,0.0006
Henry Cowell,unknown,1866,1,1,0.0,0,0,0,0.0,0.0038,0.0,0.0006
W F Brown,unknown,1857,1,1,159.3,0,0,0,0.0,0.0038,0.0,0.0006
Schwaan & Co,unknown,1914,1,1,1843.0,0,0,0,0.0002,0.0038,0.0,0.0006
Union Smiths Bank Ld Prescotts,clearing_or_joint_stock_bank,1914,1,1,931.9,0,0,0,0.0001,0.0038,0.0,0.0006
Stoman & Co,unknown,1866,1,1,3085.2,0,0,0,0.0003,0.0038,0.0,0.0006
Unity St Jk Bank,clearing_or_joint_stock_bank,1857,1,1,1966.5,0,0,0,0.0002,0.0038,0.0,0.0006
Unreadable,unknown,1857,1,1,0.0,0,0,0,0.0,0.0038,0.0,0.0006
"Davey, Thompson & Alder",unknown,1866,1,1,1593.9,0,0,0,0.0002,0.0038,0.0,0.0006
Vivian & Younger,unknown,1866,1,1,675.0,0,0,0,0.0001,0.0038,0.0,0.0006
Seamer,unknown,1847,1,1,912.3,0,0,0,0.0001,0.0038,0.0,0.0006
Curteis Whitworth & Co,unknown,1866,1,1,1892.7,0,0,0,0.0002,0.0038,0.0,0.0006
Cunliffe Bros,unknown,1914,1,1,3841.8,0,0,0,0.0004,0.0038,0.0,0.0006
Alepson Bros Co,unknown,1847,1,1,1651.2,0,0,0,0.0002,0.0038,0.0,0.0006
Scott Alsion & Co,unknown,1847,1,1,1041.6,0,0,0,0.0001,0.0038,0.0,0.0006
Schwarm & Co,unknown,1866,1,1,1386.0,0,0,0,0.0001,0.0038,0.0,0.0006
J. M. Buston,unknown,1866,1,1,270.0,0,0,0,0.0,0.0038,0.0,0.0006
Philip Levi & Co,unknown,1866,1,1,0.0,0,0,0,0.0,0.0038,0.0,0.0006
J. H. Mackenzie,unknown,1866,1,1,3150.0,0,0,0,0.0003,0.0038,0.0,0.0006
Serutton Sons & Co,unknown,1857,1,1,1980.0,0,0,0,0.0002,0.0038,0.0,0.0006
W Allder,unknown,1847,1,1,0.0,0,0,0,0.0,0.0038,0.0,0.0006
Schrmann Bros,unknown,1914,1,1,1936.1,0,0,0,0.0002,0.0038,0.0,0.0006
Alifson B,unknown,1847,1,1,1482.8,0,0,0,0.0001,0.0038,0.0,0.0006
London Missionary Soc,unknown,1914,1,1,477.5,0,0,0,0.0,0.0038,0.0,0.0006
W B Hutton & Son,unknown,1847,1,1,868.3,0,0,0,0.0001,0.0038,0.0,0.0006
J A Crocker,unknown,1847,1,1,1030.4,0,0,0,0.0001,0.0038,0.0,0.0006
W Berkefeld,unknown,1857,1,1,4500.0,0,0,0,0.0004,0.0038,0.0,0.0006
Perrott +Perrott,unknown,1857,1,1,644.0,0,0,0,0.0001,0.0038,0.0,0.0006
J. H Boobyer & Co,unknown,1866,1,1,434.7,0,0,0,0.0,0.0038,0.0,0.0006
Perrott & Perrott,unknown,1866,1,1,730.8,0,0,0,0.0001,0.0038,0.0,0.0006
W Clewes & Sons,unknown,1857,1,1,1000.8,0,0,0,0.0001,0.0038,0.0,0.0006
Longton & Ricknell,unknown,1847,1,1,2625.3,0,0,0,0.0003,0.0038,0.0,0.0006
Pellegrrice Rasselli,unknown,1847,1,1,200.2,0,0,0,0.0,0.0038,0.0,0.0006
Lroving Ebsworth & Co,unknown,1857,1,1,3794.1,0,0,0,0.0004,0.0038,0.0,0.0006
Dawson Worth,unknown,1866,1,1,900.0,0,0,0,0.0001,0.0038,0.0,0.0006
Pike Leake & Co,unknown,1857,1,1,2296.7,0,0,0,0.0002,0.0038,0.0,0.0006
Henry Dresser & Co,unknown,1857,1,1,2340.9,0,0,0,0.0002,0.0038,0.0,0.0006
Langton + Robinson,unknown,1857,1,1,489.6,0,0,0,0.0,0.0038,0.0,0.0006
Elizabeth Atkinson,unknown,1847,1,1,244.0,0,0,0,0.0,0.0038,0.0,0.0006
La Forest,unknown,1847,1,1,674.3,0,0,0,0.0001,0.0038,0.0,0.0006
Ehrmann Bros,unknown,1914,1,1,104.5,0,0,0,0.0,0.0038,0.0,0.0006
Lacey Howard & Co,unknown,1847,1,1,282.0,0,0,0,0.0,0.0038,0.0,0.0006
Thomas Prehn,unknown,1847,1,1,2820.0,0,0,0,0.0003,0.0038,0.0,0.0006
Thomas Reeves,unknown,1847,1,1,0.0,0,0,0,0.0,0.0038,0.0,0.0006
Edward Luckie,unknown,1866,1,1,900.0,0,0,0,0.0001,0.0038,0.0,0.0006
Priei Cohen & Co,unknown,1857,1,1,2049.3,0,0,0,0.0002,0.0038,0.0,0.0006
Henry Moul,unknown,1866,1,1,432.9,0,0,0,0.0,0.0038,0.0,0.0006
Thomas Southey & Son,unknown,1847,1,1,2256.0,0,0,0,0.0002,0.0038,0.0,0.0006
Edward Beach,unknown,1847,1,1,1023.8,0,0,0,0.0001,0.0038,0.0,0.0006
Shropshire Bank Coy ( To The Afe Of G. J. Smith ),clearing_or_joint_stock_bank,1866,1,1,2495.7,0,0,0,0.0002,0.0038,0.0,0.0006
E.Pandorf,unknown,1914,1,1,0.0,0,0,0,0.0,0.0038,0.0,0.0006
E. Lloyd & Cp,unknown,1866,1,1,1710.0,0,0,0,0.0002,0.0038,0.0,0.0006
Thos M Gregor,unknown,1857,1,1,319.5,0,0,0,0.0,0.0038,0.0,0.0006
"Lockie, Crosier & Edwards",unknown,1866,1,1,1737.0,0,0,0,0.0002,0.0038,0.0,0.0006
Thos Wecom & Son,unknown,1857,1,1,1000.0,0,0,0,0.0001,0.0038,0.0,0.0006
E Mansell + Ga Ellie & Co,unknown,1857,1,1,0.0,0,0,0,0.0,0.0038,0.0,0.0006
Le Gros Thompson & Co,unknown,1847,1,1,1228.6,0,0,0,0.0001,0.0038,0.0,0.0006
E Beach Frn & Rep,unknown,1866,1,1,992.7,0,0,0,0.0001,0.0038,0.0,0.0006
Titus Nevrhouse,unknown,1866,1,1,360.0,0,0,0,0.0,0.0038,0.0,0.0006
J.Greenich & Sons Ld,unknown,1914,1,1,1333.2,0,0,0,0.0001,0.0038,0.0,0.0006
Legros Thompson Co,unknown,1847,1,1,1142.0,0,0,0,0.0001,0.0038,0.0,0.0006
Tp Lloyds & Co,clearing_or_joint_stock_bank,1857,1,1,1383.3,0,0,0,0.0001,0.0038,0.0,0.0006
Alex,unknown,1847,1,1,2343.6,0,0,0,0.0002,0.0038,0.0,0.0006
Doggett,unknown,1847,1,1,2301.2,0,0,0,0.0002,0.0038,0.0,0.0006
Truman Hitchcock,unknown,1857,1,1,4080.6,0,0,0,0.0004,0.0038,0.0,0.0006
Lengerke Caesar,unknown,1857,1,1,3645.9,0,0,0,0.0004,0.0038,0.0,0.0006
Trvayice & Bovill,unknown,1847,1,1,0.0,0,0,0,0.0,0.0038,0.0,0.0006
Tw Eady,unknown,1857,1,1,314.6,0,0,0,0.0,0.0038,0.0,0.0006
Harper Burne & Co,unknown,1857,1,1,990.8,0,0,0,0.0001,0.0038,0.0,0.0006
