date,sector,n_quoted,median_return,mean_return,share_declining,n_return_securities,log_mean_return,mean_return_index
1869-01-31,Listed financial institutions,200,,,,,0.0,100.0
1869-02-28,Listed financial institutions,202,0.0,-0.0014323574241578072,0.31088082901554404,193.0,-0.001433384228670914,99.85676425758422
1869-03-31,Listed financial institutions,204,0.0,-0.0033440267034610025,0.28717948717948716,195.0,-0.003349630456979562,99.52284057138566
1869-04-30,Listed financial institutions,207,0.0,-0.004215412232182275,0.3177083333333333,192.0,-0.004224322130404256,99.1033107718595
1869-05-31,Listed financial institutions,188,0.0,-0.0017838575906412657,0.32085561497326204,187.0,-0.0017854505592944752,98.92652457868144
1869-06-30,Listed financial institutions,187,0.0,0.008707835217610078,0.25806451612903225,186.0,0.008670140687634182,99.78796045336345
1869-07-31,Listed financial institutions,192,0.0,0.029635542941725046,0.31351351351351353,185.0,0.02920489782061139,102.74523084044627
1869-08-31,Listed financial institutions,202,0.0,-6.426198640199004e-05,0.33505154639175255,194.0,-6.426405129190129e-05,102.73862822781912
1869-09-30,Listed financial institutions,212,0.0,0.006913241929106358,0.3316831683168317,202.0,0.006889455038879556,103.44888522022255
1869-10-31,Listed financial institutions,203,0.0,0.010818639518852795,0.26865671641791045,201.0,0.010760536724813823,104.56806141804734
1869-11-30,Listed financial institutions,199,0.0,0.009641436267188228,0.2474747474747475,198.0,0.009595254224079128,105.57624771779285
1869-12-31,Listed financial institutions,208,0.0,0.009014000678459458,0.22596153846153846,208.0,0.008973617071496756,106.52791208635024
1870-01-31,Listed financial institutions,190,0.00746268656716409,0.047201435765170725,0.164021164021164,189.0,0.04612130666415136,111.55618248589185
1870-02-28,Listed financial institutions,206,0.0,0.0047145820602828,0.30049261083743845,203.0,0.0047035032260170214,112.08212326255347
1870-03-31,Listed financial institutions,188,0.0,0.02093589654929683,0.22872340425531915,188.0,0.020719752245061406,114.42866300020383
1870-04-30,Listed financial institutions,186,0.0,0.0028074759010876696,0.2826086956521739,184.0,0.002803542301224734,114.74991871397057
1870-05-31,Listed financial institutions,180,0.0,0.020817584592482927,0.18994413407821228,179.0,0.02060385974575717,117.13873485377921
1870-06-30,Listed financial institutions,194,0.0,0.008132431516442506,0.19170984455958548,193.0,0.008099541492179629,118.09135759290028
1870-07-31,Listed financial institutions,180,0.0,-0.026544082793219723,0.4860335195530726,179.0,-0.0269027379822563,114.95673081979061
1870-08-31,Listed financial institutions,194,0.0,-0.010484834514675745,0.4421052631578947,190.0,-0.010540187644307742,113.75142852079698
1870-09-30,Listed financial institutions,205,0.0,0.015150890614565154,0.2549019607843137,204.0,0.015037262148848287,115.47486397156612
1870-10-31,Listed financial institutions,190,0.0,0.005371375742354504,0.22105263157894736,190.0,0.0053570013541904766,116.09512285475468
1870-11-30,Listed financial institutions,192,0.0,0.001998382096204164,0.27225130890052357,191.0,0.0019963879869225255,116.32712526972423
1870-12-31,Listed financial institutions,206,0.0,0.005059953348026162,0.2,205.0,0.005047194804408837,116.91573509669904
1871-01-31,Listed financial institutions,209,0.0,0.011840589045852933,0.24271844660194175,206.0,0.011771037751905527,118.30008626897286
1871-02-28,Listed financial institutions,209,0.0,0.007806338400440992,0.27184466019417475,206.0,0.007776026588144041,119.22357677518983
1871-03-31,Listed financial institutions,202,0.0,0.008162719205432637,0.23618090452261306,199.0,0.008129584404281624,120.19676535507303
1871-04-30,Listed financial institutions,203,0.0,0.017737903073510964,0.15270935960591134,203.0,0.01758242237945144,122.32880392869086
1871-05-31,Listed financial institutions,184,0.0,0.009771983306639583,0.18579234972677597,183.0,0.00972454626340881,123.52419895860321
1871-06-30,Listed financial institutions,189,0.0,0.012520775972717819,0.19047619047619047,189.0,0.012443039267262994,125.07081778097331
1871-07-31,Listed financial institutions,194,0.011230002622606872,0.01719053376474271,0.203125,192.0,0.017044448353376915,127.2208518970211
1871-08-31,Listed financial institutions,192,0.0,0.014788373948575843,0.24607329842931938,191.0,0.014680092182069806,129.10224142893065
1871-09-30,Listed financial institutions,194,0.010000000000000009,0.025565307226770684,0.14507772020725387,193.0,0.025243979805158342,132.40277989472597
1871-10-31,Listed financial institutions,191,0.0,-0.002991664527683436,0.33507853403141363,191.0,-0.002996148501269459,132.00667519474825
1871-11-30,Listed financial institutions,207,0.0,0.013225309982255438,0.19806763285024154,207.0,0.013138619076429244,133.7525043939257
1871-12-31,Listed financial institutions,204,0.0,0.017851506746499376,0.13366336633663367,202.0,0.01769403985256101,136.14018812847505
1872-01-31,Listed financial institutions,199,0.013698630136986356,0.040044537243010346,0.16080402010050251,199.0,0.03926353650847367,141.59185896225623
1872-02-29,Listed financial institutions,209,0.0,-0.0021601991300407744,0.45145631067961167,206.0,-0.0021625357257960237,141.2859923517051
1872-03-31,Listed financial institutions,206,0.0,0.011639907031698949,0.23414634146341465,205.0,0.011572684454010173,142.93054816756026
1872-04-30,Listed financial institutions,188,0.0,0.0014024407192564955,0.27956989247311825,186.0,0.0014014582177637714,143.1309997883361
1872-05-31,Listed financial institutions,207,0.0,0.011617645715157868,0.1791044776119403,201.0,0.011550679033581365,144.79384503473332
1872-06-30,Listed financial institutions,202,0.0,0.009973242049801568,0.19796954314720813,197.0,0.009923837482223382,146.2379090985862
1872-07-31,Listed financial institutions,214,0.0,0.008690658833700952,0.3915094339622642,212.0,0.008653112436686055,147.50881287511578
1872-08-31,Listed financial institutions,214,0.0,0.004519533610362669,0.38497652582159625,213.0,0.0045093511866786656,148.17548391272953
1872-09-30,Listed financial institutions,228,0.0,-0.003032440037394689,0.3377777777777778,225.0,-0.0030370472000052755,147.72615064275226
1872-10-31,Listed financial institutions,215,0.0,0.0034229775870090393,0.2676056338028169,213.0,0.003417132533754844,148.2318139454175
1872-11-30,Listed financial institutions,202,0.0,0.0012984935801479372,0.3147208121827411,197.0,0.0012976512664395435,148.42429200419934
1872-12-31,Listed financial institutions,218,0.0,0.0006525720203118596,0.24537037037037038,216.0,0.0006523591877783501,148.52114954429587
1873-01-31,Listed financial institutions,205,0.0,0.02033341793566567,0.2857142857142857,203.0,0.020129454211528546,151.54109215026554
1873-02-28,Listed financial institutions,220,0.0,0.0075467760183612126,0.43577981651376146,218.0,0.0075184415707513965,152.68473883030143
1873-03-31,Listed financial institutions,226,0.0,0.0039763600486362695,0.34375,224.0,0.003968475224040932,153.2918683258227
1873-04-30,Listed financial institutions,226,0.0,0.004633719052214627,0.27802690582959644,223.0,0.0046230164253294,154.00217977663365
1873-05-31,Listed financial institutions,223,0.0,0.003684315029437673,0.2825112107623318,223.0,0.003677544565405456,154.56957232215086
1873-06-30,Listed financial institutions,222,0.0,-0.0007406791338665853,0.2465753424657534,219.0,-0.0007409535721784464,154.45508586520117
1873-07-31,Listed financial institutions,198,0.0,-0.00269274586483613,0.39086294416243655,197.0,-0.0026963778264139284,154.03917757143472
1873-08-31,Listed financial institutions,209,0.0,0.010858270614887129,0.3170731707317073,205.0,0.010799742886630043,155.7117766468
1873-09-30,Listed financial institutions,214,0.0,0.005347147858877093,0.24528301886792453,212.0,0.005332902622126089,156.5443905398989
1873-10-31,Listed financial institutions,216,0.0,-0.0027101519784288645,0.29906542056074764,214.0,-0.00271383108910478,156.12013145016525
1873-11-30,Listed financial institutions,212,0.0,-0.00030498197466058446,0.3142857142857143,210.0,-0.00030502849112104677,156.07251762419133
1873-12-31,Listed financial institutions,211,0.0,0.006809928608544286,0.18009478672985782,211.0,0.0067868457804032434,157.13536032696783
1874-01-31,Listed financial institutions,213,0.0,0.019414739815639237,0.24761904761904763,210.0,0.019228678124389456,160.18610246355263
1874-02-28,Listed financial institutions,223,0.0,0.0005664833085378917,0.29493087557603687,217.0,0.0005663229174381944,160.27684521685796
1874-03-31,Listed financial institutions,223,0.0,0.003346692569649746,0.24434389140271492,221.0,0.003341104857504302,160.81324254383213
1874-04-30,Listed financial institutions,221,0.0,0.004235534154432263,0.28054298642533937,221.0,0.004226589527599278,161.49437252511152
1874-05-31,Listed financial institutions,219,0.0,0.010579345508938808,0.1935483870967742,217.0,0.010523775816962701,163.20287728980395
1874-06-30,Listed financial institutions,215,0.0,0.00683097991353331,0.215962441314554,213.0,0.006807754478573506,164.31771286640145
1874-07-31,Listed financial institutions,218,0.0,0.01566005318867595,0.2616822429906542,214.0,0.015538699849224173,166.89093698973087
1874-08-31,Listed financial institutions,236,0.0,0.004523674277496688,0.28205128205128205,234.0,0.004513473215630326,167.64589722853864
1874-09-30,Listed financial institutions,228,0.0,0.010181744985877348,0.1902654867256637,226.0,0.010130260195484702,169.35282500204823
1874-10-31,Listed financial institutions,229,0.0,0.006942843400477678,0.21145374449339208,227.0,0.006918852841025489,170.52861514546592
1874-11-30,Listed financial institutions,227,0.0,0.004486605674947525,0.17333333333333334,225.0,0.004476570863339478,171.29370979791852
1874-12-31,Listed financial institutions,225,0.0,0.0036973173018701273,0.26222222222222225,225.0,0.0036904990253080667,171.9270369948559
1875-01-31,Listed financial institutions,242,0.0,0.015026871771526642,0.25416666666666665,240.0,0.014915086795053633,174.51056253383612
1875-02-28,Listed financial institutions,255,0.0,0.005307958469923825,0.2874015748031496,254.0,0.005293920910309999,175.43685735232876
1875-03-31,Listed financial institutions,245,0.0,0.011816897352249561,0.1673469387755102,245.0,0.01174762302509163,177.50997668746248
1875-04-30,Listed financial institutions,234,0.0,0.016997901949175963,0.16738197424892703,233.0,0.016855054084133656,180.52727386619648
1875-05-31,Listed financial institutions,238,0.0,0.0024707940744388376,0.24472573839662448,237.0,0.002467746681381318,180.97331958473967
1875-06-30,Listed financial institutions,244,0.0,-0.008356442561305686,0.38114754098360654,244.0,-0.008391553365210991,179.46102643450098
1875-07-31,Listed financial institutions,250,0.0,0.005862893533668249,0.284,250.0,0.00584577365546586,180.5131873259293
1875-08-31,Listed financial institutions,250,0.0,-0.0017892366512887571,0.2886178861788618,246.0,-0.0017908392470866404,180.19020651512477
1875-09-30,Listed financial institutions,241,0.0,0.001685170930014809,0.2384937238493724,239.0,0.001683752622653122,180.49385781301743
1875-10-31,Listed financial institutions,246,0.0,0.019023572556905066,0.23045267489711935,243.0,0.01884488700237083,183.92749581319907
1875-11-30,Listed financial institutions,242,0.0,0.002396765695777814,0.2644628099173554,242.0,0.002393898034039095,184.36832692567447
1875-12-31,Listed financial institutions,244,0.0,0.020035478000925304,0.1762295081967213,244.0,0.019837409045136006,188.0622344838612
1876-01-31,Listed financial institutions,246,0.0,0.012326202255740232,0.1836734693877551,245.0,0.012250853171554459,190.38032762277575
1876-02-29,Listed financial institutions,257,0.0,0.009023404921002552,0.29411764705882354,255.0,0.00898293725804738,192.09820640790915
1876-03-31,Listed financial institutions,248,0.0,-0.01308496399499292,0.32926829268292684,246.0,-0.013171326328983511,189.58460829355897
1876-04-30,Listed financial institutions,237,0.0,-0.006734172590858112,0.3276595744680851,235.0,-0.006756949444198342,188.30791282073992
1876-05-31,Listed financial institutions,245,0.0,-0.00862811561542298,0.2897959183673469,245.0,-0.008665553304986732,186.68317037762355
1876-06-30,Listed financial institutions,242,0.0,-0.0014324718276901174,0.2768595041322314,242.0,-0.0014334987963115883,186.41575199535373
1876-07-31,Listed financial institutions,243,0.0,0.007579413937319811,0.2674897119341564,243.0,0.007550834498920495,187.8286741441633
1876-08-31,Listed financial institutions,256,0.0,0.026108333545197874,0.26666666666666666,255.0,0.025773329425211006,192.7325678180714
1876-09-30,Listed financial institutions,251,0.0,0.009268520265591013,0.17928286852589642,251.0,0.009225831105795295,194.51891352873258
1876-10-31,Listed financial institutions,248,0.0,0.002160960442401521,0.22950819672131148,244.0,0.0021586289256575082,194.9392612061671
1876-11-30,Listed financial institutions,254,0.0,0.012071945684061815,0.11067193675889328,253.0,0.011999660911500197,197.29255737913908
1876-12-31,Listed financial institutions,250,0.0,0.010822815527932203,0.152,250.0,0.010764668030163729,199.42781833268748
1877-01-31,Listed financial institutions,250,0.0,0.023908737780510725,0.13765182186234817,247.0,0.023627399384382217,204.19588574734303
1877-02-28,Listed financial institutions,262,0.0,0.007473712590313907,0.25287356321839083,261.0,0.0074459227765333045,205.72198710954325
1877-03-31,Listed financial institutions,258,0.0,0.02255849791160165,0.1953125,256.0,0.022307817969844764,210.36276612612443
1877-04-30,Listed financial institutions,255,0.0,-0.01592032333696766,0.33992094861660077,253.0,-0.016048412989427958,207.01372287133762
1877-05-31,Listed financial institutions,250,0.0,0.0026329544992900167,0.2971887550200803,249.0,0.002629494346877498,207.55878058438645
1877-06-30,Listed financial institutions,254,0.0,0.01194891669556544,0.1732283464566929,254.0,0.011878092017686276,210.03888316302243
1877-07-31,Listed financial institutions,257,0.0,0.008737825249062612,0.19066147859922178,257.0,0.008699871383278103,211.8741662196092
1877-08-31,Listed financial institutions,255,0.0,0.0023812711846540845,0.3058823529411765,255.0,0.002378440451365106,212.3786960664006
1877-09-30,Listed financial institutions,252,0.0,0.008026046205826011,0.15139442231075698,251.0,0.007994008805249761,214.08325729416256
1877-10-31,Listed financial institutions,255,0.0,0.013127100000623731,0.18503937007874016,254.0,0.013041686300842162,216.89354962112236
1877-11-30,Listed financial institutions,252,0.0,0.005500823136474408,0.17131474103585656,251.0,0.005485748864222082,218.08664267703026
1877-12-31,Listed financial institutions,247,0.0,0.0007919780532828053,0.22672064777327935,247.0,0.0007916646041500026,218.2593625117446
1878-01-31,Listed financial institutions,255,0.0,0.012992266160281922,0.1984126984126984,252.0,0.012908590647355236,221.09504624147064
1878-02-28,Listed financial institutions,260,0.0,-0.00361871103268197,0.38372093023255816,258.0,-0.003625274406203229,220.2949671583653
1878-03-31,Listed financial institutions,252,0.0,0.007940316988247069,0.1752988047808765,251.0,0.007908958559178402,222.0441790285182
1878-04-30,Listed financial institutions,246,0.0,0.012088986426768814,0.256198347107438,242.0,0.012016498251295735,224.72846809493697
1878-05-31,Listed financial institutions,255,0.0,0.009907515506860363,0.284,250.0,0.009858757855400352,226.95496887742058
1878-06-30,Listed financial institutions,251,0.004102564102564044,0.03610553700082598,0.13765182186234817,247.0,0.03546900834084357,235.14929990374557
1878-07-31,Listed financial institutions,251,0.0,0.007628233864777061,0.24899598393574296,249.0,0.007599286009632104,236.94307375654992
1878-08-31,Listed financial institutions,258,0.0,0.0026823530709982877,0.3424124513618677,257.0,0.0026787619822780536,237.57863873809256
1878-09-30,Listed financial institutions,257,0.0,-0.005975093105761763,0.33203125,256.0,-0.00599301540182613,236.15908425169235
1878-10-31,Listed financial institutions,245,-0.027027027027026973,-0.048056020583043944,0.6694214876033058,242.0,-0.04924909107247176,224.8102184380202
1878-11-30,Listed financial institutions,248,0.0,-0.02406108735811035,0.4979757085020243,247.0,-0.02435528403411005,219.40104013318717
1878-12-31,Listed financial institutions,244,-0.02409988385598144,-0.034170227084946464,0.610655737704918,244.0,-0.03476767881236308,211.9040567691627
1879-01-31,Listed financial institutions,247,0.0,0.010877017266806982,0.2874493927125506,247.0,0.010818287996895229,214.20894085354735
1879-02-28,Listed financial institutions,256,-0.012499999999999956,-0.015032340692962453,0.5686274509803921,255.0,-0.015146471539894004,210.98887907515814
1879-03-31,Listed financial institutions,251,0.0,-0.01633754466821456,0.44223107569721115,251.0,-0.016472473978635188,207.5418388387712
1879-04-30,Listed financial institutions,246,0.0,-0.011523900524573513,0.46747967479674796,246.0,-0.011590815241995064,205.15014733330617
1879-05-31,Listed financial institutions,241,0.008481743110138384,0.020483952397989648,0.23333333333333334,240.0,0.02027697790942061,209.35243318572216
1879-06-30,Listed financial institutions,247,0.0,0.00791402756888786,0.27346938775510204,245.0,0.007882875901538298,211.0092541135677
1879-07-31,Listed financial institutions,249,0.0,-0.017060075206642777,0.4897959183673469,245.0,-0.01720727484966031,207.4094203690927
1879-08-31,Listed financial institutions,259,0.0,-0.01169447101732181,0.44921875,256.0,-0.011763389178049566,204.98387691386677
1879-09-30,Listed financial institutions,261,0.0,-0.001349556895810676,0.3576923076923077,260.0,-0.001350468367866082,204.7072395092477
1879-10-31,Listed financial institutions,264,0.0,0.009151083012741822,0.1984732824427481,262.0,0.009109465556440774,206.58053245130606
1879-11-30,Listed financial institutions,255,0.015228426395939021,0.0315863589097918,0.12350597609561753,251.0,0.031097771701672793,213.10565929308885
1879-12-31,Listed financial institutions,250,0.0,0.011933684031271848,0.18548387096774194,248.0,0.011863039104747146,215.64879489636849
1880-01-31,Listed financial institutions,257,0.0,0.019542739745064503,0.21176470588235294,255.0,0.01935423241463487,219.86316317136496
1880-02-29,Listed financial institutions,272,0.0,0.005453662138239744,0.28044280442804426,271.0,0.005438844771077609,221.0622225799463
1880-03-31,Listed financial institutions,257,0.0,-0.008641754250319936,0.3228346456692913,254.0,-0.008679310734391658,219.15185717838085
1880-04-30,Listed financial institutions,249,0.0,0.008979418372194075,0.21487603305785125,242.0,0.008939343118031599,221.11971339102888
1880-05-31,Listed financial institutions,249,0.0,0.010614276528793817,0.22983870967741934,248.0,0.010558340560763218,223.4667391749289
1880-06-30,Listed financial institutions,247,0.0,0.0037208944862026166,0.25609756097560976,246.0,0.0037139890825319396,224.29823533257456
1880-07-31,Listed financial institutions,242,0.0,0.006793404599422438,0.31950207468879666,241.0,0.00677043340280165,225.8219839961252
1880-08-31,Listed financial institutions,251,0.0,-0.002549563960396086,0.288,250.0,-0.0025528196334652885,225.24623640426356
1880-09-30,Listed financial institutions,253,0.0,0.02181890507378765,0.20948616600790515,253.0,0.021584279479349607,230.16086265459612
1880-10-31,Listed financial institutions,257,0.0,0.020072154547519788,0.24015748031496062,254.0,0.019873364546711795,234.7806870605896
1880-11-30,Listed financial institutions,246,0.0,0.017111799345700705,0.18292682926829268,246.0,0.016967041551251356,238.7982070678162
1880-12-31,Listed financial institutions,249,0.0,0.010352162409579608,0.13253012048192772,249.0,0.010298945732988039,241.27028489049866
1881-01-31,Listed financial institutions,241,0.0,0.016675692358707073,0.175,240.0,0.016538179641679564,245.2936339366302
1881-02-28,Listed financial institutions,250,0.0,-0.009757118490570881,0.38866396761133604,247.0,-0.009805031085167244,242.9002748853278
1881-03-31,Listed financial institutions,250,0.0,0.0007931517173843424,0.3172690763052209,249.0,0.0007928373387832497,243.09293165550622
1881-04-30,Listed financial institutions,255,0.0,0.010924061749529403,0.18253968253968253,252.0,0.010864825199015824,245.7484938517851
1881-05-31,Listed financial institutions,252,0.0,0.019392076728755002,0.1532258064516129,248.0,0.019206446408563057,250.51406750053488
1881-06-30,Listed financial institutions,253,0.0,0.00861950509251825,0.19444444444444445,252.0,0.008582569252514785,252.67337478110323
1881-07-31,Listed financial institutions,252,0.0,-0.00019619995487085397,0.30677290836653387,251.0,-0.00019621920459990478,252.6238002763741
1881-08-31,Listed financial institutions,263,0.0,0.006973625266987993,0.3590733590733591,259.0,0.00694942200016552,254.38550399302392
1881-09-30,Listed financial institutions,266,0.0,0.0005032550934568231,0.2830188679245283,265.0,0.0005031285030819979,254.51352479361003
1881-10-31,Listed financial institutions,264,0.0,-0.0022021807552839614,0.3155893536121673,263.0,-0.0022046091211121205,253.95304000735007
1881-11-30,Listed financial institutions,265,0.0,0.0008615450909808063,0.2,265.0,0.0008611741740347375,254.17183200230804
1881-12-31,Listed financial institutions,267,0.0,-0.0027031759461054383,0.2765151515151515,264.0,-0.002706836123760711,253.48476081986183
1882-01-31,Listed financial institutions,262,0.0,0.005183079220784672,0.3038461538461538,260.0,0.00516969329928499,254.7985924164528
1882-02-28,Listed financial institutions,272,0.0,-0.00949958665515234,0.4797047970479705,271.0,-0.009544995534332629,252.37811110818188
1882-03-31,Listed financial institutions,276,0.0,-0.0008843721417123405,0.22627737226277372,274.0,-0.0008847634294678622,252.15491493753981
1882-04-30,Listed financial institutions,276,0.0,0.007127651114232889,0.18248175182481752,274.0,0.007102369470435632,253.95218719795366
1882-05-31,Listed financial institutions,272,0.0,0.00016566553002546238,0.22509225092250923,271.0,0.00016565180900692203,253.99425832164698
1882-06-30,Listed financial institutions,266,0.0,-0.005753188620640792,0.2803030303030303,264.0,-0.005769801960722615,252.53298144496276
1882-07-31,Listed financial institutions,252,0.0,-0.004970692610914617,0.3373015873015873,252.0,-0.004983087594926963,251.27771762008203
1882-08-31,Listed financial institutions,261,0.0,-0.0037934771408363686,0.36923076923076925,260.0,-0.003800690623812573,250.32450134228873
1882-09-30,Listed financial institutions,267,0.0,0.012483463344333052,0.1811320754716981,265.0,0.012406187365756285,253.44941807898365
1882-10-31,Listed financial institutions,268,0.0,-0.00702557465831103,0.24150943396226415,265.0,-0.007050370211540107,251.66879027016424
1882-11-30,Listed financial institutions,273,0.0,-0.001090949945035813,0.21323529411764705,272.0,-0.0010915454640874833,251.3942322172518
1882-12-31,Listed financial institutions,272,0.0,-0.005909880715304694,0.24632352941176472,272.0,-0.005927413170947374,249.90852229233224
1883-01-31,Listed financial institutions,258,0.0,-0.002025996750639389,0.3110236220472441,254.0,-0.0020280518582862805,249.40220843821086
1883-02-28,Listed financial institutions,248,0.0,-0.00042162418063508924,0.34274193548387094,248.0,-0.0004217130891014551,249.2970544364295
1883-03-31,Listed financial institutions,246,0.0,-0.003033554088601432,0.2845528455284553,246.0,-0.0030381646404054707,248.5407983376676
1883-04-30,Listed financial institutions,248,0.0,-0.0019384968945304738,0.19672131147540983,244.0,-0.0019403782113131796,248.05900277192592
1883-05-31,Listed financial institutions,254,0.0,-0.01864920860901746,0.38492063492063494,252.0,-0.01882529781945502,243.4328986818874
1883-06-30,Listed financial institutions,253,0.0,0.006759901303871506,0.21825396825396826,252.0,0.006737155619237837,245.07848105109233
1883-07-31,Listed financial institutions,253,0.0,0.010883795333428516,0.3665338645418327,251.0,0.01082499310917094,247.74586507947998
1883-08-31,Listed financial institutions,266,0.0,0.0022341877438799987,0.30943396226415093,265.0,0.002231695657611352,248.29937585483748
1883-09-30,Listed financial institutions,268,0.0,-0.006253488498368472,0.2943396226415094,265.0,-0.006273123458366783,246.7466385637772
1883-10-31,Listed financial institutions,260,0.0,-0.00862744088048685,0.2625482625482625,259.0,-0.008664872697923789,244.61784652710935
1883-11-30,Listed financial institutions,266,0.0,-0.0046523828436617,0.3007518796992481,266.0,-0.004663238860708653,243.47979065467317
1883-12-31,Listed financial institutions,259,0.0,0.0139057470975614,0.16666666666666666,258.0,0.01380994926841136,246.86555904688424
1884-01-31,Listed financial institutions,252,0.0,0.020194229118896602,0.20717131474103587,251.0,0.01999302987325912,251.8508187078415
1884-02-29,Listed financial institutions,261,0.0,-0.01323522690568234,0.4362934362934363,259.0,-0.01332359308500643,248.5175159758614
1884-03-31,Listed financial institutions,264,0.0,-0.003861241451413951,0.2988505747126437,261.0,-0.0038687152892519215,247.55792984177293
1884-04-30,Listed financial institutions,267,0.0,0.01185446787750177,0.1760299625468165,267.0,0.011784754078979186,250.4925973689031
1884-05-31,Listed financial institutions,270,0.0,-0.011238581339511,0.35687732342007433,269.0,-0.011302211384920867,247.67741593842726
1884-06-30,Listed financial institutions,269,0.0,-0.01407298501689126,0.3408239700374532,267.0,-0.014172948434519932,244.19185537490344
1884-07-31,Listed financial institutions,259,0.0,0.002574932436899081,0.25868725868725867,259.0,0.002571622978242715,244.82063290413487
1884-08-31,Listed financial institutions,273,0.0,0.0012125191747278609,0.3037037037037037,270.0,0.0012117846670298105,245.11748261590012
1884-09-30,Listed financial institutions,274,0.0,0.0014117329584151788,0.19047619047619047,273.0,0.0014107374003068896,245.46352304479277
1884-10-31,Listed financial institutions,273,0.0,0.00024854784319824794,0.2857142857142857,273.0,0.0002485169603002145,245.5245324740294
1884-11-30,Listed financial institutions,248,0.0,-0.0023503661197589276,0.34274193548387094,248.0,-0.002353132565831555,244.9474599313328
1884-12-31,Listed financial institutions,256,0.0,-0.0015381933437163225,0.2549019607843137,255.0,-0.0015393775776406003,244.57068337890618
1885-01-31,Listed financial institutions,262,0.0,0.0064035858431872785,0.2413793103448276,261.0,0.006383169997424403,246.13681274464997
1885-02-28,Listed financial institutions,263,0.0,0.006148472820720924,0.3231939163498099,263.0,0.006129648084553107,247.65017824798932
1885-03-31,Listed financial institutions,270,0.0,-0.00956186975471993,0.4052044609665427,269.0,-0.009607877949124998,245.2821794988489
1885-04-30,Listed financial institutions,274,0.0,-0.0020537945135690023,0.29411764705882354,272.0,-0.00205590644166065,244.7784203043179
1885-05-31,Listed financial institutions,275,0.0,0.017022249483591972,0.18545454545454546,275.0,0.016878994392099653,248.94509964293752
1885-06-30,Listed financial institutions,274,0.0,0.01315991523267669,0.16058394160583941,274.0,0.013074075820993186,252.22119605182885
1885-07-31,Listed financial institutions,282,0.0,0.0004105335193141293,0.28368794326241137,282.0,0.00041044927348525816,252.32474130708962
1885-08-31,Listed financial institutions,285,0.0,0.0012024683734168603,0.2596491228070175,285.0,0.0012017459873619244,252.628153828342
1885-09-30,Listed financial institutions,285,0.0,0.007679837155328722,0.20141342756183744,283.0,0.007650497326953748,254.568296910595
1885-10-31,Listed financial institutions,284,0.0,0.002457815338142422,0.1702127659574468,282.0,0.0024547998500221713,255.19397877534664
1885-11-30,Listed financial institutions,284,0.0,0.012059708209656041,0.10915492957746478,284.0,0.011987569332000037,258.2715436962385
1885-12-31,Listed financial institutions,284,0.0,0.003789260116266055,0.20774647887323944,284.0,0.0037820989547865135,259.2502017559331
1886-01-31,Listed financial institutions,284,0.0,0.008444322622530044,0.2605633802816901,284.0,0.00840886877955839,261.4393940995162
1886-02-28,Listed financial institutions,281,0.0,0.00538909830413425,0.28825622775800713,281.0,0.005374629074656396,262.84831669489176
1886-03-31,Listed financial institutions,280,0.0,0.003623447134968891,0.21863799283154123,279.0,0.003616898265286728,263.8007336749513
1886-04-30,Listed financial institutions,280,0.0,-0.0033109913709697225,0.21428571428571427,280.0,-0.00331648483211899,262.92729172209806
1886-05-31,Listed financial institutions,280,0.0,0.003272167237568702,0.2392857142857143,280.0,0.003266825348218249,263.7876337919338
1886-06-30,Listed financial institutions,279,0.0,0.011872762461055966,0.14695340501792115,279.0,0.011802834167323537,266.9195217081094
1886-07-31,Listed financial institutions,279,0.0,0.004489125985424356,0.24014336917562723,279.0,0.0044790799135356685,268.11775706902637
1886-08-31,Listed financial institutions,277,0.0,0.0012997853194103002,0.2427536231884058,276.0,0.0012989413297297937,268.4662525935379
1886-09-30,Listed financial institutions,280,0.0,0.00607550840329885,0.1624548736462094,277.0,0.006057126915801636,270.09732156717206
1886-10-31,Listed financial institutions,280,0.0,0.012562724924595002,0.17204301075268819,279.0,0.012484468622511404,273.4904799208903
1886-11-30,Listed financial institutions,279,0.0,-0.0004350392214790333,0.22302158273381295,278.0,-0.00043513387849515106,273.37150083542366
1886-12-31,Listed financial institutions,279,0.0,-0.0004553058174948394,0.18345323741007194,278.0,-0.00045540950066145537,273.247033200756
1887-01-31,Listed financial institutions,278,0.0,0.002337157621109458,0.26258992805755393,278.0,0.002334430716214394,273.88565458684667
1887-02-28,Listed financial institutions,278,0.0,-0.011048787373877534,0.4244604316546763,278.0,-0.011110278580110258,270.8595502245613
1887-03-31,Listed financial institutions,280,0.0,0.012331240031118237,0.2446043165467626,278.0,0.012255829594007756,274.1995843531011
1887-04-30,Listed financial institutions,278,0.0,0.00649842292878913,0.2014388489208633,278.0,0.006477399210032603,275.9814492191257
1887-05-31,Listed financial institutions,279,0.0,0.004280750484956888,0.17562724014336917,279.0,0.004271614136937092,277.1628569417096
1887-06-30,Listed financial institutions,279,0.0,0.0020573656196856316,0.1474820143884892,278.0,0.0020552521413411094,277.7330822746353
1887-07-31,Listed financial institutions,278,0.0,-0.006585291698073692,0.2733812949640288,278.0,-0.00660707039682565,275.90412891365173
1887-08-31,Listed financial institutions,277,0.0,-0.009978571173161114,0.3212996389891697,277.0,-0.010028690808121889,273.15099992631787
1887-09-30,Listed financial institutions,277,0.0,-0.00040818292686924367,0.21739130434782608,276.0,-0.0004082662561966481,273.0395043516907
1887-10-31,Listed financial institutions,274,0.0,-0.009850167606446277,0.2600732600732601,273.0,-0.00989900145305502,270.3500194706455
1887-11-30,Listed financial institutions,273,0.0,-0.004393120197986061,0.19413919413919414,273.0,-0.004402798305651077,269.16233933958307
1887-12-31,Listed financial institutions,275,0.0,0.016683373727552814,0.145985401459854,274.0,0.016545734990829543,273.6528752401677
1888-01-31,Listed financial institutions,275,0.0,0.015614954356149818,0.19272727272727272,275.0,0.015494295391564791,277.92595239647216
1888-02-29,Listed financial institutions,274,0.0,-0.002447710075725477,0.30656934306569344,274.0,-0.002450710615333602,277.2456702424857
1888-03-31,Listed financial institutions,274,0.0,0.006079449172390687,0.22627737226277372,274.0,0.006061043879628904,278.9311712029903
1888-04-30,Listed financial institutions,273,0.0,0.009207596432172402,0.1323529411764706,272.0,0.009165464938533645,281.4994568597806
1888-05-31,Listed financial institutions,265,0.0,-0.003967996257828627,0.17735849056603772,265.0,-0.003975889642512789,280.3824680683802
1888-06-30,Listed financial institutions,273,0.0,0.008608245499701898,0.15808823529411764,272.0,0.008571405820112904,282.79606918732514
1888-07-31,Listed financial institutions,273,0.0,0.005029133180325889,0.2564102564102564,273.0,0.005016529330018427,284.21828828214086
1888-08-31,Listed financial institutions,272,0.0,0.0063802972685299405,0.2029520295202952,271.0,0.006360029336518102,286.03168545053364
1888-09-30,Listed financial institutions,273,0.0,0.011663136501522575,0.1323529411764706,272.0,0.011595646382426078,289.36771204170384
1888-10-31,Listed financial institutions,273,0.0,0.006420006948897887,0.17582417582417584,273.0,0.006399486485138256,291.22545476379827
1888-11-30,Listed financial institutions,273,0.0,0.0030511313295810446,0.21323529411764705,272.0,0.0030464860748421413,292.1140218727995
1888-12-31,Listed financial institutions,274,0.0,0.00481724830354466,0.16483516483516483,273.0,0.004805682491654827,293.52120764910785
1889-01-31,Listed financial institutions,274,0.0,0.016843432942066,0.17883211678832117,274.0,0.016703155305446252,298.4651124272199
1889-02-28,Listed financial institutions,272,0.0,0.00970438648285166,0.21691176470588236,272.0,0.009657601361428882,301.3615332298614
1889-03-31,Listed financial institutions,272,0.0,0.00539115317980731,0.2757352941176471,272.0,0.0053766729336723615,302.9862194180052
1889-04-30,Listed financial institutions,270,0.0,0.004510147924587548,0.19330855018587362,269.0,0.004500007685324302,304.3527320866919
1889-05-31,Listed financial institutions,268,0.0,0.014823335121279405,0.11194029850746269,268.0,0.014714543276878518,308.8642546294899
1889-06-30,Listed financial institutions,268,0.0,-0.0006071856811985255,0.15298507462686567,268.0,-0.0006073700930761979,308.67671667664484
1889-07-31,Listed financial institutions,266,0.0,0.00483324973644076,0.2556390977443609,266.0,0.004821607084425604,310.16862833616756
1889-08-31,Listed financial institutions,266,0.0,0.00967699143197363,0.18490566037735848,265.0,0.009630469239503505,313.17012749504374
1889-09-30,Listed financial institutions,266,0.0,0.009128750425225237,0.15849056603773584,265.0,0.009087335238189062,316.0289794295819
1889-10-31,Listed financial institutions,264,0.0,0.002620058496824673,0.20912547528517111,263.0,0.0026166321271157604,316.8569938423792
1889-11-30,Listed financial institutions,265,0.0,0.0012492467049601956,0.24242424242424243,264.0,0.0012484670455523471,317.25282639788037
1889-12-31,Listed financial institutions,266,0.0,-0.002828136132045117,0.20754716981132076,265.0,-0.002832142865210124,316.35559221655114
1890-01-31,Listed financial institutions,266,0.0,0.006306208007755233,0.21804511278195488,266.0,0.006286407080281032,318.3505963854853
1890-02-28,Listed financial institutions,274,0.0,-0.007446558770702109,0.3595505617977528,267.0,-0.007474422803082513,315.97997995981274
1890-03-31,Listed financial institutions,269,0.0,-0.004848375620102046,0.3159851301115242,269.0,-0.004860167121703595,314.44799032853524
1890-04-30,Listed financial institutions,269,0.0,0.009010134076264218,0.16356877323420074,269.0,0.00896978500415063,317.2812088814071
1890-05-31,Listed financial institutions,269,0.0,0.013912827566184985,0.16728624535315986,269.0,0.013816932603816291,321.6954876305649
1890-06-30,Listed financial institutions,266,0.0,-0.003751533435556321,0.2669172932330827,266.0,-0.003758588086481602,320.48863625265125
1890-07-31,Listed financial institutions,265,0.0,0.0050934107865120695,0.29056603773584905,265.0,0.005080483248052938,322.121016529495
1890-08-31,Listed financial institutions,266,0.0,-0.0013558862471253928,0.32575757575757575,264.0,-0.0013568062926283641,321.6842570732726
1890-09-30,Listed financial institutions,265,0.0,0.004829064700152916,0.23106060606060605,264.0,0.004817442169496576,323.2376911637001
1890-10-31,Listed financial institutions,266,0.0,-0.008280880617854244,0.33584905660377357,265.0,-0.008315357574727407,320.5609984319826
1890-11-30,Listed financial institutions,266,0.0,-0.008979075575364192,0.34210526315789475,266.0,-0.00901963042032766,317.6826570005477
1890-12-31,Listed financial institutions,265,0.0,0.0017253907558495317,0.19622641509433963,265.0,0.0017239039791541889,318.23078372023014
1891-01-31,Listed financial institutions,266,0.0,0.010983468396707021,0.21509433962264152,265.0,0.010923588170426704,321.72606147608064
1891-02-28,Listed financial institutions,264,0.0,0.0057084677966157595,0.34980988593155893,263.0,0.005692236236585795,323.5626243373488
1891-03-31,Listed financial institutions,263,0.0,-0.003281301061480139,0.35361216730038025,263.0,-0.0032866963353864187,322.5009179546554
1891-04-30,Listed financial institutions,263,0.0,0.003697409107971986,0.23193916349809887,263.0,0.003690590493219834,323.6933357860303
1891-05-31,Listed financial institutions,263,0.0,-0.009450484290106932,0.3193916349809886,263.0,-0.009495423472230294,320.6342770013721
1891-06-30,Listed financial institutions,264,0.0,-0.005896238873547726,0.28517110266159695,263.0,-0.005913690322394635,318.74374071312474
1891-07-31,Listed financial institutions,263,0.0,-0.009402675591769822,0.3549618320610687,262.0,-0.00944715981263852,315.746696722292
1891-08-31,Listed financial institutions,268,0.0,-0.009087759177748156,0.39473684210526316,266.0,-0.009129304756878122,312.8772667813103
1891-09-30,Listed financial institutions,267,0.0,0.014034478197262707,0.12359550561797752,267.0,0.013936906757856594,317.2683359603718
1891-10-31,Listed financial institutions,267,0.0,-0.0030141892585830153,0.2981132075471698,265.0,-0.003018741076020301,316.3120291500315
1891-11-30,Listed financial institutions,267,0.0,-0.003332920539174908,0.2883895131086142,267.0,-0.0033384870908595076,315.2577862912893
1891-12-31,Listed financial institutions,268,0.0,0.0024082350233996814,0.13108614232209737,267.0,0.002405339872639735,316.0170011336354
1892-01-31,Listed financial institutions,267,0.0,-0.00015976941955745278,0.3308270676691729,266.0,-0.00015978218405076754,315.966511280794
1892-02-29,Listed financial institutions,266,0.0,-0.019984982065649342,0.4734848484848485,264.0,-0.02018738301213042,309.65192621950155
1892-03-31,Listed financial institutions,266,0.0,-0.00421197812069823,0.31203007518796994,266.0,-0.004220873487389773,308.34767908123297
1892-04-30,Listed financial institutions,267,0.0,-0.0006240181675329944,0.26515151515151514,264.0,-0.0006242129479049089,308.15526452756967
1892-05-31,Listed financial institutions,260,0.0,0.0057913765196412935,0.22007722007722008,259.0,0.005774670966378843,309.9399076909585
1892-06-30,Listed financial institutions,258,0.0,-0.005145675255226862,0.28294573643410853,258.0,-0.0051589598338233,308.3450575773458
1892-07-31,Listed financial institutions,254,0.0,-0.006574839069872822,0.36220472440944884,254.0,-0.006596548534079856,306.3177384457841
1892-08-31,Listed financial institutions,254,0.0,-0.008085356823965868,0.36904761904761907,252.0,-0.00811822058481306,303.8410502289397
1892-09-30,Listed financial institutions,257,0.0,0.0009924485926195914,0.2204724409448819,254.0,0.00099195644111156,304.14259685161943
1892-10-31,Listed financial institutions,261,0.0,0.021688882837359164,0.18461538461538463,260.0,0.021457025512055604,310.73911000058433
1892-11-30,Listed financial institutions,261,0.0,-0.006474047477268763,0.28076923076923077,260.0,-0.006495095013650398,308.7273702493963
1892-12-31,Listed financial institutions,260,0.0,0.0010531870948980286,0.2441860465116279,258.0,0.0010526328824617232,309.0525179315848
1893-01-31,Listed financial institutions,254,0.0,0.0014382130079546843,0.2766798418972332,253.0,0.00143717977018525,309.4970012830152
1893-02-28,Listed financial institutions,255,0.0,0.0013733815528167617,0.30708661417322836,254.0,0.001372439326963695,309.9220587552294
1893-03-31,Listed financial institutions,255,0.0,-0.005617146879698032,0.32677165354330706,254.0,-0.00563298237728428,308.1811810299429
1893-04-30,Listed financial institutions,250,0.0,-0.02021198757572647,0.384,250.0,-0.02041904456951746,301.9522268278929
1893-05-31,Listed financial institutions,247,0.0,-0.009483166364812903,0.38114754098360654,244.0,-0.009528417899418199,299.0887636266583
1893-06-30,Listed financial institutions,248,0.0,-0.0025655803368157207,0.27530364372469635,247.0,-0.00256887707795808,298.3214273757352
1893-07-31,Listed financial institutions,243,0.0,-0.023933230918035127,0.48148148148148145,243.0,-0.024224283964330382,291.1816317665539
1893-08-31,Listed financial institutions,244,0.0,-0.006774090460500857,0.4139344262295082,244.0,-0.006797138757756156,289.209141052531
1893-09-30,Listed financial institutions,245,0.0,-0.0010417187939226551,0.27049180327868855,244.0,-0.0010422617600568977,288.9078664549223
1893-10-31,Listed financial institutions,245,0.0,0.006628667912265832,0.22540983606557377,244.0,0.0066067948992079096,290.82294075889325
1893-11-30,Listed financial institutions,244,0.0,-0.0012618469156358367,0.21311475409836064,244.0,-0.0012626437148180116,290.4559667281005
1893-12-31,Listed financial institutions,245,0.0,-0.008567789783912042,0.27459016393442626,244.0,-0.008604704296560914,287.96740106369117
1894-01-31,Listed financial institutions,243,0.0,0.016488834551362266,0.2157676348547718,241.0,0.01635436981675124,292.7156478960162
1894-02-28,Listed financial institutions,241,0.0,0.015835979566250564,0.2863070539419087,241.0,0.01571189868907209,297.35108691481923
1894-03-31,Listed financial institutions,241,0.0,-0.00036394883718942364,0.24896265560165975,241.0,-0.00036401508264126046,297.24286633249966
1894-04-30,Listed financial institutions,239,0.0,-0.0018689165577490225,0.25523012552301255,239.0,-0.0018706651613013415,296.687344217938
1894-05-31,Listed financial institutions,239,0.0,-0.004989441688790961,0.27615062761506276,239.0,-0.005001930511795164,295.20704001416044
1894-06-30,Listed financial institutions,237,0.0,-0.000507107150449901,0.20253164556962025,237.0,-0.0005072357727662888,295.057338413306
1894-07-31,Listed financial institutions,237,0.0,-0.0023906087740376623,0.3080168776371308,237.0,-0.002393470841491829,294.351971751251
1894-08-31,Listed financial institutions,243,0.0,0.016971280397462103,0.23045267489711935,243.0,0.01682887713716078,299.3475015993874
1894-09-30,Listed financial institutions,243,0.0,0.01575367504663403,0.1646090534979424,243.0,0.015630873941308993,304.06332486560586
1894-10-31,Listed financial institutions,242,0.0,-0.0055841879665858695,0.2863070539419087,241.0,-0.005599837832597418,302.36537810581126
1894-11-30,Listed financial institutions,233,0.0,-0.0006877930974618905,0.1888412017167382,233.0,-0.0006880297356459764,302.15741328583863
1894-12-31,Listed financial institutions,230,0.0,0.004548457459229362,0.20869565217391303,230.0,0.004538144486852934,303.53176342616
1895-01-31,Listed financial institutions,229,0.0,0.01943251527549409,0.20087336244541484,229.0,0.01924611489883238,309.43014905553656
1895-02-28,Listed financial institutions,227,0.0,-0.002653382739111662,0.3920704845814978,227.0,-0.002656909198504037,308.60911243907185
1895-03-31,Listed financial institutions,233,0.0,0.009531719195219042,0.27155172413793105,232.0,0.009486578975717832,311.5506878399268
1895-04-30,Listed financial institutions,233,0.0,0.007362963893863512,0.22317596566523606,233.0,0.007335989601448181,313.8446243056006
1895-05-31,Listed financial institutions,233,0.0,0.00398368499515802,0.22317596566523606,233.0,0.003975771132682005,315.09488242625775
1895-06-30,Listed financial institutions,234,0.0,0.004749341112298382,0.20085470085470086,234.0,0.004738098574177511,316.5913755056397
1895-07-31,Listed financial institutions,232,0.0,0.0009378576943029569,0.2974137931034483,232.0,0.0009374181805550092,316.8882931631076
1895-08-31,Listed financial institutions,231,0.0,0.003157998253642189,0.2391304347826087,230.0,0.0031530222505442456,317.88902583951636
1895-09-30,Listed financial institutions,230,0.0,0.012192576121672872,0.14782608695652175,230.0,0.012118845372280298,321.7649119853091
1895-10-31,Listed financial institutions,232,0.0,0.007506867521205924,0.16379310344827586,232.0,0.007478831213688738,324.1803585525553
1895-11-30,Listed financial institutions,231,0.0,-0.005364647157594919,0.2943722943722944,231.0,-0.005379088548959779,322.4412453134982
1895-12-31,Listed financial institutions,231,0.0,-0.005780291380283246,0.27705627705627706,231.0,-0.005797061921472817,320.57744096256476
1896-01-31,Listed financial institutions,231,0.0,0.0037368848021627006,0.25217391304347825,230.0,0.003729919993882006,321.775401929614
1896-02-29,Listed financial institutions,233,0.0,0.017041572567323776,0.19827586206896552,232.0,0.01689799387827399,327.2589607919773
1896-03-31,Listed financial institutions,233,0.0,8.006063635984781e-05,0.18454935622317598,233.0,8.00574316781454e-05,327.2851613526328
1896-04-30,Listed financial institutions,237,0.0,0.010521695869035137,0.11440677966101695,236.0,0.010466728060577399,330.7287562828333
1896-05-31,Listed financial institutions,237,0.0,0.004457149337914294,0.1940928270042194,237.0,0.004447245664998967,332.20286373992855
1896-06-30,Listed financial institutions,237,0.0,0.010212820811652127,0.10548523206751055,237.0,0.01016102233106287,335.5955920604221
1896-07-31,Listed financial institutions,232,0.0,0.006683143969371617,0.20689655172413793,232.0,0.006660910766206341,337.8384257176484
1896-08-31,Listed financial institutions,230,0.0,-0.005760745630175741,0.35807860262008734,229.0,-0.005777402727622773,335.89222448299006
1896-09-30,Listed financial institutions,223,0.0,0.004413709976208695,0.19457013574660634,221.0,0.004403998124709392,337.3747553451215
1896-10-31,Listed financial institutions,210,0.0,-0.006023819007424161,0.34285714285714286,210.0,-0.006042035396804049,335.34247088124846
1896-11-30,Listed financial institutions,224,0.0,0.004641226640859774,0.22321428571428573,224.0,0.00463048935845015,336.89887129091426
1896-12-31,Listed financial institutions,232,0.0,0.005592859587513888,0.2025862068965517,232.0,0.00557727761983835,338.78309937323627
1897-01-31,Listed financial institutions,230,0.0,0.008952626233542092,0.21739130434782608,230.0,0.008912789063622108,341.8160978361658
1897-02-28,Listed financial institutions,230,0.0,-0.0021404626728101285,0.3782608695652174,230.0,-0.002142756737194345,341.0844532377819
1897-03-31,Listed financial institutions,227,0.0,-0.0049010702869785325,0.29955947136563876,227.0,-0.004913119918807893,339.4127743586679
1897-04-30,Listed financial institutions,228,0.0,-0.000774916790353362,0.1902654867256637,226.0,-0.0007752171935710385,339.1497577009569
1897-05-31,Listed financial institutions,227,0.0,0.00838574187051208,0.13656387665198239,227.0,0.008350776872792646,341.9937800244839
1897-06-30,Listed financial institutions,228,0.0,0.009564147041620005,0.12719298245614036,228.0,0.00951870013147473,345.2646588239575
1897-07-31,Listed financial institutions,224,0.0,0.005182182781838205,0.20089285714285715,224.0,0.005168801482296893,347.0538833940922
1897-08-31,Listed financial institutions,224,0.0,0.0018393866022535406,0.23660714285714285,224.0,0.0018376970022850238,347.6922496574674
1897-09-30,Listed financial institutions,226,0.0,0.009813696472635114,0.15555555555555556,225.0,0.009765854900540778,351.10439586149346
1897-10-31,Listed financial institutions,224,0.0,0.007268866238002415,0.15246636771300448,223.0,0.007242575356202822,353.6565267505853
1897-11-30,Listed financial institutions,225,0.0,-0.0004211680068332625,0.2311111111111111,225.0,-0.0004212567229887312,353.5075779361101
1897-12-31,Listed financial institutions,224,0.0,0.003932305784356231,0.20535714285714285,224.0,0.0039245944788290155,354.8976778296421
1898-01-31,Listed financial institutions,214,0.0,0.013493828335171069,0.21962616822429906,214.0,0.013403597434219547,359.6866061708261
1898-02-28,Listed financial institutions,219,0.0,0.006871447999469684,0.30414746543778803,217.0,0.006847947195611409,362.1581739812347
1898-03-31,Listed financial institutions,220,0.0,-0.008907289920875387,0.3470319634703196,219.0,-0.008947196980316374,358.93232612836897
1898-04-30,Listed financial institutions,219,0.0,-0.008422343842642243,0.3789954337899543,219.0,-0.00845801219583364,355.9092746614765
1898-05-31,Listed financial institutions,220,0.0,-0.0041335431435943724,0.30454545454545456,220.0,-0.004142109848433485,354.43810831945785
1898-06-30,Listed financial institutions,221,0.0,0.0035807976899081564,0.20454545454545456,220.0,0.0035744018973390065,355.7072794789437
1898-07-31,Listed financial institutions,203,0.0,0.0038116535312003328,0.2736318407960199,201.0,0.003804407586729225,357.0631123868432
1898-08-31,Listed financial institutions,221,0.0,-0.0002466805251713447,0.248868778280543,221.0,-0.0002467109558166287,356.9750318707603
1898-09-30,Listed financial institutions,221,0.0,0.006991652251888818,0.23529411764705882,221.0,0.006967323981994636,359.4708771562075
1898-10-31,Listed financial institutions,220,0.0,-0.0017746290980895757,0.29545454545454547,220.0,-0.0017762056177419933,358.8329496776904
1898-11-30,Listed financial institutions,218,0.0,8.586617676608158e-06,0.2018348623853211,218.0,8.586580811817626e-06,358.8360308390391
1898-12-31,Listed financial institutions,217,0.0,0.0023247677930804942,0.18433179723502305,217.0,0.002322069701250176,359.6702412865305
1899-01-31,Listed financial institutions,219,0.0,0.020075860234860236,0.14220183486238533,218.0,0.019876997309936424,366.89093078123733
1899-02-28,Listed financial institutions,213,0.0,0.002196129634987369,0.2863849765258216,213.0,0.002193721667129138,367.69667082713414
1899-03-31,Listed financial institutions,211,0.0,0.004374839965709244,0.2,210.0,0.004365298172436739,369.3052849179269
1899-04-30,Listed financial institutions,212,0.0,-0.005216526067645412,0.2679425837320574,209.0,-0.005230179643273648,367.3787942722333
1899-05-31,Listed financial institutions,213,0.0,-0.0015323063357643395,0.23923444976076555,209.0,-0.001533481517763619,366.8158574181445
1899-06-30,Listed financial institutions,219,0.0,0.00045468867171305445,0.22018348623853212,218.0,0.0004545853321426637,366.98264443311723
1899-07-31,Listed financial institutions,217,0.0,0.0016397665645858962,0.2764976958525346,217.0,0.0016384236152745476,367.58441030324195
1899-08-31,Listed financial institutions,214,0.0,-0.000618851065752866,0.34579439252336447,214.0,-0.0006190426331121779,367.35693029917167
1899-09-30,Listed financial institutions,219,0.0,-0.005073897873651026,0.3424657534246575,219.0,-0.00508681380138912,365.49299875165576
1899-10-31,Listed financial institutions,218,0.0,-0.005387150918137838,0.3440366972477064,218.0,-0.005401713941328726,363.5240328078578
1899-11-30,Listed financial institutions,219,0.0,0.0031603754322555556,0.2237442922374429,219.0,0.0031553919428568378,364.67290523017823
1899-12-31,Listed financial institutions,218,0.0,-0.013013220438054045,0.3944954128440367,218.0,-0.013098634205794131,359.9273363266323
1900-01-31,Listed financial institutions,219,0.0,0.007706547866512731,0.2557077625570776,219.0,0.007677004116305987,362.70113357249994
1900-02-28,Listed financial institutions,218,0.0,-0.0017127302024693377,0.38990825688073394,218.0,-0.0017141986017299275,362.07992438656044
1900-03-31,Listed financial institutions,219,0.0,0.00022220722778274612,0.3378995433789954,219.0,0.00022218254341333584,362.16038116279424
1900-04-30,Listed financial institutions,217,0.0,-0.002213775035320995,0.2995391705069124,217.0,-0.002216229057712443,361.3586395521936
1900-05-31,Listed financial institutions,217,0.0,-0.004013814582977736,0.30092592592592593,216.0,-0.004021891556959693,359.90821297507404
1900-06-30,Listed financial institutions,216,0.0,-0.0059494019040707505,0.3472222222222222,216.0,-0.005967170104071637,357.7669743675095
1900-07-31,Listed financial institutions,210,0.0,-0.011289883814526194,0.4523809523809524,210.0,-0.011354098326525517,353.7278267942257
1900-08-31,Listed financial institutions,222,0.0,-0.005223253404528879,0.35023041474654376,217.0,-0.005236942280377146,351.8802167186462
1900-09-30,Listed financial institutions,214,0.0,0.0012890930373772324,0.22429906542056074,214.0,0.0012882628703128585,352.3338230560089
1900-10-31,Listed financial institutions,213,0.0,-0.004612408035293131,0.24413145539906103,213.0,-0.004623078011399526,350.7087156994399
1900-11-30,Listed financial institutions,211,0.0,0.012611707556799382,0.18009478672985782,211.0,0.012532842363981085,355.1317514594619
1900-12-31,Listed financial institutions,214,0.0,0.0010499364822939728,0.17289719626168223,214.0,0.0010493856844869748,355.50461724134016
1901-01-31,Listed financial institutions,214,0.0,-0.004734877483381656,0.27699530516431925,213.0,-0.004746122525746119,353.82134643392595
1901-02-28,Listed financial institutions,212,0.0,-0.008068831836441684,0.38095238095238093,210.0,-0.008101561036545638,350.9664214894072
1901-03-31,Listed financial institutions,212,0.0,0.001588033449741109,0.3490566037735849,212.0,0.0015867738579619566,351.5237679064683
1901-04-30,Listed financial institutions,220,0.0,0.004818101308462375,0.2511415525114155,219.0,0.004806531406775553,353.21744503257406
1901-05-31,Listed financial institutions,219,0.0,0.0005502794160068855,0.22935779816513763,218.0,0.0005501280678090317,353.41181332195004
1901-06-30,Listed financial institutions,220,0.0,-0.0029805909677870996,0.24545454545454545,220.0,-0.002985041775270316,352.3584372632534
1901-07-31,Listed financial institutions,219,0.0,-0.010332698306149237,0.3394495412844037,218.0,-0.010386451229046361,348.71762383538595
1901-08-31,Listed financial institutions,217,0.0,-0.0013913813619646485,0.34101382488479265,217.0,-0.001392350231827788,348.23242463299283
1901-09-30,Listed financial institutions,216,0.0,0.0007511243860728668,0.20833333333333334,216.0,0.0007508424333300767,348.493990499156
1901-10-31,Listed financial institutions,215,0.0,-0.0028317524975777155,0.2651162790697674,215.0,-0.0028357694938999697,347.50714177116913
1901-11-30,Listed financial institutions,220,0.0,0.0066449966076457985,0.2694063926940639,219.0,0.006623015938272877,349.8163255493713
1901-12-31,Listed financial institutions,220,0.0,0.002058962715698653,0.18636363636363637,220.0,0.002056845957019811,350.5365843210201
1902-01-31,Listed financial institutions,216,0.0,0.006471115958045023,0.2102803738317757,214.0,0.006450268177775768,352.80494720569845
1902-02-28,Listed financial institutions,216,0.0,0.008048043915230688,0.30092592592592593,216.0,0.00801583112766672,355.64433691432055
1902-03-31,Listed financial institutions,215,0.0,-0.0073976207884575845,0.3581395348837209,215.0,-0.007425118882704545,353.01341497426597
1902-04-30,Listed financial institutions,214,0.0,0.003126346704901277,0.22065727699530516,213.0,0.0031214698449013737,354.11705730095673
1902-05-31,Listed financial institutions,215,0.0,0.003603728278724151,0.19534883720930232,215.0,0.0035972504082958418,355.3931989543308
1902-06-30,Listed financial institutions,210,0.0,0.006029724340942844,0.19047619047619047,210.0,0.006011618299633022,357.5361219766712
1902-07-31,Listed financial institutions,210,0.0,-0.0031818709546342426,0.26666666666666666,210.0,-0.0031869438697859696,356.3984881749211
1902-08-31,Listed financial institutions,212,0.0,-0.003225396324139064,0.3333333333333333,210.0,-0.003230609126783898,355.24896180123295
1902-09-30,Listed financial institutions,212,0.0,0.0021327975851602055,0.21226415094339623,212.0,0.0021305264011344718,356.0066359290933
1902-10-31,Listed financial institutions,208,0.0,0.0021534925137466085,0.23076923076923078,208.0,0.002151177072337853,356.77329355441077
1902-11-30,Listed financial institutions,211,0.0,0.004080791223715394,0.24285714285714285,210.0,0.004072487378383355,358.22921087960356
1902-12-31,Listed financial institutions,206,0.0,0.007190028583360943,0.1330049261083744,203.0,0.0071643035633314036,360.80488914522283
1903-01-31,Listed financial institutions,209,0.0,0.006121679422121794,0.1932367149758454,207.0,0.006103018063160751,363.01362101050404
1903-02-28,Listed financial institutions,209,0.0,0.00308550438905093,0.2679425837320574,209.0,0.003080753989460964,364.13370113141724
1903-03-31,Listed financial institutions,211,0.0,-0.003855776467767928,0.3222748815165877,211.0,-0.0038632291372391898,362.72968297547345
1903-04-30,Listed financial institutions,211,0.0,-0.0018779690740954155,0.2132701421800948,211.0,-0.0018797346688515604,362.0484878485891
1903-05-31,Listed financial institutions,211,0.0,0.004713187449611403,0.1943127962085308,211.0,0.004702115158535763,363.75489023766784
1903-06-30,Listed financial institutions,210,0.0,-0.0008432880336004353,0.26666666666666666,210.0,-0.0008436438009778854,363.44814009156676
1903-07-31,Listed financial institutions,210,0.0,-0.0017012052824167544,0.22857142857142856,210.0,-0.0017026539753724253,362.82984019575844
1903-08-31,Listed financial institutions,209,0.0,-0.005872647490997239,0.35406698564593303,209.0,-0.005889959295966367,360.6990684450739
1903-09-30,Listed financial institutions,210,0.0,-0.003335082075529171,0.319047619047619,210.0,-0.003340655857885873,359.4961074472427
1903-10-31,Listed financial institutions,210,0.0,-0.006724796206183125,0.3619047619047619,210.0,-0.0067475095337934925,357.07856938774387
1903-11-30,Listed financial institutions,213,0.0,0.0015362881722694496,0.22169811320754718,212.0,0.0015351092888439806,357.6271449704651
1903-12-31,Listed financial institutions,213,0.0,0.0020276767861043287,0.27699530516431925,213.0,0.0020256238242235534,358.3522972304025
1904-01-31,Listed financial institutions,213,0.0,0.0022081256613622575,0.27699530516431925,213.0,0.0022056913347681226,359.1435841337251
1904-02-29,Listed financial institutions,211,0.0,-0.01716297524211937,0.44549763033175355,211.0,-0.017311966315896158,352.979611690872
1904-03-31,Listed financial institutions,211,0.0,-0.005137071366244179,0.2843601895734597,211.0,-0.00515031148042723,351.1663302347868
1904-04-30,Listed financial institutions,211,0.0,0.019908551586725286,0.15165876777251186,211.0,0.01971296796977036,358.15754323578705
1904-05-31,Listed financial institutions,210,0.0,0.011920901010263479,0.19047619047619047,210.0,0.011850406753487308,362.42710385478
1904-06-30,Listed financial institutions,211,0.0,1.9653789095160663e-05,0.22274881516587677,211.0,1.9653595961978294e-05,362.43422692064155
1904-07-31,Listed financial institutions,211,0.0,-0.004430489912186959,0.3173076923076923,208.0,-0.004440333618338621,360.8284657344384
1904-08-31,Listed financial institutions,209,0.0,0.0016795246650073393,0.24401913875598086,209.0,0.001678115840673386,361.4344860424761
1904-09-30,Listed financial institutions,209,0.0,0.0054969081801105974,0.20095693779904306,209.0,0.005481855317946172,363.421258225377
1904-10-31,Listed financial institutions,209,0.0,0.004378495536580917,0.1291866028708134,209.0,0.004368937813807404,365.01249658241545
1904-11-30,Listed financial institutions,211,0.0,0.00755723317397479,0.15639810426540285,211.0,0.007528820345808137,367.77098113050346
1904-12-31,Listed financial institutions,211,0.0,0.0054583292653877956,0.18009478672985782,211.0,0.0054434865725766415,369.77839623976854
1905-01-31,Listed financial institutions,210,0.0,0.008237341652876028,0.2,210.0,0.008203599922259436,372.82438722544805
1905-02-28,Listed financial institutions,210,0.0,0.006300156482387963,0.22380952380952382,210.0,0.006280393459859215,375.1732392054188
1905-03-31,Listed financial institutions,210,0.0,0.008857818720831129,0.18095238095238095,210.0,0.008818818380679317,378.4964557472074
1905-04-30,Listed financial institutions,210,0.0,0.008346844544536321,0.1761904761904762,210.0,0.008312202273222432,381.65570682398726
1905-05-31,Listed financial institutions,209,0.0,0.007388191444118063,0.22966507177033493,209.0,0.00736103244625711,384.47545225174315
1905-06-30,Listed financial institutions,209,0.0,0.004259623532826428,0.20095693779904306,209.0,0.004250577017241083,386.1131729359487
1905-07-31,Listed financial institutions,209,0.0,0.00545660812894433,0.2631578947368421,209.0,0.005441774778197416,388.2200412140835
1905-08-31,Listed financial institutions,209,0.0,0.006570330216586364,0.20574162679425836,209.0,0.0065488396789340885,390.77077508155685
1905-09-30,Listed financial institutions,207,0.0,0.00670134517839603,0.178743961352657,207.0,0.006678990978031767,393.3894649310077
1905-10-31,Listed financial institutions,207,0.0,0.011394989233803504,0.17391304347826086,207.0,0.011330555364152044,397.87213364858826
1905-11-30,Listed financial institutions,207,0.0,0.005832981620072564,0.23671497584541062,207.0,0.005816035647879993,400.1929144912994
1905-12-31,Listed financial institutions,206,0.0,0.004128758859013039,0.21359223300970873,206.0,0.0041202589222491745,401.8452145323197
1906-01-31,Listed financial institutions,205,0.0,0.014533756625966286,0.24390243902439024,205.0,0.014429153880940083,407.6855350816416
1906-02-28,Listed financial institutions,204,0.0,-0.0003787381865510474,0.3480392156862745,204.0,-0.00037880992597223403,407.5311290014017
1906-03-31,Listed financial institutions,201,0.0,0.012341821522345298,0.23383084577114427,201.0,0.012266282137115173,412.56080546033695
1906-04-30,Listed financial institutions,203,0.0,-0.008164372346982076,0.2736318407960199,201.0,-0.008197883357108459,409.1925054287879
1906-05-31,Listed financial institutions,200,0.0,0.0010025864060089513,0.26,200.0,0.001002084151932235,409.60275627217146
1906-06-30,Listed financial institutions,199,0.0,-0.007112594700366617,0.4020100502512563,199.0,-0.007138009785218989,406.6894178786545
1906-07-31,Listed financial institutions,199,-0.001191421763304168,-0.017235474830477472,0.5,198.0,-0.0173857346626841,399.6799326529854
1906-08-31,Listed financial institutions,200,0.0,0.01823120801090709,0.19,200.0,0.018067012194064917,406.9665806429673
1906-09-30,Listed financial institutions,201,0.0,0.0026379718292104813,0.208955223880597,201.0,0.002634498488566882,408.04014701813355
1906-10-31,Listed financial institutions,201,0.0,0.002539967955067758,0.3034825870646766,201.0,0.002536747688225139,409.0765559159408
1906-11-30,Listed financial institutions,201,0.0,-0.0031621181547141284,0.3582089552238806,201.0,-0.0031671282147152278,407.78300751181104
1906-12-31,Listed financial institutions,200,0.0,-0.001686240913278063,0.3181818181818182,198.0,-0.0016876642177347117,407.09538712080507
1907-01-31,Listed financial institutions,201,0.0,0.01758465764101839,0.271356783919598,199.0,0.01743183648634528,414.25402013056225
1907-02-28,Listed financial institutions,200,0.0,-0.0014378644669418624,0.3969849246231156,199.0,-0.0014388991860306544,413.6583789947287
1907-03-31,Listed financial institutions,199,0.0,-0.005655953908373001,0.4461538461538462,195.0,-0.005672009383652296,411.31874626932233
1907-04-30,Listed financial institutions,196,0.0,-0.0015577740278186736,0.34183673469387754,196.0,-0.0015589886193161536,410.67800460922905
1907-05-31,Listed financial institutions,197,0.0,-0.004073664315017029,0.29591836734693877,196.0,-0.004081984288365581,409.00504027689
1907-06-30,Listed financial institutions,198,0.0,-0.005258571876696263,0.3282828282828283,198.0,-0.005272446828784789,406.8542578746629
1907-07-31,Listed financial institutions,197,0.0,0.0008862596929336496,0.3248730964467005,197.0,0.0008858671966972671,407.2148364043157
1907-08-31,Listed financial institutions,194,0.0,-0.007369719106924859,0.43005181347150256,193.0,-0.007397009651887144,404.21377744384347
1907-09-30,Listed financial institutions,193,0.0,-0.005003532382791395,0.2849740932642487,193.0,-0.005016091963304709,402.1912807188328
1907-10-31,Listed financial institutions,195,0.0,-0.00944905497892795,0.40414507772020725,193.0,-0.00949398052553747,398.390953195275
1907-11-30,Listed financial institutions,194,0.0,-0.011546149872420447,0.4948453608247423,194.0,-0.011613324231605283,393.791071541866
1907-12-31,Listed financial institutions,195,0.0,-0.0008915304682862832,0.28350515463917525,194.0,-0.0008919281179363111,393.4399948034473
1908-12-31,Listed financial institutions,2,-0.7330316742081449,-0.7330316742081449,1.0,1.0,-1.3206252576120336,105.03601671223251
1910-06-30,Listed financial institutions,1,0.125,0.125,0.0,1.0,0.11778303565638346,118.16551880126158
1911-06-30,Listed financial institutions,1,0.34375,0.34375,0.0,1.0,0.2954642128938359,158.78491588919525
1912-06-30,Listed financial institutions,1,0.17647058823529416,0.17647058823529416,0.0,1.0,0.16251892949777494,186.80578339905324
1915-01-31,Listed financial institutions,128,-0.047945205479452024,-0.01355332517102273,0.5675675675675675,111.0,-0.013646009892825751,184.27394387281822
1915-02-28,Listed financial institutions,142,0.0,0.006540184857509947,0.44285714285714284,140.0,0.006518890643495703,185.47912953016888
1915-03-31,Listed financial institutions,147,0.0,-0.0013115726649434796,0.3724137931034483,145.0,-0.0013124335291775202,185.23586017395962
1915-04-30,Listed financial institutions,149,0.0,0.005682087403942965,0.25,148.0,0.005666005236737358,186.28838652181258
1915-05-31,Listed financial institutions,152,-0.004253830594885155,-0.012482182448072903,0.52,150.0,-0.012560739279075634,183.9631008932902
1915-06-30,Listed financial institutions,153,-0.012738526837032471,-0.02840648193566914,0.6052631578947368,152.0,-0.028817753279902904,178.73735639093528
1915-07-31,Listed financial institutions,157,-0.04036470936358383,-0.046904794111704624,0.7307692307692307,156.0,-0.048040479070832524,170.3537174893481
1915-08-31,Listed financial institutions,157,-0.01333333333333342,-0.02821610094830277,0.6050955414012739,157.0,-0.02862182531830508,165.54699979974998
1915-09-30,Listed financial institutions,157,0.0,-0.012987671404121501,0.42038216560509556,157.0,-0.01307274864806679,163.39692976441268
1915-10-31,Listed financial institutions,154,0.0,-0.010441607872632366,0.4675324675324675,154.0,-0.010496503929890986,161.6908030962206
1915-11-30,Listed financial institutions,156,0.0,0.007543914923821556,0.3096774193548387,155.0,0.007515601902489795,162.91058475874289
1915-12-31,Listed financial institutions,157,0.0,0.0021809105255486505,0.3717948717948718,156.0,0.002178535792282166,163.26587816776652
1916-01-31,Listed financial institutions,156,0.0,0.012964755700464011,0.2564102564102564,156.0,0.012881432657799926,165.38258039243334
1916-02-29,Listed financial institutions,156,0.0,-0.010621270299820474,0.3782051282051282,156.0,-0.010678078600152165,163.62600730320352
1916-03-31,Listed financial institutions,156,0.0,-0.0025868771699892657,0.38064516129032255,155.0,-0.002590228918357609,163.20272692049434
1916-04-30,Listed financial institutions,160,0.0,0.0050525736269757485,0.2692307692307692,156.0,0.0050398522094531675,164.02732071438336
1916-05-31,Listed financial institutions,161,0.0,0.005192706406839512,0.2732919254658385,161.0,0.005179270798301582,164.87906643355365
1916-06-30,Listed financial institutions,162,0.014193439039238642,0.029664459074460966,0.10493827160493827,162.0,0.02923298127878602,169.77011475200715
1916-07-31,Listed financial institutions,160,0.0,0.013784907592891277,0.23125,160.0,0.01369075997833533,172.1103800958981
1916-08-31,Listed financial institutions,162,0.0,0.0019297227893507623,0.345679012345679,162.0,0.0019278632661874078,172.442505418653
1916-09-30,Listed financial institutions,161,0.0,0.010179220512235625,0.2111801242236025,161.0,0.01012776116319806,174.19783570699187
1916-10-31,Listed financial institutions,162,0.0,0.0009533345218379533,0.3888888888888889,162.0,0.0009528803870879942,174.36390451740078
1916-11-30,Listed financial institutions,164,0.0,0.006440447980527194,0.36809815950920244,163.0,0.006419796916077421,175.4868861741267
1916-12-31,Listed financial institutions,164,0.0,-0.0027678138474252992,0.3170731707317073,164.0,-0.002771651326760239,175.00117114053242
1917-01-31,Listed financial institutions,165,0.0,-0.014119488479472237,0.45121951219512196,164.0,-0.014220116793464233,172.53024412071954
1917-02-28,Listed financial institutions,165,0.0,-0.006939402240890451,0.34146341463414637,164.0,-0.006963591865264908,171.33298735804684
1917-03-31,Listed financial institutions,163,0.0,-0.0002837975759937123,0.294478527607362,163.0,-0.0002838378541465239,171.28436347154684
1917-04-30,Listed financial institutions,162,0.0,0.021185869476846475,0.1111111111111111,162.0,0.020964569114414498,174.91317163947977
1917-05-31,Listed financial institutions,162,0.0,0.0056755891978361285,0.22839506172839505,162.0,0.005659543724513597,175.90590694699605
1917-06-30,Listed financial institutions,159,0.0,0.01732614151564311,0.15723270440251572,159.0,0.017177755445669518,178.95367758419727
1917-07-31,Listed financial institutions,160,0.0025062656641603454,0.031247965193348486,0.20754716981132076,159.0,0.03076968551896314,184.54561587256995
1917-08-31,Listed financial institutions,160,0.0,0.011387259302354283,0.21875,160.0,0.01132291249359111,186.64708465362358
1917-09-30,Listed financial institutions,159,0.0,0.024191003676526702,0.13924050632911392,158.0,0.023903036251171024,191.16226496469238
1917-10-31,Listed financial institutions,159,0.0,0.02107715513474857,0.13836477987421383,159.0,0.02085810452989188,195.1914216792631
1917-11-30,Listed financial institutions,157,0.0,0.006993589449659126,0.2229299363057325,157.0,0.006969247727740331,196.55651034658317
1917-12-31,Listed financial institutions,158,0.0,0.005230414268594081,0.25316455696202533,158.0,0.005216783162113158,197.584582322885
1918-01-31,Listed financial institutions,157,0.0,0.019635437299683048,0.17307692307692307,156.0,0.0194451489963499,201.4642420004701
1918-02-28,Listed financial institutions,155,0.0,0.0064946272085264255,0.2012987012987013,154.0,0.006473627989597987,202.77267714811148
1918-03-31,Listed financial institutions,153,0.0,0.005591861796970387,0.2894736842105263,152.0,0.005576285378267607,203.9065539349254
1918-04-30,Listed financial institutions,150,0.0,0.0037900187061575314,0.2866666666666667,150.0,0.003782854680749098,204.67936358864688
1918-05-31,Listed financial institutions,150,0.0,0.016175145514644038,0.16,150.0,0.016045721616866963,207.990082078538
1918-06-30,Listed financial institutions,149,0.0072727272727273196,0.03353653742794132,0.12751677852348994,149.0,0.032986452613900596,214.9653492508055
1918-07-31,Listed financial institutions,151,0.028282828282828243,0.04484934841040879,0.10067114093959731,149.0,0.04387271082355137,224.60640509552005
1918-08-31,Listed financial institutions,148,0.008849557522123908,0.019446274759081818,0.14285714285714285,147.0,0.019259612006806814,228.9741629616572
1918-09-30,Listed financial institutions,148,0.017857142857142794,0.028674870533834353,0.08843537414965986,147.0,0.02827144048457743,235.5399674401758
1918-10-31,Listed financial institutions,145,0.008155623254633149,0.020995307329235095,0.16666666666666666,144.0,0.02077794302038448,240.48520144490033
1918-11-30,Listed financial institutions,145,0.0,0.013481544377466705,0.296551724137931,145.0,0.01339147695375404,243.72731336030378
1918-12-31,Listed financial institutions,145,0.0,0.012877685217277697,0.25517241379310346,145.0,0.012795472879802103,246.86595698061055
1919-01-31,Listed financial institutions,144,0.0,0.028659217335151494,0.2152777777777778,144.0,0.02825622351152919,253.94094209436804
1919-02-28,Listed financial institutions,144,0.0,0.02577717129061448,0.27972027972027974,143.0,0.025450541183198182,260.4868212564346
1919-03-31,Listed financial institutions,143,0.0,0.0011040399817776431,0.3591549295774648,142.0,0.0011034309778388774,260.77440912182783
1919-04-30,Listed financial institutions,142,0.0,0.011076493018418324,0.24822695035460993,141.0,0.011015597926370664,263.66287504384786
1919-05-31,Listed financial institutions,144,0.0,0.02080586778904431,0.16312056737588654,141.0,0.020592381817812058,269.1486099628895
1919-06-30,Listed financial institutions,142,0.0,0.01827047440383957,0.18309859154929578,142.0,0.018105574787237722,274.0660827520455
1919-07-31,Listed financial institutions,141,0.0,-0.007282330071098735,0.3191489361702128,141.0,-0.007308975676939445,272.0702430761521
1919-08-31,Listed financial institutions,142,0.0,-0.007819716232118376,0.32142857142857145,140.0,-0.007850450540318387,269.9427309800931
1919-09-30,Listed financial institutions,142,0.0,0.03356725958465311,0.1702127659574468,141.0,0.033016177446062826,279.00396870389204
1919-10-31,Listed financial institutions,148,0.0,0.02128202642772971,0.19858156028368795,141.0,0.021058726727512928,284.94173853928976
1919-11-30,Listed financial institutions,150,0.0,0.04052291993741227,0.23129251700680273,147.0,0.039723394420007566,296.48840979694444
1919-12-31,Listed financial institutions,149,0.0,-0.011578385621640645,0.3741496598639456,147.0,-0.011645937059071491,293.05555265596837
1869-01-31,Listed non-financial corporates,294,,,,,0.0,100.0
1869-02-28,Listed non-financial corporates,301,0.0,0.004798254112476198,0.1909722222222222,288.0,0.004786779182990863,100.47982541124763
1869-03-31,Listed non-financial corporates,291,-0.005181347150259086,-0.011298694555256637,0.5156794425087108,287.0,-0.011363009715055111,99.34453455496042
1869-04-30,Listed non-financial corporates,293,0.0,0.0067910428962438246,0.31010452961672474,287.0,0.006768087632618977,100.01918755063053
1869-05-31,Listed non-financial corporates,291,0.0,-0.006795235473258783,0.3473684210526316,285.0,-0.0068184282122886325,99.33953361937996
1869-06-30,Listed non-financial corporates,293,0.0,0.005338396685118877,0.18466898954703834,287.0,0.005324197955419734,99.86984745635492
1869-07-31,Listed non-financial corporates,291,0.0044642857142858094,0.030509820396400874,0.1384083044982699,289.0,0.03005365104231967,102.91685856526426
1869-08-31,Listed non-financial corporates,290,0.0,0.006103360504612409,0.18947368421052632,285.0,0.006084810440110241,103.54499725509028
1869-09-30,Listed non-financial corporates,293,0.0,-0.0010080125802531437,0.41522491349480967,289.0,-0.0010085209666027223,103.44062259523486
1869-10-31,Listed non-financial corporates,293,0.0,0.005002360312591138,0.2206896551724138,290.0,0.004989890078023614,103.95806986041498
1869-11-30,Listed non-financial corporates,301,0.0,0.003138935819740266,0.2255892255892256,297.0,0.0031340196457166603,104.2843875696509
1869-12-31,Listed non-financial corporates,310,0.0022675736961450532,0.007371447589724794,0.14563106796116504,309.0,0.007344411253267872,105.05311446704712
1870-01-31,Listed non-financial corporates,298,0.004901960784313708,0.017976567816709536,0.12244897959183673,294.0,0.017816900001637503,106.94160890362056
1870-02-28,Listed non-financial corporates,297,0.0046511627906977715,0.01320816766619923,0.15017064846416384,293.0,0.013121700370490265,108.35411160451267
1870-03-31,Listed non-financial corporates,296,0.0,0.012235815802319678,0.32989690721649484,291.0,0.012161563287940715,109.67991255552948
1870-04-30,Listed non-financial corporates,296,0.005465133641929243,0.01786265719597491,0.21768707482993196,294.0,0.017704994680771323,111.63908723479341
1870-05-31,Listed non-financial corporates,297,0.0,0.01602611317976535,0.19047619047619047,294.0,0.015899050774588672,113.42822788210391
1870-06-30,Listed non-financial corporates,286,0.004587155963302836,0.00782707155588359,0.1625441696113074,283.0,0.007796598935616471,114.31603873819421
1870-07-31,Listed non-financial corporates,275,-0.003001475988192115,-0.03409992538919022,0.5073529411764706,272.0,-0.03469489255203033,110.417870346434
1870-08-31,Listed non-financial corporates,254,0.0,0.014237701453028084,0.2698412698412698,252.0,0.014137297275938317,111.9899670195057
1870-09-30,Listed non-financial corporates,266,0.0,0.009873280047648758,0.41923076923076924,260.0,0.009824857682381345,113.09567532641623
1870-10-31,Listed non-financial corporates,271,0.0,0.0072272529564571895,0.2527881040892193,269.0,0.007201261519800114,113.91304638028159
1870-11-30,Listed non-financial corporates,275,0.0,0.010373154473770149,0.2893772893772894,273.0,0.010319722494694249,115.09468400696198
1870-12-31,Listed non-financial corporates,283,0.00577447913199769,0.018022801078917336,0.11510791366906475,278.0,0.01786231579392316,117.16901260206032
1871-01-31,Listed non-financial corporates,282,0.007380978320078446,0.023807348776339405,0.11785714285714285,280.0,0.023528372956920143,119.95849615085687
1871-02-28,Listed non-financial corporates,280,0.001996314496314433,0.003327418559988326,0.1827956989247312,279.0,0.0033218949523631403,120.35764827737752
1871-03-31,Listed non-financial corporates,284,0.0,0.012263885285828512,0.4050179211469534,279.0,0.012189293085574714,121.83370066912337
1871-04-30,Listed non-financial corporates,286,0.0,0.017626430500584277,0.24555160142348753,281.0,0.017472886635703393,123.98119392659667
1871-05-31,Listed non-financial corporates,283,0.0021801106825423133,0.014240458573606521,0.17857142857142858,280.0,0.01414001568881825,125.74674298261463
1871-06-30,Listed non-financial corporates,284,0.0008833922261484162,0.014235650095358814,0.15,280.0,0.014135274712844053,127.53682961634615
1871-07-31,Listed non-financial corporates,277,0.008849557522123908,0.035552340622172704,0.10181818181818182,275.0,0.03493494680705727,132.07106242473853
1871-08-31,Listed non-financial corporates,273,0.005649717514124353,0.03271174161713048,0.14391143911439114,271.0,0.032188101454474594,136.39133689387646
1871-09-30,Listed non-financial corporates,279,0.0,0.020863125850066756,0.3249097472924188,277.0,0.02064847128306411,139.23688652035227
1871-10-31,Listed non-financial corporates,274,0.0,0.011635633989056834,0.2664233576642336,274.0,0.011568460567984284,140.85699596967893
1871-11-30,Listed non-financial corporates,272,0.005494505494505475,0.026785561599359374,0.13011152416356878,269.0,0.026433108364911858,144.62992971192548
1871-12-31,Listed non-financial corporates,284,0.013100436681222627,0.020476771770328358,0.10247349823321555,283.0,0.020269941392180187,147.5914837737952
1872-01-31,Listed non-financial corporates,275,0.00877192982456143,0.021316221430895687,0.13553113553113552,273.0,0.02109220859621131,150.73757652323187
1872-02-29,Listed non-financial corporates,278,0.0,0.0021175726159087254,0.37681159420289856,276.0,0.002115333719144102,151.0567742874659
1872-03-31,Listed non-financial corporates,280,0.0,0.011099991511686906,0.4223826714801444,277.0,0.011038838720089122,152.7335031998396
1872-04-30,Listed non-financial corporates,279,0.0,0.003871249805712227,0.2841726618705036,278.0,0.003863775801132352,153.32477274442772
1872-05-31,Listed non-financial corporates,279,0.0,0.013862589569870614,0.23741007194244604,278.0,0.01376738274153854,155.4502511398774
1872-06-30,Listed non-financial corporates,277,0.0,0.002611845121018495,0.21014492753623187,276.0,0.0026084401810456768,155.85626311987818
1872-07-31,Listed non-financial corporates,271,0.0,0.0017188737070520368,0.35687732342007433,269.0,0.0017173981342818185,156.12416035263433
1872-08-31,Listed non-financial corporates,272,0.0,0.007625608728780632,0.23507462686567165,268.0,0.007596680743793185,157.31470211259293
1872-09-30,Listed non-financial corporates,272,-0.006919413919413864,-0.0002792246442962707,0.5526315789473685,266.0,-0.00027926363475549553,157.27077597085298
1872-10-31,Listed non-financial corporates,267,0.0,-0.006799475047959983,0.3143939393939394,264.0,-0.006822696802111326,156.20141725386586
1872-11-30,Listed non-financial corporates,263,0.0,0.009491431029021481,0.3244274809160305,262.0,0.009446670402902872,157.6839922323663
1872-12-31,Listed non-financial corporates,269,0.0,0.009784487301680944,0.15355805243445692,267.0,0.009736929175422904,159.22684925204226
1873-01-31,Listed non-financial corporates,268,0.0,0.002726937565806363,0.2537878787878788,264.0,0.0027232262171089034,159.66105092875264
1873-02-28,Listed non-financial corporates,261,0.0,0.015336934073187947,0.29571984435797666,257.0,0.015220512160871405,162.10976194090284
1873-03-31,Listed non-financial corporates,271,0.0,0.001227019227921749,0.4772727272727273,264.0,0.0012262670550530796,162.3086737358381
1873-04-30,Listed non-financial corporates,267,0.0,0.008400739748109468,0.24436090225563908,266.0,0.00836564991734581,163.67218666275372
1873-05-31,Listed non-financial corporates,280,0.0,-0.003312493998653639,0.3249097472924188,277.0,-0.0033179924526541855,163.1300235266868
1873-06-30,Listed non-financial corporates,274,0.0,0.004438923414139078,0.1801470588235294,272.0,0.0044291004517916475,163.8541452076685
1873-07-31,Listed non-financial corporates,265,0.0,-0.0077277037686333434,0.36363636363636365,264.0,-0.007757717194630676,162.587928912241
1873-08-31,Listed non-financial corporates,270,0.0,0.008996966008791856,0.23507462686567165,268.0,0.008956734438102578,164.0507269821043
1873-09-30,Listed non-financial corporates,277,-0.004524886877828038,-0.006776930614543393,0.5239852398523985,271.0,-0.00679999828656628,162.93896658808117
1873-10-31,Listed non-financial corporates,278,0.0,0.0007749793592289695,0.30656934306569344,274.0,0.0007746792177842932,163.06524092400105
1873-11-30,Listed non-financial corporates,277,0.0,-0.0009711960054864306,0.27472527472527475,273.0,-0.0009716679219005996,162.90687261338198
1873-12-31,Listed non-financial corporates,280,0.004405286343612369,0.019636069271858955,0.0931899641577061,279.0,0.019445768798248636,166.10572324888025
1874-01-31,Listed non-financial corporates,275,0.0,0.006045097905214692,0.26296296296296295,270.0,0.00602689960438588,167.10984860853623
1874-02-28,Listed non-financial corporates,269,0.0,-0.005142157256692599,0.30451127819548873,266.0,-0.005155423645432083,166.25054348784903
1874-03-31,Listed non-financial corporates,275,-0.0047376909636664966,-0.005338789983578211,0.5257352941176471,272.0,-0.005353092250066059,165.36296675151166
1874-04-30,Listed non-financial corporates,267,0.0,-0.006118550553303623,0.39849624060150374,266.0,-0.006137345588540708,164.35118507979828
1874-05-31,Listed non-financial corporates,272,0.004256552373707145,0.019680170454749242,0.20588235294117646,272.0,0.019489019748776128,167.58564441660874
1874-06-30,Listed non-financial corporates,269,0.0,0.007910445117964848,0.2037735849056604,265.0,0.007879321573300345,168.9113214593251
1874-07-31,Listed non-financial corporates,267,0.0,0.0046311153195658095,0.22932330827067668,266.0,0.004620424698639838,169.6935692677835
1874-08-31,Listed non-financial corporates,283,0.0,0.004514940142783932,0.2978723404255319,282.0,0.004504778375570886,170.4597255756429
1874-09-30,Listed non-financial corporates,272,0.0,0.010346984153038597,0.2962962962962963,270.0,0.010293820520212223,172.22346965490536
1874-10-31,Listed non-financial corporates,269,0.0,-0.010091842105796035,0.3612167300380228,263.0,-0.010143109960720223,170.48541759223573
1874-11-30,Listed non-financial corporates,267,0.0,0.01026037896083192,0.23684210526315788,266.0,0.010208098579531725,172.23466258402772
1874-12-31,Listed non-financial corporates,281,0.0,0.003448611707751333,0.24820143884892087,278.0,0.0034426788824902864,172.82863305789562
1875-01-31,Listed non-financial corporates,271,0.0026544370579844045,0.0071625419195980805,0.17777777777777778,270.0,0.007137012746254922,174.06652538707962
1875-02-28,Listed non-financial corporates,272,0.0,0.011135242135668012,0.21189591078066913,269.0,0.011073701750263013,176.00479829497914
1875-03-31,Listed non-financial corporates,257,0.0,-0.0005284403571370736,0.3790322580645161,248.0,-0.0005285800309509535,175.9117902565103
1875-04-30,Listed non-financial corporates,269,0.0,0.009924659575563492,0.208955223880597,268.0,0.009875733591221415,177.65765489013413
1875-05-31,Listed non-financial corporates,267,0.00454545454545463,0.002552187539674885,0.2247191011235955,267.0,0.0025489362398323973,178.11107054327258
1875-06-30,Listed non-financial corporates,260,0.0,-0.0035139100934398807,0.24324324324324326,259.0,-0.0035200983764787437,177.48520425473717
1875-07-31,Listed non-financial corporates,266,0.0046948356807512415,0.013803564590494529,0.1509433962264151,265.0,0.013709163118676414,179.93513273552455
1875-08-31,Listed non-financial corporates,266,0.0,0.01190735662881876,0.2681992337164751,261.0,0.01183702184160677,182.07768453106027
1875-09-30,Listed non-financial corporates,274,0.0,0.002718121942335104,0.304029304029304,273.0,0.002714434529269319,182.57259388059373
1875-10-31,Listed non-financial corporates,267,0.007246376811594235,0.025711142058952766,0.16226415094339622,265.0,0.02538616915509074,187.26674377792918
1875-11-30,Listed non-financial corporates,240,0.0,0.0018698731120450327,0.2791666666666667,240.0,0.0018681270755564242,187.61690882689976
1875-12-31,Listed non-financial corporates,272,0.004496221153457602,0.010167765338969417,0.12962962962962962,270.0,0.010116421355386282,189.52455352947447
1876-01-31,Listed non-financial corporates,267,0.0,0.012626339018193338,0.21755725190839695,262.0,0.012547291491498667,191.91755479460937
1876-02-29,Listed non-financial corporates,271,0.0,0.004969945900997527,0.30111524163568776,269.0,0.004957636487766459,192.87137465939028
1876-03-31,Listed non-financial corporates,272,-0.004329085457271342,-0.013292495776563775,0.5223880597014925,268.0,-0.013381631773014093,190.30763272631032
1876-04-30,Listed non-financial corporates,268,0.0,-0.019966540276476447,0.39849624060150374,266.0,-0.020168565325339862,186.50784771255954
1876-05-31,Listed non-financial corporates,270,0.0,-0.00822841481734596,0.3656716417910448,268.0,-0.008262455082772416,184.97318377489023
1876-06-30,Listed non-financial corporates,265,0.0,0.008130375232228882,0.23863636363636365,264.0,0.008097501793578096,186.4770851668801
1876-07-31,Listed non-financial corporates,261,0.005012531328320913,0.024917930334901566,0.15057915057915058,259.0,0.024612541418811112,191.12370818412393
1876-08-31,Listed non-financial corporates,248,0.007042253521126751,0.018079876408776164,0.23236514522821577,241.0,0.017918379105960253,194.57920120687987
1876-09-30,Listed non-financial corporates,270,0.0,0.011806887845697351,0.33584905660377357,265.0,0.011737730369524416,196.8765760126349
1876-10-31,Listed non-financial corporates,248,0.0,0.012458805876228189,0.2764227642276423,246.0,0.012381833616535007,199.3294230547528
1876-11-30,Listed non-financial corporates,248,0.005291005291005346,0.014751353685909992,0.15789473684210525,247.0,0.014643610745253482,202.26980187424184
1876-12-31,Listed non-financial corporates,264,0.0,0.0037474208338483376,0.2099236641221374,262.0,0.003740416745120513,203.02779194384377
1877-01-31,Listed non-financial corporates,261,0.0,0.009386131528436148,0.27906976744186046,258.0,0.009342355507701967,204.93343750295665
1877-02-28,Listed non-financial corporates,266,0.0,0.00528346060712036,0.2669172932330827,266.0,0.00526955209765892,206.01619524708528
1877-03-31,Listed non-financial corporates,266,0.0,0.00031610410127448445,0.41762452107279696,261.0,0.0003160541508991316,206.08131781133184
1877-04-30,Listed non-financial corporates,273,-0.003968253968253954,-0.01558163923100944,0.5367647058823529,272.0,-0.015704308903104418,202.8702330649447
1877-05-31,Listed non-financial corporates,275,-0.004716981132075526,-0.000551262868147743,0.5677655677655677,273.0,-0.0005514148693869686,202.7583982384035
1877-06-30,Listed non-financial corporates,279,0.007246376811594235,0.006375894316999988,0.15162454873646208,277.0,0.0063556542894573935,204.05116435745572
1877-07-31,Listed non-financial corporates,280,0.003311403508772015,0.009785395973420838,0.15,280.0,0.009737829042020658,206.047885799531
1877-08-31,Listed non-financial corporates,282,0.0,0.011599020630994382,0.2743682310469314,277.0,0.011532267674606501,208.43783947789257
1877-09-30,Listed non-financial corporates,273,0.0,0.013884465622228533,0.36059479553903345,269.0,0.01378895944885295,211.33188749449494
1877-10-31,Listed non-financial corporates,283,0.0,0.00405151180152779,0.40794223826714804,277.0,0.004043326528627022,212.18810113071802
1877-11-30,Listed non-financial corporates,283,0.0,-0.00580996528732199,0.3957597173144876,283.0,-0.0058269087949760785,210.95529562876578
1877-12-31,Listed non-financial corporates,281,0.0,0.0014497774506223428,0.30357142857142855,280.0,0.0014487275379315024,211.26113385945774
1878-01-31,Listed non-financial corporates,274,0.0,0.009344343588878968,0.20802919708029197,274.0,0.009300955291003183,213.23523048121666
1878-02-28,Listed non-financial corporates,269,0.0,0.008064954754852825,0.26591760299625467,267.0,0.008032606813983599,214.9549629671883
1878-03-31,Listed non-financial corporates,277,0.0,0.004731062365962221,0.40875912408759124,274.0,0.0047199060640091845,215.97192830285917
1878-04-30,Listed non-financial corporates,276,0.0,-0.005452888164829275,0.35507246376811596,276.0,-0.005467809426867317,214.79425753108114
1878-05-31,Listed non-financial corporates,278,0.0,0.004671379383302317,0.29856115107913667,278.0,0.0046605023513059205,215.7976429973636
1878-06-30,Listed non-financial corporates,280,0.008196721311475308,0.026746583489719842,0.08363636363636363,275.0,0.026395146349330628,221.5694926726773
1878-07-31,Listed non-financial corporates,283,0.003266476255435191,0.00797706698633247,0.1773049645390071,282.0,0.00794541838474627,223.33696735785495
1878-08-31,Listed non-financial corporates,277,0.0,-0.0025121080823077967,0.3978102189781022,274.0,-0.002515268720168592,222.77592075707716
1878-09-30,Listed non-financial corporates,284,-0.014652036495915066,-0.017710921997985185,0.644927536231884,276.0,-0.017869637163886083,218.83035380151927
1878-10-31,Listed non-financial corporates,280,-0.008830065104674267,-0.027092460666255005,0.675,280.0,-0.02746622768989814,212.90170104856892
1878-11-30,Listed non-financial corporates,269,0.0,0.003225857902157887,0.31835205992509363,267.0,0.003220665985150037,213.5884916832793
1878-12-31,Listed non-financial corporates,281,0.0,-0.012476323621406367,0.45714285714285713,280.0,-0.012554806414693231,210.9236925392307
1879-01-31,Listed non-financial corporates,270,0.004878048780487809,0.02206611607823819,0.16356877323420074,269.0,0.021826182524870934,215.57795922245197
1879-02-28,Listed non-financial corporates,278,0.0,0.006702136712524568,0.2690909090909091,275.0,0.006679777242817397,217.02279217736788
1879-03-31,Listed non-financial corporates,283,0.0,-0.012010229249832942,0.43010752688172044,279.0,-0.012082934779600749,214.41629869087882
1879-04-30,Listed non-financial corporates,276,0.0,0.008506572571186645,0.25461254612546125,271.0,0.008470595566090184,216.240246496138
1879-05-31,Listed non-financial corporates,281,0.013500541917171649,0.024185589890990726,0.16071428571428573,280.0,0.023897750323228877,221.47014441582033
1879-06-30,Listed non-financial corporates,279,0.004016064257028162,0.012752870025470204,0.2078853046594982,279.0,0.01267223698997766,224.29452438207744
1879-07-31,Listed non-financial corporates,285,0.0,0.0021168098091967247,0.29577464788732394,284.0,0.0021145725240277126,224.7693132314385
1879-08-31,Listed non-financial corporates,272,0.0,0.0020960676774913005,0.2814814814814815,270.0,0.0020938739925102667,225.24044492379485
1879-09-30,Listed non-financial corporates,268,0.0,0.007642317980283506,0.352059925093633,267.0,0.0076132634038770415,226.96180402592302
1879-10-31,Listed non-financial corporates,264,0.0071428571428571175,0.04171366805030139,0.17870722433460076,263.0,0.04086711483060795,236.42921337915794
1879-11-30,Listed non-financial corporates,273,0.01118760757314985,0.05312812376905373,0.08856088560885608,271.0,0.05176490074438975,248.99025389018584
1879-12-31,Listed non-financial corporates,282,0.0,0.005542775277705953,0.2357142857142857,280.0,0.005527470626267133,250.3703509138381
1880-01-31,Listed non-financial corporates,280,0.007275132275132212,0.03480289051796549,0.14388489208633093,278.0,0.03421096463658708,259.08396282563706
1880-02-29,Listed non-financial corporates,277,0.0,0.024948443313919627,0.21660649819494585,277.0,0.02464231211939195,265.5477043857381
1880-03-31,Listed non-financial corporates,284,0.0,-0.00013819915965498515,0.36298932384341637,281.0,-0.0001382087100387633,265.5110059161437
1880-04-30,Listed non-financial corporates,280,0.0,0.01567177770790644,0.22857142857142856,280.0,0.015550243526187522,269.6720353798641
1880-05-31,Listed non-financial corporates,277,0.0,-0.010085710918820913,0.3467153284671533,274.0,-0.01013691628715671,266.9522011881328
1880-06-30,Listed non-financial corporates,283,0.0,0.00572032198402018,0.18021201413427562,283.0,0.0057040230693732995,268.47925373327183
1880-07-31,Listed non-financial corporates,282,0.0038461538461538325,0.010057150059465983,0.17437722419928825,281.0,0.0100069134696347,271.1793898759208
1880-08-31,Listed non-financial corporates,256,0.004672897196261738,0.018241667255090622,0.16862745098039217,255.0,0.018077284115002982,276.12615407247574
1880-09-30,Listed non-financial corporates,284,0.0,0.0010402932420971454,0.32616487455197135,279.0,0.0010397525120617445,276.4134062445236
1880-10-31,Listed non-financial corporates,266,0.0,0.020980902870452563,0.2840909090909091,264.0,0.020763834669159993,282.21280907303094
1880-11-30,Listed non-financial corporates,263,0.0,0.013661836948586623,0.2054263565891473,258.0,0.013569355413912455,286.06835445538934
1880-12-31,Listed non-financial corporates,293,0.007968253968253958,0.01758630060108736,0.09310344827586207,290.0,0.017433451053477652,291.0992385293002
1881-01-31,Listed non-financial corporates,294,0.0,0.0062663312575351295,0.3356401384083045,289.0,0.006246779440086876,292.923362786741
1881-02-28,Listed non-financial corporates,294,0.0,-0.0025830411980329077,0.3896551724137931,290.0,-0.0025863830048718606,292.1667296727966
1881-03-31,Listed non-financial corporates,297,0.0,-0.002184306394869475,0.4280821917808219,292.0,-0.0021866954717006783,291.5285480168041
1881-04-30,Listed non-financial corporates,299,0.004098636027682678,0.01626356386813194,0.25,296.0,0.01613272877052478,296.26984117685925
1881-05-31,Listed non-financial corporates,297,0.015686515748031482,0.02820581457794026,0.10273972602739725,292.0,0.027815355727284444,304.62637338212954
1881-06-30,Listed non-financial corporates,299,0.0,0.0023656863595556067,0.27796610169491526,295.0,0.002362892528930164,305.3470238384005
1881-07-31,Listed non-financial corporates,305,0.0,-0.002256000137382942,0.28040540540540543,296.0,-0.0022585487395122045,304.6581609106716
1881-08-31,Listed non-financial corporates,309,0.0,-0.003001603814316866,0.3651315789473684,304.0,-0.0030061176618301636,303.7436978128194
1881-09-30,Listed non-financial corporates,311,0.0,-6.168448334681948e-06,0.43790849673202614,306.0,-6.1684673596376135e-06,303.7418241855124
1881-10-31,Listed non-financial corporates,318,0.0,-0.0011272407821265595,0.46006389776357826,313.0,-0.0011278765958720376,303.399434014053
1881-11-30,Listed non-financial corporates,314,0.0,0.005962762581150711,0.2012987012987013,308.0,0.005945055665575384,305.2085328063343
1881-12-31,Listed non-financial corporates,319,0.0,-0.00820559904074331,0.29337539432176657,317.0,-0.008239450275508067,302.704113962312
1882-01-31,Listed non-financial corporates,323,0.0,0.0031702536033329266,0.359375,320.0,0.0031652389450752103,303.6637627703447
1882-02-28,Listed non-financial corporates,326,-0.00649350649350644,-0.009524632294648002,0.5386996904024768,323.0,-0.009570281698592264,300.77147708874793
1882-03-31,Listed non-financial corporates,325,0.0,0.003563947250247659,0.29721362229102166,323.0,0.003557611439447644,301.84341076747137
1882-04-30,Listed non-financial corporates,327,0.0,-0.0033089649174457406,0.24233128834355827,326.0,-0.003314451648802667,300.8446215106796
1882-05-31,Listed non-financial corporates,324,0.0,0.009161956507057378,0.20679012345679013,324.0,0.009120240390772963,303.6009468483426
1882-06-30,Listed non-financial corporates,324,0.0,-0.003962817557710611,0.3198757763975155,322.0,-0.003970690324985122,302.3978316856344
1882-07-31,Listed non-financial corporates,319,0.0,0.021964393867857576,0.23510971786833856,319.0,0.021726651514967103,309.0398167655638
1882-08-31,Listed non-financial corporates,315,0.0,-0.002179503459744091,0.3523809523809524,315.0,-0.0021818820341120934,308.3662634157245
1882-09-30,Listed non-financial corporates,321,0.0,0.006966474995477849,0.3311897106109325,311.0,0.00694232122143904,310.5144892792591
1882-10-31,Listed non-financial corporates,320,0.0,-0.0022943050891338717,0.2601880877742947,319.0,-0.002296941039609735,309.802074306256
1882-11-30,Listed non-financial corporates,323,0.0,-0.0066238929748790145,0.3426791277258567,321.0,-0.006645928314340057,307.74997852265574
1882-12-31,Listed non-financial corporates,323,0.0,0.0031542289461047295,0.2554517133956386,321.0,0.0031492648019414184,308.720692413075
1883-01-31,Listed non-financial corporates,317,0.0,0.006794408454352714,0.3525423728813559,295.0,0.006771430483657789,310.8182668956401
1883-02-28,Listed non-financial corporates,317,0.0,0.003430916571783273,0.3069620253164557,316.0,0.0034250444049651824,311.88465843834524
1883-03-31,Listed non-financial corporates,315,0.0,0.0052105814130953025,0.30990415335463256,313.0,0.005197053306283495,313.50975884263363
1883-04-30,Listed non-financial corporates,315,0.0,0.012169443097078026,0.28662420382165604,314.0,0.012095990740177706,317.3249980132478
1883-05-31,Listed non-financial corporates,320,0.0,-0.013744654790051982,0.41509433962264153,318.0,-0.013839987105487,312.9634754593018
1883-06-30,Listed non-financial corporates,321,0.0,0.0014492629783087415,0.178125,320.0,0.001448213810276522,313.4170418378477
1883-07-31,Listed non-financial corporates,321,0.0,0.0016448762187552563,0.4276729559748428,318.0,0.0016435248915088344,313.9325740765195
1883-08-31,Listed non-financial corporates,315,0.0,-0.00866313324970746,0.3762057877813505,311.0,-0.008700876328873198,311.2129343558709
1883-09-30,Listed non-financial corporates,316,0.0,0.0052252786632973735,0.2779552715654952,313.0,0.005211674265344357,312.8391086615028
1883-10-31,Listed non-financial corporates,315,0.0,0.0014615865055260897,0.3111111111111111,315.0,0.001460519427594117,313.29635008112325
1883-11-30,Listed non-financial corporates,316,0.0,-0.0016142429427700052,0.31645569620253167,316.0,-0.0016155472367296727,312.7906136590092
1883-12-31,Listed non-financial corporates,313,0.0,0.005482757450701422,0.21474358974358973,312.0,0.005467781849525525,314.5055687265576
1884-01-31,Listed non-financial corporates,316,0.0,-0.010141041296867376,0.35782747603833864,313.0,-0.010192811959171464,311.3161547660069
1884-02-29,Listed non-financial corporates,316,0.0,-0.0032342321307019715,0.38782051282051283,312.0,-0.0032394735638317583,310.30928605545597
1884-03-31,Listed non-financial corporates,319,0.0,-0.008036553354747714,0.379746835443038,316.0,-0.00806902051604029,307.81546892159764
1884-04-30,Listed non-financial corporates,317,0.0,-0.0040976417877878766,0.2310126582278481,316.0,-0.004106060126659778,306.55415139321707
1884-05-31,Listed non-financial corporates,320,0.0,-0.011126221840542322,0.30094043887147337,319.0,-0.011188581227781422,303.1433618986769
1884-06-30,Listed non-financial corporates,315,0.0,-0.022487937083728773,0.41904761904761906,315.0,-0.022744646619454936,296.3262930489494
1884-07-31,Listed non-financial corporates,318,0.0,0.023887470934949844,0.16455696202531644,316.0,0.023606628913696578,303.4047787614176
1884-08-31,Listed non-financial corporates,318,0.0,0.008124966368620026,0.23174603174603176,315.0,0.008092136537008385,305.8699323849327
1884-09-30,Listed non-financial corporates,318,0.0,-0.004901459180898238,0.3113207547169811,318.0,-0.004913510728187831,304.3707233966839
1884-10-31,Listed non-financial corporates,318,0.0,-0.01127182812396344,0.416403785488959,317.0,-0.011335836628375678,300.93990891659007
1884-11-30,Listed non-financial corporates,315,0.0,0.0035003687002580024,0.2802547770700637,314.0,0.003494256668496208,301.9933095544202
1884-12-31,Listed non-financial corporates,320,0.0,-0.007987531698943194,0.3072100313479624,319.0,-0.008019602924379836,299.58112842148546
1885-01-31,Listed non-financial corporates,321,0.0,-0.009581325158260497,0.403125,320.0,-0.009627521371598778,296.71074421880064
1885-02-28,Listed non-financial corporates,323,0.0,-0.0030564638255227545,0.3426791277258567,321.0,-0.003061144350751636,295.8038585624519
1885-03-31,Listed non-financial corporates,324,-0.009433962264150941,-0.025949810607120146,0.5510835913312694,323.0,-0.026292447516382367,288.12780445590096
1885-04-30,Listed non-financial corporates,322,0.0,-0.006927296413500789,0.38819875776397517,322.0,-0.006951401517938664,286.13185774946373
1885-05-31,Listed non-financial corporates,321,0.0,0.014198514018262231,0.140625,320.0,0.014098659201473036,290.19450494279096
1885-06-30,Listed non-financial corporates,320,0.0,-0.0001451573195844963,0.21875,320.0,-0.00014516785592784135,290.1523810862953
1885-07-31,Listed non-financial corporates,323,0.0,0.020241303976733682,0.2546583850931677,322.0,0.020039171843521726,296.0254436314361
1885-08-31,Listed non-financial corporates,325,0.0,0.020825939925492202,0.2777777777777778,324.0,0.02061204465454167,302.1904517369215
1885-09-30,Listed non-financial corporates,322,0.0,-0.013332384350322558,0.3416149068322981,322.0,-0.013422058525497708,298.1615324873673
1885-10-31,Listed non-financial corporates,316,0.0,0.01888878332753907,0.18670886075949367,316.0,0.018712605327770502,303.79344107112814
1885-11-30,Listed non-financial corporates,316,0.0,0.027646951965823705,0.12974683544303797,316.0,0.027271676106858937,312.19240374395395
1885-12-31,Listed non-financial corporates,303,0.0,-0.010669349309890976,0.3222591362126246,301.0,-0.010726674933253369,308.86151393651517
1886-01-31,Listed non-financial corporates,297,0.0,-0.005932989291557963,0.3434343434343434,297.0,-0.005950659398225587,307.02904188175546
1886-02-28,Listed non-financial corporates,301,0.0,0.013226042790765677,0.25838926174496646,298.0,0.013139342319559887,311.0898211276913
1886-03-31,Listed non-financial corporates,303,0.0,0.006055083514963769,0.37542662116040953,293.0,0.006036825163601436,312.97349597527466
1886-04-30,Listed non-financial corporates,306,0.0,-0.0037073608588116098,0.3660130718954248,306.0,-0.0037142501537529276,311.81319028645044
1886-05-31,Listed non-financial corporates,307,0.0,-0.000554900863239369,0.23202614379084968,306.0,-0.0005550548777011881,311.6401648779911
1886-06-30,Listed non-financial corporates,308,0.0,0.014631516231238746,0.13725490196078433,306.0,0.014525508383607518,316.19993300870937
1886-07-31,Listed non-financial corporates,308,0.0,0.015125658105952443,0.1461038961038961,308.0,0.015012405920636508,320.98266508852413
1886-08-31,Listed non-financial corporates,306,0.0,0.007667273405774735,0.2908496732026144,306.0,0.007638029251863048,323.44372694027214
1886-09-30,Listed non-financial corporates,307,0.0,0.02933382873032814,0.20521172638436483,307.0,0.028911824773768097,332.9315698302371
1886-10-31,Listed non-financial corporates,306,0.0,0.004783250236805648,0.2581699346405229,306.0,0.004771846844453356,334.52406484046764
1886-11-30,Listed non-financial corporates,311,0.0,0.015239342854962581,0.2607260726072607,303.0,0.015124390464376318,339.6219917578072
1886-12-31,Listed non-financial corporates,308,0.0,-0.017087308565201232,0.3409090909090909,308.0,-0.017234981258915393,333.81876598911333
1887-01-31,Listed non-financial corporates,312,0.0,-0.008606801764010826,0.36217948717948717,312.0,-0.00864405418580232,330.9456540451383
1887-02-28,Listed non-financial corporates,313,0.0,-0.0019030655196273344,0.36482084690553745,307.0,-0.001904878649515158,330.3158427820545
1887-03-31,Listed non-financial corporates,316,0.0,0.018315984656779187,0.16720257234726688,311.0,0.018150267466740446,336.3659026903417
1887-04-30,Listed non-financial corporates,312,0.0,0.015024161200754657,0.18971061093247588,311.0,0.01491241634911118,341.4195182347988
1887-05-31,Listed non-financial corporates,312,0.007722007722007707,0.011800627422714483,0.14790996784565916,311.0,0.01173154298097634,345.4484827643303
1887-06-30,Listed non-financial corporates,314,0.0,-0.0016597729291838118,0.24281150159744408,313.0,-0.0016611518783115572,344.87511672421044
1887-07-31,Listed non-financial corporates,313,0.0,-0.005808797707304027,0.34294871794871795,312.0,-0.005825734392405552,342.8718069368766
1887-08-31,Listed non-financial corporates,311,0.0,-0.011232857111241591,0.4032258064516129,310.0,-0.01129642210998373,339.0203769220815
1887-09-30,Listed non-financial corporates,310,0.0,-0.009353326338341543,0.3709677419354839,310.0,-0.009397343380652798,335.8494087013817
1887-10-31,Listed non-financial corporates,309,0.0,-0.010615108428029842,0.3116883116883117,308.0,-0.010671850598258042,332.28433081252683
1887-11-30,Listed non-financial corporates,309,0.0,-0.0019465692220806004,0.237012987012987,308.0,-0.0019484662501461601,331.6375163611875
1887-12-31,Listed non-financial corporates,312,0.0,0.013254269723661583,0.17096774193548386,310.0,0.013167200407026533,336.0331294535239
1888-01-31,Listed non-financial corporates,315,0.0,0.005490631966840156,0.22875816993464052,306.0,0.005475613396357733,337.87816369601876
1888-02-29,Listed non-financial corporates,321,0.0,0.0020284217437412646,0.27936507936507937,315.0,0.0020263672741074987,338.5635231099951
1888-03-31,Listed non-financial corporates,318,0.010101010101010166,0.014170864086969624,0.21766561514195584,317.0,0.014071395990351057,343.3612607807925
1888-04-30,Listed non-financial corporates,319,0.0,0.0074082763641334405,0.3322884012539185,319.0,0.00738096986458889,345.90497589339384
1888-05-31,Listed non-financial corporates,320,0.0,-0.004849393770230741,0.3627760252365931,317.0,-0.0048611902327799295,344.2275464582047
1888-06-30,Listed non-financial corporates,325,0.0,0.002546885452349876,0.25077399380804954,323.0,0.0025436476359958697,345.1042545885771
1888-07-31,Listed non-financial corporates,325,0.0,0.014788359039153575,0.17846153846153845,325.0,0.014680077489920427,350.20778021137244
1888-08-31,Listed non-financial corporates,329,0.0,0.005929400476770468,0.25153374233128833,326.0,0.005911890762410204,352.28430239032656
1888-09-30,Listed non-financial corporates,326,0.0,0.017137139658994143,0.25077399380804954,323.0,0.016991955230997106,358.3214476800608
1888-10-31,Listed non-financial corporates,320,0.0,-0.005498357230073963,0.3514376996805112,313.0,-0.005513528834345226,356.3512683575186
1888-11-30,Listed non-financial corporates,318,0.0,0.005120083888142379,0.3270440251572327,318.0,0.0051070208289641554,358.1758167451551
1888-12-31,Listed non-financial corporates,318,0.0,0.0046667066132100804,0.22012578616352202,318.0,0.004655851297185352,359.8473181978517
1889-01-31,Listed non-financial corporates,317,0.00746268656716409,0.019040003564985856,0.1167192429022082,317.0,0.01886101113929536,366.6988124191893
1889-02-28,Listed non-financial corporates,317,0.0,0.019460999464800045,0.22044728434504793,313.0,0.019274055729583846,373.835137811422
1889-03-31,Listed non-financial corporates,317,0.0,0.0027605685633524495,0.38095238095238093,315.0,0.002756765191993021,374.8671353407408
1889-04-30,Listed non-financial corporates,316,0.0044345898004434225,0.022208983454654194,0.12698412698412698,315.0,0.021965955666637657,383.19255334721686
1889-05-31,Listed non-financial corporates,312,0.0,0.007936881290964126,0.1987179487179487,312.0,0.007905549921701994,386.23390715471515
1889-06-30,Listed non-financial corporates,312,0.0,-0.006678004040750941,0.33762057877813506,311.0,-0.006700401679773912,383.6546355620609
1889-07-31,Listed non-financial corporates,312,0.0,0.012714306349331503,0.2467948717948718,312.0,0.012634158193546725,388.53253813093806
1889-08-31,Listed non-financial corporates,312,0.0,0.004330721928074637,0.2692307692307692,312.0,0.004321371338680072,390.2151645135922
1889-09-30,Listed non-financial corporates,307,0.0,0.0006409737837164844,0.3973941368078176,307.0,0.0006407684477594036,390.46528220405406
1889-10-31,Listed non-financial corporates,311,0.0,-0.0038325485379605527,0.31493506493506496,308.0,-0.003839911570916647,388.9688050576185
1889-11-30,Listed non-financial corporates,312,0.0,0.0035808402953121706,0.3064516129032258,310.0,0.0035744443507251295,390.36164022838835
1889-12-31,Listed non-financial corporates,315,0.0,-0.001315255226105548,0.2715654952076677,313.0,-0.0013161209334277577,389.8482150410068
1890-01-31,Listed non-financial corporates,314,0.0,-0.007143059061283991,0.3408360128617363,311.0,-0.007168692849710622,387.06350621603275
1890-02-28,Listed non-financial corporates,329,0.0,-0.007006627843791715,0.43037974683544306,316.0,-0.007031289524991452,384.3514962760638
1890-03-31,Listed non-financial corporates,330,0.0,-0.00917066568198238,0.45288753799392095,329.0,-0.009212975105547801,380.8267371993463
1890-04-30,Listed non-financial corporates,330,0.0,0.014020721824410111,0.14893617021276595,329.0,0.01392334068445518,386.1662029449161
1890-05-31,Listed non-financial corporates,331,0.0033057851239668423,0.03145682746773299,0.1337386018237082,329.0,0.030972198526002668,398.31376656482394
1890-06-30,Listed non-financial corporates,330,0.0,-0.008898449207905937,0.38181818181818183,330.0,-0.008938276852613428,394.76939174423717
1890-07-31,Listed non-financial corporates,331,0.0,-0.005105763075830118,0.29003021148036257,331.0,-0.005118842021783149,392.75379276040155
1890-08-31,Listed non-financial corporates,337,0.0,0.004658431613638474,0.3495440729483283,329.0,0.004647614701311221,394.583409444973
1890-09-30,Listed non-financial corporates,336,0.0,-0.0002547903107587309,0.31212121212121213,330.0,-0.0002548227753245141,394.4828734154603
1890-10-31,Listed non-financial corporates,338,0.0,-0.011164996790412515,0.47604790419161674,334.0,-0.011227793219193342,390.0784733999039
1890-11-30,Listed non-financial corporates,338,0.0,-0.012371560609739665,0.4166666666666667,336.0,-0.01244872545927865,385.25259392368224
1890-12-31,Listed non-financial corporates,342,0.0,-0.00900110313615003,0.3343195266272189,338.0,-0.009041857807309518,381.7848955923059
1891-01-31,Listed non-financial corporates,340,0.0,0.011819616781594518,0.2551928783382789,337.0,0.011750310690911026,386.29744675120804
1891-02-28,Listed non-financial corporates,342,0.0,-0.010240118658089017,0.375366568914956,341.0,-0.01029290937115822,382.3417150591588
1891-03-31,Listed non-financial corporates,336,0.0,0.0021858654056751002,0.2916666666666667,336.0,0.0021834798775523462,383.17746258725316
1891-04-30,Listed non-financial corporates,344,0.0,0.000635574945194576,0.2934131736526946,334.0,0.0006353730529796561,383.4210005820368
1891-05-31,Listed non-financial corporates,345,0.0,-0.01867774386498729,0.4069767441860465,344.0,-0.01885437577108615,376.25956134070844
1891-06-30,Listed non-financial corporates,347,0.0,-0.00977985155321121,0.36127167630057805,346.0,-0.009827988406053794,372.5797986853199
1891-07-31,Listed non-financial corporates,344,0.0,-0.012210605789437806,0.25146198830409355,342.0,-0.012285767711383209,368.03037363846533
1891-08-31,Listed non-financial corporates,347,0.0,0.017157983888976,0.3294460641399417,343.0,0.017012448058946507,374.34503286000796
1891-09-30,Listed non-financial corporates,349,0.0,0.028452466952598437,0.2132564841498559,347.0,0.028055213148476598,384.9960725363268
1891-10-31,Listed non-financial corporates,353,0.0,-0.007097279959888468,0.39080459770114945,348.0,-0.0071225854558469885,382.2636476260789
1891-11-30,Listed non-financial corporates,357,0.0,-0.0076400477290041735,0.26988636363636365,352.0,-0.007669382401368785,379.34313511315236
1891-12-31,Listed non-financial corporates,357,0.0,0.008117615990625516,0.1484593837535014,357.0,0.008084845372682371,382.42249701268094
1892-01-31,Listed non-financial corporates,358,0.0,-0.0009737824674308113,0.3492957746478873,355.0,-0.0009742569015998727,382.05010068993886
1892-02-29,Listed non-financial corporates,352,0.0,-0.00020121020172776956,0.39488636363636365,352.0,-0.0002012304472161873,381.9732283121089
1892-03-31,Listed non-financial corporates,358,0.0,0.0006542885908250016,0.2994350282485876,354.0,0.000654074637364745,382.2231490373941
1892-04-30,Listed non-financial corporates,352,0.0,-0.014316413033735997,0.375,352.0,-0.014419881594486705,376.7510845647196
1892-05-31,Listed non-financial corporates,354,0.0,0.0014735512655509536,0.2215909090909091,352.0,0.0014724666542410279,377.3062466021776
1892-06-30,Listed non-financial corporates,353,0.0,0.0010356593116727063,0.21813031161473087,353.0,0.0010351233865597508,377.69700732982346
1892-07-31,Listed non-financial corporates,353,0.0,-0.007568224773843533,0.2776203966005666,353.0,-0.007597009109806793,374.8385114819433
1892-08-31,Listed non-financial corporates,355,0.0,-0.0020316999457914526,0.3192090395480226,354.0,-0.0020337666478797865,374.0769520984849
1892-09-30,Listed non-financial corporates,356,0.0,-0.004775021440507297,0.30484330484330485,351.0,-0.004786458277337529,372.290726631815
1892-10-31,Listed non-financial corporates,355,0.0,0.021418923784202504,0.2084507042253521,355.0,0.02119276235976105,380.26479333110717
1892-11-30,Listed non-financial corporates,352,0.0,0.0029736341274996946,0.26420454545454547,352.0,0.0029692216228230303,381.39556169804325
1892-12-31,Listed non-financial corporates,351,0.0,-0.009500866016752693,0.3142857142857143,350.0,-0.00954628716673313,377.7719735669659
1893-01-31,Listed non-financial corporates,350,0.0,0.007570824241234043,0.18857142857142858,350.0,0.007542309381613525,380.6320187821056
1893-02-28,Listed non-financial corporates,350,0.0,-0.005830146164785779,0.32857142857142857,350.0,-0.005847207813861659,378.41287847760844
1893-03-31,Listed non-financial corporates,350,0.0,-0.004548523931928179,0.2737752161383285,347.0,-0.0045588999425513945,376.6916584437032
1893-04-30,Listed non-financial corporates,350,0.0,0.008477623748309852,0.22285714285714286,350.0,0.008441890509370746,379.8851085931158
1893-05-31,Listed non-financial corporates,344,0.0,-0.026080913728333405,0.42441860465116277,344.0,-0.02642705243346093,369.97735784922014
1893-06-30,Listed non-financial corporates,342,0.0,-0.005778922985473929,0.23976608187134502,342.0,-0.0057956855719036434,367.83928719184036
1893-07-31,Listed non-financial corporates,345,0.0,-0.03655773779738675,0.4518950437317784,343.0,-0.03724271798544966,354.39191497910343
1893-08-31,Listed non-financial corporates,345,0.0,-0.005763082397355833,0.4,345.0,-0.0057797530370838875,352.3495251721222
1893-09-30,Listed non-financial corporates,344,0.0,0.007424003933341223,0.2441860465116279,344.0,0.007396581654574487,354.9653694329109
1893-10-31,Listed non-financial corporates,343,0.0,0.008589959665033666,0.27405247813411077,343.0,0.00855327588660224,358.0145076388234
1893-11-30,Listed non-financial corporates,344,0.0,0.002433540627980039,0.24127906976744187,344.0,0.0024305843631417146,358.8857504885687
1893-12-31,Listed non-financial corporates,333,0.0,-0.012401874254872504,0.3413897280966767,331.0,-0.012479419300350134,354.4348945391439
1894-01-31,Listed non-financial corporates,344,0.0,0.010930466783267624,0.18181818181818182,341.0,0.010871160999784727,358.30903338073495
1894-02-28,Listed non-financial corporates,342,0.0,0.0051800690886596844,0.2991202346041056,341.0,0.005166698683981262,360.1650989287381
1894-03-31,Listed non-financial corporates,341,0.007421175822662773,0.02766745820963293,0.15588235294117647,340.0,0.02729163046878856,370.1299517519172
1894-04-30,Listed non-financial corporates,337,0.0,0.006153650215735172,0.2433234421364985,337.0,0.006134793827784195,372.4076020093655
1894-05-31,Listed non-financial corporates,339,0.0,-0.0038424302062188913,0.29376854599406527,337.0,-0.003849831306053227,370.9766517903792
1894-06-30,Listed non-financial corporates,340,0.0,-0.003117212996254443,0.2911764705882353,340.0,-0.003122081625020993,369.82023855011124
1894-07-31,Listed non-financial corporates,340,0.0,0.0004947273579707958,0.26176470588235295,340.0,0.0004946050207388208,370.0031987396533
1894-08-31,Listed non-financial corporates,343,0.0,0.03471496255372533,0.14619883040935672,342.0,0.03412599028938581,382.8478459286589
1894-09-30,Listed non-financial corporates,334,0.0,0.017756402493250188,0.16314199395770393,331.0,0.017600599212163906,389.645846374642
1894-10-31,Listed non-financial corporates,337,0.0,-0.007595022886415554,0.3958333333333333,336.0,-0.007624011947739998,386.68647725382976
1894-11-30,Listed non-financial corporates,330,0.0,0.0031659708571857527,0.19696969696969696,330.0,0.003160969724298586,387.9107153716833
1894-12-31,Listed non-financial corporates,326,0.0,-0.00347313805467099,0.21846153846153846,325.0,-0.0034791834002497195,386.56344790431126
1895-01-31,Listed non-financial corporates,325,0.006825938566553003,0.012332747901498102,0.15987460815047022,319.0,0.012257319095859769,391.330837455249
1895-02-28,Listed non-financial corporates,321,0.0,-0.010021111928758576,0.4012539184952978,319.0,-0.010071661261450555,387.4092673319352
1895-03-31,Listed non-financial corporates,328,0.0,0.00457191682289818,0.30246913580246915,324.0,0.004561497357064373,389.18047027859666
1895-04-30,Listed non-financial corporates,321,0.0,0.02167791958594665,0.21875,320.0,0.021446294936028218,397.617093217717
1895-05-31,Listed non-financial corporates,330,0.007299658994032399,0.0342419704527889,0.12576687116564417,326.0,0.03366876268678966,411.2322859752019
1895-06-30,Listed non-financial corporates,322,0.0,0.007035417987561386,0.1956521739130435,322.0,0.007010784902978438,414.1254769970178
1895-07-31,Listed non-financial corporates,329,0.007092198581560183,0.020075472417288423,0.17378048780487804,328.0,0.01987661712483387,422.4392415877678
1895-08-31,Listed non-financial corporates,317,0.0,0.012871903782210637,0.1861198738170347,317.0,0.012789764933372326,427.8768388593156
1895-09-30,Listed non-financial corporates,323,0.0,0.017204116615809433,0.18012422360248448,322.0,0.017057801564922554,435.23808189225514
1895-10-31,Listed non-financial corporates,322,0.0,-0.009297242360638266,0.470404984423676,321.0,-0.009340731480871518,431.1915679603235
1895-11-30,Listed non-financial corporates,327,-0.0037453183520599342,-0.01912960582840475,0.5170278637770898,323.0,-0.01931494417789818,422.94304322871074
1895-12-31,Listed non-financial corporates,326,0.0,-0.011428952319472486,0.2852760736196319,326.0,-0.011494764720073408,418.1092473537972
1896-01-31,Listed non-financial corporates,338,0.00559212578773316,0.013569635662818113,0.17261904761904762,336.0,0.013478392653045967,423.78283750764336
1896-02-29,Listed non-financial corporates,336,0.011406844106463865,0.04131529604919783,0.14328358208955225,335.0,0.040484621823716295,441.2915508998407
1896-03-31,Listed non-financial corporates,332,0.0,-0.013276252949750298,0.38414634146341464,328.0,-0.013365170265370126,435.43285264550684
1896-04-30,Listed non-financial corporates,337,0.012121657361151894,0.025664456778855725,0.12048192771084337,332.0,0.025340653082722958,446.60800027232125
1896-05-31,Listed non-financial corporates,313,0.009501187648456089,0.010465262856101344,0.19488817891373802,313.0,0.010410881076800662,451.28187038880895
1896-06-30,Listed non-financial corporates,336,0.0,0.0033801217956448753,0.2208955223880597,335.0,0.003374422024304403,452.8072580748895
1896-07-31,Listed non-financial corporates,339,0.0,-0.00925677100268136,0.25443786982248523,338.0,-0.009299881154155087,448.6157249785383
1896-08-31,Listed non-financial corporates,343,0.0,0.0004934327281286005,0.4024024024024024,333.0,0.0004933110302315108,448.83708665959585
1896-09-30,Listed non-financial corporates,336,-0.007518796992481258,0.005257553722737986,0.5313432835820896,335.0,0.005243781039820099,451.1968717554658
1896-10-31,Listed non-financial corporates,330,0.0,-0.005685590909824813,0.4484848484848485,330.0,-0.005701815408288433,448.63155092287155
1896-11-30,Listed non-financial corporates,333,0.0,0.010606573600941003,0.1831831831831832,333.0,0.010550718506149685,453.3899944874393
1896-12-31,Listed non-financial corporates,337,0.0,-0.004503134624199502,0.2878338278931751,337.0,-0.004513304276615005,451.34831830499735
1897-01-31,Listed non-financial corporates,337,0.0,0.020041559436483624,0.16119402985074627,335.0,0.019843371011715443,460.39404245286386
1897-02-28,Listed non-financial corporates,338,-0.006535947712418277,-0.011298209192082359,0.5341246290801187,337.0,-0.011362518805361281,455.19241425044294
1897-03-31,Listed non-financial corporates,342,-0.004451283541478168,-0.01106355736298862,0.5149700598802395,334.0,-0.011125213694419767,450.15636686418594
1897-04-30,Listed non-financial corporates,336,0.0,-0.0022090315337893714,0.36227544910179643,334.0,-0.0022114750431373644,449.1619572546468
1897-05-31,Listed non-financial corporates,343,0.0037735849056603765,0.011547120116374017,0.18181818181818182,341.0,0.011480960936465898,454.3484843267719
1897-06-30,Listed non-financial corporates,344,0.0,0.01300832554883858,0.19005847953216373,342.0,0.012924443938437887,460.258797323516
1897-07-31,Listed non-financial corporates,344,0.0,0.0024776100181399,0.2303206997084548,343.0,0.0024745458026825705,461.39913913070166
1897-08-31,Listed non-financial corporates,348,0.0,0.015381420240429858,0.41896024464831805,327.0,0.015264325392927472,468.4961131882436
1897-09-30,Listed non-financial corporates,346,0.0,0.02052674310393501,0.2857142857142857,343.0,0.02031890880772108,478.1128125488506
1897-10-31,Listed non-financial corporates,350,0.0,-0.0009957679736411382,0.3323615160349854,343.0,-0.0009962640799349855,477.6367231223271
1897-11-30,Listed non-financial corporates,356,0.0,-0.008051006475300592,0.34097421203438394,349.0,-0.008083590837048907,473.79126677162793
1897-12-31,Listed non-financial corporates,356,0.0,0.00893801579972165,0.18361581920903955,354.0,0.008898308166078547,478.02602059980285
1898-01-31,Listed non-financial corporates,358,0.0,0.027698724048333494,0.19553072625698323,358.0,0.027322054087677364,491.2667314323198
1898-02-28,Listed non-financial corporates,360,-0.006618673528043129,-0.009877421046364233,0.5307262569832403,358.0,-0.00992652639332436,486.4142830798916
1898-03-31,Listed non-financial corporates,360,-0.012698412698412653,-0.027313582022449528,0.6348314606741573,356.0,-0.027693532422538414,473.12856666209797
1898-04-30,Listed non-financial corporates,357,-0.0103896804835924,-0.01788666976324062,0.635593220338983,354.0,-0.018048569713538076,464.6658722346577
1898-05-31,Listed non-financial corporates,358,0.0,0.02049189735537577,0.16806722689075632,357.0,0.020284763359098637,474.18775759303645
1898-06-30,Listed non-financial corporates,359,0.0,0.0052082165689766565,0.20728291316526612,357.0,0.005194700717737247,476.6574301289384
1898-07-31,Listed non-financial corporates,356,0.0,-0.007187874638807193,0.31179775280898875,356.0,-0.007213831869390595,473.23127627551554
1898-08-31,Listed non-financial corporates,358,0.0,0.006716594085223989,0.3994413407821229,358.0,0.006694138262190591,476.4097786666906
1898-09-30,Listed non-financial corporates,356,0.0,0.004452291598765194,0.36797752808988765,356.0,0.004442409469747831,478.530893921818
1898-10-31,Listed non-financial corporates,359,-0.007117798295274647,-0.01809812484850256,0.547486033519553,358.0,-0.01826389909133399,469.87038205975534
1898-11-30,Listed non-financial corporates,358,0.0,0.023574268236925534,0.12640449438202248,356.0,0.02330068649291758,480.9472324830187
1898-12-31,Listed non-financial corporates,358,0.0,0.02216479020851221,0.17415730337078653,356.0,0.02192272164875092,491.6073269923694
1899-01-31,Listed non-financial corporates,351,0.006568303889212479,0.0342244478798956,0.12857142857142856,350.0,0.03365182011258258,508.4323163323945
1899-02-28,Listed non-financial corporates,355,0.0,0.020519931946614063,0.2288135593220339,354.0,0.02031223462686649,518.8653128629945
1899-03-31,Listed non-financial corporates,350,0.0,0.00030015139108031887,0.37822349570200575,349.0,0.0003001063546631386,519.0210510084338
1899-04-30,Listed non-financial corporates,352,0.0,0.005446884038560669,0.32,350.0,0.005432103413637543,521.8480984868486
1899-05-31,Listed non-financial corporates,353,0.0,0.0038332279370706227,0.3764367816091954,348.0,0.0038258998397369807,523.8484611968755
1899-06-30,Listed non-financial corporates,356,0.0,-0.010019958694988302,0.37464788732394366,355.0,-0.01007049635469096,518.5995212532497
1899-07-31,Listed non-financial corporates,355,0.0,-0.0017644041302579678,0.3380281690140845,355.0,-0.0017659625245867773,517.6845021160007
1899-08-31,Listed non-financial corporates,358,0.0,0.0021714160921861964,0.4943502824858757,354.0,0.0021690619754921345,518.8086105745707
1899-09-30,Listed non-financial corporates,359,-0.0043290043290042934,-0.01200629973354732,0.5376044568245125,359.0,-0.012078957503127272,512.5796388916673
1899-10-31,Listed non-financial corporates,359,0.0,-0.002434953337999127,0.4456824512534819,359.0,-0.0024379226579612787,511.33153138895756
1899-11-30,Listed non-financial corporates,357,0.0,0.004723995293675131,0.27247191011235955,356.0,0.004712872244307489,513.7470591367467
1899-12-31,Listed non-financial corporates,355,-0.01941747572815533,-0.03273360786467192,0.6788732394366197,355.0,-0.03328133839047349,496.93026436133596
1900-01-31,Listed non-financial corporates,358,0.0,0.0030118199794168837,0.19886363636363635,352.0,0.0030072935359005877,498.42692885991636
1900-02-28,Listed non-financial corporates,359,0.0,0.006185707130797155,0.2913165266106443,357.0,0.0061666541747457185,501.5100518679464
1900-03-31,Listed non-financial corporates,359,0.0,0.01802979904902693,0.29608938547486036,358.0,0.01786918985023112,510.5521773241927
1900-04-30,Listed non-financial corporates,359,0.0,-0.008243203645120763,0.4401114206128134,359.0,-0.008277366719946585,506.34359175504954
1900-05-31,Listed non-financial corporates,360,-0.0038461538461538325,-0.019586737438103633,0.5070028011204482,357.0,-0.019781099714765462,496.425972769877
1900-06-30,Listed non-financial corporates,360,0.0,-0.014421543329006218,0.4166666666666667,360.0,-0.014526544527209655,489.2667440939322
1900-07-31,Listed non-financial corporates,355,-0.0080971659919028,-0.01969681612204974,0.5577464788732395,355.0,-0.0198933838589227,479.62974700088
1900-08-31,Listed non-financial corporates,365,0.0,-0.004497946895104044,0.44722222222222224,360.0,-0.004508093094381488,477.4723978695579
1900-09-30,Listed non-financial corporates,366,0.0,-0.0038372907755914436,0.2692307692307692,364.0,-0.0038446720646585736,475.64019744161345
1900-10-31,Listed non-financial corporates,366,0.0,0.006861197899283479,0.3743169398907104,366.0,0.006837766995963586,478.9036589651147
1900-11-30,Listed non-financial corporates,366,0.0,0.016103302482522397,0.2547945205479452,365.0,0.015975019659443392,486.6155894454167
1900-12-31,Listed non-financial corporates,365,0.0,0.01159632091441276,0.40821917808219177,365.0,0.011529598909484136,492.25853998258185
1901-01-31,Listed non-financial corporates,364,0.0,0.001149306013685983,0.3168044077134986,363.0,0.0011486460671347295,492.8242956828721
1901-02-28,Listed non-financial corporates,370,0.0,0.00585468550716595,0.325068870523416,363.0,0.005837613437960322,495.70962694438583
1901-03-31,Listed non-financial corporates,370,0.0,0.010851516756964318,0.45776566757493187,367.0,0.010793061553864062,501.08882826776136
1901-04-30,Listed non-financial corporates,370,0.0,0.007711480992516568,0.32432432432432434,370.0,0.0076818995036977925,504.95296524251063
1901-05-31,Listed non-financial corporates,363,0.0,0.0001669838019500559,0.27823691460055094,363.0,0.00016696986170684067,505.0372842084528
1901-06-30,Listed non-financial corporates,365,0.0,0.0012820472665276248,0.36187845303867405,362.0,0.0012812261456663946,505.6847658781668
1901-07-31,Listed non-financial corporates,367,-0.004613809031152327,-0.021788989305126082,0.5164835164835165,364.0,-0.022029874862869028,494.6664059226822
1901-08-31,Listed non-financial corporates,367,0.0,0.013790268392320783,0.2724795640326976,367.0,0.013696047870486517,501.4879884250207
1901-09-30,Listed non-financial corporates,361,0.0,0.00034583097215729866,0.2742382271468144,361.0,0.00034577118641009193,501.661418503583
1901-10-31,Listed non-financial corporates,363,0.0,-0.010093626939965385,0.4793388429752066,363.0,-0.010144912992409752,496.5978352950339
1901-11-30,Listed non-financial corporates,364,0.0,-0.004466158262025395,0.4214876033057851,363.0,-0.0044761613415048185,494.37995077002716
1901-12-31,Listed non-financial corporates,365,0.0,0.001492569252077038,0.2958904109589041,365.0,0.0014914564777151673,495.1178470833898
1902-01-31,Listed non-financial corporates,362,0.0,0.017581400747667418,0.1994459833795014,361.0,0.01742863586953315,503.8227123702852
1902-02-28,Listed non-financial corporates,360,0.0,0.007378915105477565,0.275,360.0,0.007351824097946868,507.540377393077
1902-03-31,Listed non-financial corporates,359,0.0,-0.002274985666483871,0.43454038997214484,359.0,-0.002277577377858814,506.38573030934583
1902-04-30,Listed non-financial corporates,359,0.0,0.015005842426814107,0.2116991643454039,359.0,0.014894368562715598,513.9844747855551
1902-05-31,Listed non-financial corporates,364,0.0,0.013166670429463252,0.15168539325842698,356.0,0.013080743252427373,520.7519389709173
1902-06-30,Listed non-financial corporates,361,0.0,0.007408542207643785,0.2659279778393352,361.0,0.007381233753105101,524.6099516904957
1902-07-31,Listed non-financial corporates,361,0.0,-0.001533871775678257,0.32590529247910865,359.0,-0.0015350493613213363,523.8052672923577
1902-08-31,Listed non-financial corporates,364,0.0,0.003698246912617415,0.34818941504178275,359.0,0.003691425211221655,525.7424285049344
1902-09-30,Listed non-financial corporates,361,0.0,-0.0031207344418990052,0.4527777777777778,360.0,-0.00312561408832577,524.1017260007314
1902-10-31,Listed non-financial corporates,363,0.0,0.00024489765599681573,0.3701657458563536,362.0,0.0002448676734608613,524.2300772849329
1902-11-30,Listed non-financial corporates,363,0.0,-0.008068000303308337,0.2853185595567867,361.0,-0.008100722739684426,520.0005888623948
1902-12-31,Listed non-financial corporates,363,0.0,0.012898851458624952,0.14325068870523416,363.0,0.012816369796085629,526.7079992165283
1903-01-31,Listed non-financial corporates,364,0.0,0.014650639692613592,0.22252747252747251,364.0,0.014544355897068954,534.4246083362669
1903-02-28,Listed non-financial corporates,362,0.0,0.015077858501481535,0.296398891966759,361.0,0.014965317435084462,542.4825869604709
1903-03-31,Listed non-financial corporates,365,0.0,-0.010312647279436662,0.4602739726027397,365.0,-0.010366191063271074,536.8881553859113
1903-04-30,Listed non-financial corporates,364,0.0,0.00652862066594457,0.3076923076923077,364.0,0.006507401526448363,540.3932944924646
1903-05-31,Listed non-financial corporates,360,0.0,-0.0032345448695530656,0.2905027932960894,358.0,-0.0032397873174840573,538.6453681342231
1903-06-30,Listed non-financial corporates,363,0.0,-0.012468761412394341,0.42699724517906334,363.0,-0.012547148694439724,531.9291275530662
1903-07-31,Listed non-financial corporates,362,0.0,-0.009571373525722158,0.3342541436464088,362.0,-0.009617473517297428,526.8378351840444
1903-08-31,Listed non-financial corporates,361,0.0,-0.008179673457798374,0.4487534626038781,361.0,-0.008213310539210516,522.5284737270254
1903-09-30,Listed non-financial corporates,362,0.0,-0.015538004999119498,0.48476454293628807,361.0,-0.0156599849991463,514.4094236900726
1903-10-31,Listed non-financial corporates,359,0.0,-0.008471089949809121,0.4178272980501393,359.0,-0.008507173555094245,510.0518151909644
1903-11-30,Listed non-financial corporates,356,0.0,0.0024539230837724475,0.3183098591549296,355.0,0.0024509171311020424,511.3034431141816
1903-12-31,Listed non-financial corporates,303,0.0,0.0045117348101204316,0.3687707641196013,301.0,0.004501587444655468,513.6103086570143
1904-01-31,Listed non-financial corporates,360,0.0,-0.0009606403426788585,0.329608938547486,358.0,-0.0009611020533284506,513.1169138741027
1904-02-29,Listed non-financial corporates,361,-0.01735366083192169,-0.026170891242974084,0.6444444444444445,360.0,-0.026519443754817906,499.68818692617305
1904-03-31,Listed non-financial corporates,363,0.0,0.009439901886884976,0.3453038674033149,362.0,0.0093956244447689,504.4051943847915
1904-04-30,Listed non-financial corporates,363,0.015625,0.025552845812518748,0.11294765840220386,363.0,0.02523182895540488,517.2941825439397
1904-05-31,Listed non-financial corporates,361,0.0,0.0050340546796737926,0.24653739612188366,361.0,0.005021426190353602,519.898269744343
1904-06-30,Listed non-financial corporates,361,0.0,0.0009469535152033636,0.27977839335180055,361.0,0.0009465054375735325,520.3905892384255
1904-07-31,Listed non-financial corporates,364,0.0,-0.0016283968536408313,0.3259668508287293,362.0,-0.0016297241328845666,519.5431868402453
1904-08-31,Listed non-financial corporates,366,0.0,0.0008587157690427878,0.3956043956043956,364.0,0.0008583472835912098,519.9893267674838
1904-09-30,Listed non-financial corporates,366,0.0,0.019613767526656604,0.20491803278688525,366.0,0.01942389629905722,530.188276539044
1904-10-31,Listed non-financial corporates,365,0.007968127490039834,0.04045863056209991,0.08310249307479224,361.0,0.03966160687045685,551.6389681478936
1904-11-30,Listed non-financial corporates,366,0.0,0.014238172820354982,0.2547945205479452,365.0,0.014137762026180485,559.4932991108255
1904-12-31,Listed non-financial corporates,365,0.0,0.006999615422109659,0.260989010989011,364.0,0.006975231831793884,563.4095370358488
1905-01-31,Listed non-financial corporates,368,0.0,0.009982177148065173,0.19672131147540983,366.0,0.009932684309414462,569.0335908414501
1905-02-28,Listed non-financial corporates,366,0.010204081632652962,0.02519718981112422,0.15027322404371585,366.0,0.024884974391189734,583.3716382387876
1905-03-31,Listed non-financial corporates,369,0.0,0.009344733413036542,0.3224043715846995,366.0,0.00930134150615837,588.8230906788556
1905-04-30,Listed non-financial corporates,369,0.0,-0.003370183908864911,0.3062330623306233,369.0,-0.0033758757706668133,586.8386485734815
1905-05-31,Listed non-financial corporates,369,0.0,-0.015091354900993906,0.4444444444444444,369.0,-0.015206388203612543,577.9824582582395
1905-06-30,Listed non-financial corporates,368,0.0,0.000445089104974663,0.3070652173913043,368.0,0.0004449900822005285,578.2397119532766
1905-07-31,Listed non-financial corporates,368,0.0,0.015113147483047738,0.1875,368.0,0.01500008163359163,586.9787340005815
1905-08-31,Listed non-financial corporates,369,0.0,0.011943940235672893,0.296195652173913,368.0,0.01187317430687415,593.9895729190955
1905-09-30,Listed non-financial corporates,368,0.0,0.016938256868294484,0.33608815426997246,363.0,0.01679640417947465,604.0507208822876
1905-10-31,Listed non-financial corporates,372,0.0,0.004655246166777264,0.3621621621621622,370.0,0.004644444019802965,606.862725685214
1905-11-30,Listed non-financial corporates,374,0.0,7.933837940832602e-07,0.28225806451612906,372.0,7.933834793545044e-07,606.8632071602658
1905-12-31,Listed non-financial corporates,375,0.0,0.001676521636135271,0.27540106951871657,374.0,0.001675117842511636,607.8806264572444
1906-01-31,Listed non-financial corporates,373,0.0,0.012143000062468181,0.20967741935483872,372.0,0.012069865292299633,615.2621209422878
1906-02-28,Listed non-financial corporates,374,-0.003949981942939662,-0.008356722793716517,0.5080213903743316,374.0,-0.008391835959141364,610.1205459520992
1906-03-31,Listed non-financial corporates,376,0.0,-0.003933788903678956,0.47043010752688175,372.0,-0.003941546602698554,607.7204605185261
1906-04-30,Listed non-financial corporates,378,0.0,-0.012804375309069723,0.46808510638297873,376.0,-0.012887057880006311,599.9389796590463
1906-05-31,Listed non-financial corporates,376,0.0,-0.003071286669606707,0.31016042780748665,374.0,-0.003076012749755541,598.096395068242
1906-06-30,Listed non-financial corporates,377,0.0,-0.006437749485406499,0.37333333333333335,375.0,-0.006458561162952861,594.246000308668
1906-07-31,Listed non-financial corporates,377,0.0,0.001556571316722954,0.216,375.0,0.0015553611152714106,595.1709865878258
1906-08-31,Listed non-financial corporates,378,0.0,0.009420594040745613,0.2891246684350133,377.0,0.009376496975407942,600.7778508372998
1906-09-30,Listed non-financial corporates,375,-0.007143221592938398,-0.009596135006980732,0.5401069518716578,374.0,-0.009642474602817306,595.0127054714612
1906-10-31,Listed non-financial corporates,375,-0.004807692307692291,-0.0062421127585306985,0.5226666666666666,375.0,-0.006261676198330436,591.2985690711499
1906-11-30,Listed non-financial corporates,374,0.0,0.010332378330451215,0.1443850267379679,374.0,0.010279364171660529,597.4080895930474
1906-12-31,Listed non-financial corporates,370,0.0,-0.008741581382220528,0.34054054054054056,370.0,-0.00878001313821898,592.185798159473
1907-01-31,Listed non-financial corporates,374,0.0,-0.005811731194569813,0.31693989071038253,366.0,-0.005828685023618987,588.7441734833284
1907-02-28,Listed non-financial corporates,377,-0.0092592592592593,-0.01593332003308655,0.5664893617021277,376.0,-0.016061620031755174,579.3635241496034
1907-03-31,Listed non-financial corporates,377,-0.015923566878980888,-0.02986999259395624,0.636604774535809,377.0,-0.03032518821203911,562.0579399740463
1907-04-30,Listed non-financial corporates,377,0.0,0.0034206338406870987,0.2838196286472148,377.0,0.003414796779928691,563.9805343839485
1907-05-31,Listed non-financial corporates,376,-0.01596812749003984,-0.028744532202172827,0.6764705882352942,374.0,-0.02916574766585377,547.7691777519505
1907-06-30,Listed non-financial corporates,376,0.0,0.003925168892818531,0.32180851063829785,376.0,0.003917485516536881,549.9192642889072
1907-07-31,Listed non-financial corporates,379,0.0,-0.0009752998551585809,0.28191489361702127,376.0,-0.0009757757695269562,549.3829281100974
1907-08-31,Listed non-financial corporates,378,-0.0114636710024964,-0.022392879605151936,0.5687830687830688,378.0,-0.022647407045046225,537.0806623438021
1907-09-30,Listed non-financial corporates,378,0.0,-0.005514390743100453,0.4365079365079365,378.0,-0.005529651122721382,534.1189897110752
1907-10-31,Listed non-financial corporates,378,0.0,-0.03447906883575512,0.4894179894179894,378.0,-0.035087498255604345,515.703064298343
1907-11-30,Listed non-financial corporates,376,0.0,0.004664635636393661,0.3351063829787234,376.0,0.004653789937992993,518.1086311898665
1907-12-31,Listed non-financial corporates,375,0.0066006600660066805,0.022665859628422765,0.168,375.0,0.022412805685763485,529.8520086966903
1915-01-31,Listed non-financial corporates,235,-0.12859154929577465,-0.11981046734866882,0.8439024390243902,205.0,-0.127618016687523,466.37019190910894
1915-02-28,Listed non-financial corporates,280,-0.013206599893217041,-0.036719978621621976,0.6094890510948905,274.0,-0.03741112920485711,449.2450884324446
1915-03-31,Listed non-financial corporates,293,0.0,-0.005004712341910655,0.47766323024054985,291.0,-0.0050172778567800285,446.9967459938241
1915-04-30,Listed non-financial corporates,312,0.0,0.014072191425648974,0.3322475570032573,307.0,0.013974097334620118,453.2869697700913
1915-05-31,Listed non-financial corporates,319,-0.0026391838724278416,-0.01833658749295894,0.5286624203821656,314.0,-0.018506786503458758,444.9752335894838
1915-06-30,Listed non-financial corporates,326,-0.0014893852027233478,-0.032380076782071804,0.5030864197530864,324.0,-0.032915910113133356,430.56690135973605
1915-07-31,Listed non-financial corporates,329,0.0,-0.022372832051988648,0.40425531914893614,329.0,-0.022626900496768597,420.9339003884695
1915-08-31,Listed non-financial corporates,336,0.0,-0.0014310157263445887,0.32934131736526945,334.0,-0.0014320406072128916,420.331537357262
1915-09-30,Listed non-financial corporates,338,0.0,-0.0029141098105569,0.2455621301775148,338.0,-0.0029183640955301546,419.1066451005628
1915-10-31,Listed non-financial corporates,334,0.0,0.018134510836132264,0.2930513595166163,331.0,0.017972041851603785,426.70693909763395
1915-11-30,Listed non-financial corporates,337,0.0,0.02202401553507986,0.1407185628742515,334.0,0.021784990072040045,436.10473935324654
1915-12-31,Listed non-financial corporates,340,0.0,-0.008663524169313833,0.3382352941176471,340.0,-0.008701270664740813,432.3265354035074
1916-01-31,Listed non-financial corporates,341,0.0,-0.005560161150250787,0.2823529411764706,340.0,-0.00557567638445453,429.92273019713434
1916-02-29,Listed non-financial corporates,347,0.0,-0.011902484475639305,0.3556851311953353,343.0,-0.011973886181344205,424.8055815752385
1916-03-31,Listed non-financial corporates,350,0.0,-0.004514766253095028,0.28939828080229224,349.0,-0.004524988589498365,422.88768367141614
1916-04-30,Listed non-financial corporates,274,0.0,-0.010252726169843688,0.3795620437956204,274.0,-0.010305647402159421,418.5519320501337
1916-05-31,Listed non-financial corporates,354,0.0,-0.009882558919275228,0.3248587570621469,354.0,-0.009931715534902175,414.41556792087175
1916-06-30,Listed non-financial corporates,358,0.012499999999999956,0.018503011063816337,0.1876750700280112,357.0,0.018333913051307094,422.08350375912926
1916-07-31,Listed non-financial corporates,360,0.0,0.006460751812066306,0.34818941504178275,359.0,0.006439970615156037,424.8104805208844
1916-08-31,Listed non-financial corporates,364,-0.0029721614773161042,0.0015906816345753743,0.5082417582417582,364.0,0.001589417840562536,425.48621875042426
1916-09-30,Listed non-financial corporates,364,0.0,0.004130490285017659,0.3159340659340659,364.0,0.004121983227520378,427.2436854433817
1916-10-31,Listed non-financial corporates,365,-0.015512265512265533,-0.021001073883060384,0.5851648351648352,364.0,-0.02122473337057393,418.2711092393142
1916-11-30,Listed non-financial corporates,366,0.0,-0.020115045207779528,0.4767123287671233,365.0,-0.020320107277787894,409.85756696785734
1916-12-31,Listed non-financial corporates,367,0.0,-0.014619385270996885,0.45231607629427795,367.0,-0.014727301555121567,403.8657012901208
1917-01-31,Listed non-financial corporates,368,0.0,-0.018379104367184516,0.48097826086956524,368.0,-0.018550098492512965,396.44301141578353
1917-02-28,Listed non-financial corporates,366,-0.010643115942028991,-0.017571465308924734,0.5327868852459017,366.0,-0.017727676112187157,389.47692679372545
1917-03-31,Listed non-financial corporates,362,0.0,0.0004797553580315919,0.25761772853185594,361.0,0.0004796403122242362,389.66378043618437
1917-04-30,Listed non-financial corporates,341,0.02614379084967311,0.039890136394717654,0.09090909090909091,341.0,0.039115069491183874,405.20752178586514
1917-05-31,Listed non-financial corporates,342,0.0,-0.0032636173203966588,0.3888888888888889,342.0,-0.003268954534984686,403.8850794994098
1917-06-30,Listed non-financial corporates,339,0.0,0.004655659018761647,0.2448377581120944,339.0,0.004644854958680883,405.7654307123245
1917-07-31,Listed non-financial corporates,339,0.0,-0.0016985717415593834,0.31268436578171094,339.0,-0.0017000159501663107,405.0762090180148
1917-08-31,Listed non-financial corporates,340,0.0,-0.0022459622772893952,0.40588235294117647,340.0,-0.002248488233408397,404.1664231331329
1917-09-30,Listed non-financial corporates,364,0.0,-0.012588053163331914,0.3983516483516483,364.0,-0.012667953942877312,399.07875471189936
1917-10-31,Listed non-financial corporates,362,0.0,-0.004315085600398728,0.2596685082872928,362.0,-0.004324422451489968,397.35669572401696
1917-11-30,Listed non-financial corporates,361,0.0,-0.009679717357862966,0.3074792243767313,361.0,-0.009726870353766914,393.5103952191542
1917-12-31,Listed non-financial corporates,360,0.0,0.0006062293898931999,0.24444444444444444,360.0,0.0006060457070888086,393.7489527859645
1918-01-31,Listed non-financial corporates,356,0.0,0.005790446903560815,0.21629213483146068,356.0,0.005773746702628144,396.0289351904043
1918-02-28,Listed non-financial corporates,358,0.0,-0.006934694060589496,0.31564245810055863,358.0,-0.006958850795937737,393.28259568571787
1918-03-31,Listed non-financial corporates,359,-0.016853932584269704,-0.021467805732485534,0.5905292479108635,359.0,-0.021701591034198494,384.8396813235692
1918-04-30,Listed non-financial corporates,359,0.0,-0.012504894152513072,0.3593314763231198,359.0,-0.012583738322952348,380.02730184293114
1918-05-31,Listed non-financial corporates,360,0.0,0.017324771570754818,0.1361111111111111,360.0,0.017176408831486727,386.61118803801014
1918-06-30,Listed non-financial corporates,360,0.005290169429189917,0.023314539384761312,0.11388888888888889,360.0,0.023046907340292317,395.62484980811166
1918-07-31,Listed non-financial corporates,359,0.005333333333333412,0.026656136833444845,0.10863509749303621,359.0,0.026307051933716668,406.1706799393078
1918-08-31,Listed non-financial corporates,358,0.0,0.031818722640104276,0.19273743016759776,358.0,0.03132299527349822,419.0945121488392
1918-09-30,Listed non-financial corporates,358,0.0,0.0071694876986831075,0.1871508379888268,358.0,0.007143909105924455,422.09920509827583
1918-10-31,Listed non-financial corporates,358,0.014389233954451353,0.04166230177756127,0.03910614525139665,358.0,0.04081780421793465,439.684829561149
1918-11-30,Listed non-financial corporates,359,0.0,0.011128570744246313,0.21787709497206703,358.0,0.011067103806533581,444.57789329209214
1918-12-31,Listed non-financial corporates,359,0.0,0.0015110686125794912,0.24233983286908078,359.0,0.001509928097190308,445.24968099249253
1919-01-31,Listed non-financial corporates,358,0.0,-0.009841170727053681,0.40896358543417366,357.0,-0.009889915112559912,440.8679028656792
1919-02-28,Listed non-financial corporates,360,0.0,-0.008523553232843078,0.38055555555555554,360.0,-0.008560086456076416,437.1101418269517
1919-03-31,Listed non-financial corporates,360,-0.019230769230769273,-0.023787512686694646,0.6333333333333333,360.0,-0.024075003853778837,426.7123787827602
1919-04-30,Listed non-financial corporates,361,0.0,-0.006703347384852731,0.3656509695290859,361.0,-0.006725915730114023,423.8519774743625
1919-05-31,Listed non-financial corporates,361,0.0,0.0060893001876435844,0.1994459833795014,361.0,0.006070835320089462,426.4329394003302
1919-06-30,Listed non-financial corporates,361,-0.011627906976744207,-0.016415272659979444,0.5346260387811634,361.0,-0.016551496068477264,419.43292642887735
1919-07-31,Listed non-financial corporates,362,0.0,-0.0024733740340986674,0.4447513812154696,362.0,-0.0024764378767167987,418.3955119196022
1919-08-31,Listed non-financial corporates,362,-0.02083333333333337,-0.023752564003145762,0.643646408839779,362.0,-0.024039204211353023,408.45754574410284
1919-09-30,Listed non-financial corporates,362,0.0,0.009996767072394467,0.2541436464088398,362.0,0.009947129929623813,412.5408006878686
1919-10-31,Listed non-financial corporates,363,0.0,0.012619287424126609,0.17355371900826447,363.0,0.012540327798823872,417.74677162592815
1919-11-30,Listed non-financial corporates,363,0.0,-0.012469551906488052,0.46831955922865015,363.0,-0.01254794916978593,412.5376565733708
1919-12-31,Listed non-financial corporates,363,0.0,-0.008017082188190259,0.43370165745856354,362.0,-0.0080493917933017,409.2303082748987
